student_id,math_score,literature_score,english_score,physics_score,chemistry_score,biology_score,history_score,mbti_type,major_group,specific_major,major_rating
STU2292,7.0,8.4,9.0,5.2,5.6,5.7,8.2,ESFP,Du lịch & Dịch vụ,Quản trị dịch vụ du lịch và lữ hành,4.5
STU1863,8.6,6.9,5.5,10.0,7.2,6.7,5.4,ESTP,"Kỹ thuật, Cơ khí & Ô tô",Kỹ thuật cơ khí,4.9
STU0903,5.4,8.7,10.0,7.0,5.1,6.1,7.5,INTP,Ngôn ngữ & Văn hóa,Tiếng Việt và văn hoá Việt Nam,5.0
STU2356,6.0,8.0,9.0,6.2,6.2,6.8,8.2,ESFJ,Du lịch & Dịch vụ,Quản lý thể dục thể thao,4.9
STU1286,5.4,8.2,6.2,6.8,5.3,5.7,7.8,INFJ,Nghệ thuật & Thiết kế,Thiết kế nội thất,4.2
STU0057,5.0,6.1,5.9,6.6,6.6,6.6,5.1,ESTP,Công nghệ Thông tin & Kỹ thuật Máy tính,Khoa học dữ liệu,3.2
STU2124,9.5,5.6,6.5,8.9,6.2,6.2,6.5,ESTJ,Xây dựng & Quy hoạch,Kinh tế xây dựng,4.4
STU0803,6.6,9.9,7.7,5.2,5.9,5.0,8.2,ISFJ,Sư phạm & Giáo dục,Giáo dục Mầm non,5.0
STU0813,6.3,5.3,4.1,5.6,4.3,6.9,6.5,INFJ,Sư phạm & Giáo dục,Sư phạm Tiếng Anh,2.0
STU0904,5.2,9.1,9.1,6.1,5.7,6.8,7.7,INTP,Ngôn ngữ & Văn hóa,Ngôn ngữ Anh,4.1
STU0333,10.0,6.6,6.0,5.9,8.6,9.1,7.0,ISTJ,Y tế & Sức khỏe,Quản lý bệnh viện,4.4
STU1522,6.2,9.7,7.7,5.4,6.3,5.0,9.2,INTJ,Luật & Xã hội,Tâm lý học,3.8
STU2398,6.4,8.1,8.8,5.7,6.5,5.9,8.6,ESTP,Du lịch & Dịch vụ,Du lịch,4.8
STU2247,8.6,5.6,5.3,9.1,7.0,5.3,6.5,ISTP,Xây dựng & Quy hoạch,Kỹ thuật cấp thoát nước,4.7
STU2026,7.3,6.6,6.0,6.5,7.3,9.0,5.8,ISFP,Nông nghiệp & Môi trường,Lâm nghiệp đô thị,4.2
STU1937,8.5,5.7,5.8,5.6,8.6,8.9,6.7,ISFJ,Nông nghiệp & Môi trường,Công nghệ sau thu hoạch,3.9
STU0787,5.2,8.6,7.6,5.0,6.8,6.0,8.9,ESFJ,Sư phạm & Giáo dục,Giáo dục Tiểu học,4.6
STU2462,6.4,8.3,9.1,5.8,6.9,6.9,7.8,ENFP,Du lịch & Dịch vụ,Quản trị nhà hàng và dịch vụ ăn uống,4.7
STU0486,9.3,8.9,8.2,6.1,6.6,6.4,6.1,ENTJ,Kinh tế & Quản lý,Kiểm toán,4.7
STU2044,7.5,5.9,6.6,5.3,7.4,9.4,6.0,INFP,Nông nghiệp & Môi trường,Lâm nghiệp đô thị,4.1
STU0135,8.9,5.8,8.9,9.8,7.4,5.1,6.0,ISTJ,Công nghệ Thông tin & Kỹ thuật Máy tính,Khoa học dữ liệu,3.9
STU1701,9.0,5.4,6.7,8.8,8.1,6.6,5.1,ESTP,"Kỹ thuật, Cơ khí & Ô tô",Kỹ thuật cơ điện tử,4.4
STU1352,5.6,8.7,5.8,5.5,5.2,5.0,7.6,INFJ,Nghệ thuật & Thiết kế,Hội họa,4.1
STU1424,7.0,8.8,6.1,5.4,6.5,6.8,6.8,ISFP,Nghệ thuật & Thiết kế,Thiết kế nội thất,4.7
STU1280,5.4,7.8,6.8,6.8,6.0,6.8,7.5,ISFP,Nghệ thuật & Thiết kế,Kiến trúc,4.8
STU0247,9.6,5.1,6.6,5.4,9.3,8.9,5.9,INFJ,Y tế & Sức khỏe,Y học dự phòng,4.6
STU1546,6.3,8.9,7.7,5.9,5.8,6.9,9.1,INFJ,Luật & Xã hội,Luật kinh tế,4.5
STU0790,6.7,10.0,8.6,6.1,6.5,5.0,8.7,ENFJ,Sư phạm & Giáo dục,Sư phạm Tin học,4.7
STU0260,9.9,7.0,5.9,6.1,9.0,9.5,5.2,ISTJ,Y tế & Sức khỏe,Y đa khoa,4.8
STU0423,8.3,7.2,9.2,5.1,6.4,6.9,5.8,ENTP,Kinh tế & Quản lý,Kinh doanh quốc tế,4.6
STU1802,8.7,5.1,5.2,9.4,7.6,5.9,6.6,ISTJ,"Kỹ thuật, Cơ khí & Ô tô",Kỹ thuật điện,4.6
STU1561,5.9,8.5,7.3,6.8,6.4,5.7,8.5,ISTJ,Luật & Xã hội,Luật,4.0
STU0211,9.3,5.3,6.2,5.6,9.8,9.3,5.2,ISTJ,Y tế & Sức khỏe,Kỹ thuật phục hồi chức năng,4.0
STU0094,9.8,6.7,9.3,9.1,7.3,6.8,5.0,INTP,Công nghệ Thông tin & Kỹ thuật Máy tính,Mạng máy tính và truyền thông dữ liệu,4.9
STU1084,6.9,9.6,9.3,6.0,6.1,5.7,8.3,ENTP,Truyền thông & Báo chí,Truyền thông đại chúng,4.5
STU1264,6.5,8.0,6.1,5.4,7.0,5.6,8.2,ISFP,Nghệ thuật & Thiết kế,Kiến trúc,4.9
STU0174,8.6,6.7,9.3,9.3,7.9,5.2,6.3,INTP,Công nghệ Thông tin & Kỹ thuật Máy tính,Kỹ thuật phần mềm,4.9
STU1509,5.5,9.6,8.1,5.4,6.0,5.4,9.8,ENTJ,Luật & Xã hội,Xã hội học,4.5
STU2198,9.5,6.5,6.2,8.6,7.3,6.3,6.0,ISTJ,Xây dựng & Quy hoạch,Kinh tế xây dựng,4.9
STU2362,5.2,7.0,9.3,6.5,5.3,6.9,8.2,ESFP,Du lịch & Dịch vụ,Quản trị dịch vụ du lịch và lữ hành,3.9
STU1314,5.9,8.7,6.5,6.1,6.8,5.5,8.1,ISFP,Nghệ thuật & Thiết kế,Điêu khắc,4.9
STU0213,9.5,5.3,5.8,6.2,8.6,9.2,5.8,ISFP,Y tế & Sức khỏe,Kỹ thuật hình ảnh y học,4.5
STU0509,8.2,8.8,9.8,6.2,6.9,6.2,5.8,ESTJ,Kinh tế & Quản lý,Kiểm toán,4.6
STU1069,6.9,9.9,9.5,6.4,6.2,5.4,8.6,ENTP,Truyền thông & Báo chí,Lưu trữ học,4.5
STU1675,8.0,6.1,5.7,10.0,7.3,6.4,6.3,ISTJ,"Kỹ thuật, Cơ khí & Ô tô",Kỹ thuật cơ khí,3.9
STU0766,6.3,8.8,8.5,6.6,6.3,5.2,9.2,INFJ,Sư phạm & Giáo dục,Sư phạm Toán học,4.7
STU1552,6.2,9.2,7.0,5.4,5.9,5.8,9.4,ENTJ,Luật & Xã hội,Tâm lý học,4.1
STU2253,8.2,5.9,5.6,8.3,7.9,7.0,5.3,ISTP,Xây dựng & Quy hoạch,Kinh tế xây dựng,4.2
STU0325,8.6,6.8,6.0,6.2,9.9,9.0,6.9,ISFJ,Y tế & Sức khỏe,Kỹ thuật phục hồi chức năng,4.4
STU2111,8.2,6.1,6.0,8.9,6.3,5.8,6.9,ISTJ,Xây dựng & Quy hoạch,Công nghệ kỹ thuật công trình xây dựng,4.3
STU2155,8.2,6.1,6.4,8.6,7.5,5.1,5.1,ISTP,Xây dựng & Quy hoạch,Công nghệ kỹ thuật công trình xây dựng,4.3
STU0189,9.2,6.5,8.1,9.9,6.7,5.8,6.2,INTJ,Công nghệ Thông tin & Kỹ thuật Máy tính,Thiết kế vi mạch,4.9
STU2491,4.1,6.0,6.9,4.6,5.8,5.7,5.4,ESTJ,Du lịch & Dịch vụ,Quản lý thể dục thể thao,2.0
STU1770,8.9,5.0,6.6,9.5,7.5,5.5,6.9,INTJ,"Kỹ thuật, Cơ khí & Ô tô",Robot và Trí tuệ nhân tạo,4.9
STU2012,8.1,6.2,6.4,5.9,7.5,7.9,6.1,ISFJ,Nông nghiệp & Môi trường,Khoa học môi trường,4.4
STU0431,9.8,8.0,9.3,5.8,6.2,5.9,6.5,ESTJ,Kinh tế & Quản lý,Thương mại điện tử,4.8
STU0510,8.4,9.0,8.4,6.0,6.5,6.6,6.6,ESTP,Kinh tế & Quản lý,Kinh tế,4.6
STU1780,9.1,5.9,5.3,9.5,7.9,5.2,6.0,ISTJ,"Kỹ thuật, Cơ khí & Ô tô",Kỹ thuật cơ điện tử,4.5
STU1012,5.9,8.2,9.3,5.4,6.4,5.4,7.1,ISFP,Ngôn ngữ & Văn hóa,Ngôn ngữ Hàn Quốc,4.5
STU2061,8.1,5.2,5.7,5.5,8.6,9.4,6.5,ISFP,Nông nghiệp & Môi trường,Lâm nghiệp đô thị,4.8
STU2420,4.3,5.0,6.5,6.0,4.2,5.3,5.7,ENFJ,Du lịch & Dịch vụ,Quản trị khách sạn,3.3
STU1294,6.3,8.5,5.6,5.9,5.1,6.5,7.6,ISFP,Nghệ thuật & Thiết kế,Điêu khắc,5.0
STU2306,6.6,8.0,9.2,6.1,6.4,5.0,7.8,ENFP,Du lịch & Dịch vụ,Quản trị khách sạn,4.0
STU0369,9.2,6.0,6.0,6.9,8.7,9.8,6.4,ISTJ,Y tế & Sức khỏe,Răng - Hàm - Mặt,3.9
STU1585,5.9,8.7,8.3,6.9,6.1,6.3,9.3,INTJ,Luật & Xã hội,Luật quốc tế,4.2
STU0240,9.6,5.9,5.7,6.7,9.0,9.2,5.7,ISTJ,Y tế & Sức khỏe,Quản lý bệnh viện,4.5
STU0680,5.9,9.4,8.2,6.9,6.6,6.1,9.2,INFJ,Sư phạm & Giáo dục,Tâm lý học giáo dục,4.3
STU1367,6.4,4.9,5.4,4.2,4.5,4.2,4.6,ESTP,Nghệ thuật & Thiết kế,Thiết kế nội thất,2.1
STU1888,6.0,5.2,5.1,4.1,5.4,6.3,4.3,INTP,Nông nghiệp & Môi trường,Lâm nghiệp đô thị,1.6
STU1079,6.9,8.7,9.3,6.3,6.2,6.3,7.7,ENTP,Truyền thông & Báo chí,Truyền thông đại chúng,4.9
STU0669,5.2,9.8,8.2,5.7,6.6,6.3,9.8,ENFJ,Sư phạm & Giáo dục,Sư phạm Vật lý,4.5
STU1201,5.8,9.9,8.1,6.9,6.8,5.1,8.0,ESFP,Truyền thông & Báo chí,Quan hệ công chúng,5.0
STU0044,9.9,6.7,9.7,8.5,6.3,5.9,5.9,INTP,Công nghệ Thông tin & Kỹ thuật Máy tính,Mạng máy tính và truyền thông dữ liệu,4.6
STU0942,5.8,8.7,9.9,6.6,6.4,5.8,8.3,ISFP,Ngôn ngữ & Văn hóa,Ngôn ngữ Anh,3.9
STU1873,7.6,6.6,5.7,5.8,7.8,8.2,6.3,ISFP,Nông nghiệp & Môi trường,Lâm nghiệp đô thị,4.7
STU1171,5.3,9.4,8.3,5.5,6.1,5.1,8.4,ENFP,Truyền thông & Báo chí,Quan hệ công chúng,4.8
STU1791,8.6,5.7,6.3,9.2,7.1,6.9,6.2,ISTP,"Kỹ thuật, Cơ khí & Ô tô",Robot và Trí tuệ nhân tạo,3.8
STU1186,5.1,8.7,9.4,6.9,6.1,5.8,7.2,ENFP,Truyền thông & Báo chí,Truyền thông đại chúng,4.8
STU1134,5.2,8.5,9.4,6.6,5.5,6.6,8.1,ENFP,Truyền thông & Báo chí,Lưu trữ học,5.0
STU0252,9.2,6.2,5.9,6.1,9.9,9.4,5.2,ISFP,Y tế & Sức khỏe,Y học cổ truyền,4.2
STU1296,5.7,7.7,6.8,5.8,6.8,5.3,8.1,INFP,Nghệ thuật & Thiết kế,Điêu khắc,4.1
STU2267,8.0,6.5,6.9,9.3,6.2,6.7,5.3,ESTJ,Xây dựng & Quy hoạch,Kỹ thuật cấp thoát nước,4.3
STU1339,6.9,7.7,5.0,5.9,6.2,5.1,8.4,ISFP,Nghệ thuật & Thiết kế,Thanh nhạc,4.0
STU2358,6.7,8.1,9.4,5.4,6.7,6.8,8.0,ESTP,Du lịch & Dịch vụ,Quản trị dịch vụ du lịch và lữ hành,4.9
STU0862,5.9,5.7,6.4,4.5,4.9,4.7,6.2,ISTP,Ngôn ngữ & Văn hóa,Ngôn ngữ học,1.9
STU1659,6.1,8.6,8.3,5.5,6.1,6.8,9.5,INTJ,Luật & Xã hội,Luật quốc tế,4.6
STU0479,8.7,8.6,8.6,7.0,6.1,6.8,6.3,ESTJ,Kinh tế & Quản lý,Hệ thống thông tin quản lý,4.7
STU0465,9.4,7.8,9.1,6.4,6.9,6.8,6.7,ESTJ,Kinh tế & Quản lý,Thương mại điện tử,5.0
STU1775,8.4,6.4,5.6,9.9,7.7,5.2,5.9,ISTP,"Kỹ thuật, Cơ khí & Ô tô",Kỹ thuật điện tử - viễn thông,4.1
STU1208,6.4,9.6,9.4,6.6,5.8,6.4,8.8,ESFP,Truyền thông & Báo chí,Lưu trữ học,4.3
STU2346,6.8,7.7,8.9,6.6,6.4,6.3,8.9,ESFP,Du lịch & Dịch vụ,Quản trị khách sạn,4.5
STU1682,9.2,6.6,5.9,8.6,7.4,6.9,5.8,ESTP,"Kỹ thuật, Cơ khí & Ô tô",Kỹ thuật cơ điện tử,4.4
STU0582,8.6,7.5,9.0,6.9,5.7,6.4,6.7,ENTJ,Kinh tế & Quản lý,Thương mại điện tử,4.2
STU0434,9.3,7.3,8.1,6.6,5.6,6.0,7.0,ESTP,Kinh tế & Quản lý,Hệ thống thông tin quản lý,4.1
STU2372,4.4,5.7,6.2,4.3,4.1,4.5,4.3,ENFP,Du lịch & Dịch vụ,Quản trị khách sạn,3.1
STU2162,9.2,5.3,5.9,9.4,8.0,6.6,5.8,ISTJ,Xây dựng & Quy hoạch,Quản lý xây dựng,4.2
STU1917,7.9,5.0,6.1,6.0,8.8,9.0,5.7,ISFJ,Nông nghiệp & Môi trường,Công nghệ sinh học,3.8
STU2361,5.4,8.0,8.6,5.5,6.4,6.5,8.0,ENFP,Du lịch & Dịch vụ,Quản lý thể dục thể thao,4.8
STU0791,5.7,6.2,6.4,5.9,5.3,4.8,4.2,ENFP,Sư phạm & Giáo dục,Giáo dục Tiểu học,1.5
STU0403,5.9,4.9,6.7,6.9,6.3,7.0,6.0,ENFP,Y tế & Sức khỏe,Quản lý bệnh viện,2.1
STU1848,8.9,5.5,6.4,9.6,7.8,5.0,5.5,ESTP,"Kỹ thuật, Cơ khí & Ô tô",Kỹ thuật điện,4.7
STU1101,5.5,8.8,8.6,6.7,5.7,6.1,7.2,ESFP,Truyền thông & Báo chí,Truyền thông đa phương tiện,4.4
STU2093,8.7,5.2,6.9,8.4,7.4,6.0,6.3,ISTJ,Xây dựng & Quy hoạch,Địa kỹ thuật xây dựng,4.8
STU2177,9.4,6.0,5.6,9.2,6.7,5.7,6.0,ISTJ,Xây dựng & Quy hoạch,Công nghệ kỹ thuật công trình xây dựng,3.9
STU1573,5.9,9.0,8.4,6.5,6.5,6.6,8.8,INTJ,Luật & Xã hội,Luật quốc tế,4.2
STU0112,8.8,6.7,10.0,8.3,7.2,6.6,6.9,ISTJ,Công nghệ Thông tin & Kỹ thuật Máy tính,Khoa học Máy tính,3.9
STU2214,9.0,6.7,5.2,8.3,6.5,5.3,5.6,ESTJ,Xây dựng & Quy hoạch,Công nghệ kỹ thuật công trình xây dựng,4.4
STU1833,8.3,5.1,6.3,9.2,8.1,5.8,5.8,INTJ,"Kỹ thuật, Cơ khí & Ô tô",Kỹ thuật điều khiển và tự động hóa,4.3
STU2314,5.5,8.0,8.2,6.8,6.0,5.7,8.9,ESTP,Du lịch & Dịch vụ,Quản trị khách sạn,4.9
STU2129,9.0,6.7,5.8,9.3,7.4,6.0,5.8,ISTP,Xây dựng & Quy hoạch,Quản lý xây dựng,4.6
STU1551,6.9,8.7,7.2,6.5,6.8,5.6,9.8,INTJ,Luật & Xã hội,Quản lý nhà nước,4.3
STU1976,6.6,6.2,5.1,5.7,8.2,8.1,6.0,ISFJ,Nông nghiệp & Môi trường,Khoa học cây trồng,4.8
STU1998,7.8,6.8,7.0,6.3,8.2,8.2,6.0,ISFJ,Nông nghiệp & Môi trường,Công nghệ thực phẩm,5.0
STU0197,9.6,6.9,8.9,9.9,8.5,6.6,6.8,INTJ,Công nghệ Thông tin & Kỹ thuật Máy tính,Mạng máy tính và truyền thông dữ liệu,4.7
STU0963,6.9,9.4,9.3,5.9,6.6,6.5,8.1,INTP,Ngôn ngữ & Văn hóa,Đông phương học,4.4
STU0583,8.1,7.9,8.0,6.0,6.8,6.9,6.8,ESTP,Kinh tế & Quản lý,Hệ thống thông tin quản lý,4.3
STU1376,6.6,8.6,6.3,5.8,6.9,6.5,8.5,INFJ,Nghệ thuật & Thiết kế,Đạo diễn Điện ảnh - Truyền hình,4.3
STU1362,6.8,8.9,7.0,6.3,5.1,5.2,7.9,INFP,Nghệ thuật & Thiết kế,Thiết kế nội thất,4.0
STU0444,9.2,7.3,9.2,6.9,5.4,6.4,5.3,ESTP,Kinh tế & Quản lý,Kinh tế,4.9
STU2343,4.0,4.5,6.9,4.4,4.3,4.8,5.1,INFJ,Du lịch & Dịch vụ,Quản trị dịch vụ du lịch và lữ hành,2.9
STU2033,7.2,6.4,5.9,7.0,8.8,8.3,6.6,ISFJ,Nông nghiệp & Môi trường,Nông nghiệp,4.9
STU2169,8.8,6.9,5.9,9.0,7.0,6.8,6.3,ISTJ,Xây dựng & Quy hoạch,Công nghệ kỹ thuật công trình xây dựng,4.7
STU1923,6.4,4.1,5.4,6.1,5.6,4.2,5.9,ISFP,Nông nghiệp & Môi trường,Công nghệ sau thu hoạch,2.7
STU1747,8.9,5.7,5.7,10.0,8.4,6.4,6.9,INTJ,"Kỹ thuật, Cơ khí & Ô tô",Robot và Trí tuệ nhân tạo,4.2
STU1223,6.7,8.8,9.4,5.0,5.2,5.8,8.4,ENTP,Truyền thông & Báo chí,Công nghệ truyền thông,4.8
STU1548,6.5,6.0,5.2,6.7,6.1,4.8,5.7,ESFP,Luật & Xã hội,Luật quốc tế,1.7
STU0045,9.4,5.1,8.1,9.6,7.3,7.0,5.2,ISTP,Công nghệ Thông tin & Kỹ thuật Máy tính,An toàn thông tin,3.9
STU0297,8.5,5.3,5.6,6.1,9.1,8.9,6.5,ISFP,Y tế & Sức khỏe,Y đa khoa,4.4
STU0841,6.8,9.3,9.9,5.4,5.3,6.6,8.6,INFP,Ngôn ngữ & Văn hóa,Văn học,4.5
STU1536,6.4,4.1,6.5,4.0,5.2,6.1,6.5,ISTP,Luật & Xã hội,Luật kinh tế,1.8
STU2181,5.2,5.9,4.7,4.9,6.6,5.0,5.6,ENFP,Xây dựng & Quy hoạch,Quản lý xây dựng,1.6
STU1954,7.6,6.9,6.2,5.1,8.0,8.5,5.7,ISFJ,Nông nghiệp & Môi trường,Công nghệ sinh học,4.2
STU1413,6.3,4.3,6.6,4.2,6.3,6.3,5.2,ESTP,Nghệ thuật & Thiết kế,Hội họa,1.8
STU1564,5.6,9.1,7.1,6.7,6.2,5.4,9.5,INFJ,Luật & Xã hội,Luật quốc tế,4.8
STU0565,6.4,4.6,6.0,5.1,6.6,4.3,6.4,INFP,Kinh tế & Quản lý,Kinh tế,3.2
STU0171,9.2,5.2,9.0,9.0,8.2,6.5,6.4,ISTJ,Công nghệ Thông tin & Kỹ thuật Máy tính,Mạng máy tính và truyền thông dữ liệu,4.6
STU0523,9.1,8.8,8.9,6.9,5.1,5.8,5.9,ENTP,Kinh tế & Quản lý,Hệ thống thông tin quản lý,4.9
STU1965,7.5,6.8,6.4,5.1,7.4,7.5,5.2,ISFJ,Nông nghiệp & Môi trường,Công nghệ sau thu hoạch,4.4
STU2307,6.8,8.1,8.9,7.0,6.6,5.8,8.0,ESFP,Du lịch & Dịch vụ,Quản trị dịch vụ du lịch và lữ hành,3.8
STU1436,5.5,8.2,7.0,5.0,5.7,6.0,8.4,INFP,Nghệ thuật & Thiết kế,Hội họa,4.7
STU0979,5.1,8.1,9.4,5.2,5.3,6.0,7.5,INFP,Ngôn ngữ & Văn hóa,Tiếng Việt và văn hoá Việt Nam,4.3
STU1138,6.1,8.5,9.4,6.8,5.7,6.5,7.5,ENFP,Truyền thông & Báo chí,Báo chí,3.9
STU0299,8.9,6.6,5.8,6.7,9.4,8.8,6.3,ISTJ,Y tế & Sức khỏe,Y học dự phòng,4.1
STU1353,6.6,7.7,6.9,6.7,5.8,6.5,7.5,ISFP,Nghệ thuật & Thiết kế,Thiết kế công nghiệp,3.9
STU1533,6.2,9.2,7.9,6.7,6.1,6.4,8.6,ISTJ,Luật & Xã hội,Chính trị học,4.2
STU1886,8.1,5.9,6.2,6.7,7.3,7.8,5.6,INFP,Nông nghiệp & Môi trường,Công nghệ thực phẩm,4.3
STU0446,8.7,7.9,9.4,5.1,7.0,5.5,5.9,ESTJ,Kinh tế & Quản lý,Marketing,4.7
STU1874,7.1,5.0,6.9,6.4,8.9,8.8,6.3,ISFJ,Nông nghiệp & Môi trường,Nuôi trồng thủy sản,4.4
STU0907,6.8,9.0,9.7,6.0,6.2,5.5,8.6,INFP,Ngôn ngữ & Văn hóa,Ngôn ngữ Trung Quốc,4.8
STU0614,8.6,8.8,8.3,5.9,6.4,5.9,6.3,ENTJ,Kinh tế & Quản lý,Quản trị kinh doanh,4.4
STU1610,5.3,9.2,7.9,5.1,6.2,6.3,9.2,ISTJ,Luật & Xã hội,Chính trị học,3.8
STU1030,6.3,5.7,5.1,6.3,4.9,5.7,5.8,ESFJ,Ngôn ngữ & Văn hóa,Ngôn ngữ Trung Quốc,3.1
STU1652,6.0,9.0,8.0,5.4,5.1,6.3,9.1,ISTJ,Luật & Xã hội,Tâm lý học,4.8
STU2196,9.3,5.4,5.4,8.8,6.8,6.5,5.2,ISTP,Xây dựng & Quy hoạch,Địa kỹ thuật xây dựng,4.9
STU1232,6.8,8.8,8.2,6.1,5.9,5.1,8.0,ESFP,Truyền thông & Báo chí,Thông tin - thư viện,4.7
STU0097,4.1,5.6,6.4,4.5,6.3,5.4,6.1,ISTP,Công nghệ Thông tin & Kỹ thuật Máy tính,Mạng máy tính và truyền thông dữ liệu,3.0
STU2386,4.3,4.1,6.4,5.8,5.2,6.2,6.7,ESTJ,Du lịch & Dịch vụ,Quản trị dịch vụ du lịch và lữ hành,2.1
STU0212,6.8,5.7,4.3,4.9,5.6,5.0,5.2,INTJ,Y tế & Sức khỏe,Y đa khoa,3.1
STU0238,6.9,4.2,4.7,5.9,5.2,4.7,5.4,ENFP,Y tế & Sức khỏe,Y đa khoa,1.5
STU0789,5.3,9.2,7.6,6.3,6.6,6.6,9.7,INFJ,Sư phạm & Giáo dục,Sư phạm Tiếng Anh,4.5
STU1230,6.1,9.0,8.3,5.8,7.0,6.2,8.0,ESFP,Truyền thông & Báo chí,Truyền thông đại chúng,4.1
STU2019,8.4,5.2,6.3,6.7,8.9,9.5,5.6,ISFP,Nông nghiệp & Môi trường,Thú y,5.0
STU1174,6.1,10.0,8.2,5.2,6.0,6.4,7.5,ENTP,Truyền thông & Báo chí,Truyền thông đa phương tiện,4.5
STU1884,6.5,4.3,5.5,5.9,6.3,5.5,6.7,ISFJ,Nông nghiệp & Môi trường,Nông nghiệp,2.2
STU1129,5.1,8.6,9.4,5.6,5.3,6.1,9.0,ENFP,Truyền thông & Báo chí,Truyền thông đại chúng,4.4
STU1815,8.8,6.3,6.4,8.9,7.8,6.9,6.0,ISTP,"Kỹ thuật, Cơ khí & Ô tô",Kỹ thuật điện,4.2
STU1670,6.0,6.8,6.0,6.8,5.9,6.6,6.5,INTP,"Kỹ thuật, Cơ khí & Ô tô",Kỹ thuật điện,2.8
STU0421,8.2,8.5,9.7,7.0,5.1,7.0,5.7,ESTP,Kinh tế & Quản lý,Kế toán,4.3
STU1090,5.7,8.6,8.9,5.9,5.5,6.9,7.9,ENFP,Truyền thông & Báo chí,Truyền thông đại chúng,4.0
STU1179,6.7,8.5,9.0,5.6,6.4,5.4,8.2,ENTP,Truyền thông & Báo chí,Báo chí,4.6
STU0179,9.9,6.0,9.7,8.3,7.4,6.1,7.0,ISTJ,Công nghệ Thông tin & Kỹ thuật Máy tính,Khoa học dữ liệu,4.9
STU0924,5.8,8.7,9.9,6.8,5.6,6.1,8.0,ISFP,Ngôn ngữ & Văn hóa,Ngôn ngữ Anh,4.2
STU0573,8.9,8.4,9.9,5.1,5.5,5.8,6.8,ESTP,Kinh tế & Quản lý,Thương mại điện tử,4.1
STU0837,6.5,8.5,9.7,6.5,5.4,5.4,7.2,ISFP,Ngôn ngữ & Văn hóa,Ngôn ngữ học,4.7
STU1703,8.6,6.2,7.0,9.8,7.6,6.8,5.5,ISTP,"Kỹ thuật, Cơ khí & Ô tô",Công nghệ kỹ thuật ô tô,4.2
STU0195,8.9,6.1,8.9,10.0,6.0,5.4,6.8,ENTP,Công nghệ Thông tin & Kỹ thuật Máy tính,Thiết kế vi mạch,4.2
STU2017,7.4,6.8,5.5,6.9,8.8,7.7,5.1,ISFP,Nông nghiệp & Môi trường,Công nghệ thực phẩm,4.7
STU1911,6.6,6.0,6.8,7.0,8.4,9.4,7.0,INFP,Nông nghiệp & Môi trường,Công nghệ sinh học,4.6
STU1034,6.3,9.5,9.8,6.8,6.0,6.3,8.7,INFP,Ngôn ngữ & Văn hóa,Ngôn ngữ Nhật,4.2
STU1616,6.3,9.4,7.2,5.7,5.3,5.4,8.6,INFJ,Luật & Xã hội,Công tác xã hội,3.8
STU1741,9.3,5.2,5.1,9.2,8.4,5.7,6.4,ISTP,"Kỹ thuật, Cơ khí & Ô tô",Kỹ thuật điện tử - viễn thông,4.7
STU0801,5.1,9.1,7.8,5.2,6.9,5.1,8.9,ESFJ,Sư phạm & Giáo dục,Giáo dục Mầm non,4.7
STU0618,8.0,7.6,8.7,7.0,6.0,5.1,5.2,ENTP,Kinh tế & Quản lý,Kinh tế,4.1
STU2470,5.8,8.2,8.8,5.0,6.9,6.4,8.7,ESFJ,Du lịch & Dịch vụ,Quản trị nhà hàng và dịch vụ ăn uống,4.0
STU1950,8.3,6.2,5.1,5.3,8.2,8.3,6.0,INFP,Nông nghiệp & Môi trường,Công nghệ sinh học,4.5
STU1438,5.6,7.6,6.9,6.0,5.6,5.9,8.0,INFP,Nghệ thuật & Thiết kế,Hội họa,4.7
STU0701,6.3,9.4,8.4,5.1,5.2,5.1,8.1,ISFJ,Sư phạm & Giáo dục,Tâm lý học giáo dục,4.0
STU1463,4.4,4.2,4.8,5.8,5.2,4.5,5.2,ISFP,Luật & Xã hội,Quản lý nhà nước,2.1
STU1619,6.0,9.0,8.5,5.2,6.3,5.4,8.6,ENTJ,Luật & Xã hội,Tâm lý học,4.0
STU2478,5.7,7.1,8.5,6.6,6.0,5.2,8.6,ESTP,Du lịch & Dịch vụ,Du lịch,4.1
STU1289,4.6,6.2,5.6,5.6,7.0,4.9,5.8,ENFP,Nghệ thuật & Thiết kế,Kiến trúc,3.1
STU1222,5.2,8.8,8.9,5.8,6.8,6.1,8.6,ENTP,Truyền thông & Báo chí,Báo chí,4.3
STU1331,6.9,8.6,6.5,6.8,6.0,5.4,8.4,INFJ,Nghệ thuật & Thiết kế,Thiết kế đồ họa,4.0
STU0354,9.2,6.7,6.2,6.8,8.5,9.2,6.3,ISFP,Y tế & Sức khỏe,Kỹ thuật hình ảnh y học,4.1
STU2132,9.3,5.8,5.5,9.2,6.5,5.9,5.2,ESTJ,Xây dựng & Quy hoạch,Địa kỹ thuật xây dựng,4.3
STU1323,5.7,7.7,5.8,6.2,6.1,5.7,7.1,ISFP,Nghệ thuật & Thiết kế,Kiến trúc,3.9
STU1531,5.9,8.6,8.1,6.2,7.0,6.8,9.7,INTJ,Luật & Xã hội,Luật quốc tế,4.1
STU2274,9.2,6.1,6.4,9.0,7.9,5.2,6.7,ISTP,Xây dựng & Quy hoạch,Kinh tế xây dựng,4.4
STU1732,5.4,5.2,4.3,6.1,6.6,4.1,6.6,ESTP,"Kỹ thuật, Cơ khí & Ô tô",Kỹ thuật cơ điện tử,3.0
STU1057,5.6,9.1,8.3,6.5,6.6,6.1,8.3,ENFP,Truyền thông & Báo chí,Thông tin - thư viện,4.8
STU2481,5.3,7.3,8.5,5.5,6.2,5.5,8.6,ESFP,Du lịch & Dịch vụ,Quản trị dịch vụ du lịch và lữ hành,5.0
STU0663,5.7,9.0,8.0,6.1,6.3,5.5,8.7,INFJ,Sư phạm & Giáo dục,Giáo dục Tiểu học,4.8
STU2300,6.8,8.3,8.8,5.9,6.9,5.9,8.6,ENFP,Du lịch & Dịch vụ,Quản trị nhà hàng và dịch vụ ăn uống,4.7
STU0679,5.4,6.6,4.4,6.4,6.0,6.8,4.2,ENFP,Sư phạm & Giáo dục,Sư phạm Tin học,2.5
STU1986,8.4,5.1,5.7,6.1,7.1,9.2,6.4,ISTJ,Nông nghiệp & Môi trường,Khoa học môi trường,4.3
STU0611,9.8,8.7,8.7,5.0,6.1,6.9,6.8,ENTJ,Kinh tế & Quản lý,Kinh doanh quốc tế,4.6
STU0169,9.4,5.1,8.8,9.9,8.3,5.6,6.4,ISTJ,Công nghệ Thông tin & Kỹ thuật Máy tính,Khoa học dữ liệu,4.0
STU1114,5.8,9.5,8.9,5.2,6.3,5.2,8.6,ESFP,Truyền thông & Báo chí,Báo chí,4.8
STU1959,7.3,6.8,6.6,6.2,7.3,7.7,5.4,ISFP,Nông nghiệp & Môi trường,Khoa học cây trồng,4.7
STU2224,8.2,5.7,5.2,8.5,7.9,5.8,6.5,ISTJ,Xây dựng & Quy hoạch,Kỹ thuật xây dựng,4.4
STU0219,5.3,5.1,5.0,4.8,5.4,6.0,6.5,ESTP,Y tế & Sức khỏe,Y đa khoa,2.4
STU0253,9.3,6.8,6.9,5.8,9.3,9.2,6.8,ISFP,Y tế & Sức khỏe,Y đa khoa,4.6
STU0908,6.6,8.2,9.8,6.3,5.8,6.2,8.3,INTP,Ngôn ngữ & Văn hóa,Văn học,4.7
STU0799,5.5,9.7,7.7,5.4,6.3,5.7,9.1,ESFJ,Sư phạm & Giáo dục,Sư phạm Vật lý,3.8
STU0802,5.2,9.6,9.0,6.2,6.0,5.3,8.7,ISFJ,Sư phạm & Giáo dục,Sư phạm Vật lý,4.5
STU1437,5.5,7.9,6.2,6.7,5.1,6.6,7.4,ISFP,Nghệ thuật & Thiết kế,Hội họa,4.7
STU1955,7.9,6.3,6.0,6.7,8.0,7.6,5.1,ISFP,Nông nghiệp & Môi trường,Công nghệ sinh học,4.9
STU0880,6.9,9.4,9.3,5.9,5.5,5.4,8.1,INFP,Ngôn ngữ & Văn hóa,Ngôn ngữ Hàn Quốc,4.0
STU1491,6.1,6.8,4.7,4.3,5.7,5.9,4.4,ESFP,Luật & Xã hội,Công tác xã hội,3.4
STU0912,6.4,9.1,9.1,6.9,6.5,5.2,8.4,INFP,Ngôn ngữ & Văn hóa,Văn học,4.9
STU1414,4.2,4.0,4.5,6.3,4.8,4.3,4.6,ISFP,Nghệ thuật & Thiết kế,Thiết kế nội thất,3.4
STU1337,5.2,7.8,6.2,5.1,5.6,6.1,7.4,INFP,Nghệ thuật & Thiết kế,Kiến trúc,4.0
STU1302,5.7,8.4,5.1,5.7,5.1,6.7,7.0,INFP,Nghệ thuật & Thiết kế,Đạo diễn Điện ảnh - Truyền hình,4.2
STU1055,5.9,8.8,9.4,6.8,5.8,5.8,7.9,ENTP,Truyền thông & Báo chí,Truyền thông đa phương tiện,4.6
STU0694,6.8,9.0,7.2,5.6,5.4,5.3,9.1,ESFJ,Sư phạm & Giáo dục,Sư phạm Ngữ văn,3.9
STU1834,9.2,5.1,5.9,8.8,7.6,5.3,6.2,ESTP,"Kỹ thuật, Cơ khí & Ô tô",Kỹ thuật điều khiển và tự động hóa,3.9
STU1100,6.6,4.3,5.0,4.2,4.3,5.5,5.2,ISTJ,Truyền thông & Báo chí,Truyền thông đại chúng,1.8
STU0499,9.8,7.5,9.5,5.1,5.3,5.1,5.5,ESTJ,Kinh tế & Quản lý,Kinh doanh quốc tế,4.6
STU1085,5.8,10.0,8.4,6.5,7.0,6.5,7.8,ESFP,Truyền thông & Báo chí,Báo chí,4.6
STU1971,7.8,6.5,5.1,5.4,8.5,7.8,6.3,ISFP,Nông nghiệp & Môi trường,Nông nghiệp,4.8
STU0496,9.9,8.2,8.8,5.1,6.7,6.3,6.3,ENTP,Kinh tế & Quản lý,Kế toán,4.4
STU1755,8.1,6.8,6.4,9.2,7.1,5.6,6.7,INTJ,"Kỹ thuật, Cơ khí & Ô tô",Robot và Trí tuệ nhân tạo,4.2
STU0451,8.7,8.0,9.4,5.9,5.2,6.8,6.0,ESTP,Kinh tế & Quản lý,Quản trị kinh doanh,3.9
STU1464,5.8,9.4,8.2,6.1,5.8,5.4,9.6,ISTJ,Luật & Xã hội,Luật,4.3
STU1338,6.3,8.8,6.9,6.6,5.1,5.7,7.3,INFP,Nghệ thuật & Thiết kế,Hội họa,4.3
STU2433,5.7,7.7,8.1,6.3,5.1,6.6,8.1,ESFP,Du lịch & Dịch vụ,Quản trị nhà hàng và dịch vụ ăn uống,4.9
STU1270,5.1,7.6,5.7,5.4,6.4,5.4,7.6,ISFP,Nghệ thuật & Thiết kế,Thiết kế công nghiệp,4.5
STU1103,5.3,4.4,5.1,4.2,4.7,4.4,6.6,ESTJ,Truyền thông & Báo chí,Thông tin - thư viện,3.2
STU1930,8.4,5.6,6.6,5.7,7.3,8.3,6.3,ISFP,Nông nghiệp & Môi trường,Thú y,3.8
STU1733,4.3,5.2,6.5,5.3,6.2,4.0,5.0,ENFJ,"Kỹ thuật, Cơ khí & Ô tô",Kỹ thuật điện,1.6
STU1939,4.3,4.6,5.1,5.6,6.3,4.2,6.7,ISFP,Nông nghiệp & Môi trường,Khoa học môi trường,3.4
STU1981,5.3,5.2,4.9,5.8,6.8,6.9,5.4,ESTP,Nông nghiệp & Môi trường,Lâm nghiệp đô thị,3.2
STU0760,5.8,9.2,7.1,5.7,6.9,6.2,8.9,ISFJ,Sư phạm & Giáo dục,Sư phạm Vật lý,4.4
STU0255,9.3,6.5,5.3,5.9,9.4,8.8,5.1,ISFP,Y tế & Sức khỏe,Kỹ thuật phục hồi chức năng,4.6
STU2014,6.6,6.4,6.2,6.4,8.7,8.9,5.4,ISFJ,Nông nghiệp & Môi trường,Nông nghiệp,4.5
STU0458,9.4,7.5,8.6,5.9,5.2,6.6,5.6,ESTJ,Kinh tế & Quản lý,Quản trị kinh doanh,4.9
STU1322,5.4,7.6,6.2,6.4,6.3,6.1,7.8,INFP,Nghệ thuật & Thiết kế,Hội họa,4.5
STU0408,8.5,6.0,6.6,5.6,8.5,8.9,6.5,INFJ,Y tế & Sức khỏe,Dược học,4.8
STU0945,5.5,9.3,9.9,5.7,5.4,5.3,8.8,INFP,Ngôn ngữ & Văn hóa,Ngôn ngữ Nhật,4.9
STU1506,5.8,9.6,7.7,5.3,6.0,5.6,8.6,INTJ,Luật & Xã hội,Chính trị học,3.9
STU1487,4.0,6.7,5.6,4.1,6.8,4.2,4.7,ENFJ,Luật & Xã hội,Chính trị học,2.0
STU0322,9.8,6.4,5.3,6.5,9.7,8.5,5.5,INFJ,Y tế & Sức khỏe,Y đa khoa,4.9
STU2266,8.4,6.0,6.8,9.4,7.0,5.1,5.4,ISTJ,Xây dựng & Quy hoạch,Địa kỹ thuật xây dựng,4.5
STU1019,5.3,8.9,9.9,5.1,5.8,5.1,8.0,INFP,Ngôn ngữ & Văn hóa,Ngôn ngữ Nhật,4.4
STU0234,5.0,6.7,6.9,4.8,6.2,5.1,5.0,ISFP,Y tế & Sức khỏe,Y học dự phòng,2.2
STU1375,6.6,8.2,5.0,5.6,6.9,6.6,6.7,INFJ,Nghệ thuật & Thiết kế,Thiết kế đồ họa,3.9
STU0101,9.5,6.7,8.8,8.8,7.9,7.0,6.9,INTJ,Công nghệ Thông tin & Kỹ thuật Máy tính,An toàn thông tin,4.2
STU0931,6.8,5.1,4.7,4.1,5.8,6.3,4.5,ESTP,Ngôn ngữ & Văn hóa,Ngôn ngữ Anh,1.5
STU0655,5.0,9.6,7.9,5.4,5.2,5.4,8.6,INFJ,Sư phạm & Giáo dục,Tâm lý học giáo dục,3.9
STU0411,5.6,6.6,6.5,6.1,4.9,6.1,6.1,ISFP,Y tế & Sức khỏe,Y học cổ truyền,1.6
STU1949,7.9,6.5,6.9,6.9,8.4,8.0,5.4,ISFP,Nông nghiệp & Môi trường,Nông nghiệp,4.7
STU0180,9.3,7.0,8.8,9.3,7.0,5.4,6.8,ISTP,Công nghệ Thông tin & Kỹ thuật Máy tính,Thiết kế vi mạch,4.0
STU1691,8.8,5.5,5.1,9.3,7.1,5.3,6.3,ESTP,"Kỹ thuật, Cơ khí & Ô tô",Kỹ thuật cơ điện tử,4.8
STU0481,7.0,6.1,6.8,6.2,5.3,4.5,5.5,ESFJ,Kinh tế & Quản lý,Kiểm toán,1.9
STU0630,6.8,10.0,8.7,5.6,6.6,6.3,9.9,ENFJ,Sư phạm & Giáo dục,Sư phạm Tin học,3.8
STU0283,8.8,6.3,6.6,5.2,9.6,9.9,5.7,ISFP,Y tế & Sức khỏe,Y học dự phòng,4.1
STU1693,9.3,5.7,6.3,8.6,8.2,5.5,5.8,ISTP,"Kỹ thuật, Cơ khí & Ô tô",Kỹ thuật điều khiển và tự động hóa,4.6
STU0566,5.8,6.9,5.9,5.2,4.1,4.7,5.5,ENFP,Kinh tế & Quản lý,Kế toán,3.4
STU0142,8.8,5.5,8.7,9.4,8.3,6.0,5.3,ISTJ,Công nghệ Thông tin & Kỹ thuật Máy tính,Công nghệ thông tin,4.6
STU1902,7.5,6.3,5.9,5.2,7.3,8.9,6.7,ISFP,Nông nghiệp & Môi trường,Khoa học cây trồng,4.9
STU1851,9.3,7.0,6.6,9.2,7.4,6.5,6.3,INTJ,"Kỹ thuật, Cơ khí & Ô tô",Công nghệ kỹ thuật ô tô,4.2
STU0652,4.8,6.4,4.3,6.8,4.2,5.0,5.8,ISFJ,Sư phạm & Giáo dục,Sư phạm Vật lý,2.0
STU2013,6.6,6.2,6.8,6.4,7.6,8.7,5.1,INFP,Nông nghiệp & Môi trường,Khoa học cây trồng,4.0
STU0415,9.9,6.5,5.1,5.2,8.6,9.0,5.1,ISFJ,Y tế & Sức khỏe,Răng - Hàm - Mặt,3.9
STU1534,5.6,9.3,7.3,6.4,5.8,5.8,9.2,INFJ,Luật & Xã hội,Luật,4.5
STU0638,5.9,9.8,7.6,6.0,6.3,6.6,8.3,INFJ,Sư phạm & Giáo dục,Sư phạm Tin học,4.4
STU0248,8.8,5.8,5.8,6.6,9.8,9.8,5.1,ISFP,Y tế & Sức khỏe,Y học dự phòng,4.6
STU0319,9.4,6.2,5.2,5.9,8.6,9.1,5.7,ISTJ,Y tế & Sức khỏe,Kỹ thuật phục hồi chức năng,5.0
STU2367,5.8,7.7,8.1,5.7,6.0,5.6,8.9,ESFJ,Du lịch & Dịch vụ,Du lịch,4.6
STU1481,5.6,9.8,7.5,6.9,5.8,6.4,9.6,ISTJ,Luật & Xã hội,Luật,4.0
STU0994,5.3,8.2,9.4,5.9,6.1,6.5,8.5,INTP,Ngôn ngữ & Văn hóa,Ngôn ngữ Trung Quốc,4.5
STU2496,6.6,8.1,8.3,6.8,6.2,5.8,7.9,ESFP,Du lịch & Dịch vụ,Quản trị nhà hàng và dịch vụ ăn uống,4.6
STU1908,6.7,5.1,5.0,6.8,8.6,9.1,5.1,ISFJ,Nông nghiệp & Môi trường,Công nghệ sau thu hoạch,4.5
STU0030,9.5,6.4,9.0,10.0,8.4,5.2,5.3,ISTP,Công nghệ Thông tin & Kỹ thuật Máy tính,An toàn thông tin,4.1
STU0439,6.7,6.1,5.6,4.7,5.3,4.0,6.9,ENTP,Kinh tế & Quản lý,Hệ thống thông tin quản lý,1.6
STU0555,10.0,8.8,9.7,6.6,5.7,6.9,6.9,ESTP,Kinh tế & Quản lý,Tài chính - Ngân hàng,4.6
STU0472,9.5,8.7,8.0,5.7,6.6,5.2,5.4,ESTP,Kinh tế & Quản lý,Kiểm toán,4.7
STU0545,10.0,8.9,8.2,6.0,6.3,6.2,5.8,ENTJ,Kinh tế & Quản lý,Kế toán,4.9
STU0483,9.6,8.9,8.8,7.0,5.6,6.0,6.6,ESTJ,Kinh tế & Quản lý,Tài chính - Ngân hàng,4.5
STU1356,5.2,4.1,5.0,6.8,5.8,4.8,5.7,ESTP,Nghệ thuật & Thiết kế,Thiết kế công nghiệp,1.8
STU1722,8.5,6.3,6.3,9.5,7.6,6.6,6.5,ISTP,"Kỹ thuật, Cơ khí & Ô tô",Kỹ thuật điện,4.8
STU0436,5.6,6.5,6.8,6.8,4.8,6.7,4.7,INTJ,Kinh tế & Quản lý,Tài chính - Ngân hàng,2.8
STU1793,9.1,5.9,5.9,9.0,7.4,6.8,6.0,ISTJ,"Kỹ thuật, Cơ khí & Ô tô",Kỹ thuật cơ điện tử,4.6
STU1092,6.8,9.8,8.9,5.7,5.3,6.2,8.4,ENFP,Truyền thông & Báo chí,Lưu trữ học,4.4
STU1126,4.9,5.5,5.7,6.1,6.6,5.0,5.8,ENFJ,Truyền thông & Báo chí,Lưu trữ học,2.3
STU0519,10.0,8.5,9.5,6.5,6.5,6.7,5.4,ESTJ,Kinh tế & Quản lý,Kinh tế,4.5
STU2428,6.0,7.1,9.2,6.4,5.8,6.5,8.8,ESFP,Du lịch & Dịch vụ,Quản trị dịch vụ du lịch và lữ hành,4.2
STU1605,5.0,9.4,7.5,6.4,5.6,6.4,9.0,ENTJ,Luật & Xã hội,Tâm lý học,4.2
STU1872,8.2,6.1,5.4,9.3,8.5,5.8,5.2,ESTP,"Kỹ thuật, Cơ khí & Ô tô",Kỹ thuật điện,4.4
STU1779,8.8,6.7,6.0,9.0,7.7,5.0,6.9,ISTJ,"Kỹ thuật, Cơ khí & Ô tô",Kỹ thuật điện,4.7
STU0953,6.2,8.2,9.5,6.6,6.1,6.7,7.2,INFP,Ngôn ngữ & Văn hóa,Ngôn ngữ học,3.9
STU0209,9.4,5.5,5.1,5.8,8.9,8.9,6.4,ISTJ,Y tế & Sức khỏe,Quản lý bệnh viện,4.3
STU0464,10.0,8.5,9.7,6.1,6.7,5.1,5.0,ESTP,Kinh tế & Quản lý,Kiểm toán,4.4
STU1411,6.6,8.7,6.9,5.2,6.8,5.5,7.9,INFP,Nghệ thuật & Thiết kế,Thanh nhạc,4.9
STU1566,6.2,8.9,7.9,6.4,5.7,5.4,9.7,ENTJ,Luật & Xã hội,Luật quốc tế,4.1
STU1335,5.3,8.0,6.6,6.7,6.3,5.1,8.4,INFJ,Nghệ thuật & Thiết kế,Thiết kế thời trang,4.5
STU0809,6.3,8.8,7.2,6.7,6.1,5.3,8.2,ESFJ,Sư phạm & Giáo dục,Sư phạm Tin học,4.9
STU1048,5.9,10.0,8.6,6.1,6.8,6.7,7.7,ENTP,Truyền thông & Báo chí,Truyền thông đại chúng,4.1
STU1938,7.6,5.7,5.8,5.3,7.8,7.7,6.7,ISFJ,Nông nghiệp & Môi trường,Công nghệ thực phẩm,3.8
STU0650,6.5,5.2,4.9,5.0,5.0,4.2,6.3,INTJ,Sư phạm & Giáo dục,Tâm lý học giáo dục,2.1
STU2082,4.8,5.1,6.9,4.1,6.6,6.6,6.4,INFP,Xây dựng & Quy hoạch,Kỹ thuật xây dựng,2.5
STU2001,4.7,6.9,5.7,4.1,4.4,6.2,5.5,ISFJ,Nông nghiệp & Môi trường,Công nghệ sinh học,3.4
STU0200,9.0,6.7,9.3,10.0,7.1,5.8,5.2,ISTJ,Công nghệ Thông tin & Kỹ thuật Máy tính,Kỹ thuật phần mềm,4.7
STU0230,8.8,5.0,6.4,5.8,9.5,8.5,5.9,INFJ,Y tế & Sức khỏe,Y đa khoa,4.6
STU0730,6.4,9.0,7.6,5.5,5.4,6.1,9.3,ISFJ,Sư phạm & Giáo dục,Sư phạm Tiếng Anh,3.8
STU0950,5.3,8.1,9.0,6.6,6.8,5.9,8.7,INFP,Ngôn ngữ & Văn hóa,Tiếng Việt và văn hoá Việt Nam,3.8
STU1242,6.1,8.7,9.1,6.1,5.3,5.1,8.4,ESFP,Truyền thông & Báo chí,Truyền thông đại chúng,4.1
STU1262,5.4,8.9,6.8,6.5,6.0,5.3,8.0,INFP,Nghệ thuật & Thiết kế,Thiết kế công nghiệp,4.6
STU1507,6.0,9.1,8.4,5.9,6.6,5.7,9.1,ENTJ,Luật & Xã hội,Luật,4.0
STU0633,6.1,10.0,7.2,5.6,6.3,6.4,9.6,ENFJ,Sư phạm & Giáo dục,Sư phạm Vật lý,4.2
STU1290,6.6,7.7,6.3,6.6,6.8,5.7,6.8,ISFP,Nghệ thuật & Thiết kế,Thiết kế công nghiệp,4.2
STU0368,8.8,6.7,6.5,5.8,9.6,9.0,6.5,INFJ,Y tế & Sức khỏe,Dược học,4.5
STU2157,9.4,5.3,5.5,8.6,7.9,5.5,5.7,ESTJ,Xây dựng & Quy hoạch,Kinh tế xây dựng,4.7
STU1870,8.6,6.9,5.6,9.5,7.7,6.2,6.3,ISTJ,"Kỹ thuật, Cơ khí & Ô tô",Robot và Trí tuệ nhân tạo,4.7
STU0070,5.4,6.3,5.5,4.3,5.5,6.8,4.1,INFJ,Công nghệ Thông tin & Kỹ thuật Máy tính,Kỹ thuật phần mềm,1.5
STU2414,5.1,7.2,8.6,5.6,6.6,6.3,8.7,ESTP,Du lịch & Dịch vụ,Quản trị khách sạn,4.5
STU0737,5.0,9.0,7.1,6.9,6.2,5.3,9.8,ENFJ,Sư phạm & Giáo dục,Tâm lý học giáo dục,4.1
STU1122,5.4,9.3,8.6,5.7,7.0,5.1,8.6,ENTP,Truyền thông & Báo chí,Truyền thông đại chúng,3.9
STU2328,7.0,7.1,9.4,5.6,6.5,5.8,7.5,ESFJ,Du lịch & Dịch vụ,Quản trị dịch vụ du lịch và lữ hành,4.5
STU0232,8.5,5.8,5.3,6.1,9.5,9.9,6.0,INFJ,Y tế & Sức khỏe,Quản lý bệnh viện,5.0
STU1452,6.1,7.8,6.0,6.9,5.8,5.8,6.7,INFJ,Nghệ thuật & Thiết kế,Thiết kế thời trang,4.4
STU1624,6.8,8.8,7.4,6.2,5.6,6.7,9.7,INTJ,Luật & Xã hội,Tâm lý học,4.1
STU1827,8.5,6.6,6.5,10.0,8.2,6.8,7.0,ISTJ,"Kỹ thuật, Cơ khí & Ô tô",Công nghệ kỹ thuật ô tô,4.1
STU0696,4.1,6.3,6.8,6.7,6.3,5.0,6.5,ESFP,Sư phạm & Giáo dục,Sư phạm Vật lý,2.5
STU1422,5.3,8.8,5.5,6.0,6.3,6.6,7.8,ISFP,Nghệ thuật & Thiết kế,Thiết kế nội thất,4.3
STU2041,7.0,6.7,6.3,6.1,7.7,8.3,5.1,ISTJ,Nông nghiệp & Môi trường,Lâm nghiệp đô thị,4.8
STU1609,5.4,8.7,7.2,5.8,7.0,6.6,8.8,ISTJ,Luật & Xã hội,Quản lý nhà nước,4.3
STU0887,4.7,5.1,6.1,6.6,4.9,4.6,4.9,ESFP,Ngôn ngữ & Văn hóa,Quốc tế học,1.9
STU1829,8.2,6.6,6.2,9.1,7.2,6.4,5.6,INTJ,"Kỹ thuật, Cơ khí & Ô tô",Công nghệ kỹ thuật ô tô,4.4
STU1259,6.1,8.2,6.8,6.4,5.3,5.5,8.0,ISFP,Nghệ thuật & Thiết kế,Hội họa,4.3
STU1115,6.0,8.6,8.1,6.2,7.0,6.9,7.7,ENTP,Truyền thông & Báo chí,Truyền thông đại chúng,4.5
STU0280,9.4,6.2,5.7,6.6,8.9,9.1,5.9,ISTJ,Y tế & Sức khỏe,Y học dự phòng,4.7
STU1451,7.0,7.7,6.8,6.5,5.6,6.6,8.2,INFJ,Nghệ thuật & Thiết kế,Đạo diễn Điện ảnh - Truyền hình,4.0
STU0409,7.0,4.2,6.2,5.7,5.7,6.6,5.9,ENTJ,Y tế & Sức khỏe,Kỹ thuật hình ảnh y học,1.7
STU1132,6.4,9.9,8.6,5.7,6.2,5.5,8.7,ENTP,Truyền thông & Báo chí,Thông tin - thư viện,4.3
STU1166,6.6,8.6,8.9,5.2,6.8,6.5,7.4,ESFP,Truyền thông & Báo chí,Thông tin - thư viện,3.9
STU2159,8.2,6.0,6.0,8.8,6.3,5.7,6.8,ISTJ,Xây dựng & Quy hoạch,Kỹ thuật cấp thoát nước,4.7
STU2202,8.1,5.2,7.0,8.4,7.1,5.9,5.0,ISTP,Xây dựng & Quy hoạch,Địa kỹ thuật xây dựng,4.8
STU2461,6.1,8.0,8.7,5.3,5.5,6.4,8.1,ESFP,Du lịch & Dịch vụ,Quản trị nhà hàng và dịch vụ ăn uống,4.0
STU2232,9.4,6.0,5.2,9.5,7.8,5.0,5.3,ISTJ,Xây dựng & Quy hoạch,Kinh tế xây dựng,4.3
STU0441,8.9,7.1,8.1,6.0,5.7,6.2,6.6,ENTP,Kinh tế & Quản lý,Kế toán,4.9
STU0916,5.9,8.7,9.0,5.2,5.3,6.5,8.6,INTP,Ngôn ngữ & Văn hóa,Đông phương học,4.1
STU0943,6.0,8.2,9.8,6.0,6.6,5.4,8.8,ISFP,Ngôn ngữ & Văn hóa,Ngôn ngữ học,4.7
STU2262,9.5,5.3,6.3,9.2,6.6,6.5,5.6,ISTJ,Xây dựng & Quy hoạch,Kỹ thuật xây dựng,4.7
STU1948,6.8,5.3,5.4,6.4,8.2,8.7,6.8,ISFP,Nông nghiệp & Môi trường,Lâm nghiệp đô thị,4.1
STU1504,5.0,10.0,7.2,7.0,5.4,5.3,9.6,ENTJ,Luật & Xã hội,Tâm lý học,3.9
STU1743,9.0,6.1,6.8,9.4,8.0,6.6,6.9,ISTJ,"Kỹ thuật, Cơ khí & Ô tô",Kỹ thuật cơ khí,4.4
STU1395,5.8,8.3,6.0,5.1,6.7,5.4,8.3,INFJ,Nghệ thuật & Thiết kế,Điêu khắc,4.6
STU1037,5.4,9.3,9.9,5.5,6.6,5.6,8.7,INTP,Ngôn ngữ & Văn hóa,Ngôn ngữ Trung Quốc,4.1
STU1265,5.9,8.4,5.0,5.7,6.4,6.5,8.2,ISFP,Nghệ thuật & Thiết kế,Thanh nhạc,3.8
STU1784,8.4,5.2,6.5,8.7,7.8,5.3,6.8,ESTP,"Kỹ thuật, Cơ khí & Ô tô",Kỹ thuật điều khiển và tự động hóa,4.7
STU0150,9.7,6.0,8.1,8.6,6.2,6.4,6.3,INTJ,Công nghệ Thông tin & Kỹ thuật Máy tính,Thiết kế vi mạch,4.1
STU1193,5.3,8.8,9.1,6.8,6.7,6.3,7.3,ENFP,Truyền thông & Báo chí,Công nghệ truyền thông,4.4
STU1709,4.6,4.3,5.8,6.9,5.1,5.1,6.5,ESFJ,"Kỹ thuật, Cơ khí & Ô tô",Kỹ thuật cơ khí,2.4
STU0533,9.9,7.5,8.7,5.6,5.1,5.0,6.5,ESTJ,Kinh tế & Quản lý,Thương mại điện tử,4.6
STU2006,7.8,5.7,6.6,5.1,7.1,9.0,6.1,ISTJ,Nông nghiệp & Môi trường,Công nghệ sau thu hoạch,4.7
STU1272,5.6,9.0,6.5,5.2,5.7,6.1,8.0,INFP,Nghệ thuật & Thiết kế,Điêu khắc,5.0
STU1837,9.2,5.1,5.8,9.3,7.5,6.8,6.1,ISTJ,"Kỹ thuật, Cơ khí & Ô tô",Công nghệ kỹ thuật ô tô,4.4
STU2329,6.2,7.1,8.3,6.3,6.8,5.1,8.9,ESTP,Du lịch & Dịch vụ,Quản trị khách sạn,4.9
STU0811,6.6,8.7,8.1,7.0,5.0,6.3,8.6,ESFJ,Sư phạm & Giáo dục,Sư phạm Toán học,4.7
STU2126,8.2,6.1,5.9,9.2,7.5,7.0,6.2,ESTJ,Xây dựng & Quy hoạch,Kỹ thuật xây dựng,4.3
STU0164,9.1,5.5,9.1,8.4,7.7,5.8,6.2,ENTP,Công nghệ Thông tin & Kỹ thuật Máy tính,Khoa học Máy tính,4.6
STU1334,6.4,8.2,5.9,5.0,6.5,5.1,7.7,INFJ,Nghệ thuật & Thiết kế,Thiết kế thời trang,4.5
STU2374,5.9,7.8,8.8,5.4,5.3,6.2,8.3,ESFP,Du lịch & Dịch vụ,Quản lý thể dục thể thao,4.8
STU1380,6.0,8.7,5.1,6.8,6.1,5.2,7.6,ISFP,Nghệ thuật & Thiết kế,Thiết kế thời trang,4.4
STU1972,7.8,6.3,6.2,6.8,8.3,8.8,6.2,INFP,Nông nghiệp & Môi trường,Công nghệ sau thu hoạch,3.8
STU2369,5.9,7.1,8.5,5.1,6.8,6.2,8.1,ESFP,Du lịch & Dịch vụ,Quản trị dịch vụ du lịch và lữ hành,4.1
STU0651,6.4,8.8,7.3,6.9,5.2,5.7,9.7,ENFJ,Sư phạm & Giáo dục,Sư phạm Toán học,4.3
STU1051,6.3,9.6,8.8,7.0,6.9,6.4,8.5,ENFP,Truyền thông & Báo chí,Truyền thông đại chúng,4.6
STU0388,8.8,6.8,6.4,6.2,8.7,8.8,6.4,ISFP,Y tế & Sức khỏe,Y đa khoa,4.4
STU0050,9.2,6.3,8.3,8.8,6.3,6.3,6.0,INTJ,Công nghệ Thông tin & Kỹ thuật Máy tính,Khoa học dữ liệu,4.7
STU0068,5.9,5.8,4.1,6.4,4.7,4.4,5.7,INFP,Công nghệ Thông tin & Kỹ thuật Máy tính,Mạng máy tính và truyền thông dữ liệu,2.6
STU0480,9.7,7.1,8.2,6.2,6.6,5.7,5.2,ESTP,Kinh tế & Quản lý,Quản trị kinh doanh,4.7
STU2415,5.1,7.7,8.8,5.3,6.8,6.7,8.0,ENFP,Du lịch & Dịch vụ,Du lịch,3.8
STU0768,5.5,9.6,7.6,6.9,6.3,6.1,9.1,ESFJ,Sư phạm & Giáo dục,Sư phạm Tiếng Anh,4.6
STU0049,9.4,5.1,9.4,8.0,8.1,5.2,6.9,ENTP,Công nghệ Thông tin & Kỹ thuật Máy tính,Công nghệ thông tin,4.4
STU1673,9.4,6.2,6.1,8.9,8.1,6.6,5.1,ESTP,"Kỹ thuật, Cơ khí & Ô tô",Kỹ thuật cơ khí,4.2
STU1794,9.1,7.0,5.9,9.9,8.2,5.7,5.8,ESTP,"Kỹ thuật, Cơ khí & Ô tô",Công nghệ kỹ thuật ô tô,4.6
STU0788,4.3,4.9,5.8,5.7,4.5,4.5,6.3,ENTJ,Sư phạm & Giáo dục,Tâm lý học giáo dục,2.2
STU2271,8.1,5.5,5.8,9.0,6.5,5.1,6.7,ISTJ,Xây dựng & Quy hoạch,Kỹ thuật xây dựng,4.3
STU0125,9.8,5.2,8.0,8.9,6.3,6.1,6.0,INTP,Công nghệ Thông tin & Kỹ thuật Máy tính,Khoa học Máy tính,3.8
STU0782,5.7,9.6,7.1,6.8,6.7,6.7,8.7,ESFJ,Sư phạm & Giáo dục,Sư phạm Ngữ văn,4.6
STU0810,5.5,9.6,7.8,6.4,5.9,6.2,8.3,INFJ,Sư phạm & Giáo dục,Sư phạm Ngữ văn,4.1
STU0619,8.0,8.0,9.6,6.3,5.7,6.8,6.0,ESTJ,Kinh tế & Quản lý,Kinh doanh quốc tế,4.2
STU1500,6.4,9.0,8.2,5.8,5.5,5.4,9.6,ISTJ,Luật & Xã hội,Công tác xã hội,4.1
STU1428,5.8,8.9,6.1,5.9,6.3,5.6,8.0,ISFP,Nghệ thuật & Thiết kế,Thiết kế đồ họa,4.6
STU0026,9.0,6.8,8.9,9.4,6.5,6.8,6.0,ISTP,Công nghệ Thông tin & Kỹ thuật Máy tính,Mạng máy tính và truyền thông dữ liệu,4.3
STU2385,5.4,8.0,9.1,5.2,5.5,7.0,8.3,ESFP,Du lịch & Dịch vụ,Quản trị khách sạn,4.2
STU1704,5.5,5.8,5.9,5.2,4.7,6.5,6.3,INTP,"Kỹ thuật, Cơ khí & Ô tô",Kỹ thuật điều khiển và tự động hóa,2.7
STU0773,6.3,9.8,7.7,5.0,6.2,6.6,8.3,ESFJ,Sư phạm & Giáo dục,Giáo dục Mầm non,4.0
STU1594,5.4,8.8,7.4,6.7,6.3,5.3,9.3,ISTJ,Luật & Xã hội,Công tác xã hội,4.3
STU1574,6.0,8.6,8.2,5.1,5.0,6.6,9.5,ENTJ,Luật & Xã hội,Quản lý nhà nước,4.9
STU1979,4.2,6.0,6.2,4.6,4.8,6.8,5.6,INFP,Nông nghiệp & Môi trường,Lâm nghiệp đô thị,2.8
STU1282,5.5,8.2,5.2,6.1,6.0,6.9,7.7,ISFP,Nghệ thuật & Thiết kế,Thiết kế nội thất,4.0
STU1279,6.7,8.1,6.3,6.1,6.2,5.1,8.1,INFJ,Nghệ thuật & Thiết kế,Thiết kế nội thất,4.9
STU2210,8.4,5.8,6.2,8.8,7.1,6.4,5.4,ISTJ,Xây dựng & Quy hoạch,Kỹ thuật cấp thoát nước,3.9
STU0362,9.0,6.4,6.9,6.2,8.8,9.4,6.6,ISTJ,Y tế & Sức khỏe,Kỹ thuật phục hồi chức năng,4.8
STU1562,7.0,9.6,8.2,6.4,6.4,6.8,8.6,INFJ,Luật & Xã hội,Quản lý nhà nước,4.8
STU1291,6.1,8.7,5.0,6.1,5.5,6.7,6.5,ISFP,Nghệ thuật & Thiết kế,Hội họa,4.3
STU1381,5.7,7.8,6.0,5.0,6.3,6.3,7.3,ISFP,Nghệ thuật & Thiết kế,Đạo diễn Điện ảnh - Truyền hình,4.2
STU1830,8.6,5.9,5.6,8.7,7.9,5.9,6.0,INTJ,"Kỹ thuật, Cơ khí & Ô tô",Kỹ thuật điện,4.4
STU1588,5.2,4.8,5.0,4.5,5.0,6.3,5.5,INFJ,Luật & Xã hội,Luật kinh tế,2.9
STU1613,6.6,9.7,7.4,5.8,5.9,5.6,8.7,INTJ,Luật & Xã hội,Công tác xã hội,4.4
STU1894,8.0,6.2,5.2,6.6,7.3,7.5,5.0,ISFP,Nông nghiệp & Môi trường,Công nghệ thực phẩm,4.3
STU1200,5.6,9.2,8.8,5.3,5.2,6.7,7.7,ESFP,Truyền thông & Báo chí,Lưu trữ học,4.4
STU2184,8.9,6.8,6.3,8.5,6.3,6.7,5.8,ISTP,Xây dựng & Quy hoạch,Kỹ thuật xây dựng,4.4
STU0648,5.4,9.5,8.6,6.4,6.9,6.6,8.9,ISFJ,Sư phạm & Giáo dục,Sư phạm Vật lý,4.1
STU0241,8.7,6.3,6.6,6.1,9.6,9.6,6.8,ISTJ,Y tế & Sức khỏe,Điều dưỡng,3.8
STU1648,6.7,9.0,7.9,6.7,6.8,5.4,9.8,ISTJ,Luật & Xã hội,Tâm lý học,4.6
STU0071,8.6,6.3,9.0,8.2,6.2,5.9,5.2,ISTP,Công nghệ Thông tin & Kỹ thuật Máy tính,Khoa học dữ liệu,4.6
STU0531,9.7,7.0,8.3,6.1,5.5,6.9,5.3,ENTP,Kinh tế & Quản lý,Quản trị kinh doanh,4.2
STU0522,5.0,4.1,6.4,6.8,4.5,6.9,5.0,ESFP,Kinh tế & Quản lý,Kinh tế,2.5
STU1502,6.2,9.4,8.3,6.0,5.6,5.4,9.3,INTJ,Luật & Xã hội,Luật,3.9
STU0074,9.8,6.1,9.9,9.4,7.5,5.2,5.7,ISTP,Công nghệ Thông tin & Kỹ thuật Máy tính,Thiết kế vi mạch,4.7
STU1162,5.3,9.4,8.3,6.7,6.4,5.0,8.4,ENFP,Truyền thông & Báo chí,Truyền thông đa phương tiện,4.8
STU0351,8.9,5.3,5.2,6.9,9.9,9.7,6.1,ISFP,Y tế & Sức khỏe,Kỹ thuật hình ảnh y học,4.6
STU2286,8.1,6.5,5.8,8.2,6.0,5.3,5.8,ISTP,Xây dựng & Quy hoạch,Công nghệ kỹ thuật công trình xây dựng,4.1
STU1592,6.0,10.0,8.0,6.7,6.3,5.5,9.1,INTJ,Luật & Xã hội,Quản lý nhà nước,4.8
STU1751,8.2,5.7,5.3,8.9,7.3,6.2,5.0,ISTP,"Kỹ thuật, Cơ khí & Ô tô",Công nghệ kỹ thuật ô tô,4.6
STU1879,8.4,6.7,5.2,5.6,7.1,8.0,6.7,ISTJ,Nông nghiệp & Môi trường,Thú y,3.9
STU2284,9.2,5.9,5.4,8.7,6.2,5.6,6.5,ISTP,Xây dựng & Quy hoạch,Công nghệ kỹ thuật công trình xây dựng,4.4
STU0077,9.4,6.1,7.9,9.8,7.9,5.6,5.6,ENTP,Công nghệ Thông tin & Kỹ thuật Máy tính,Thiết kế vi mạch,5.0
STU0433,9.7,7.6,8.5,5.9,5.6,6.7,5.1,ESTJ,Kinh tế & Quản lý,Kiểm toán,4.0
STU2376,6.6,7.2,8.4,6.3,5.4,6.2,7.9,ENFP,Du lịch & Dịch vụ,Quản trị khách sạn,3.8
STU1407,6.6,8.6,5.3,6.3,5.7,5.4,7.7,INFJ,Nghệ thuật & Thiết kế,Hội họa,4.6
STU0158,9.9,6.3,7.5,8.9,6.6,6.3,6.3,ISTJ,Công nghệ Thông tin & Kỹ thuật Máy tính,Khoa học Máy tính,3.9
STU1447,5.3,8.7,6.4,6.8,5.9,6.9,7.5,ISFP,Nghệ thuật & Thiết kế,Thiết kế thời trang,4.3
STU0743,6.7,9.5,7.7,6.4,5.6,6.7,9.5,ESFJ,Sư phạm & Giáo dục,Sư phạm Tiếng Anh,3.9
STU2046,7.6,5.3,5.3,6.0,7.0,8.3,5.8,ISFP,Nông nghiệp & Môi trường,Lâm nghiệp đô thị,4.8
STU0136,9.4,5.3,8.7,8.9,8.4,5.1,6.9,INTP,Công nghệ Thông tin & Kỹ thuật Máy tính,Khoa học dữ liệu,4.2
STU0508,9.3,7.1,8.4,6.6,6.1,5.1,5.7,ESTJ,Kinh tế & Quản lý,Kinh tế,4.4
STU0600,9.9,8.3,8.5,6.3,6.7,6.9,6.2,ESTP,Kinh tế & Quản lý,Kinh doanh quốc tế,4.7
STU1727,8.6,6.2,5.5,8.5,7.3,6.3,6.7,ISTJ,"Kỹ thuật, Cơ khí & Ô tô",Công nghệ kỹ thuật ô tô,4.5
STU0863,6.9,9.3,9.9,6.8,6.4,6.6,7.7,INFP,Ngôn ngữ & Văn hóa,Đông phương học,4.2
STU0818,5.8,9.6,8.3,5.1,6.9,5.6,9.2,ENFJ,Sư phạm & Giáo dục,Sư phạm Tiếng Anh,4.6
STU0052,9.8,6.5,7.6,9.0,7.6,6.1,6.9,ISTP,Công nghệ Thông tin & Kỹ thuật Máy tính,Khoa học Máy tính,4.0
STU2289,6.5,7.4,8.7,6.9,5.2,5.0,7.7,ENFP,Du lịch & Dịch vụ,Quản trị dịch vụ du lịch và lữ hành,4.5
STU0528,8.5,7.5,9.7,5.8,6.3,6.4,5.2,ENTJ,Kinh tế & Quản lý,Quản trị kinh doanh,4.3
STU0597,8.6,8.4,8.4,5.0,6.9,6.0,6.0,ENTP,Kinh tế & Quản lý,Marketing,4.0
STU0290,9.0,6.0,6.3,5.9,9.1,9.0,6.1,ISFP,Y tế & Sức khỏe,Dược học,3.9
STU1406,6.1,7.7,5.4,6.3,5.6,6.5,7.4,ISFP,Nghệ thuật & Thiết kế,Thiết kế thời trang,4.0
STU2002,6.7,5.7,6.1,5.1,7.0,8.6,7.0,ISFJ,Nông nghiệp & Môi trường,Nuôi trồng thủy sản,4.0
STU1599,5.4,9.3,8.0,6.1,6.4,5.0,9.7,ENTJ,Luật & Xã hội,Tâm lý học,3.8
STU0529,8.2,8.5,8.2,6.8,5.8,6.5,5.2,ENTP,Kinh tế & Quản lý,Marketing,4.6
STU1341,5.2,8.7,5.3,5.2,6.6,5.5,8.0,INFJ,Nghệ thuật & Thiết kế,Đạo diễn Điện ảnh - Truyền hình,4.4
STU1399,6.7,7.8,6.7,6.5,5.3,6.5,8.4,INFJ,Nghệ thuật & Thiết kế,Đạo diễn Điện ảnh - Truyền hình,4.1
STU1927,6.9,5.1,6.5,6.1,8.3,9.3,6.3,ISTJ,Nông nghiệp & Môi trường,Thú y,4.0
STU0292,8.8,6.9,5.8,6.2,9.0,8.9,5.2,ISFP,Y tế & Sức khỏe,Dược học,4.8
STU1718,9.0,6.3,6.8,9.2,8.3,6.2,6.7,ISTP,"Kỹ thuật, Cơ khí & Ô tô",Robot và Trí tuệ nhân tạo,4.5
STU2090,9.2,6.1,5.5,9.1,7.7,6.6,5.0,ISTP,Xây dựng & Quy hoạch,Địa kỹ thuật xây dựng,4.8
STU1018,6.6,8.9,9.5,6.4,5.9,5.9,7.4,INFP,Ngôn ngữ & Văn hóa,Ngôn ngữ học,4.7
STU0487,9.6,8.4,8.5,5.0,6.3,6.1,6.9,ENTP,Kinh tế & Quản lý,Kinh tế,4.9
STU2443,6.0,7.5,8.9,6.6,5.4,5.5,8.6,ESFJ,Du lịch & Dịch vụ,Quản trị dịch vụ du lịch và lữ hành,4.5
STU2234,8.7,5.9,5.8,8.2,6.1,6.1,6.8,ESTJ,Xây dựng & Quy hoạch,Kỹ thuật cấp thoát nước,4.6
STU0606,8.4,7.6,9.9,6.4,6.4,6.8,6.0,ENTJ,Kinh tế & Quản lý,Quản trị kinh doanh,4.2
STU0407,4.3,5.2,6.7,5.2,5.7,6.1,6.3,ESTJ,Y tế & Sức khỏe,Kỹ thuật phục hồi chức năng,1.8
STU1963,7.7,5.9,5.9,5.5,8.4,7.5,5.5,ISFP,Nông nghiệp & Môi trường,Khoa học môi trường,4.0
STU1583,5.5,9.2,7.9,5.6,5.1,5.1,9.9,INTJ,Luật & Xã hội,Chính trị học,4.2
STU2405,5.6,4.9,5.3,6.4,5.3,6.0,6.0,INFJ,Du lịch & Dịch vụ,Quản trị nhà hàng và dịch vụ ăn uống,1.6
STU1818,8.1,5.6,5.7,8.7,8.3,6.9,5.9,ISTP,"Kỹ thuật, Cơ khí & Ô tô",Robot và Trí tuệ nhân tạo,4.4
STU1421,6.2,5.6,6.5,5.6,6.9,5.0,5.3,ENTP,Nghệ thuật & Thiết kế,Thiết kế đồ họa,1.8
STU1469,6.7,9.4,7.2,6.6,6.9,5.3,9.6,INFJ,Luật & Xã hội,Quản lý nhà nước,4.6
STU0343,9.5,6.2,5.8,5.1,8.9,8.6,5.4,INFJ,Y tế & Sức khỏe,Răng - Hàm - Mặt,4.7
STU1071,5.7,9.3,8.3,5.6,6.0,6.0,7.2,ESFP,Truyền thông & Báo chí,Thông tin - thư viện,3.9
STU1730,8.6,6.9,6.6,8.9,8.4,6.8,6.8,ISTP,"Kỹ thuật, Cơ khí & Ô tô",Robot và Trí tuệ nhân tạo,4.8
STU0830,5.3,9.5,7.0,5.4,6.4,5.4,8.4,ISFJ,Sư phạm & Giáo dục,Sư phạm Toán học,4.1
STU1449,6.9,4.3,6.3,6.9,4.9,7.0,5.8,INTP,Nghệ thuật & Thiết kế,Đạo diễn Điện ảnh - Truyền hình,2.3
STU0300,9.2,6.9,5.6,5.3,9.0,9.0,5.2,ISFJ,Y tế & Sức khỏe,Y đa khoa,5.0
STU0765,5.9,9.9,7.5,6.5,6.6,5.6,9.4,ISFJ,Sư phạm & Giáo dục,Sư phạm Toán học,4.2
STU1614,6.4,8.6,7.7,5.9,6.0,6.9,8.8,INFJ,Luật & Xã hội,Tâm lý học,4.6
STU1909,7.0,5.1,5.1,6.2,7.2,7.8,5.5,ISFJ,Nông nghiệp & Môi trường,Nông nghiệp,3.9
STU1611,6.2,9.6,8.1,5.3,6.7,5.8,8.6,INFJ,Luật & Xã hội,Luật,4.0
STU2176,9.1,5.5,6.1,9.2,6.1,5.5,5.4,ESTJ,Xây dựng & Quy hoạch,Công nghệ kỹ thuật công trình xây dựng,5.0
STU2371,6.8,5.6,6.0,4.4,4.2,4.4,7.0,INFJ,Du lịch & Dịch vụ,Du lịch,1.8
STU2309,5.5,7.4,9.5,6.6,6.5,5.2,8.8,ENFP,Du lịch & Dịch vụ,Quản trị khách sạn,4.7
STU0221,6.0,6.0,6.2,6.0,7.0,4.8,5.3,ESTJ,Y tế & Sức khỏe,Y học dự phòng,2.8
STU1897,7.4,6.0,5.9,6.8,7.9,9.3,5.1,ISFJ,Nông nghiệp & Môi trường,Lâm nghiệp đô thị,4.5
STU2463,6.4,8.3,8.8,5.9,6.5,6.5,8.4,ENFP,Du lịch & Dịch vụ,Quản trị nhà hàng và dịch vụ ăn uống,3.8
STU0708,5.5,4.4,5.5,6.6,4.6,4.5,5.4,ESFJ,Sư phạm & Giáo dục,Giáo dục Mầm non,3.1
STU0498,8.2,8.0,8.6,6.4,6.2,5.0,7.0,ESTP,Kinh tế & Quản lý,Kinh doanh quốc tế,5.0
STU1835,4.8,5.1,6.4,6.4,6.7,6.5,6.9,INTP,"Kỹ thuật, Cơ khí & Ô tô",Kỹ thuật điện tử - viễn thông,3.3
STU1015,6.0,5.4,4.9,6.4,6.6,5.5,6.9,ISTJ,Ngôn ngữ & Văn hóa,Ngôn ngữ Hàn Quốc,2.3
STU1001,4.8,4.8,4.6,6.2,6.3,4.1,5.2,ENFJ,Ngôn ngữ & Văn hóa,Văn học,3.3
STU0085,9.9,6.8,9.5,8.9,8.1,5.6,6.0,INTP,Công nghệ Thông tin & Kỹ thuật Máy tính,Công nghệ thông tin,4.5
STU1038,6.3,8.1,9.5,6.8,5.8,7.0,8.3,ISFP,Ngôn ngữ & Văn hóa,Ngôn ngữ Nhật,3.8
STU2052,7.2,5.9,5.4,6.2,8.8,8.8,5.3,ISFP,Nông nghiệp & Môi trường,Công nghệ sau thu hoạch,4.7
STU1858,8.4,6.3,5.6,10.0,7.9,6.4,6.6,ISTP,"Kỹ thuật, Cơ khí & Ô tô",Công nghệ kỹ thuật ô tô,4.8
STU1860,5.0,6.0,4.2,6.8,4.5,4.7,5.2,ENFP,"Kỹ thuật, Cơ khí & Ô tô",Kỹ thuật cơ khí,2.4
STU1152,5.6,9.2,9.1,6.7,6.6,5.1,8.8,ENFP,Truyền thông & Báo chí,Báo chí,4.0
STU0462,9.4,7.1,8.4,5.6,5.3,5.0,5.2,ENTJ,Kinh tế & Quản lý,Hệ thống thông tin quản lý,4.2
STU0110,8.9,6.0,7.6,8.1,7.1,6.0,6.6,ISTP,Công nghệ Thông tin & Kỹ thuật Máy tính,Công nghệ thông tin,4.3
STU2302,5.9,8.1,9.3,5.9,5.1,6.9,7.7,ESFP,Du lịch & Dịch vụ,Quản trị dịch vụ du lịch và lữ hành,4.6
STU0355,9.7,5.7,6.1,6.0,9.3,9.1,5.2,ISFJ,Y tế & Sức khỏe,Kỹ thuật hình ảnh y học,4.8
STU0267,5.1,6.7,5.5,5.1,6.6,5.5,5.4,ESTP,Y tế & Sức khỏe,Y học dự phòng,3.2
STU2100,9.0,5.2,6.7,9.2,6.4,6.6,6.0,ESTJ,Xây dựng & Quy hoạch,Kinh tế xây dựng,4.9
STU0808,6.0,9.2,7.5,6.1,5.3,6.2,9.8,INFJ,Sư phạm & Giáo dục,Sư phạm Ngữ văn,3.9
STU0991,6.1,8.9,9.9,5.6,6.6,6.5,8.8,INTP,Ngôn ngữ & Văn hóa,Ngôn ngữ học,3.8
STU0291,9.8,6.1,7.0,5.6,9.1,8.9,6.5,ISTJ,Y tế & Sức khỏe,Điều dưỡng,4.5
STU1011,5.1,9.1,9.9,5.2,5.8,6.7,7.5,INTP,Ngôn ngữ & Văn hóa,Quốc tế học,4.0
STU0917,5.7,9.4,9.3,5.1,5.9,6.4,7.7,INFP,Ngôn ngữ & Văn hóa,Quốc tế học,4.9
STU0603,8.2,8.7,8.0,6.5,6.6,6.2,5.8,ENTJ,Kinh tế & Quản lý,Kiểm toán,4.9
STU0417,9.9,7.4,8.2,5.0,5.4,5.4,5.6,ENTJ,Kinh tế & Quản lý,Hệ thống thông tin quản lý,4.1
STU0473,9.6,7.9,8.3,5.7,6.3,5.3,6.5,ESTP,Kinh tế & Quản lý,Marketing,4.4
STU2022,7.6,5.4,5.1,6.5,8.1,9.3,6.0,INFP,Nông nghiệp & Môi trường,Công nghệ thực phẩm,4.1
STU2053,6.3,4.1,5.1,5.0,5.3,5.0,5.9,ESTP,Nông nghiệp & Môi trường,Khoa học môi trường,3.4
STU2416,5.9,8.1,9.1,6.5,5.2,6.4,8.4,ESFJ,Du lịch & Dịch vụ,Du lịch,4.4
STU1678,9.0,5.4,6.3,9.3,7.5,5.7,5.4,ESTP,"Kỹ thuật, Cơ khí & Ô tô",Kỹ thuật điều khiển và tự động hóa,4.8
STU1195,6.7,8.5,8.2,6.9,6.9,6.2,8.3,ENTP,Truyền thông & Báo chí,Báo chí,4.9
STU2488,6.2,7.4,8.0,6.7,5.3,6.1,7.8,ESTP,Du lịch & Dịch vụ,Quản trị dịch vụ du lịch và lữ hành,4.3
STU1310,6.2,8.4,5.5,6.9,6.4,5.3,7.8,INFJ,Nghệ thuật & Thiết kế,Thanh nhạc,4.4
STU0279,9.3,7.0,5.2,5.6,9.6,8.6,5.8,INFJ,Y tế & Sức khỏe,Y đa khoa,4.2
STU0868,7.0,8.8,9.3,6.2,7.0,5.7,8.8,INTP,Ngôn ngữ & Văn hóa,Ngôn ngữ Trung Quốc,4.2
STU0874,6.0,8.3,9.0,6.5,6.2,6.7,7.4,INTP,Ngôn ngữ & Văn hóa,Ngôn ngữ Nhật,4.6
STU1402,6.8,7.8,7.0,7.0,6.6,5.0,7.3,INFP,Nghệ thuật & Thiết kế,Thiết kế nội thất,4.0
STU0019,8.9,6.6,9.4,9.8,6.4,6.9,5.2,INTP,Công nghệ Thông tin & Kỹ thuật Máy tính,Thiết kế vi mạch,4.2
STU2021,7.8,5.1,5.2,6.4,7.1,9.2,5.1,ISFP,Nông nghiệp & Môi trường,Công nghệ thực phẩm,4.1
STU2085,9.0,5.2,5.2,8.2,7.3,6.3,6.1,ISTJ,Xây dựng & Quy hoạch,Kỹ thuật xây dựng,4.3
STU1671,9.2,5.5,5.1,8.9,8.0,5.7,5.9,ISTJ,"Kỹ thuật, Cơ khí & Ô tô",Kỹ thuật điều khiển và tự động hóa,4.8
STU1293,5.9,4.1,6.9,5.1,4.9,5.7,6.3,ENTP,Nghệ thuật & Thiết kế,Điêu khắc,3.1
STU0867,6.8,4.3,6.8,6.9,4.6,5.9,4.9,ESTJ,Ngôn ngữ & Văn hóa,Đông phương học,3.4
STU1111,7.0,9.3,8.9,6.8,5.2,5.9,7.6,ENTP,Truyền thông & Báo chí,Công nghệ truyền thông,4.4
STU2055,7.5,5.3,5.9,5.4,8.9,7.8,6.9,ISFP,Nông nghiệp & Môi trường,Nuôi trồng thủy sản,4.5
STU1653,5.2,9.3,8.2,6.2,6.1,6.2,9.6,ENTJ,Luật & Xã hội,Tâm lý học,4.8
STU0220,8.6,6.9,6.7,6.1,10.0,9.5,6.4,ISTJ,Y tế & Sức khỏe,Răng - Hàm - Mặt,3.8
STU1118,5.8,8.6,8.0,6.9,5.9,5.5,8.1,ENFP,Truyền thông & Báo chí,Quan hệ công chúng,4.8
STU1180,5.1,9.4,9.4,6.2,6.9,5.6,8.9,ESFP,Truyền thông & Báo chí,Quan hệ công chúng,4.0
STU0304,9.5,5.6,5.2,6.6,8.7,9.7,6.6,ISTJ,Y tế & Sức khỏe,Kỹ thuật phục hồi chức năng,4.2
STU2319,5.8,7.3,8.3,5.1,5.3,6.7,8.3,ESFJ,Du lịch & Dịch vụ,Quản trị nhà hàng và dịch vụ ăn uống,4.0
STU0621,9.9,9.0,9.1,6.8,6.5,5.8,5.4,ENTJ,Kinh tế & Quản lý,Quản trị kinh doanh,4.2
STU2439,6.3,7.4,9.4,6.9,6.5,6.5,8.4,ESFJ,Du lịch & Dịch vụ,Quản trị dịch vụ du lịch và lữ hành,4.5
STU0671,6.1,9.2,7.1,6.4,5.7,5.7,9.8,ISFJ,Sư phạm & Giáo dục,Sư phạm Vật lý,3.9
STU1383,6.2,7.6,6.2,7.0,6.9,6.4,6.6,ISFP,Nghệ thuật & Thiết kế,Thanh nhạc,3.9
STU0622,8.3,7.7,8.6,6.6,5.2,5.2,5.6,ENTP,Kinh tế & Quản lý,Kinh tế,4.0
STU0875,5.4,8.9,9.6,5.4,6.7,6.5,8.2,ISFP,Ngôn ngữ & Văn hóa,Quốc tế học,4.5
STU1245,5.7,6.5,4.4,6.2,5.1,4.4,4.3,INTP,Truyền thông & Báo chí,Báo chí,1.6
STU1000,6.5,9.3,9.7,5.2,5.5,6.6,8.1,INTP,Ngôn ngữ & Văn hóa,Ngôn ngữ học,3.9
STU2321,5.7,7.3,8.7,5.1,5.4,6.2,8.9,ESTP,Du lịch & Dịch vụ,Quản trị dịch vụ du lịch và lữ hành,4.6
STU0839,6.5,9.5,9.0,6.2,7.0,5.1,7.0,INFP,Ngôn ngữ & Văn hóa,Ngôn ngữ Trung Quốc,4.2
STU2365,6.3,7.0,8.7,6.2,5.6,5.1,8.7,ESFJ,Du lịch & Dịch vụ,Du lịch,4.1
STU1197,6.8,9.5,9.2,5.8,6.8,5.8,7.7,ENFP,Truyền thông & Báo chí,Lưu trữ học,4.0
STU1099,6.5,8.8,8.7,5.1,5.1,6.8,7.6,ENTP,Truyền thông & Báo chí,Truyền thông đa phương tiện,4.5
STU0193,9.7,6.3,9.6,8.2,8.0,5.0,5.1,ISTP,Công nghệ Thông tin & Kỹ thuật Máy tính,An toàn thông tin,4.2
STU0175,10.0,6.0,7.8,8.8,6.2,5.0,6.4,INTJ,Công nghệ Thông tin & Kỹ thuật Máy tính,Khoa học Máy tính,4.6
STU0762,5.2,9.9,8.9,6.3,5.9,5.5,9.8,ESFJ,Sư phạm & Giáo dục,Sư phạm Vật lý,4.1
STU2282,8.8,6.7,6.5,8.8,7.9,5.6,6.3,ISTP,Xây dựng & Quy hoạch,Quản lý xây dựng,4.0
STU1455,6.3,8.2,6.7,6.7,5.7,6.9,7.5,ISFP,Nghệ thuật & Thiết kế,Hội họa,4.5
STU2464,5.5,6.1,6.6,6.3,6.6,4.6,4.7,ISTP,Du lịch & Dịch vụ,Quản lý thể dục thể thao,1.8
STU1056,5.1,9.4,8.7,6.0,6.1,5.8,8.0,ENTP,Truyền thông & Báo chí,Truyền thông đa phương tiện,5.0
STU0129,9.8,6.8,8.6,8.2,7.8,6.5,6.4,ENTP,Công nghệ Thông tin & Kỹ thuật Máy tính,Công nghệ thông tin,4.2
STU0341,9.2,6.1,6.0,6.4,9.5,9.9,6.5,ISFJ,Y tế & Sức khỏe,Răng - Hàm - Mặt,4.6
STU1676,8.9,5.1,6.8,9.6,8.2,6.4,6.4,ESTP,"Kỹ thuật, Cơ khí & Ô tô",Kỹ thuật cơ điện tử,4.1
STU0644,6.1,8.8,8.4,6.0,6.0,5.8,9.7,ESFJ,Sư phạm & Giáo dục,Sư phạm Ngữ văn,4.2
STU0980,5.4,8.8,9.8,5.6,6.7,6.1,8.2,INFP,Ngôn ngữ & Văn hóa,Ngôn ngữ Trung Quốc,4.0
STU0308,8.8,5.0,6.7,6.6,9.5,9.6,6.3,ISTJ,Y tế & Sức khỏe,Quản lý bệnh viện,4.3
STU0384,9.5,6.0,5.0,5.4,9.7,9.2,6.8,ISTJ,Y tế & Sức khỏe,Kỹ thuật phục hồi chức năng,4.7
STU1271,6.2,5.5,6.7,4.3,5.1,4.5,5.3,ENTP,Nghệ thuật & Thiết kế,Kiến trúc,2.9
STU2311,5.5,7.7,8.5,5.9,6.0,5.6,7.9,ENFP,Du lịch & Dịch vụ,Du lịch,4.7
STU0742,6.3,9.4,8.4,6.7,6.5,6.6,9.4,ENFJ,Sư phạm & Giáo dục,Tâm lý học giáo dục,5.0
STU0178,8.8,6.2,8.0,9.2,7.0,6.7,6.3,ISTJ,Công nghệ Thông tin & Kỹ thuật Máy tính,Thiết kế vi mạch,3.9
STU0427,9.3,8.3,8.5,5.8,5.9,7.0,5.8,ENTJ,Kinh tế & Quản lý,Tài chính - Ngân hàng,4.8
STU0783,5.5,8.9,7.4,6.1,5.2,6.6,9.6,ESFJ,Sư phạm & Giáo dục,Sư phạm Tin học,4.4
STU1742,9.4,5.6,6.7,9.1,7.7,5.3,5.8,ESTP,"Kỹ thuật, Cơ khí & Ô tô",Công nghệ kỹ thuật ô tô,4.8
STU1674,9.5,5.5,6.5,9.5,7.0,6.2,5.5,ISTJ,"Kỹ thuật, Cơ khí & Ô tô",Kỹ thuật điện,3.9
STU1876,5.7,6.8,5.1,5.5,5.3,5.1,6.6,ESTP,Nông nghiệp & Môi trường,Khoa học môi trường,1.7
STU0185,8.9,5.1,8.4,8.2,7.3,5.4,5.5,ISTJ,Công nghệ Thông tin & Kỹ thuật Máy tính,Kỹ thuật phần mềm,4.0
STU1035,5.2,6.3,5.6,4.4,6.0,4.3,5.7,ISTP,Ngôn ngữ & Văn hóa,Ngôn ngữ học,3.3
STU2174,9.3,5.4,5.6,9.4,7.6,6.6,6.2,ISTJ,Xây dựng & Quy hoạch,Kỹ thuật cấp thoát nước,4.3
STU2287,8.5,6.1,6.2,9.2,7.9,5.6,6.3,ISTP,Xây dựng & Quy hoạch,Quản lý xây dựng,4.6
STU1456,5.4,7.7,6.3,5.2,5.8,5.0,7.7,INFJ,Nghệ thuật & Thiết kế,Thanh nhạc,4.9
STU1147,5.9,9.9,9.1,5.1,5.2,6.5,7.4,ENTP,Truyền thông & Báo chí,Truyền thông đa phương tiện,4.1
STU0757,5.8,8.8,8.0,5.6,6.4,6.0,8.8,ISFJ,Sư phạm & Giáo dục,Sư phạm Vật lý,3.9
STU0612,8.2,7.3,9.4,6.8,5.5,6.7,5.1,ESTJ,Kinh tế & Quản lý,Quản trị kinh doanh,4.2
STU0490,8.9,8.0,8.8,6.0,6.0,6.9,5.5,ENTP,Kinh tế & Quản lý,Kinh tế quốc tế,3.9
STU2216,5.0,5.2,6.3,4.7,6.8,5.9,4.8,ENFP,Xây dựng & Quy hoạch,Kinh tế xây dựng,1.9
STU1453,6.7,6.0,4.3,4.0,6.8,6.3,4.3,ISTP,Nghệ thuật & Thiết kế,Đạo diễn Điện ảnh - Truyền hình,2.7
STU2252,8.1,5.2,5.8,8.9,6.2,5.0,6.7,ISTJ,Xây dựng & Quy hoạch,Công nghệ kỹ thuật công trình xây dựng,4.0
STU1045,5.1,9.1,8.4,5.6,5.3,5.8,7.1,ENFP,Truyền thông & Báo chí,Quan hệ công chúng,4.1
STU1643,6.3,9.9,7.9,5.9,5.9,6.5,9.5,ENTJ,Luật & Xã hội,Luật,4.2
STU2448,5.3,7.1,9.4,6.3,6.4,5.7,8.4,ESFJ,Du lịch & Dịch vụ,Du lịch,4.2
STU0987,5.7,8.3,9.4,6.4,5.9,5.4,8.3,INFP,Ngôn ngữ & Văn hóa,Ngôn ngữ Trung Quốc,4.8
STU0119,9.0,6.1,9.4,8.7,7.8,6.9,5.9,ENTP,Công nghệ Thông tin & Kỹ thuật Máy tính,Khoa học Máy tính,4.6
STU1915,6.5,4.5,4.6,4.6,5.8,6.3,4.8,ENFP,Nông nghiệp & Môi trường,Nuôi trồng thủy sản,3.1
STU0282,9.7,6.7,6.0,5.5,9.1,9.0,5.4,INFJ,Y tế & Sức khỏe,Kỹ thuật hình ảnh y học,4.6
STU2182,9.3,6.4,6.0,9.0,7.4,5.8,7.0,ISTJ,Xây dựng & Quy hoạch,Quản lý xây dựng,4.9
STU1978,7.9,6.8,5.2,6.9,7.5,9.4,6.6,ISFJ,Nông nghiệp & Môi trường,Thú y,4.7
STU1831,8.0,5.0,5.4,9.6,7.7,6.9,5.8,ISTJ,"Kỹ thuật, Cơ khí & Ô tô",Kỹ thuật cơ điện tử,4.1
STU2426,5.5,7.7,8.3,5.3,5.4,5.8,8.6,ENFP,Du lịch & Dịch vụ,Quản trị khách sạn,4.6
STU1921,8.4,5.1,6.4,7.0,7.7,7.8,5.4,ISFP,Nông nghiệp & Môi trường,Thú y,4.1
STU0367,9.7,6.5,6.3,5.7,9.8,9.0,5.5,INFJ,Y tế & Sức khỏe,Răng - Hàm - Mặt,4.5
STU2105,8.7,5.7,5.5,8.7,6.8,6.9,5.3,ESTJ,Xây dựng & Quy hoạch,Kinh tế xây dựng,3.9
STU0556,8.6,8.1,9.3,6.6,6.4,5.1,6.0,ENTJ,Kinh tế & Quản lý,Marketing,4.5
STU1106,5.6,8.8,8.1,6.9,5.8,6.2,7.9,ENTP,Truyền thông & Báo chí,Truyền thông đa phương tiện,4.8
STU2144,4.1,4.1,5.4,4.6,5.6,5.9,5.3,ESTP,Xây dựng & Quy hoạch,Kỹ thuật cấp thoát nước,2.7
STU2005,8.4,5.2,5.2,6.0,8.2,8.6,5.6,ISFJ,Nông nghiệp & Môi trường,Nuôi trồng thủy sản,4.0
STU0204,9.7,6.9,9.4,9.2,6.6,6.1,5.2,ISTP,Công nghệ Thông tin & Kỹ thuật Máy tính,Khoa học Máy tính,4.3
STU1958,8.1,5.9,6.2,6.8,8.5,8.9,6.5,ISTJ,Nông nghiệp & Môi trường,Công nghệ thực phẩm,4.1
STU0121,4.1,6.9,4.2,6.8,6.0,6.2,4.6,ESFP,Công nghệ Thông tin & Kỹ thuật Máy tính,Thiết kế vi mạch,2.0
STU0284,9.9,5.5,5.5,6.7,9.5,9.5,6.6,ISFJ,Y tế & Sức khỏe,Điều dưỡng,4.1
STU0576,9.1,8.8,9.2,6.2,6.6,5.2,5.7,ENTP,Kinh tế & Quản lý,Kinh tế quốc tế,4.7
STU1300,6.6,8.3,6.6,5.3,6.9,6.0,7.6,INFP,Nghệ thuật & Thiết kế,Thiết kế thời trang,4.9
STU1519,6.7,9.8,7.4,5.1,5.8,5.5,9.8,ISTJ,Luật & Xã hội,Quản lý nhà nước,4.8
STU0276,9.7,6.3,6.5,5.9,9.7,9.4,5.4,ISTJ,Y tế & Sức khỏe,Kỹ thuật phục hồi chức năng,4.7
STU2229,8.5,6.1,5.9,8.9,6.2,5.5,5.8,ISTP,Xây dựng & Quy hoạch,Địa kỹ thuật xây dựng,4.2
STU0840,6.8,8.1,10.0,6.9,5.4,6.2,8.4,INFP,Ngôn ngữ & Văn hóa,Tiếng Việt và văn hoá Việt Nam,3.8
STU0361,9.5,7.0,6.3,5.3,10.0,8.7,6.4,ISTJ,Y tế & Sức khỏe,Y học cổ truyền,4.8
STU0822,5.7,8.8,7.5,5.7,5.0,6.4,8.9,ISFJ,Sư phạm & Giáo dục,Giáo dục Tiểu học,4.6
STU1768,6.7,4.8,5.0,5.5,4.4,6.4,5.7,ENFJ,"Kỹ thuật, Cơ khí & Ô tô",Kỹ thuật điện tử - viễn thông,2.2
STU0892,5.2,8.1,9.6,6.5,6.7,5.5,8.7,INTP,Ngôn ngữ & Văn hóa,Ngôn ngữ Hàn Quốc,4.5
STU1540,4.1,5.1,5.5,4.6,6.9,4.9,4.9,ESTP,Luật & Xã hội,Chính trị học,1.8
STU2249,8.4,5.1,5.5,9.4,7.4,6.6,5.5,ESTJ,Xây dựng & Quy hoạch,Địa kỹ thuật xây dựng,4.9
STU0287,9.0,5.7,6.7,5.4,9.2,8.8,6.9,ISFP,Y tế & Sức khỏe,Điều dưỡng,4.3
STU1567,6.2,9.2,8.0,5.3,5.1,6.6,9.2,ISTJ,Luật & Xã hội,Luật,4.0
STU0706,6.0,8.8,8.9,6.2,6.8,5.7,8.6,INFJ,Sư phạm & Giáo dục,Tâm lý học giáo dục,4.6
STU1128,6.1,8.7,8.9,5.4,5.6,5.8,7.7,ENFP,Truyền thông & Báo chí,Báo chí,4.8
STU0424,9.9,7.9,8.1,6.0,5.5,5.7,6.7,ENTJ,Kinh tế & Quản lý,Thương mại điện tử,4.7
STU1804,8.8,6.8,6.6,8.7,7.4,5.1,5.1,ESTP,"Kỹ thuật, Cơ khí & Ô tô",Kỹ thuật điều khiển và tự động hóa,4.4
STU1261,6.8,8.9,5.9,5.1,6.6,5.6,7.7,INFJ,Nghệ thuật & Thiết kế,Thiết kế đồ họa,4.6
STU1584,5.6,9.4,8.3,6.8,6.6,5.2,9.0,INTJ,Luật & Xã hội,Quản lý nhà nước,3.9
STU1557,5.1,4.3,6.1,5.8,5.6,5.4,6.5,ISTP,Luật & Xã hội,Luật kinh tế,2.0
STU0066,9.1,5.3,9.9,8.7,7.7,5.2,6.8,INTP,Công nghệ Thông tin & Kỹ thuật Máy tính,Thiết kế vi mạch,4.2
STU1642,5.1,8.9,7.3,5.1,6.7,6.4,8.9,ISTJ,Luật & Xã hội,Luật,4.7
STU2390,6.6,7.2,8.1,6.8,5.3,6.9,8.8,ESTP,Du lịch & Dịch vụ,Quản trị nhà hàng và dịch vụ ăn uống,4.5
STU0860,5.4,9.2,9.9,6.7,6.3,6.2,7.7,INTP,Ngôn ngữ & Văn hóa,Quốc tế học,4.0
STU0720,5.9,9.6,8.0,5.4,6.9,6.3,9.5,ISFJ,Sư phạm & Giáo dục,Giáo dục Tiểu học,4.3
STU0231,9.7,6.2,5.3,6.7,9.2,9.4,5.2,ISFJ,Y tế & Sức khỏe,Răng - Hàm - Mặt,4.6
STU2070,7.9,6.5,6.6,6.4,8.6,9.3,6.7,INFP,Nông nghiệp & Môi trường,Lâm nghiệp đô thị,3.9
STU1190,6.6,9.6,9.0,5.7,6.8,6.6,8.1,ESFP,Truyền thông & Báo chí,Báo chí,3.9
STU2277,9.2,6.4,6.0,8.4,6.6,6.8,6.1,ESTJ,Xây dựng & Quy hoạch,Quản lý xây dựng,4.2
STU0884,5.7,9.2,9.6,5.6,6.3,6.9,7.5,INTP,Ngôn ngữ & Văn hóa,Văn học,4.5
STU1318,6.1,8.5,6.4,6.9,5.0,6.7,6.5,ISFP,Nghệ thuật & Thiết kế,Thanh nhạc,4.7
STU1511,5.3,9.5,7.5,5.5,5.8,5.3,9.9,INTJ,Luật & Xã hội,Quản lý nhà nước,4.2
STU2020,8.2,5.8,6.7,5.0,8.2,8.3,5.8,ISFP,Nông nghiệp & Môi trường,Nuôi trồng thủy sản,4.8
STU1072,6.2,9.1,9.3,6.4,5.3,6.9,8.6,ENFP,Truyền thông & Báo chí,Thông tin - thư viện,4.4
STU0375,8.6,6.1,5.9,6.2,9.4,8.9,5.5,ISFJ,Y tế & Sức khỏe,Dược học,4.6
STU0756,5.4,9.5,7.4,6.0,5.0,6.2,8.3,ENFJ,Sư phạm & Giáo dục,Giáo dục Mầm non,4.9
STU1524,6.0,9.5,7.9,5.0,5.6,6.3,9.8,INFJ,Luật & Xã hội,Quản lý nhà nước,4.7
STU1238,5.2,9.1,8.7,5.3,6.4,5.4,7.0,ENTP,Truyền thông & Báo chí,Truyền thông đại chúng,4.3
STU0298,8.9,6.8,5.9,5.5,9.1,8.9,6.7,INFJ,Y tế & Sức khỏe,Y đa khoa,4.5
STU0599,8.6,8.6,8.1,6.9,6.8,5.5,5.3,ENTP,Kinh tế & Quản lý,Kinh tế,4.6
STU2127,8.9,5.1,6.0,8.7,7.3,7.0,6.8,ESTJ,Xây dựng & Quy hoạch,Kỹ thuật cấp thoát nước,4.2
STU0100,9.0,6.5,8.6,8.6,7.8,6.1,5.6,INTJ,Công nghệ Thông tin & Kỹ thuật Máy tính,Khoa học dữ liệu,4.4
STU0820,6.5,9.1,8.4,6.9,5.1,6.7,8.3,ISFJ,Sư phạm & Giáo dục,Sư phạm Ngữ văn,4.9
STU1725,8.3,5.4,5.8,9.5,7.7,6.2,7.0,ISTP,"Kỹ thuật, Cơ khí & Ô tô",Robot và Trí tuệ nhân tạo,4.7
STU1630,6.3,4.3,5.7,4.6,4.1,6.0,6.7,ENTP,Luật & Xã hội,Luật quốc tế,1.5
STU0530,9.7,7.0,8.8,6.3,6.4,5.9,5.7,ESTP,Kinh tế & Quản lý,Kiểm toán,4.0
STU1235,6.6,9.7,8.7,5.2,5.1,5.2,7.8,ENFP,Truyền thông & Báo chí,Công nghệ truyền thông,4.6
STU1006,6.5,8.1,9.6,5.2,5.4,6.9,8.3,INTP,Ngôn ngữ & Văn hóa,Ngôn ngữ Trung Quốc,4.2
STU1726,8.1,5.8,5.3,8.6,8.2,5.5,5.8,ISTJ,"Kỹ thuật, Cơ khí & Ô tô",Kỹ thuật điều khiển và tự động hóa,4.5
STU0637,7.0,8.7,9.0,5.4,6.3,6.7,9.3,ISFJ,Sư phạm & Giáo dục,Sư phạm Tiếng Anh,5.0
STU2193,9.2,5.6,6.0,9.1,6.4,6.2,5.4,ESTJ,Xây dựng & Quy hoạch,Công nghệ kỹ thuật công trình xây dựng,4.9
STU0186,5.7,4.0,4.6,5.7,4.9,5.9,5.4,INFJ,Công nghệ Thông tin & Kỹ thuật Máy tính,Kỹ thuật phần mềm,1.9
STU1386,6.2,8.1,6.6,5.6,5.5,5.3,7.9,ISFP,Nghệ thuật & Thiết kế,Thiết kế thời trang,4.7
STU1062,5.1,4.1,5.9,5.6,6.9,6.8,5.7,ESTJ,Truyền thông & Báo chí,Báo chí,3.2
STU1369,6.5,8.6,6.9,5.3,5.7,6.3,7.2,INFJ,Nghệ thuật & Thiết kế,Hội họa,4.9
STU2010,8.3,6.7,5.3,6.0,8.0,9.4,6.4,INFP,Nông nghiệp & Môi trường,Lâm nghiệp đô thị,4.9
STU2119,8.4,6.4,5.9,9.4,6.2,6.4,6.9,ESTJ,Xây dựng & Quy hoạch,Kỹ thuật cấp thoát nước,4.7
STU0512,8.7,7.9,8.4,5.5,5.2,6.7,5.3,ENTJ,Kinh tế & Quản lý,Tài chính - Ngân hàng,4.8
STU1663,6.6,9.8,7.1,5.4,5.1,6.6,9.0,INFJ,Luật & Xã hội,Luật kinh tế,4.9
STU2116,9.4,5.5,5.9,9.1,6.7,5.4,5.4,ISTJ,Xây dựng & Quy hoạch,Địa kỹ thuật xây dựng,4.0
STU1392,5.7,7.6,6.5,6.0,7.0,6.5,6.7,INFJ,Nghệ thuật & Thiết kế,Đạo diễn Điện ảnh - Truyền hình,4.4
STU2079,6.2,6.0,4.3,4.9,5.7,5.7,4.6,ESTJ,Nông nghiệp & Môi trường,Nông nghiệp,1.6
STU0608,9.6,7.3,8.3,5.5,6.8,6.6,6.6,ESTJ,Kinh tế & Quản lý,Tài chính - Ngân hàng,4.9
STU0974,4.1,6.6,6.4,5.3,6.4,6.3,5.2,ENTP,Ngôn ngữ & Văn hóa,Ngôn ngữ Trung Quốc,3.5
STU0152,9.6,5.2,10.0,9.1,6.6,5.6,5.8,INTJ,Công nghệ Thông tin & Kỹ thuật Máy tính,Khoa học Máy tính,3.8
STU1554,4.7,5.7,6.3,5.1,6.7,5.1,5.8,ESTJ,Luật & Xã hội,Chính trị học,2.4
STU2099,8.4,5.3,6.5,8.4,7.5,5.2,5.3,ISTP,Xây dựng & Quy hoạch,Quản lý xây dựng,4.1
STU1345,5.9,7.9,5.9,6.6,6.4,5.0,7.2,ISFP,Nghệ thuật & Thiết kế,Kiến trúc,4.9
STU0870,5.1,5.5,7.0,5.3,6.1,4.4,5.0,ENFP,Ngôn ngữ & Văn hóa,Ngôn ngữ Anh,3.0
STU2272,9.2,7.0,5.5,8.2,7.7,6.1,6.3,ESTJ,Xây dựng & Quy hoạch,Kỹ thuật cấp thoát nước,4.7
STU0024,8.8,5.7,8.2,9.9,6.3,5.7,5.1,ISTJ,Công nghệ Thông tin & Kỹ thuật Máy tính,Khoa học dữ liệu,3.9
STU0159,9.2,5.4,9.8,8.6,6.2,6.4,5.3,INTJ,Công nghệ Thông tin & Kỹ thuật Máy tính,Công nghệ thông tin,4.5
STU0332,6.6,6.7,5.3,6.3,5.8,6.5,6.2,ENFP,Y tế & Sức khỏe,Điều dưỡng,3.0
STU0977,6.2,8.5,9.3,6.1,6.5,5.2,8.6,INTP,Ngôn ngữ & Văn hóa,Quốc tế học,4.7
STU2384,7.0,8.2,8.1,5.4,5.6,6.8,8.9,ESFP,Du lịch & Dịch vụ,Du lịch,4.1
STU1714,9.2,6.7,5.3,9.9,8.3,5.4,6.3,ESTP,"Kỹ thuật, Cơ khí & Ô tô",Kỹ thuật điện,4.9
STU2146,6.4,4.8,6.2,4.2,5.5,5.6,6.2,ESTJ,Xây dựng & Quy hoạch,Địa kỹ thuật xây dựng,1.8
STU2446,6.9,7.4,8.9,6.0,6.9,5.5,8.6,ESFP,Du lịch & Dịch vụ,Quản lý thể dục thể thao,4.6
STU0643,4.3,4.7,5.0,4.7,6.2,6.8,4.8,ENTP,Sư phạm & Giáo dục,Sư phạm Toán học,1.8
STU1961,7.9,6.4,6.5,6.9,7.5,9.3,7.0,ISFJ,Nông nghiệp & Môi trường,Công nghệ sau thu hoạch,4.6
STU0312,9.6,5.4,6.1,5.5,9.6,9.4,6.5,ISTJ,Y tế & Sức khỏe,Răng - Hàm - Mặt,4.7
STU0352,8.6,5.7,5.9,5.3,9.1,9.6,5.2,ISFJ,Y tế & Sức khỏe,Dược học,3.9
STU0549,9.0,8.5,9.3,5.0,5.3,6.0,5.2,ESTP,Kinh tế & Quản lý,Quản trị kinh doanh,4.1
STU1984,5.2,6.7,4.0,5.0,5.8,4.5,5.4,INFP,Nông nghiệp & Môi trường,Công nghệ sinh học,3.4
STU1124,6.5,9.4,8.8,6.5,6.5,5.3,7.1,ENTP,Truyền thông & Báo chí,Thông tin - thư viện,3.9
STU0307,9.7,5.6,6.7,6.8,9.3,9.2,5.3,ISFP,Y tế & Sức khỏe,Quản lý bệnh viện,4.2
STU0288,9.3,5.9,6.1,7.0,9.8,8.8,6.4,INFJ,Y tế & Sức khỏe,Y học cổ truyền,4.2
STU0695,5.5,9.0,7.1,6.9,5.0,6.7,9.9,ISFJ,Sư phạm & Giáo dục,Sư phạm Tiếng Anh,3.8
STU1361,6.2,8.2,5.5,5.8,5.1,5.3,6.6,ISFP,Nghệ thuật & Thiết kế,Thiết kế đồ họa,3.9
STU0631,6.5,10.0,7.0,6.5,6.2,5.4,9.2,ESFJ,Sư phạm & Giáo dục,Sư phạm Ngữ văn,3.8
STU1808,4.3,4.4,4.4,4.6,6.4,4.2,5.9,INTJ,"Kỹ thuật, Cơ khí & Ô tô",Kỹ thuật điều khiển và tự động hóa,3.1
STU1855,4.2,6.3,6.2,4.8,6.5,6.9,6.7,INTP,"Kỹ thuật, Cơ khí & Ô tô",Kỹ thuật điều khiển và tự động hóa,2.3
STU1387,6.4,8.3,6.6,5.5,6.7,6.2,6.7,INFP,Nghệ thuật & Thiết kế,Đạo diễn Điện ảnh - Truyền hình,5.0
STU1135,5.8,9.2,9.2,5.3,6.7,5.3,7.0,ESFP,Truyền thông & Báo chí,Công nghệ truyền thông,4.4
STU1962,7.0,6.0,5.0,6.1,8.4,8.4,6.3,INFP,Nông nghiệp & Môi trường,Khoa học môi trường,4.0
STU1875,7.4,5.6,5.9,5.4,7.8,7.6,6.9,ISTJ,Nông nghiệp & Môi trường,Công nghệ thực phẩm,4.3
STU2293,5.8,8.1,8.1,5.1,5.3,5.1,7.7,ENFP,Du lịch & Dịch vụ,Du lịch,4.4
STU1024,5.5,8.8,9.3,5.2,5.5,5.1,7.8,INTP,Ngôn ngữ & Văn hóa,Quốc tế học,4.0
STU0835,6.5,9.0,9.3,6.4,6.9,7.0,7.6,ISFP,Ngôn ngữ & Văn hóa,Tiếng Việt và văn hoá Việt Nam,4.9
STU1305,5.4,8.1,6.6,6.4,5.5,6.3,6.6,ISFP,Nghệ thuật & Thiết kế,Kiến trúc,3.9
STU2141,8.1,5.4,5.9,8.1,7.7,5.9,5.9,ESTJ,Xây dựng & Quy hoạch,Công nghệ kỹ thuật công trình xây dựng,4.6
STU0014,9.9,6.6,7.9,9.7,7.2,6.1,5.0,INTJ,Công nghệ Thông tin & Kỹ thuật Máy tính,Kỹ thuật phần mềm,4.8
STU0928,6.3,8.1,9.3,6.0,5.5,6.1,7.2,INFP,Ngôn ngữ & Văn hóa,Văn học,4.0
STU1404,5.1,4.7,4.3,6.4,4.5,4.8,5.3,ESTP,Nghệ thuật & Thiết kế,Thiết kế đồ họa,3.3
STU0515,5.5,5.4,5.0,5.1,6.1,6.1,5.5,ENTP,Kinh tế & Quản lý,Hệ thống thông tin quản lý,3.3
STU0410,8.7,5.0,5.5,6.2,8.9,9.1,6.4,ISFP,Y tế & Sức khỏe,Răng - Hàm - Mặt,4.2
STU0857,5.8,8.2,9.9,6.0,5.5,7.0,8.1,ISFP,Ngôn ngữ & Văn hóa,Tiếng Việt và văn hoá Việt Nam,4.6
STU0314,9.0,6.5,6.2,6.1,9.2,9.9,6.9,ISFP,Y tế & Sức khỏe,Kỹ thuật phục hồi chức năng,4.7
STU1866,5.1,5.1,4.3,5.0,5.5,6.4,6.8,ISFP,"Kỹ thuật, Cơ khí & Ô tô",Kỹ thuật cơ khí,2.0
STU1412,6.6,7.9,5.6,6.6,6.2,6.5,7.0,ISFP,Nghệ thuật & Thiết kế,Hội họa,4.5
STU2237,8.3,6.7,6.5,8.8,6.2,5.5,6.1,ISTP,Xây dựng & Quy hoạch,Quản lý xây dựng,4.5
STU1081,5.0,8.8,8.7,6.2,6.9,6.0,8.6,ENFP,Truyền thông & Báo chí,Quan hệ công chúng,4.1
STU0882,5.8,8.8,9.6,5.3,6.3,6.4,7.7,INFP,Ngôn ngữ & Văn hóa,Đông phương học,4.8
STU0383,8.9,5.7,5.2,5.3,9.4,8.7,6.1,ISTJ,Y tế & Sức khỏe,Điều dưỡng,4.7
STU1400,5.2,7.7,5.7,6.8,5.9,5.2,8.1,INFP,Nghệ thuật & Thiết kế,Thiết kế thời trang,3.9
STU1620,4.6,5.3,6.4,4.7,6.7,4.2,4.4,ESFP,Luật & Xã hội,Luật quốc tế,1.6
STU0728,6.9,9.1,8.3,5.9,6.2,5.0,9.1,ISFJ,Sư phạm & Giáo dục,Tâm lý học giáo dục,4.7
STU0846,6.2,8.5,9.4,6.3,6.5,6.1,8.1,ISFP,Ngôn ngữ & Văn hóa,Ngôn ngữ Trung Quốc,4.2
STU2480,6.7,8.1,9.4,5.2,6.6,5.8,8.8,ESTP,Du lịch & Dịch vụ,Quản trị khách sạn,4.0
STU1042,4.1,6.8,6.0,4.8,6.9,4.6,5.4,ESTP,Truyền thông & Báo chí,Lưu trữ học,2.8
STU0264,8.7,7.0,5.9,6.6,9.3,8.6,6.5,ISFP,Y tế & Sức khỏe,Y đa khoa,4.5
STU1405,4.3,5.8,6.2,4.7,5.4,4.5,6.3,ENFP,Nghệ thuật & Thiết kế,Đạo diễn Điện ảnh - Truyền hình,1.5
STU2156,8.8,6.0,5.8,8.9,6.2,6.6,6.5,ISTP,Xây dựng & Quy hoạch,Kinh tế xây dựng,4.8
STU2483,6.7,7.6,9.2,6.0,5.4,7.0,7.9,ESTP,Du lịch & Dịch vụ,Quản lý thể dục thể thao,4.1
STU0416,9.9,5.4,6.8,5.4,9.0,8.7,6.7,ISFP,Y tế & Sức khỏe,Răng - Hàm - Mặt,4.7
STU0930,4.8,5.6,4.8,6.4,6.8,6.1,4.6,INFJ,Ngôn ngữ & Văn hóa,Đông phương học,2.7
STU0359,9.8,6.4,6.8,7.0,8.6,9.9,6.0,INFJ,Y tế & Sức khỏe,Y học dự phòng,4.9
STU1178,6.9,9.6,8.9,6.4,6.7,5.9,7.7,ESFP,Truyền thông & Báo chí,Truyền thông đại chúng,4.1
STU0009,8.7,6.5,10.0,8.7,8.0,5.0,5.6,INTJ,Công nghệ Thông tin & Kỹ thuật Máy tính,Công nghệ thông tin,4.5
STU1656,6.7,9.9,8.5,6.8,7.0,6.5,8.8,INFJ,Luật & Xã hội,Chính trị học,4.8
STU0317,9.7,6.2,6.8,6.2,9.9,9.0,6.2,ISFJ,Y tế & Sức khỏe,Kỹ thuật hình ảnh y học,4.8
STU0305,8.7,6.9,7.0,6.3,8.8,10.0,6.4,ISFJ,Y tế & Sức khỏe,Kỹ thuật hình ảnh y học,3.9
STU0428,8.5,8.2,9.4,5.1,6.3,5.8,6.0,ESTP,Kinh tế & Quản lý,Kinh tế quốc tế,4.8
STU0106,9.1,6.1,8.9,8.8,6.3,7.0,6.4,ENTP,Công nghệ Thông tin & Kỹ thuật Máy tính,Công nghệ thông tin,4.2
STU1489,7.0,8.7,8.4,6.3,5.3,5.3,8.8,INFJ,Luật & Xã hội,Luật,4.5
STU0122,8.6,5.3,9.3,8.8,6.3,6.3,6.1,INTP,Công nghệ Thông tin & Kỹ thuật Máy tính,Mạng máy tính và truyền thông dữ liệu,4.9
STU1499,5.5,8.8,7.2,6.1,5.3,6.2,9.8,ISTJ,Luật & Xã hội,Luật kinh tế,4.5
STU2087,9.3,6.3,6.2,9.3,7.4,6.4,7.0,ISTJ,Xây dựng & Quy hoạch,Quản lý xây dựng,3.9
STU1899,7.2,6.7,7.0,5.6,8.9,7.7,5.5,INFP,Nông nghiệp & Môi trường,Khoa học cây trồng,4.5
STU1495,6.6,8.6,7.5,6.1,6.1,5.7,8.9,INFJ,Luật & Xã hội,Luật kinh tế,4.3
STU1771,8.6,6.0,6.5,8.6,7.9,6.9,5.5,ISTP,"Kỹ thuật, Cơ khí & Ô tô",Kỹ thuật cơ khí,4.1
STU1777,9.0,6.5,5.8,9.1,8.0,6.3,6.2,ESTP,"Kỹ thuật, Cơ khí & Ô tô",Kỹ thuật điện,4.3
STU0116,9.1,5.6,9.9,9.3,7.5,6.4,5.6,INTJ,Công nghệ Thông tin & Kỹ thuật Máy tính,An toàn thông tin,5.0
STU0941,5.3,9.1,9.7,6.7,6.1,5.6,7.3,INFP,Ngôn ngữ & Văn hóa,Ngôn ngữ Hàn Quốc,3.9
STU0745,5.1,8.9,7.7,5.8,6.3,6.7,8.7,INFJ,Sư phạm & Giáo dục,Sư phạm Ngữ văn,4.0
STU1968,8.1,6.2,7.0,6.1,8.4,8.4,5.9,ISFJ,Nông nghiệp & Môi trường,Nuôi trồng thủy sản,4.8
STU2330,6.5,7.0,8.0,6.9,6.0,6.7,7.9,ENFP,Du lịch & Dịch vụ,Du lịch,4.7
STU1358,6.3,7.6,6.2,6.5,6.9,5.3,7.2,ISFP,Nghệ thuật & Thiết kế,Thiết kế nội thất,4.9
STU1581,5.0,9.5,8.3,6.2,6.3,6.5,9.9,INFJ,Luật & Xã hội,Luật kinh tế,3.9
STU0673,6.7,9.7,8.4,5.1,6.7,6.3,9.1,ENFJ,Sư phạm & Giáo dục,Tâm lý học giáo dục,4.8
STU2303,5.3,7.3,8.1,7.0,5.9,5.0,8.4,ESTP,Du lịch & Dịch vụ,Quản lý thể dục thể thao,4.4
STU2460,6.2,8.4,9.1,6.5,5.9,5.7,8.8,ESTP,Du lịch & Dịch vụ,Quản trị dịch vụ du lịch và lữ hành,4.1
STU2094,6.3,5.2,6.3,5.6,5.3,6.3,4.9,INTJ,Xây dựng & Quy hoạch,Kinh tế xây dựng,2.7
STU0310,9.5,6.4,5.5,5.7,9.9,9.7,6.9,INFJ,Y tế & Sức khỏe,Kỹ thuật phục hồi chức năng,4.6
STU0592,9.3,8.5,9.4,5.4,6.9,5.7,5.6,ENTJ,Kinh tế & Quản lý,Tài chính - Ngân hàng,4.1
STU0463,8.2,8.5,9.8,5.4,5.6,5.9,5.9,ENTJ,Kinh tế & Quản lý,Quản trị kinh doanh,4.6
STU1460,6.6,8.9,8.3,5.8,6.5,5.0,9.0,INFJ,Luật & Xã hội,Công tác xã hội,4.3
STU1287,6.2,7.6,5.9,6.3,5.3,6.2,7.4,INFP,Nghệ thuật & Thiết kế,Thiết kế công nghiệp,4.9
STU1214,5.2,9.7,9.0,5.2,6.9,5.6,8.5,ESFP,Truyền thông & Báo chí,Báo chí,4.0
STU1719,9.0,6.0,5.1,8.5,7.2,5.9,6.9,INTJ,"Kỹ thuật, Cơ khí & Ô tô",Robot và Trí tuệ nhân tạo,4.9
STU0553,9.7,8.4,8.6,5.8,6.7,6.9,5.1,ENTJ,Kinh tế & Quản lý,Tài chính - Ngân hàng,4.8
STU0088,8.6,6.6,8.8,9.3,6.0,6.5,6.4,ENTP,Công nghệ Thông tin & Kỹ thuật Máy tính,Khoa học Máy tính,4.2
STU0691,5.2,9.4,8.5,5.7,5.7,6.8,8.5,ENFJ,Sư phạm & Giáo dục,Sư phạm Tiếng Anh,3.9
STU2067,7.6,6.1,6.2,5.1,7.0,7.6,5.2,ISFJ,Nông nghiệp & Môi trường,Công nghệ sinh học,4.9
STU2409,5.4,7.7,8.5,5.7,6.5,5.1,8.7,ESTP,Du lịch & Dịch vụ,Quản trị dịch vụ du lịch và lữ hành,4.6
STU1612,5.9,8.7,8.4,5.3,5.0,6.6,8.9,ISTJ,Luật & Xã hội,Xã hội học,3.8
STU1160,5.2,9.2,8.3,6.1,5.6,6.2,7.3,ENFP,Truyền thông & Báo chí,Báo chí,4.7
STU2059,5.4,6.0,5.3,4.1,4.6,4.4,6.5,INTP,Nông nghiệp & Môi trường,Nuôi trồng thủy sản,2.1
STU1947,7.8,5.2,6.4,5.9,7.1,8.1,6.8,ISTJ,Nông nghiệp & Môi trường,Nông nghiệp,5.0
STU1059,6.5,9.0,9.2,5.4,6.0,5.9,7.6,ENFP,Truyền thông & Báo chí,Công nghệ truyền thông,4.0
STU0544,8.0,8.5,9.7,6.0,5.7,6.4,5.4,ESTJ,Kinh tế & Quản lý,Marketing,4.3
STU1756,8.1,5.0,5.7,9.3,7.3,6.9,5.8,ISTJ,"Kỹ thuật, Cơ khí & Ô tô",Kỹ thuật cơ điện tử,3.9
STU2213,6.1,6.4,5.3,6.5,5.9,4.2,5.0,ESTP,Xây dựng & Quy hoạch,Quản lý xây dựng,1.8
STU0495,9.3,8.8,8.8,6.4,6.3,5.0,6.0,ENTJ,Kinh tế & Quản lý,Tài chính - Ngân hàng,4.2
STU0366,8.9,5.6,6.5,5.1,9.4,8.9,5.2,ISFP,Y tế & Sức khỏe,Dược học,4.5
STU2255,5.8,4.3,6.9,4.7,5.4,5.9,4.5,INFP,Xây dựng & Quy hoạch,Kỹ thuật cấp thoát nước,2.5
STU1547,5.7,9.1,7.5,5.6,5.2,6.3,9.2,INTJ,Luật & Xã hội,Luật quốc tế,4.7
STU0274,5.1,4.6,6.4,5.2,4.3,5.3,5.8,ISTJ,Y tế & Sức khỏe,Răng - Hàm - Mặt,2.1
STU0072,9.8,5.8,9.4,9.3,7.8,5.9,6.6,INTJ,Công nghệ Thông tin & Kỹ thuật Máy tính,Thiết kế vi mạch,4.5
STU1861,8.3,6.5,5.9,9.0,7.9,6.9,5.4,ESTP,"Kỹ thuật, Cơ khí & Ô tô",Công nghệ kỹ thuật ô tô,4.7
STU2467,5.2,8.3,8.1,6.4,6.3,5.2,8.1,ESTP,Du lịch & Dịch vụ,Quản trị nhà hàng và dịch vụ ăn uống,4.2
STU0064,9.0,5.2,7.5,9.6,7.3,6.3,5.8,ENTP,Công nghệ Thông tin & Kỹ thuật Máy tính,Mạng máy tính và truyền thông dữ liệu,4.8
STU2442,7.0,7.7,8.6,5.0,6.3,6.2,8.8,ESTP,Du lịch & Dịch vụ,Quản trị khách sạn,4.4
STU2323,5.0,6.0,6.7,6.1,5.8,6.2,7.0,ISTP,Du lịch & Dịch vụ,Quản trị dịch vụ du lịch và lữ hành,3.1
STU0344,9.8,6.4,5.7,6.4,9.9,9.2,5.4,ISFP,Y tế & Sức khỏe,Quản lý bệnh viện,4.2
STU2233,9.5,6.6,5.9,9.4,7.3,6.2,6.5,ISTP,Xây dựng & Quy hoạch,Địa kỹ thuật xây dựng,4.3
STU1378,6.7,7.7,5.0,5.3,5.9,6.5,7.3,INFP,Nghệ thuật & Thiết kế,Đạo diễn Điện ảnh - Truyền hình,4.6
STU0501,8.6,7.7,8.8,6.8,5.4,5.6,5.8,ESTP,Kinh tế & Quản lý,Kinh tế quốc tế,4.6
STU2175,8.9,7.0,6.0,9.2,6.5,7.0,5.4,ISTJ,Xây dựng & Quy hoạch,Địa kỹ thuật xây dựng,4.3
STU0678,5.0,9.2,7.6,6.8,6.2,5.1,9.4,ESFJ,Sư phạm & Giáo dục,Sư phạm Ngữ văn,4.5
STU1026,6.7,9.0,9.4,5.7,5.8,6.2,7.1,INFP,Ngôn ngữ & Văn hóa,Ngôn ngữ Anh,4.9
STU1969,8.5,5.3,6.0,6.3,7.4,8.1,6.7,ISFJ,Nông nghiệp & Môi trường,Thú y,4.8
STU1525,7.0,10.0,7.8,5.5,5.3,6.7,9.0,ISTJ,Luật & Xã hội,Luật,4.0
STU0273,9.1,5.9,6.9,6.0,8.9,9.6,6.6,ISFJ,Y tế & Sức khỏe,Y học cổ truyền,4.8
STU1869,9.1,6.6,5.2,9.8,7.4,5.1,6.3,ISTJ,"Kỹ thuật, Cơ khí & Ô tô",Kỹ thuật cơ điện tử,4.3
STU0206,6.0,4.9,4.3,5.2,5.6,5.5,4.2,ESTP,Công nghệ Thông tin & Kỹ thuật Máy tính,Thiết kế vi mạch,1.6
STU0734,5.8,9.0,7.9,7.0,5.6,5.4,8.1,ISFJ,Sư phạm & Giáo dục,Tâm lý học giáo dục,3.8
STU0153,9.0,5.6,9.3,9.9,7.2,5.8,6.0,INTJ,Công nghệ Thông tin & Kỹ thuật Máy tính,Thiết kế vi mạch,4.3
STU1224,6.9,9.7,8.7,6.3,6.8,6.5,7.6,ESFP,Truyền thông & Báo chí,Báo chí,4.6
STU0558,9.9,8.2,9.5,6.3,6.0,6.6,5.7,ESTJ,Kinh tế & Quản lý,Kiểm toán,4.9
STU0378,8.9,6.7,6.5,5.6,9.1,8.7,6.9,INFJ,Y tế & Sức khỏe,Quản lý bệnh viện,4.8
STU0536,9.4,8.8,9.6,5.1,5.4,5.6,6.2,ENTJ,Kinh tế & Quản lý,Kinh doanh quốc tế,3.9
STU1901,7.2,5.7,6.8,6.8,7.8,8.3,6.4,ISTJ,Nông nghiệp & Môi trường,Nông nghiệp,4.8
STU1117,5.7,9.5,9.3,6.6,6.6,6.3,8.9,ESFP,Truyền thông & Báo chí,Quan hệ công chúng,4.7
STU0842,5.2,9.4,9.9,5.3,5.2,5.4,8.9,INTP,Ngôn ngữ & Văn hóa,Tiếng Việt và văn hoá Việt Nam,4.9
STU0199,6.4,5.0,4.5,6.4,6.6,4.2,4.4,INFP,Công nghệ Thông tin & Kỹ thuật Máy tính,An toàn thông tin,2.6
STU0562,8.6,7.1,9.9,7.0,6.4,6.0,6.7,ESTP,Kinh tế & Quản lý,Kinh tế,4.5
STU0686,6.9,9.3,8.0,6.4,5.1,6.7,8.5,ENFJ,Sư phạm & Giáo dục,Sư phạm Toán học,4.1
STU1212,7.0,9.0,8.5,6.2,5.5,6.8,7.6,ENFP,Truyền thông & Báo chí,Thông tin - thư viện,4.1
STU0591,9.8,7.0,8.4,5.5,5.6,5.7,5.8,ENTP,Kinh tế & Quản lý,Kế toán,4.4
STU0520,6.6,4.7,6.2,4.6,4.7,5.8,5.7,ISTP,Kinh tế & Quản lý,Kinh tế,3.0
STU0309,8.7,5.2,6.0,5.1,8.8,8.5,6.7,INFJ,Y tế & Sức khỏe,Y học dự phòng,4.2
STU0605,8.3,7.0,9.8,6.6,5.2,5.6,6.0,ESTP,Kinh tế & Quản lý,Kinh doanh quốc tế,3.9
STU2151,9.1,5.7,5.0,9.0,6.8,6.9,5.3,ISTJ,Xây dựng & Quy hoạch,Quản lý xây dựng,3.9
STU1514,6.1,9.1,8.1,5.7,6.1,6.7,8.6,INTJ,Luật & Xã hội,Luật quốc tế,4.0
STU0060,8.6,5.5,10.0,9.9,6.7,6.8,6.4,INTP,Công nghệ Thông tin & Kỹ thuật Máy tính,Công nghệ thông tin,4.0
STU0584,8.8,7.0,9.8,5.2,6.0,5.2,6.0,ESTJ,Kinh tế & Quản lý,Kinh tế quốc tế,3.8
STU2326,6.4,7.5,8.2,5.0,6.1,6.3,8.8,ESFP,Du lịch & Dịch vụ,Quản lý thể dục thể thao,4.2
STU0208,8.6,5.8,9.2,9.5,6.2,5.5,6.7,ENTP,Công nghệ Thông tin & Kỹ thuật Máy tính,Công nghệ thông tin,4.3
STU2011,7.0,5.8,5.2,6.8,8.5,9.0,5.2,INFP,Nông nghiệp & Môi trường,Công nghệ thực phẩm,4.9
STU1454,5.6,8.2,5.1,5.1,6.3,5.1,7.3,ISFP,Nghệ thuật & Thiết kế,Thiết kế nội thất,4.3
STU0786,5.9,5.0,5.4,4.9,5.9,4.8,5.6,ENTJ,Sư phạm & Giáo dục,Tâm lý học giáo dục,3.1
STU2139,8.8,5.8,7.0,9.5,7.7,6.0,6.3,ISTJ,Xây dựng & Quy hoạch,Công nghệ kỹ thuật công trình xây dựng,4.8
STU2424,6.3,7.0,8.6,6.1,6.7,5.4,7.7,ESFJ,Du lịch & Dịch vụ,Quản trị khách sạn,4.0
STU0793,5.7,9.7,8.2,5.3,6.5,5.6,9.7,ISFJ,Sư phạm & Giáo dục,Sư phạm Tin học,4.1
STU0832,5.5,9.0,8.4,6.9,5.6,5.7,9.7,ESFJ,Sư phạm & Giáo dục,Sư phạm Tin học,4.8
STU0163,9.4,6.1,9.3,9.6,6.7,6.2,5.7,ISTP,Công nghệ Thông tin & Kỹ thuật Máy tính,Khoa học Máy tính,4.1
STU1608,5.2,9.9,7.4,5.3,5.3,5.6,9.0,ISTJ,Luật & Xã hội,Luật kinh tế,4.3
STU0527,8.7,8.6,9.7,6.2,6.5,5.6,6.8,ESTP,Kinh tế & Quản lý,Kinh doanh quốc tế,4.4
STU2363,6.0,7.5,9.4,6.8,6.6,6.5,7.5,ESFP,Du lịch & Dịch vụ,Du lịch,4.3
STU0257,9.7,6.9,5.8,6.6,9.8,8.9,5.4,ISTJ,Y tế & Sức khỏe,Y học dự phòng,4.5
STU0507,8.3,7.7,8.6,6.9,6.5,5.6,6.8,ESTJ,Kinh tế & Quản lý,Quản trị kinh doanh,4.8
STU1951,7.1,5.9,7.0,6.8,7.8,7.6,5.2,INFP,Nông nghiệp & Môi trường,Khoa học môi trường,4.2
STU2117,8.1,5.1,5.8,8.3,7.3,6.8,6.1,ISTJ,Xây dựng & Quy hoạch,Kỹ thuật cấp thoát nước,4.5
STU2225,8.8,6.5,5.6,8.8,7.4,5.2,5.7,ESTJ,Xây dựng & Quy hoạch,Kỹ thuật xây dựng,4.2
STU2331,6.8,4.4,6.6,5.4,5.9,5.5,5.1,INTP,Du lịch & Dịch vụ,Quản trị dịch vụ du lịch và lữ hành,1.7
STU0858,6.5,8.7,9.1,5.5,5.3,6.5,8.4,ISFP,Ngôn ngữ & Văn hóa,Ngôn ngữ Hàn Quốc,4.1
STU1890,7.2,5.4,5.2,5.2,8.9,8.1,5.2,ISFJ,Nông nghiệp & Môi trường,Công nghệ thực phẩm,4.1
STU0021,5.7,4.4,4.4,4.9,6.7,6.4,6.6,ENTP,Công nghệ Thông tin & Kỹ thuật Máy tính,Kỹ thuật phần mềm,3.0
STU1603,6.1,9.2,7.9,5.1,5.7,6.3,9.1,ISTJ,Luật & Xã hội,Tâm lý học,4.3
STU0440,6.4,4.8,4.2,6.3,5.5,6.2,6.8,ESFJ,Kinh tế & Quản lý,Marketing,2.1
STU1086,6.1,8.5,8.2,6.7,5.3,5.4,8.2,ENFP,Truyền thông & Báo chí,Công nghệ truyền thông,4.8
STU0382,9.0,6.2,5.1,5.4,10.0,9.4,6.5,ISTJ,Y tế & Sức khỏe,Răng - Hàm - Mặt,3.9
STU1579,5.5,9.9,7.7,5.2,5.5,5.5,9.1,ENTJ,Luật & Xã hội,Tâm lý học,4.5
STU1260,5.2,8.3,5.2,5.9,6.0,5.5,8.1,INFJ,Nghệ thuật & Thiết kế,Thiết kế nội thất,3.9
STU0539,9.5,7.6,8.7,6.3,5.5,6.5,7.0,ESTP,Kinh tế & Quản lý,Kinh tế,4.0
STU1628,6.3,6.6,4.6,7.0,4.6,6.5,6.0,ESTP,Luật & Xã hội,Luật quốc tế,1.6
STU2130,8.4,5.7,6.2,8.3,7.4,5.8,6.9,ISTP,Xây dựng & Quy hoạch,Kỹ thuật xây dựng,3.8
STU0084,9.5,5.1,7.7,10.0,7.5,5.1,6.7,INTJ,Công nghệ Thông tin & Kỹ thuật Máy tính,Thiết kế vi mạch,4.2
STU0890,6.7,8.7,9.7,6.1,6.1,6.8,8.9,INTP,Ngôn ngữ & Văn hóa,Ngôn ngữ Hàn Quốc,4.2
STU1396,5.3,7.5,5.9,6.0,6.0,5.1,7.0,INFJ,Nghệ thuật & Thiết kế,Thiết kế nội thất,4.2
STU1308,5.8,5.2,6.8,7.0,4.7,6.4,4.4,ISFP,Nghệ thuật & Thiết kế,Thanh nhạc,2.3
STU1371,5.5,8.7,5.9,5.6,5.7,6.2,7.9,INFJ,Nghệ thuật & Thiết kế,Đạo diễn Điện ảnh - Truyền hình,4.0
STU1606,6.7,8.8,8.2,5.3,5.3,5.9,8.7,ISTJ,Luật & Xã hội,Luật,4.3
STU1745,8.3,5.2,6.2,9.5,7.9,5.2,6.5,ESTP,"Kỹ thuật, Cơ khí & Ô tô",Robot và Trí tuệ nhân tạo,4.4
STU0271,9.3,5.7,5.9,6.2,9.9,9.5,5.2,INFJ,Y tế & Sức khỏe,Quản lý bệnh viện,4.1
STU1107,5.8,9.9,8.7,5.8,5.8,5.2,8.1,ESFP,Truyền thông & Báo chí,Truyền thông đa phương tiện,4.8
STU1940,8.0,5.3,6.0,6.2,8.8,8.1,5.5,ISFP,Nông nghiệp & Môi trường,Thú y,4.3
STU2276,9.2,5.1,6.0,8.5,7.6,6.4,6.8,ESTJ,Xây dựng & Quy hoạch,Kỹ thuật xây dựng,4.9
STU2260,6.3,6.0,4.8,6.8,6.5,5.4,6.8,ENFP,Xây dựng & Quy hoạch,Kỹ thuật xây dựng,3.0
STU2165,9.2,6.9,6.3,8.9,7.5,5.8,6.0,ISTP,Xây dựng & Quy hoạch,Công nghệ kỹ thuật công trình xây dựng,4.1
STU0889,5.3,8.0,9.4,6.7,6.1,5.7,7.9,INTP,Ngôn ngữ & Văn hóa,Tiếng Việt và văn hoá Việt Nam,4.0
STU1028,5.1,9.3,9.2,5.0,6.1,5.9,8.8,ISFP,Ngôn ngữ & Văn hóa,Tiếng Việt và văn hoá Việt Nam,4.7
STU0430,5.8,4.8,5.7,5.6,5.3,5.0,4.2,INTJ,Kinh tế & Quản lý,Kinh doanh quốc tế,2.1
STU2035,8.4,5.3,6.0,6.1,7.4,8.1,6.8,ISFJ,Nông nghiệp & Môi trường,Thú y,3.8
STU2190,9.2,6.7,6.2,9.1,7.8,5.7,6.6,ISTP,Xây dựng & Quy hoạch,Địa kỹ thuật xây dựng,3.9
STU2259,8.0,6.3,5.6,9.5,7.5,6.0,6.7,ESTJ,Xây dựng & Quy hoạch,Quản lý xây dựng,4.5
STU0459,8.7,8.5,9.2,5.8,5.2,6.3,6.1,ENTP,Kinh tế & Quản lý,Hệ thống thông tin quản lý,3.9
STU0079,8.8,6.9,9.3,8.8,7.3,5.2,6.0,ISTP,Công nghệ Thông tin & Kỹ thuật Máy tính,Công nghệ thông tin,3.9
STU1211,5.4,9.4,8.2,5.9,7.0,5.3,7.4,ENTP,Truyền thông & Báo chí,Quan hệ công chúng,4.8
STU0033,9.3,6.2,9.5,9.5,8.2,5.8,6.8,ISTP,Công nghệ Thông tin & Kỹ thuật Máy tính,Thiết kế vi mạch,3.8
STU1091,5.4,8.7,8.4,5.6,6.0,5.3,8.6,ENFP,Truyền thông & Báo chí,Công nghệ truyền thông,3.8
STU2391,6.0,7.5,8.8,6.8,5.1,7.0,8.9,ESFP,Du lịch & Dịch vụ,Quản trị nhà hàng và dịch vụ ăn uống,4.1
STU2240,8.0,5.6,5.6,8.7,6.0,5.0,5.9,ISTP,Xây dựng & Quy hoạch,Quản lý xây dựng,4.6
STU0381,9.2,5.1,6.4,5.3,8.8,9.4,5.6,ISFJ,Y tế & Sức khỏe,Y đa khoa,4.4
STU0227,9.5,6.8,6.5,6.1,9.0,8.7,6.5,INFJ,Y tế & Sức khỏe,Điều dưỡng,4.7
STU1363,5.7,9.0,6.5,6.5,6.9,5.5,7.1,ISFP,Nghệ thuật & Thiết kế,Hội họa,4.3
STU1191,5.9,9.5,8.7,6.1,6.5,6.8,8.4,ESFP,Truyền thông & Báo chí,Thông tin - thư viện,3.9
STU0716,6.6,9.6,8.8,5.1,5.3,5.7,8.6,ENFJ,Sư phạm & Giáo dục,Sư phạm Ngữ văn,5.0
STU1916,6.9,6.8,6.3,6.5,8.6,7.6,5.2,ISFJ,Nông nghiệp & Môi trường,Công nghệ sinh học,4.7
STU0687,5.1,9.1,8.8,5.9,6.8,5.5,8.4,INFJ,Sư phạm & Giáo dục,Giáo dục Tiểu học,4.3
STU2128,9.0,6.2,5.3,8.1,7.9,5.2,6.4,ESTJ,Xây dựng & Quy hoạch,Kinh tế xây dựng,4.2
STU1512,5.0,9.9,8.5,5.9,6.5,7.0,9.7,ISTJ,Luật & Xã hội,Chính trị học,4.1
STU0306,9.3,5.4,6.4,5.7,9.3,9.2,6.0,ISTJ,Y tế & Sức khỏe,Y học cổ truyền,4.8
STU0210,10.0,6.6,6.4,6.2,9.7,8.7,5.3,INFJ,Y tế & Sức khỏe,Y đa khoa,4.4
STU2150,8.0,5.7,6.6,8.2,7.9,6.4,5.4,ISTJ,Xây dựng & Quy hoạch,Địa kỹ thuật xây dựng,4.6
STU1667,9.2,6.1,5.8,9.9,8.2,6.9,6.3,ISTP,"Kỹ thuật, Cơ khí & Ô tô",Kỹ thuật điện,4.1
STU2474,5.8,7.2,8.8,5.0,5.2,5.5,8.5,ESFP,Du lịch & Dịch vụ,Du lịch,4.0
STU2320,5.0,7.8,8.8,6.6,6.0,6.3,8.0,ESTP,Du lịch & Dịch vụ,Quản trị dịch vụ du lịch và lữ hành,4.1
STU1929,7.4,6.4,5.0,5.4,7.8,9.4,6.8,ISFJ,Nông nghiệp & Môi trường,Nuôi trồng thủy sản,4.8
STU1136,6.4,8.6,8.8,6.3,5.8,5.3,7.5,ENFP,Truyền thông & Báo chí,Truyền thông đại chúng,4.0
STU1252,6.5,7.5,5.4,5.3,7.0,6.2,7.2,ISFP,Nghệ thuật & Thiết kế,Thanh nhạc,4.7
STU0932,4.7,5.2,4.7,5.8,6.7,6.8,4.8,INTJ,Ngôn ngữ & Văn hóa,Ngôn ngữ học,1.9
STU0192,4.3,4.3,6.4,4.4,4.2,6.3,4.7,INTP,Công nghệ Thông tin & Kỹ thuật Máy tính,An toàn thông tin,2.5
STU2413,7.0,7.1,9.2,6.2,6.8,6.4,8.0,ESTP,Du lịch & Dịch vụ,Quản lý thể dục thể thao,4.1
STU1074,6.6,9.4,8.9,5.1,5.4,5.3,7.1,ENFP,Truyền thông & Báo chí,Lưu trữ học,4.5
STU2453,5.2,7.1,8.6,5.2,5.9,5.8,8.2,ENFP,Du lịch & Dịch vụ,Du lịch,4.5
STU0484,9.8,8.0,9.6,5.7,6.7,5.8,6.1,ESTP,Kinh tế & Quản lý,Marketing,4.1
STU2380,5.4,8.4,8.3,5.5,5.7,6.4,8.8,ESTP,Du lịch & Dịch vụ,Quản trị dịch vụ du lịch và lữ hành,4.9
STU1457,4.2,6.3,4.5,6.8,4.6,6.7,4.8,ENFJ,Luật & Xã hội,Luật kinh tế,1.8
STU0278,6.6,6.8,5.6,4.6,6.4,5.5,6.1,INFP,Y tế & Sức khỏe,Kỹ thuật phục hồi chức năng,2.7
STU1408,6.1,7.8,5.0,6.5,7.0,6.5,7.6,ISFP,Nghệ thuật & Thiết kế,Thiết kế đồ họa,4.4
STU0222,9.3,6.6,5.7,6.4,9.8,9.8,6.0,ISFP,Y tế & Sức khỏe,Y đa khoa,4.5
STU2494,6.5,8.1,9.4,5.4,6.8,6.1,8.3,ESFJ,Du lịch & Dịch vụ,Du lịch,4.6
STU0572,6.1,6.0,4.1,4.1,4.4,6.6,4.6,INFP,Kinh tế & Quản lý,Marketing,2.8
STU0412,9.3,6.0,5.7,6.0,9.7,9.7,5.2,INFJ,Y tế & Sức khỏe,Y học cổ truyền,4.8
STU1312,6.8,8.6,6.8,5.7,6.4,5.7,8.2,INFJ,Nghệ thuật & Thiết kế,Thiết kế nội thất,4.5
STU0938,5.6,8.9,9.9,6.8,5.5,5.6,8.1,INFP,Ngôn ngữ & Văn hóa,Tiếng Việt và văn hoá Việt Nam,4.3
STU0933,6.7,8.6,9.7,5.5,6.7,5.8,8.2,INFP,Ngôn ngữ & Văn hóa,Tiếng Việt và văn hoá Việt Nam,4.3
STU0586,8.2,8.0,9.0,5.7,5.1,6.3,6.9,ENTP,Kinh tế & Quản lý,Kinh doanh quốc tế,3.9
STU1205,6.2,9.5,8.9,5.3,5.5,5.6,7.8,ENFP,Truyền thông & Báo chí,Công nghệ truyền thông,4.9
STU1798,8.8,6.6,6.5,9.0,8.0,6.0,6.2,INTJ,"Kỹ thuật, Cơ khí & Ô tô",Kỹ thuật cơ điện tử,4.2
STU2490,5.9,7.9,8.6,5.5,6.3,5.1,7.9,ENFP,Du lịch & Dịch vụ,Quản trị nhà hàng và dịch vụ ăn uống,4.0
STU1560,6.1,9.0,7.1,6.2,5.8,6.0,9.2,ISTJ,Luật & Xã hội,Luật,4.4
STU0675,5.0,9.1,7.6,5.2,5.4,5.9,9.9,ISFJ,Sư phạm & Giáo dục,Giáo dục Mầm non,3.9
STU1176,5.5,9.7,9.4,7.0,6.8,6.3,7.7,ESFP,Truyền thông & Báo chí,Thông tin - thư viện,4.9
STU0856,5.1,9.4,9.6,6.7,6.5,5.1,8.9,INFP,Ngôn ngữ & Văn hóa,Ngôn ngữ học,3.8
STU0448,9.3,8.8,8.3,5.1,5.5,6.2,5.6,ESTP,Kinh tế & Quản lý,Hệ thống thông tin quản lý,4.9
STU0962,5.6,9.3,9.0,6.3,5.7,5.8,7.5,INFP,Ngôn ngữ & Văn hóa,Quốc tế học,4.7
STU0989,5.9,8.3,9.2,5.4,6.7,6.7,8.8,ISFP,Ngôn ngữ & Văn hóa,Quốc tế học,3.9
STU0223,4.7,4.7,6.6,5.3,6.7,5.1,5.8,INFJ,Y tế & Sức khỏe,Dược học,2.1
STU1720,8.8,6.8,5.6,9.5,8.2,6.5,6.9,ISTP,"Kỹ thuật, Cơ khí & Ô tô",Kỹ thuật điện tử - viễn thông,4.2
STU2222,9.3,6.4,6.4,8.1,6.9,6.6,6.9,ISTP,Xây dựng & Quy hoạch,Kinh tế xây dựng,4.8
STU1625,5.7,9.2,8.0,6.7,5.3,5.2,8.8,INTJ,Luật & Xã hội,Luật,4.1
STU1553,5.7,9.7,7.7,5.8,5.5,5.1,9.0,ISTJ,Luật & Xã hội,Công tác xã hội,4.5
STU1065,6.6,8.5,8.9,6.0,5.5,5.9,8.9,ENFP,Truyền thông & Báo chí,Công nghệ truyền thông,4.9
STU0046,8.9,5.9,8.1,8.2,7.4,5.2,6.5,INTP,Công nghệ Thông tin & Kỹ thuật Máy tính,An toàn thông tin,4.2
STU2186,8.8,5.1,5.2,8.7,6.7,6.8,5.3,ESTJ,Xây dựng & Quy hoạch,Công nghệ kỹ thuật công trình xây dựng,4.7
STU1462,7.0,6.9,4.7,4.1,5.2,5.4,6.3,ISTP,Luật & Xã hội,Luật quốc tế,1.7
STU0295,6.6,5.4,6.6,6.8,5.6,4.4,6.8,ENFP,Y tế & Sức khỏe,Kỹ thuật phục hồi chức năng,2.1
STU1919,8.4,5.3,5.6,5.6,8.2,8.8,6.2,INFP,Nông nghiệp & Môi trường,Nuôi trồng thủy sản,4.3
STU0589,8.4,8.3,9.7,5.4,6.4,6.6,6.4,ESTJ,Kinh tế & Quản lý,Kinh tế quốc tế,4.8
STU2280,9.3,6.6,5.7,8.9,8.0,5.2,5.9,ISTP,Xây dựng & Quy hoạch,Kỹ thuật cấp thoát nước,4.0
STU0258,8.6,6.6,6.5,5.7,9.4,9.1,6.1,ISFJ,Y tế & Sức khỏe,Y học dự phòng,4.6
STU0966,5.4,6.2,5.6,5.6,6.3,4.1,5.0,ISFJ,Ngôn ngữ & Văn hóa,Quốc tế học,2.0
STU1856,8.5,6.4,6.5,9.9,7.9,5.6,5.1,INTJ,"Kỹ thuật, Cơ khí & Ô tô",Công nghệ kỹ thuật ô tô,4.4
STU0927,6.4,9.0,9.9,5.4,5.9,6.0,7.4,INTP,Ngôn ngữ & Văn hóa,Tiếng Việt và văn hoá Việt Nam,4.0
STU2115,8.9,6.1,5.3,9.4,7.7,6.4,6.1,ISTJ,Xây dựng & Quy hoạch,Công nghệ kỹ thuật công trình xây dựng,4.0
STU1765,8.4,7.0,5.8,8.7,8.2,6.8,6.8,ESTP,"Kỹ thuật, Cơ khí & Ô tô",Kỹ thuật cơ khí,4.9
STU0437,8.9,8.2,8.5,5.5,5.8,5.3,5.4,ENTP,Kinh tế & Quản lý,Tài chính - Ngân hàng,4.2
STU1906,7.8,5.5,5.6,5.4,8.3,9.4,5.9,ISFJ,Nông nghiệp & Môi trường,Công nghệ thực phẩm,4.9
STU1713,9.4,6.3,6.2,9.5,8.2,6.6,6.0,ISTJ,"Kỹ thuật, Cơ khí & Ô tô",Kỹ thuật điện,4.8
STU0394,9.8,5.3,6.4,5.4,8.6,9.8,6.4,ISFJ,Y tế & Sức khỏe,Y đa khoa,5.0
STU0426,8.6,7.1,8.1,5.5,6.2,5.8,6.4,ENTP,Kinh tế & Quản lý,Hệ thống thông tin quản lý,4.4
STU0535,8.0,7.0,9.3,6.9,5.2,5.4,5.7,ESTJ,Kinh tế & Quản lý,Tài chính - Ngân hàng,4.5
STU0031,6.5,4.8,6.3,5.5,4.7,5.3,6.1,INTP,Công nghệ Thông tin & Kỹ thuật Máy tính,Công nghệ thông tin,3.1
STU2495,6.0,7.8,9.2,6.3,6.8,5.1,8.8,ESFP,Du lịch & Dịch vụ,Du lịch,4.6
STU2078,6.7,6.0,5.6,5.0,8.0,7.9,5.7,ISFP,Nông nghiệp & Môi trường,Nuôi trồng thủy sản,3.8
STU0970,5.8,8.0,9.9,6.3,5.0,5.9,7.3,INFP,Ngôn ngữ & Văn hóa,Ngôn ngữ Nhật,4.9
STU0747,6.4,8.8,7.6,6.5,6.5,5.6,8.3,INFJ,Sư phạm & Giáo dục,Giáo dục Mầm non,4.2
STU1746,9.1,6.7,6.5,9.6,7.5,5.7,6.0,ESTP,"Kỹ thuật, Cơ khí & Ô tô",Kỹ thuật cơ khí,4.6
STU1274,4.3,4.4,6.8,6.4,4.5,4.6,4.1,ISFP,Nghệ thuật & Thiết kế,Hội họa,2.1
STU1267,6.6,7.7,5.7,5.3,5.8,6.8,7.7,ISFP,Nghệ thuật & Thiết kế,Điêu khắc,4.4
STU1492,5.7,9.4,7.2,6.7,6.5,5.8,9.5,ISTJ,Luật & Xã hội,Quản lý nhà nước,4.2
STU1715,9.3,6.4,5.4,9.7,8.3,6.3,6.7,ISTJ,"Kỹ thuật, Cơ khí & Ô tô",Robot và Trí tuệ nhân tạo,4.1
STU2209,9.3,5.2,5.7,8.6,7.2,6.2,5.1,ESTJ,Xây dựng & Quy hoạch,Địa kỹ thuật xây dựng,4.5
STU2355,5.5,7.3,8.1,6.4,6.4,5.6,8.2,ESFP,Du lịch & Dịch vụ,Du lịch,4.9
STU1655,6.3,8.7,8.0,6.5,5.8,6.1,8.7,INTJ,Luật & Xã hội,Xã hội học,4.6
STU1196,7.0,9.8,8.2,5.3,6.7,5.3,8.8,ESFP,Truyền thông & Báo chí,Truyền thông đa phương tiện,4.6
STU0345,9.8,6.3,6.8,6.1,8.9,9.6,5.8,ISFJ,Y tế & Sức khỏe,Y đa khoa,4.6
STU0557,5.3,6.1,4.5,6.8,6.7,6.3,4.7,INTJ,Kinh tế & Quản lý,Quản trị kinh doanh,3.3
STU1420,6.3,8.1,5.4,5.4,5.5,5.3,6.7,INFJ,Nghệ thuật & Thiết kế,Thiết kế đồ họa,4.3
STU1905,7.9,6.0,5.5,5.6,7.0,7.8,6.4,ISFP,Nông nghiệp & Môi trường,Khoa học môi trường,4.2
STU0681,6.7,8.7,8.5,5.2,6.9,6.0,9.8,ESFJ,Sư phạm & Giáo dục,Sư phạm Ngữ văn,3.9
STU2226,8.4,6.6,6.7,8.2,6.2,5.6,6.1,ISTP,Xây dựng & Quy hoạch,Kinh tế xây dựng,4.5
STU1689,8.1,6.5,6.0,9.4,7.5,5.2,6.1,INTJ,"Kỹ thuật, Cơ khí & Ô tô",Kỹ thuật điện tử - viễn thông,4.5
STU0571,8.5,8.9,8.1,5.6,6.9,5.3,7.0,ENTJ,Kinh tế & Quản lý,Thương mại điện tử,4.1
STU0353,5.7,4.3,6.4,6.1,4.3,4.9,5.9,ENFJ,Y tế & Sức khỏe,Kỹ thuật hình ảnh y học,2.7
STU0092,4.9,6.3,4.8,6.7,4.4,5.3,6.8,INTJ,Công nghệ Thông tin & Kỹ thuật Máy tính,Khoa học dữ liệu,1.9
STU1209,5.5,9.1,9.2,6.7,5.8,6.9,7.9,ENTP,Truyền thông & Báo chí,Báo chí,4.2
STU2103,6.6,5.3,6.3,4.9,5.6,5.6,4.6,ENTP,Xây dựng & Quy hoạch,Địa kỹ thuật xây dựng,3.0
STU1269,5.5,7.6,6.6,6.3,5.3,6.2,7.3,ISFP,Nghệ thuật & Thiết kế,Hội họa,4.1
STU1473,6.3,6.3,4.5,4.1,6.1,6.5,6.2,INFJ,Luật & Xã hội,Luật kinh tế,1.5
STU0262,9.2,5.6,5.7,6.4,8.7,9.5,5.9,ISFP,Y tế & Sức khỏe,Điều dưỡng,4.7
STU1563,5.2,9.8,8.1,6.2,5.3,5.2,8.8,ENTJ,Luật & Xã hội,Quản lý nhà nước,4.4
STU0749,4.3,6.3,4.8,5.4,4.1,4.3,6.0,ESTP,Sư phạm & Giáo dục,Sư phạm Vật lý,1.8
STU1002,5.2,8.6,9.6,5.3,5.1,6.5,8.3,INFP,Ngôn ngữ & Văn hóa,Quốc tế học,4.4
STU1761,8.5,5.3,6.8,8.9,8.0,5.6,5.8,ESTP,"Kỹ thuật, Cơ khí & Ô tô",Kỹ thuật cơ khí,4.0
STU1832,9.2,6.9,6.4,8.6,7.7,5.3,5.8,INTJ,"Kỹ thuật, Cơ khí & Ô tô",Kỹ thuật điện tử - viễn thông,4.5
STU2244,9.1,7.0,6.6,8.4,7.0,5.7,6.2,ESTJ,Xây dựng & Quy hoạch,Kinh tế xây dựng,4.2
STU0999,6.5,8.6,9.0,5.9,6.4,6.7,8.1,ISFP,Ngôn ngữ & Văn hóa,Ngôn ngữ Nhật,4.2
STU0568,8.8,8.4,10.0,6.1,6.1,5.5,6.5,ESTJ,Kinh tế & Quản lý,Kinh tế quốc tế,4.4
STU0323,9.5,5.7,6.5,5.4,9.5,9.1,6.1,INFJ,Y tế & Sức khỏe,Răng - Hàm - Mặt,4.2
STU1889,7.3,6.6,6.2,6.5,8.5,9.3,6.3,ISTJ,Nông nghiệp & Môi trường,Khoa học cây trồng,4.8
STU2080,7.4,5.2,5.2,6.6,7.2,8.6,6.9,ISFP,Nông nghiệp & Môi trường,Khoa học môi trường,3.8
STU0349,8.5,6.6,6.9,6.4,9.9,9.5,5.9,ISFJ,Y tế & Sức khỏe,Y học cổ truyền,4.0
STU1088,6.4,8.8,8.2,5.2,5.8,6.3,8.4,ENFP,Truyền thông & Báo chí,Truyền thông đại chúng,3.9
STU1846,8.1,7.0,5.3,9.3,8.0,5.5,6.3,ISTJ,"Kỹ thuật, Cơ khí & Ô tô",Kỹ thuật cơ khí,4.8
STU0301,8.8,5.7,6.7,6.9,9.8,8.9,5.1,ISTJ,Y tế & Sức khỏe,Y học cổ truyền,4.4
STU1388,5.6,8.8,5.5,7.0,6.0,6.6,6.7,INFP,Nghệ thuật & Thiết kế,Thiết kế thời trang,4.9
STU1510,6.8,9.4,7.3,6.5,6.8,6.6,9.7,INFJ,Luật & Xã hội,Luật kinh tế,4.1
STU1248,5.4,8.9,8.4,6.3,5.3,6.7,7.4,ESFP,Truyền thông & Báo chí,Báo chí,4.2
STU1005,6.5,9.0,9.8,7.0,5.7,5.1,8.7,INFP,Ngôn ngữ & Văn hóa,Quốc tế học,3.9
STU0965,5.0,8.2,9.2,6.2,5.7,5.2,8.4,INTP,Ngôn ngữ & Văn hóa,Ngôn ngữ học,3.8
STU2366,5.6,8.0,8.1,5.5,6.0,5.5,7.5,ENFP,Du lịch & Dịch vụ,Quản trị khách sạn,4.0
STU2352,5.6,5.3,6.1,5.3,4.3,6.0,4.8,INFJ,Du lịch & Dịch vụ,Quản lý thể dục thể thao,3.3
STU2163,8.7,6.6,6.9,9.4,7.6,6.4,5.4,ISTJ,Xây dựng & Quy hoạch,Công nghệ kỹ thuật công trình xây dựng,4.4
STU0316,4.8,4.9,5.7,5.7,4.7,4.2,5.0,INTP,Y tế & Sức khỏe,Quản lý bệnh viện,2.6
STU2204,8.5,6.3,5.9,9.0,7.5,6.8,5.2,ISTP,Xây dựng & Quy hoạch,Kỹ thuật cấp thoát nước,4.7
STU0454,8.6,8.5,9.5,5.5,6.3,5.7,5.1,ESTP,Kinh tế & Quản lý,Kinh tế quốc tế,4.4
STU0914,5.8,8.2,9.3,5.1,6.2,6.4,7.6,ISFP,Ngôn ngữ & Văn hóa,Tiếng Việt và văn hoá Việt Nam,4.6
STU0602,9.4,7.3,8.4,5.4,5.6,5.6,6.8,ESTP,Kinh tế & Quản lý,Quản trị kinh doanh,4.8
STU0176,8.6,5.7,9.0,9.1,6.4,6.7,6.3,INTP,Công nghệ Thông tin & Kỹ thuật Máy tính,Thiết kế vi mạch,4.8
STU0901,5.2,9.1,9.5,6.8,6.4,5.5,7.3,INTP,Ngôn ngữ & Văn hóa,Đông phương học,4.0
STU1095,6.6,9.3,8.4,6.9,5.8,5.7,7.3,ENFP,Truyền thông & Báo chí,Truyền thông đa phương tiện,4.9
STU2492,5.5,8.3,9.0,6.4,5.9,5.7,8.5,ESFP,Du lịch & Dịch vụ,Du lịch,3.9
STU0038,8.6,6.4,7.5,9.3,7.1,5.1,6.1,ISTJ,Công nghệ Thông tin & Kỹ thuật Máy tính,Khoa học Máy tính,4.6
STU0975,6.5,9.0,9.4,5.5,6.3,6.8,7.4,ISFP,Ngôn ngữ & Văn hóa,Đông phương học,4.7
STU0124,9.7,5.1,9.4,8.4,8.2,6.9,5.1,ISTP,Công nghệ Thông tin & Kỹ thuật Máy tính,Công nghệ thông tin,4.7
STU1737,9.2,5.6,6.4,9.3,7.9,6.5,6.7,ISTJ,"Kỹ thuật, Cơ khí & Ô tô",Robot và Trí tuệ nhân tạo,4.6
STU1054,5.6,9.2,8.8,6.2,6.1,5.1,7.9,ESFP,Truyền thông & Báo chí,Quan hệ công chúng,4.6
STU1365,5.6,7.8,5.5,5.7,6.9,5.2,8.4,INFJ,Nghệ thuật & Thiết kế,Kiến trúc,5.0
STU0395,9.6,6.4,6.2,6.2,8.6,9.9,6.2,ISFP,Y tế & Sức khỏe,Y đa khoa,4.2
STU1256,6.4,8.1,6.3,5.3,5.1,5.7,8.2,INFJ,Nghệ thuật & Thiết kế,Thiết kế đồ họa,3.9
STU1595,5.3,9.2,7.3,6.2,5.6,5.0,9.7,INFJ,Luật & Xã hội,Công tác xã hội,4.2
STU0040,8.8,6.8,9.5,8.4,6.9,5.8,5.1,ISTJ,Công nghệ Thông tin & Kỹ thuật Máy tính,Kỹ thuật phần mềm,4.8
STU1928,8.3,6.5,5.3,6.9,7.8,7.9,6.7,ISFP,Nông nghiệp & Môi trường,Công nghệ thực phẩm,4.5
STU2003,7.3,5.4,5.8,5.0,7.6,7.6,5.3,ISFP,Nông nghiệp & Môi trường,Công nghệ thực phẩm,4.3
STU1767,9.2,5.5,6.1,8.7,8.0,5.0,5.7,ESTP,"Kỹ thuật, Cơ khí & Ô tô",Công nghệ kỹ thuật ô tô,3.8
STU2484,5.1,7.0,9.0,6.9,6.5,5.5,8.0,ENFP,Du lịch & Dịch vụ,Quản trị dịch vụ du lịch và lữ hành,4.5
STU1317,5.9,8.7,5.7,5.3,6.7,6.8,7.2,ISFP,Nghệ thuật & Thiết kế,Thiết kế nội thất,4.8
STU0635,5.7,9.7,7.5,6.8,6.3,6.6,9.0,INFJ,Sư phạm & Giáo dục,Tâm lý học giáo dục,4.9
STU1382,5.1,8.2,6.2,6.5,6.1,6.7,7.3,INFJ,Nghệ thuật & Thiết kế,Thiết kế thời trang,4.3
STU0580,9.0,9.0,9.0,6.0,6.7,6.9,5.8,ESTJ,Kinh tế & Quản lý,Kinh tế quốc tế,4.0
STU2077,8.2,6.3,6.8,5.1,7.7,7.9,5.6,ISTJ,Nông nghiệp & Môi trường,Lâm nghiệp đô thị,4.7
STU0893,6.5,9.1,9.0,5.3,5.6,5.8,8.0,ISFP,Ngôn ngữ & Văn hóa,Ngôn ngữ Anh,3.9
STU0781,6.9,9.0,7.4,6.0,6.0,5.8,8.6,ENFJ,Sư phạm & Giáo dục,Sư phạm Tin học,4.3
STU0160,8.6,5.9,9.3,8.1,6.1,5.9,6.4,ISTJ,Công nghệ Thông tin & Kỹ thuật Máy tính,Thiết kế vi mạch,4.0
STU1076,5.6,9.0,8.9,6.3,6.0,5.8,8.0,ENFP,Truyền thông & Báo chí,Quan hệ công chúng,4.4
STU1966,8.4,6.4,6.1,5.0,9.0,8.3,6.9,ISFP,Nông nghiệp & Môi trường,Nuôi trồng thủy sản,3.8
STU0062,5.9,6.7,5.9,4.9,5.3,5.7,6.2,ISTP,Công nghệ Thông tin & Kỹ thuật Máy tính,Thiết kế vi mạch,2.5
STU0850,4.1,6.3,4.4,6.1,4.2,4.3,4.5,ESTJ,Ngôn ngữ & Văn hóa,Ngôn ngữ học,2.9
STU1997,8.0,6.4,6.6,5.1,8.0,9.3,5.7,INFP,Nông nghiệp & Môi trường,Thú y,4.9
STU2407,5.9,7.8,8.3,6.9,5.8,5.7,8.8,ESFJ,Du lịch & Dịch vụ,Quản trị nhà hàng và dịch vụ ăn uống,4.7
STU1044,5.4,5.6,6.9,5.1,4.6,5.3,6.7,ISTP,Truyền thông & Báo chí,Lưu trữ học,1.7
STU2076,7.6,5.9,5.4,5.2,9.0,8.9,5.5,ISFP,Nông nghiệp & Môi trường,Khoa học cây trồng,4.6
STU1125,5.8,9.7,9.3,5.5,5.9,5.8,8.2,ENFP,Truyền thông & Báo chí,Lưu trữ học,3.8
STU0054,9.0,5.8,8.2,9.6,6.0,6.7,5.6,ISTP,Công nghệ Thông tin & Kỹ thuật Máy tính,An toàn thông tin,4.1
STU2207,8.8,6.5,6.8,9.1,7.0,5.9,5.7,ISTJ,Xây dựng & Quy hoạch,Kỹ thuật cấp thoát nước,4.2
STU0506,8.7,8.2,9.0,6.2,6.7,6.8,5.3,ENTP,Kinh tế & Quản lý,Tài chính - Ngân hàng,4.5
STU0753,6.4,5.4,4.5,4.0,4.4,6.6,4.9,ISTP,Sư phạm & Giáo dục,Giáo dục Mầm non,3.4
STU1377,4.2,6.9,5.0,5.0,4.5,4.4,5.4,INTJ,Nghệ thuật & Thiết kế,Đạo diễn Điện ảnh - Truyền hình,2.0
STU1627,5.8,8.8,8.5,5.0,5.4,6.3,8.7,ENTJ,Luật & Xã hội,Luật kinh tế,4.7
STU1990,6.8,6.7,5.2,6.9,7.2,8.2,6.4,ISTJ,Nông nghiệp & Môi trường,Công nghệ thực phẩm,4.2
STU1058,6.8,9.4,8.0,6.5,5.8,6.5,7.2,ESFP,Truyền thông & Báo chí,Truyền thông đa phương tiện,4.6
STU2045,8.4,6.7,6.5,5.9,7.3,8.2,6.8,ISTJ,Nông nghiệp & Môi trường,Thú y,5.0
STU0772,5.2,9.4,8.9,5.8,5.4,5.1,9.5,ENFJ,Sư phạm & Giáo dục,Sư phạm Tiếng Anh,4.6
STU2335,5.4,7.1,8.5,5.2,7.0,5.7,8.5,ESTP,Du lịch & Dịch vụ,Quản lý thể dục thể thao,4.8
STU2231,9.1,6.1,5.3,8.2,7.5,6.1,6.9,ISTJ,Xây dựng & Quy hoạch,Kỹ thuật xây dựng,4.2
STU1545,6.7,8.8,8.3,6.4,5.6,5.3,8.6,ISTJ,Luật & Xã hội,Luật,4.0
STU1188,6.0,6.6,6.4,6.7,4.4,5.1,5.6,ESFJ,Truyền thông & Báo chí,Thông tin - thư viện,1.9
STU2423,6.5,7.6,9.1,6.1,6.1,6.1,7.6,ENFP,Du lịch & Dịch vụ,Quản trị khách sạn,4.5
STU1914,6.8,5.3,6.6,6.3,8.8,7.8,6.3,INFP,Nông nghiệp & Môi trường,Nuôi trồng thủy sản,4.1
STU1326,6.9,8.2,6.3,6.1,5.3,7.0,6.9,ISFP,Nghệ thuật & Thiết kế,Thiết kế đồ họa,5.0
STU2037,8.1,6.5,7.0,6.9,8.2,8.1,5.9,INFP,Nông nghiệp & Môi trường,Nông nghiệp,3.9
STU0964,5.3,9.4,9.6,6.8,5.7,5.1,8.8,INTP,Ngôn ngữ & Văn hóa,Ngôn ngữ Anh,4.8
STU2273,9.3,6.1,6.2,8.5,6.4,6.6,5.2,ESTJ,Xây dựng & Quy hoạch,Công nghệ kỹ thuật công trình xây dựng,4.2
STU0399,5.4,5.3,6.2,4.1,4.6,4.1,6.4,ISTP,Y tế & Sức khỏe,Răng - Hàm - Mặt,1.7
STU0585,8.3,7.9,8.7,5.4,6.6,5.2,5.9,ESTP,Kinh tế & Quản lý,Marketing,4.1
STU0949,5.3,8.6,9.1,6.4,6.5,6.3,7.8,INFP,Ngôn ngữ & Văn hóa,Ngôn ngữ Trung Quốc,5.0
STU0705,7.0,9.3,8.8,6.9,5.4,6.0,8.2,ISFJ,Sư phạm & Giáo dục,Sư phạm Tiếng Anh,4.3
STU0432,9.9,7.1,9.5,6.9,6.1,6.2,6.5,ESTP,Kinh tế & Quản lý,Kiểm toán,4.1
STU0293,8.7,6.7,5.7,6.2,8.9,8.9,5.4,ISFJ,Y tế & Sức khỏe,Kỹ thuật phục hồi chức năng,4.1
STU1847,8.2,5.9,6.2,8.6,7.2,5.3,6.2,ISTJ,"Kỹ thuật, Cơ khí & Ô tô",Kỹ thuật cơ điện tử,3.9
STU2092,8.8,6.7,6.3,8.7,7.5,6.7,6.3,ISTP,Xây dựng & Quy hoạch,Kinh tế xây dựng,4.5
STU2410,5.3,7.7,8.5,5.9,6.4,5.6,8.3,ESTP,Du lịch & Dịch vụ,Quản trị khách sạn,3.8
STU0003,9.4,5.9,7.6,9.4,6.6,5.6,6.3,ISTJ,Công nghệ Thông tin & Kỹ thuật Máy tính,Công nghệ thông tin,4.1
STU0577,8.0,7.3,9.0,6.1,6.8,5.8,6.2,ENTP,Kinh tế & Quản lý,Kế toán,4.0
STU2109,9.2,6.0,6.6,9.4,6.3,5.5,5.5,ESTJ,Xây dựng & Quy hoạch,Kỹ thuật xây dựng,4.5
STU0340,9.6,6.2,6.9,5.2,9.8,8.6,5.8,ISFJ,Y tế & Sức khỏe,Quản lý bệnh viện,4.0
STU1104,5.8,9.2,8.7,5.7,6.2,6.5,7.9,ENFP,Truyền thông & Báo chí,Truyền thông đa phương tiện,5.0
STU0926,5.6,5.2,4.8,5.3,6.0,6.3,6.7,ENFP,Ngôn ngữ & Văn hóa,Tiếng Việt và văn hoá Việt Nam,2.7
STU0266,8.6,5.5,6.3,6.0,9.5,8.7,6.8,ISFJ,Y tế & Sức khỏe,Kỹ thuật hình ảnh y học,4.1
STU0377,9.1,6.9,6.6,6.0,9.4,9.9,5.7,ISFP,Y tế & Sức khỏe,Răng - Hàm - Mặt,4.4
STU0272,9.8,6.2,6.8,6.1,9.7,9.5,6.3,ISFJ,Y tế & Sức khỏe,Răng - Hàm - Mặt,4.0
STU0697,5.7,9.3,8.9,5.9,6.5,6.5,9.9,ENFJ,Sư phạm & Giáo dục,Giáo dục Mầm non,4.7
STU1615,6.4,5.9,4.5,4.7,6.0,5.2,5.9,INFJ,Luật & Xã hội,Quản lý nhà nước,1.6
STU0245,9.6,5.6,5.7,6.3,9.6,9.3,6.9,ISFP,Y tế & Sức khỏe,Điều dưỡng,4.0
STU1526,6.0,5.4,5.6,5.4,5.8,6.9,4.3,ENFJ,Luật & Xã hội,Luật quốc tế,2.2
STU0477,9.0,7.3,9.5,6.8,6.0,6.1,5.4,ENTP,Kinh tế & Quản lý,Marketing,3.9
STU2455,6.3,5.4,6.8,5.1,5.0,6.6,4.2,ESTP,Du lịch & Dịch vụ,Quản trị dịch vụ du lịch và lữ hành,2.9
STU1194,5.6,8.9,8.7,7.0,5.3,6.9,7.6,ENFP,Truyền thông & Báo chí,Công nghệ truyền thông,4.1
STU1284,5.2,9.0,6.2,6.9,5.2,6.8,7.3,INFP,Nghệ thuật & Thiết kế,Thiết kế công nghiệp,4.1
STU1164,6.0,10.0,8.1,5.4,6.4,6.4,8.9,ENFP,Truyền thông & Báo chí,Truyền thông đa phương tiện,3.9
STU1299,6.5,7.7,5.3,6.7,6.8,5.1,6.9,INFP,Nghệ thuật & Thiết kế,Thiết kế nội thất,4.1
STU0251,8.6,5.6,5.4,5.4,8.8,8.8,5.8,ISTJ,Y tế & Sức khỏe,Quản lý bệnh viện,4.2
STU0414,9.0,6.4,5.1,6.6,8.8,10.0,5.3,INFJ,Y tế & Sức khỏe,Quản lý bệnh viện,4.7
STU1695,9.3,6.1,5.4,8.8,7.4,6.3,6.0,INTJ,"Kỹ thuật, Cơ khí & Ô tô",Robot và Trí tuệ nhân tạo,4.1
STU1646,6.2,9.5,8.1,6.2,5.0,5.0,9.1,ENTJ,Luật & Xã hội,Luật quốc tế,4.8
STU0311,9.8,6.8,6.6,6.6,8.6,8.8,6.1,ISFJ,Y tế & Sức khỏe,Y đa khoa,4.2
STU0894,5.1,9.2,9.5,6.2,5.0,6.4,7.8,ISFP,Ngôn ngữ & Văn hóa,Ngôn ngữ học,4.5
STU2419,5.4,7.7,9.1,6.4,6.4,6.3,8.6,ESFP,Du lịch & Dịch vụ,Quản trị nhà hàng và dịch vụ ăn uống,4.2
STU0016,9.8,5.1,7.7,8.1,8.2,5.3,6.9,INTJ,Công nghệ Thông tin & Kỹ thuật Máy tính,Thiết kế vi mạch,4.5
STU0722,5.1,9.3,7.2,6.3,5.1,5.9,9.6,ESFJ,Sư phạm & Giáo dục,Sư phạm Vật lý,4.1
STU2187,6.4,4.5,5.3,5.1,6.6,4.5,4.6,INTP,Xây dựng & Quy hoạch,Kỹ thuật cấp thoát nước,1.7
STU0982,4.2,4.5,5.9,5.7,6.6,5.9,4.1,INTP,Ngôn ngữ & Văn hóa,Ngôn ngữ Anh,1.7
STU2101,9.4,6.5,5.3,8.2,6.2,5.3,6.9,ESTJ,Xây dựng & Quy hoạch,Kỹ thuật cấp thoát nước,4.9
STU1967,7.9,6.2,5.4,5.2,7.7,8.0,5.5,INFP,Nông nghiệp & Môi trường,Khoa học môi trường,4.6
STU0364,9.4,6.8,5.2,5.9,9.9,9.3,5.2,ISFP,Y tế & Sức khỏe,Y học dự phòng,4.4
STU1390,5.7,7.8,5.8,6.9,5.1,6.3,7.3,ISFP,Nghệ thuật & Thiết kế,Điêu khắc,4.4
STU0183,5.0,5.3,5.6,4.8,6.9,5.9,5.5,ISTJ,Công nghệ Thông tin & Kỹ thuật Máy tính,Công nghệ thông tin,2.5
STU0986,6.4,8.2,9.0,6.9,6.1,6.3,7.4,INTP,Ngôn ngữ & Văn hóa,Ngôn ngữ Anh,4.7
STU1953,7.2,5.3,7.0,6.3,8.1,8.1,5.7,INFP,Nông nghiệp & Môi trường,Khoa học cây trồng,4.9
STU1226,5.2,5.1,6.5,5.9,7.0,4.6,6.0,ENTP,Truyền thông & Báo chí,Quan hệ công chúng,2.6
STU2411,6.1,7.4,8.4,6.3,5.9,6.8,7.8,ENFP,Du lịch & Dịch vụ,Quản trị nhà hàng và dịch vụ ăn uống,5.0
STU0188,9.6,5.6,9.8,8.2,8.2,6.9,6.9,INTP,Công nghệ Thông tin & Kỹ thuật Máy tính,Thiết kế vi mạch,4.3
STU0620,6.3,4.5,6.9,5.5,6.2,6.0,6.8,ISTP,Kinh tế & Quản lý,Kinh tế,2.1
STU2134,8.8,5.7,6.1,8.3,7.1,6.0,5.0,ISTJ,Xây dựng & Quy hoạch,Kỹ thuật xây dựng,4.1
STU0615,9.4,7.3,8.8,6.8,6.1,6.7,6.8,ENTP,Kinh tế & Quản lý,Quản trị kinh doanh,4.4
STU2261,9.1,6.4,6.0,9.1,7.9,6.2,6.8,ISTP,Xây dựng & Quy hoạch,Địa kỹ thuật xây dựng,4.6
STU0995,5.0,8.9,9.9,5.6,6.2,5.9,7.2,ISFP,Ngôn ngữ & Văn hóa,Ngôn ngữ Trung Quốc,3.8
STU2027,8.1,5.9,5.8,5.2,7.5,9.0,6.0,ISFJ,Nông nghiệp & Môi trường,Khoa học môi trường,4.2
STU0372,9.9,5.7,6.5,5.5,9.5,9.6,5.1,INFJ,Y tế & Sức khỏe,Răng - Hàm - Mặt,4.4
STU1658,5.9,9.2,7.8,6.3,6.5,5.2,9.8,ENTJ,Luật & Xã hội,Quản lý nhà nước,4.5
STU0594,8.1,8.1,8.4,6.2,5.6,5.9,6.5,ESTJ,Kinh tế & Quản lý,Kinh doanh quốc tế,4.0
STU0727,5.5,8.9,8.0,5.6,5.2,6.9,9.4,ISFJ,Sư phạm & Giáo dục,Tâm lý học giáo dục,4.0
STU1838,9.5,6.0,5.0,9.0,7.6,5.6,5.3,ISTP,"Kỹ thuật, Cơ khí & Ô tô",Kỹ thuật điện,4.6
STU0688,6.5,9.0,7.8,6.8,5.5,5.1,8.1,ENFJ,Sư phạm & Giáo dục,Giáo dục Mầm non,4.5
STU1657,5.8,5.9,4.9,4.4,5.7,7.0,6.2,INFP,Luật & Xã hội,Luật kinh tế,1.6
STU0137,4.9,6.1,6.4,6.7,5.7,6.9,5.7,INTP,Công nghệ Thông tin & Kỹ thuật Máy tính,Thiết kế vi mạch,2.3
STU0629,6.1,8.6,8.2,5.9,6.8,6.1,9.3,ESFJ,Sư phạm & Giáo dục,Sư phạm Vật lý,4.4
STU0335,9.8,6.4,5.3,5.8,8.6,9.0,6.2,INFJ,Y tế & Sức khỏe,Dược học,4.7
STU1477,5.1,9.0,7.4,5.7,5.0,5.7,9.8,INTJ,Luật & Xã hội,Tâm lý học,5.0
STU2304,5.7,7.2,9.0,5.9,6.4,6.2,8.9,ESFP,Du lịch & Dịch vụ,Quản lý thể dục thể thao,4.8
STU1110,5.1,8.9,9.0,5.2,6.9,6.9,8.5,ENFP,Truyền thông & Báo chí,Lưu trữ học,4.6
STU1303,6.5,7.9,5.7,5.3,5.9,6.1,8.2,INFJ,Nghệ thuật & Thiết kế,Thiết kế công nghiệp,4.4
STU2108,4.4,6.4,5.8,6.8,5.1,5.4,4.8,ENTP,Xây dựng & Quy hoạch,Kỹ thuật xây dựng,2.0
STU0711,6.4,9.4,8.3,6.2,6.6,6.0,8.7,ENFJ,Sư phạm & Giáo dục,Giáo dục Tiểu học,4.7
STU1040,6.0,8.0,9.3,6.3,6.3,5.1,8.0,INTP,Ngôn ngữ & Văn hóa,Ngôn ngữ Hàn Quốc,4.8
STU1898,8.4,6.7,6.3,5.6,7.2,8.4,6.6,ISFJ,Nông nghiệp & Môi trường,Thú y,4.4
STU1442,5.5,8.3,6.0,5.9,5.4,6.6,6.8,ISFP,Nghệ thuật & Thiết kế,Hội họa,4.5
STU2317,5.3,7.8,8.8,5.6,5.4,6.0,8.4,ENFP,Du lịch & Dịch vụ,Quản trị khách sạn,4.8
STU1113,5.9,9.1,8.5,5.0,5.3,6.6,8.3,ENFP,Truyền thông & Báo chí,Báo chí,4.5
STU0466,8.6,7.7,8.4,6.2,6.3,5.9,5.9,ESTJ,Kinh tế & Quản lý,Kinh tế quốc tế,4.1
STU1357,5.3,8.7,5.1,5.3,6.8,6.4,8.3,INFJ,Nghệ thuật & Thiết kế,Hội họa,4.3
STU2468,5.6,8.3,8.3,5.8,6.4,6.0,8.4,ESFP,Du lịch & Dịch vụ,Quản lý thể dục thể thao,4.2
STU1849,8.9,6.3,5.7,8.6,8.5,5.9,5.4,INTJ,"Kỹ thuật, Cơ khí & Ô tô",Kỹ thuật cơ khí,4.2
STU1105,5.7,4.9,6.0,6.1,4.9,4.5,4.8,ESTP,Truyền thông & Báo chí,Truyền thông đa phương tiện,1.5
STU1384,6.6,8.3,5.0,6.9,5.4,5.7,7.0,INFJ,Nghệ thuật & Thiết kế,Hội họa,4.9
STU1993,8.4,5.9,5.8,5.9,7.3,8.6,6.9,ISFP,Nông nghiệp & Môi trường,Công nghệ sau thu hoạch,4.9
STU1448,6.0,7.6,5.8,5.6,6.8,5.4,8.0,INFP,Nghệ thuật & Thiết kế,Đạo diễn Điện ảnh - Truyền hình,4.9
STU2088,9.2,5.1,5.6,8.0,6.2,5.1,6.5,ISTJ,Xây dựng & Quy hoạch,Địa kỹ thuật xây dựng,4.7
STU1273,5.8,8.3,6.0,6.9,5.9,6.0,8.1,INFP,Nghệ thuật & Thiết kế,Thiết kế đồ họa,3.9
STU1814,8.4,6.8,5.1,10.0,7.7,6.3,6.0,ISTP,"Kỹ thuật, Cơ khí & Ô tô",Robot và Trí tuệ nhân tạo,4.3
STU2095,8.6,6.1,6.8,8.2,7.0,6.0,5.1,ESTJ,Xây dựng & Quy hoạch,Kinh tế xây dựng,4.8
STU0817,4.2,5.2,4.4,6.5,6.3,6.4,6.9,INFJ,Sư phạm & Giáo dục,Tâm lý học giáo dục,2.1
STU1068,6.6,4.4,6.1,5.5,6.9,6.7,4.8,ESFP,Truyền thông & Báo chí,Thông tin - thư viện,2.4
STU0275,9.3,5.6,6.4,6.5,9.2,10.0,6.0,ISFP,Y tế & Sức khỏe,Quản lý bệnh viện,4.3
STU1698,9.2,5.4,5.9,9.4,7.5,5.2,6.6,ISTP,"Kỹ thuật, Cơ khí & Ô tô",Kỹ thuật điện,4.8
STU0866,5.2,8.9,9.9,5.9,6.0,6.5,7.4,ISFP,Ngôn ngữ & Văn hóa,Ngôn ngữ Hàn Quốc,4.9
STU0102,8.5,6.6,8.6,8.3,6.9,5.7,5.8,ENTP,Công nghệ Thông tin & Kỹ thuật Máy tính,Khoa học Máy tính,4.0
STU1538,5.9,10.0,7.5,5.1,6.0,5.9,8.8,ISTJ,Luật & Xã hội,Xã hội học,4.5
STU0108,8.9,5.7,9.0,9.3,6.2,5.5,6.3,ENTP,Công nghệ Thông tin & Kỹ thuật Máy tính,Kỹ thuật phần mềm,4.2
STU2485,5.4,7.7,8.9,6.2,6.0,5.6,8.5,ESFP,Du lịch & Dịch vụ,Quản lý thể dục thể thao,4.0
STU2348,5.0,5.9,4.5,5.4,4.6,5.1,6.3,ISFP,Du lịch & Dịch vụ,Quản trị khách sạn,1.9
STU1753,9.1,5.8,5.6,8.9,7.8,5.4,6.2,ISTP,"Kỹ thuật, Cơ khí & Ô tô",Công nghệ kỹ thuật ô tô,4.9
STU1221,4.0,5.1,5.4,6.1,6.7,6.5,6.3,ISFP,Truyền thông & Báo chí,Lưu trữ học,2.9
STU1988,6.6,5.1,4.6,4.2,6.4,4.4,4.2,ENFJ,Nông nghiệp & Môi trường,Công nghệ sau thu hoạch,3.1
STU1712,8.1,6.4,5.8,8.9,8.3,5.2,6.2,ISTJ,"Kỹ thuật, Cơ khí & Ô tô",Kỹ thuật cơ khí,4.3
STU1217,5.1,9.0,8.8,6.6,6.6,6.9,9.0,ESFP,Truyền thông & Báo chí,Truyền thông đa phương tiện,4.6
STU2339,4.1,4.1,4.2,5.3,5.9,4.4,5.5,ISTJ,Du lịch & Dịch vụ,Quản trị nhà hàng và dịch vụ ăn uống,3.3
STU0713,4.5,4.9,5.5,4.7,4.5,6.8,4.8,ESFP,Sư phạm & Giáo dục,Sư phạm Toán học,3.1
STU0073,9.5,6.7,7.7,8.9,6.2,5.6,5.5,INTP,Công nghệ Thông tin & Kỹ thuật Máy tính,An toàn thông tin,4.9
STU1806,8.0,5.6,6.4,9.3,8.1,6.5,6.8,ISTJ,"Kỹ thuật, Cơ khí & Ô tô",Kỹ thuật điều khiển và tự động hóa,4.8
STU2400,6.2,7.7,8.3,5.5,6.4,6.7,8.4,ESFP,Du lịch & Dịch vụ,Quản trị dịch vụ du lịch và lữ hành,4.8
STU0482,9.8,8.7,8.2,5.4,5.9,6.5,6.9,ENTP,Kinh tế & Quản lý,Kiểm toán,4.0
STU2294,5.5,8.3,9.2,6.1,6.5,5.3,8.9,ESTP,Du lịch & Dịch vụ,Quản trị khách sạn,4.2
STU1565,5.2,8.8,8.5,5.4,6.2,5.4,9.1,INFJ,Luật & Xã hội,Luật,4.8
STU1172,6.0,10.0,8.4,5.6,5.5,6.8,8.8,ENTP,Truyền thông & Báo chí,Quan hệ công chúng,4.9
STU2016,8.2,6.7,5.4,6.1,7.6,8.1,6.8,ISFP,Nông nghiệp & Môi trường,Khoa học cây trồng,4.9
STU1431,6.9,8.9,6.9,6.4,5.8,5.6,6.9,ISFP,Nghệ thuật & Thiết kế,Thiết kế công nghiệp,4.7
STU0406,4.6,6.7,6.2,5.2,5.3,4.5,6.2,INFJ,Y tế & Sức khỏe,Y học cổ truyền,2.3
STU0758,6.5,8.5,8.3,6.6,5.3,5.3,9.3,ISFJ,Sư phạm & Giáo dục,Sư phạm Ngữ văn,4.2
STU1360,5.2,8.5,5.1,5.4,6.3,5.7,8.3,INFP,Nghệ thuật & Thiết kế,Thanh nhạc,3.9
STU1617,5.7,8.5,7.7,5.2,6.7,6.2,9.6,INTJ,Luật & Xã hội,Xã hội học,4.6
STU1304,5.6,7.8,6.1,5.4,5.6,6.8,7.5,INFP,Nghệ thuật & Thiết kế,Thiết kế thời trang,4.2
STU1764,9.4,5.8,6.2,9.9,8.2,5.3,5.8,ISTP,"Kỹ thuật, Cơ khí & Ô tô",Công nghệ kỹ thuật ô tô,4.5
STU0744,5.3,8.6,8.0,5.7,5.0,6.3,9.7,ENFJ,Sư phạm & Giáo dục,Sư phạm Tin học,4.9
STU0807,5.9,8.7,8.8,5.8,6.1,6.5,8.0,ESFJ,Sư phạm & Giáo dục,Sư phạm Tin học,3.8
STU2305,5.7,5.0,6.0,6.6,5.0,5.8,5.1,ISTJ,Du lịch & Dịch vụ,Quản trị khách sạn,3.1
STU1503,5.6,9.0,7.9,6.4,5.3,5.8,9.4,ENTJ,Luật & Xã hội,Công tác xã hội,4.2
STU1892,6.3,5.2,4.9,4.4,6.3,5.4,6.0,ENTP,Nông nghiệp & Môi trường,Nuôi trồng thủy sản,2.4
STU1430,5.9,7.5,5.4,5.2,7.0,6.8,8.4,ISFP,Nghệ thuật & Thiết kế,Thiết kế thời trang,4.3
STU0149,9.4,6.4,9.0,9.2,8.4,5.9,6.7,ISTJ,Công nghệ Thông tin & Kỹ thuật Máy tính,Thiết kế vi mạch,4.0
STU1229,5.5,8.6,8.8,6.3,5.1,5.2,8.8,ESFP,Truyền thông & Báo chí,Truyền thông đa phương tiện,4.2
STU1944,7.2,6.7,6.5,5.3,7.9,8.1,5.6,ISTJ,Nông nghiệp & Môi trường,Nông nghiệp,4.3
STU0693,6.5,9.8,8.8,5.4,6.4,6.9,8.5,INFJ,Sư phạm & Giáo dục,Giáo dục Mầm non,4.4
STU0819,6.5,8.9,8.5,5.6,5.2,6.3,8.2,ISFJ,Sư phạm & Giáo dục,Sư phạm Tiếng Anh,4.6
STU2396,6.0,7.4,9.3,5.3,5.6,6.3,7.7,ESFJ,Du lịch & Dịch vụ,Du lịch,3.9
STU1913,6.6,5.8,6.5,6.4,8.2,9.3,6.0,INFP,Nông nghiệp & Môi trường,Công nghệ thực phẩm,4.8
STU1711,8.5,6.9,6.4,10.0,8.2,6.6,6.0,INTJ,"Kỹ thuật, Cơ khí & Ô tô",Kỹ thuật điện,3.9
STU0702,5.0,8.7,7.4,6.1,5.1,5.5,8.2,ISFJ,Sư phạm & Giáo dục,Giáo dục Tiểu học,5.0
STU2208,9.0,6.0,6.2,8.5,7.1,6.9,6.3,ESTJ,Xây dựng & Quy hoạch,Địa kỹ thuật xây dựng,4.3
STU0922,5.1,8.2,9.7,5.4,6.5,5.7,8.2,INFP,Ngôn ngữ & Văn hóa,Ngôn ngữ Anh,4.7
STU0906,5.6,6.5,4.5,6.4,4.4,6.4,4.6,ENFP,Ngôn ngữ & Văn hóa,Đông phương học,2.4
STU0455,5.2,4.5,6.9,6.6,4.3,6.6,4.5,INFJ,Kinh tế & Quản lý,Hệ thống thông tin quản lý,1.8
STU1816,8.4,6.6,5.4,9.7,7.6,5.3,6.7,ISTJ,"Kỹ thuật, Cơ khí & Ô tô",Kỹ thuật điện tử - viễn thông,4.2
STU1789,9.3,7.0,6.8,9.3,8.0,6.4,6.7,ESTP,"Kỹ thuật, Cơ khí & Ô tô",Kỹ thuật điện,4.2
STU1227,6.1,5.5,4.3,4.7,5.5,4.9,6.6,ESTJ,Truyền thông & Báo chí,Báo chí,3.2
STU0168,9.5,5.7,9.0,9.7,7.1,6.6,5.5,ENTP,Công nghệ Thông tin & Kỹ thuật Máy tính,Khoa học dữ liệu,5.0
STU0731,5.9,8.6,7.3,5.0,6.0,5.2,8.8,ENFJ,Sư phạm & Giáo dục,Sư phạm Ngữ văn,4.9
STU2404,6.0,6.1,4.1,4.3,6.9,4.2,4.3,INFP,Du lịch & Dịch vụ,Du lịch,1.6
STU0027,9.4,6.2,8.6,8.6,7.7,5.6,5.9,ENTP,Công nghệ Thông tin & Kỹ thuật Máy tính,An toàn thông tin,4.6
STU1342,5.3,9.0,6.9,5.9,5.0,5.5,6.8,ISFP,Nghệ thuật & Thiết kế,Điêu khắc,3.9
STU1991,6.8,6.8,5.6,6.9,8.0,7.9,6.4,INFP,Nông nghiệp & Môi trường,Lâm nghiệp đô thị,4.3
STU0998,6.6,8.3,9.7,5.4,6.7,5.4,7.3,INFP,Ngôn ngữ & Văn hóa,Tiếng Việt và văn hoá Việt Nam,4.0
STU1177,6.7,5.0,6.4,6.1,5.8,5.3,6.7,ISFP,Truyền thông & Báo chí,Truyền thông đa phương tiện,1.8
STU1041,5.1,9.0,8.8,6.5,6.5,5.8,7.2,ENFP,Truyền thông & Báo chí,Quan hệ công chúng,4.3
STU1865,9.4,6.6,6.0,9.7,7.4,5.6,6.7,ISTP,"Kỹ thuật, Cơ khí & Ô tô",Công nghệ kỹ thuật ô tô,4.8
STU2008,8.1,6.5,6.1,5.6,8.9,7.8,5.7,ISTJ,Nông nghiệp & Môi trường,Công nghệ sinh học,4.4
STU1883,6.9,5.8,5.3,5.3,7.1,7.8,5.1,ISTJ,Nông nghiệp & Môi trường,Khoa học môi trường,3.9
STU0042,9.0,7.0,9.9,9.5,7.7,5.6,5.5,INTP,Công nghệ Thông tin & Kỹ thuật Máy tính,An toàn thông tin,4.5
STU1243,6.1,10.0,9.1,6.7,5.5,5.5,7.9,ENFP,Truyền thông & Báo chí,Công nghệ truyền thông,4.6
STU1623,6.6,6.1,4.5,6.8,6.2,6.1,5.8,ENFJ,Luật & Xã hội,Quản lý nhà nước,2.2
STU1702,6.9,4.3,6.4,5.2,4.3,4.9,5.9,ESFP,"Kỹ thuật, Cơ khí & Ô tô",Kỹ thuật điện tử - viễn thông,2.3
STU1515,5.7,9.6,7.6,6.1,6.1,6.7,9.0,INTJ,Luật & Xã hội,Xã hội học,4.5
STU1593,5.2,5.8,6.0,7.0,6.4,4.3,4.4,ESFJ,Luật & Xã hội,Luật quốc tế,2.0
STU0610,8.8,7.8,9.2,6.1,6.1,6.0,6.1,ESTJ,Kinh tế & Quản lý,Tài chính - Ngân hàng,4.0
STU1133,6.9,9.4,8.6,6.8,6.4,5.9,7.2,ESFP,Truyền thông & Báo chí,Báo chí,4.2
STU1996,6.8,5.7,5.7,6.2,8.3,9.0,6.6,ISTJ,Nông nghiệp & Môi trường,Nông nghiệp,3.9
STU0442,9.7,8.6,9.4,5.6,5.2,5.3,6.0,ESTJ,Kinh tế & Quản lý,Kiểm toán,4.7
STU1350,6.9,7.7,5.3,5.4,6.9,5.8,8.2,ISFP,Nghệ thuật & Thiết kế,Hội họa,4.1
STU1576,5.2,6.1,5.0,5.2,6.8,4.6,4.3,ISFP,Luật & Xã hội,Quản lý nhà nước,3.1
STU0494,9.3,8.4,10.0,6.8,5.4,6.0,6.6,ENTP,Kinh tế & Quản lý,Kế toán,4.6
STU1877,7.5,5.6,5.9,5.7,8.5,8.0,5.8,INFP,Nông nghiệp & Môi trường,Thú y,4.9
STU0237,5.3,6.2,5.4,6.0,5.9,4.4,6.5,INTJ,Y tế & Sức khỏe,Quản lý bệnh viện,3.0
STU0552,5.0,6.0,5.0,4.9,4.7,5.1,5.2,ESFJ,Kinh tế & Quản lý,Kinh tế quốc tế,1.9
STU0521,8.7,7.3,9.2,6.9,5.8,5.9,6.7,ENTJ,Kinh tế & Quản lý,Kiểm toán,4.2
STU1660,5.8,9.2,8.4,5.9,5.9,6.7,9.1,ISTJ,Luật & Xã hội,Luật quốc tế,4.4
STU1233,7.0,9.9,8.8,5.8,6.5,5.9,8.0,ENTP,Truyền thông & Báo chí,Truyền thông đa phương tiện,4.8
STU1139,5.7,10.0,8.4,6.8,5.2,6.9,8.1,ENTP,Truyền thông & Báo chí,Quan hệ công chúng,4.6
STU0721,6.4,8.9,7.8,5.4,6.7,5.8,8.6,INFJ,Sư phạm & Giáo dục,Tâm lý học giáo dục,4.5
STU1903,7.5,6.5,6.1,5.7,7.3,9.2,6.9,ISTJ,Nông nghiệp & Môi trường,Công nghệ sau thu hoạch,4.9
STU2205,8.2,6.0,5.4,8.9,6.3,5.8,6.6,ISTP,Xây dựng & Quy hoạch,Kỹ thuật cấp thoát nước,4.2
STU0059,8.8,5.6,9.7,8.2,7.5,5.5,5.8,INTP,Công nghệ Thông tin & Kỹ thuật Máy tính,Thiết kế vi mạch,4.2
STU0632,5.6,9.3,7.2,6.0,7.0,5.8,9.5,ISFJ,Sư phạm & Giáo dục,Sư phạm Toán học,4.2
STU1182,6.9,9.8,9.5,5.1,5.8,5.9,8.0,ENTP,Truyền thông & Báo chí,Truyền thông đại chúng,4.5
STU1641,4.4,6.3,4.9,5.0,6.1,5.4,5.5,INTJ,Luật & Xã hội,Luật,2.8
STU0593,8.3,7.2,9.5,5.7,6.3,5.4,5.8,ENTJ,Kinh tế & Quản lý,Tài chính - Ngân hàng,4.7
STU2173,8.9,6.1,6.3,8.5,6.2,5.8,6.2,ISTP,Xây dựng & Quy hoạch,Địa kỹ thuật xây dựng,4.5
STU0940,6.4,8.8,9.8,5.5,5.0,6.7,8.8,INTP,Ngôn ngữ & Văn hóa,Quốc tế học,4.7
STU2322,6.8,7.6,9.4,6.4,5.2,5.5,8.9,ENFP,Du lịch & Dịch vụ,Quản trị nhà hàng và dịch vụ ăn uống,4.9
STU1250,5.9,6.9,5.3,4.9,5.4,4.6,4.1,INFJ,Nghệ thuật & Thiết kế,Thanh nhạc,2.9
STU0905,7.0,8.4,9.1,6.3,6.8,6.4,7.3,ISFP,Ngôn ngữ & Văn hóa,Ngôn ngữ học,4.2
STU1941,8.0,6.2,5.9,6.3,8.4,7.9,6.9,ISTJ,Nông nghiệp & Môi trường,Thú y,4.5
STU2395,5.8,8.3,8.0,5.8,5.7,6.4,8.2,ENFP,Du lịch & Dịch vụ,Quản lý thể dục thể thao,4.6
STU1539,6.5,9.5,7.7,6.3,6.8,5.2,9.7,INTJ,Luật & Xã hội,Công tác xã hội,4.3
STU1419,6.1,5.6,4.3,4.5,6.8,4.0,6.3,ENFP,Nghệ thuật & Thiết kế,Thanh nhạc,2.9
STU1852,8.5,6.7,6.2,9.2,7.6,6.2,6.7,ISTJ,"Kỹ thuật, Cơ khí & Ô tô",Kỹ thuật cơ điện tử,4.0
STU2179,9.4,6.5,6.3,8.2,6.1,6.2,5.4,ESTJ,Xây dựng & Quy hoạch,Công nghệ kỹ thuật công trình xây dựng,4.0
STU0707,6.8,9.7,8.7,6.0,6.8,6.3,8.5,ISFJ,Sư phạm & Giáo dục,Tâm lý học giáo dục,4.7
STU1023,5.6,9.1,9.2,5.7,5.1,5.3,8.9,INFP,Ngôn ngữ & Văn hóa,Tiếng Việt và văn hoá Việt Nam,3.9
STU0746,5.9,9.7,7.7,6.5,5.4,6.2,8.4,ESFJ,Sư phạm & Giáo dục,Sư phạm Ngữ văn,4.5
STU1850,6.5,5.7,4.5,4.4,5.8,5.6,5.6,ENFJ,"Kỹ thuật, Cơ khí & Ô tô",Kỹ thuật điều khiển và tự động hóa,2.2
STU1423,6.2,8.6,5.3,5.4,5.7,6.5,7.8,INFP,Nghệ thuật & Thiết kế,Thanh nhạc,3.9
STU0514,8.1,8.7,9.6,6.2,6.7,5.6,5.3,ESTJ,Kinh tế & Quản lý,Hệ thống thông tin quản lý,4.3
STU0082,8.7,5.4,9.0,8.4,7.9,6.3,5.3,INTJ,Công nghệ Thông tin & Kỹ thuật Máy tính,Công nghệ thông tin,4.6
STU2212,9.1,6.0,5.2,8.2,6.5,6.7,6.2,ESTJ,Xây dựng & Quy hoạch,Địa kỹ thuật xây dựng,4.9
STU0915,6.9,8.1,9.8,5.5,5.8,6.5,7.4,INFP,Ngôn ngữ & Văn hóa,Ngôn ngữ Trung Quốc,4.6
STU2298,5.4,8.0,9.2,6.1,5.2,6.5,8.9,ESTP,Du lịch & Dịch vụ,Quản trị nhà hàng và dịch vụ ăn uống,4.0
STU1813,8.0,5.4,5.6,9.9,7.0,5.2,5.9,ESTP,"Kỹ thuật, Cơ khí & Ô tô",Kỹ thuật cơ khí,4.1
STU0151,8.7,6.5,8.6,8.2,7.4,5.6,5.7,ISTJ,Công nghệ Thông tin & Kỹ thuật Máy tính,An toàn thông tin,4.7
STU0775,4.2,5.3,4.8,6.1,4.4,6.3,5.9,ESTJ,Sư phạm & Giáo dục,Sư phạm Tiếng Anh,2.0
STU0330,8.8,5.3,5.1,7.0,8.5,8.6,6.2,INFJ,Y tế & Sức khỏe,Y học dự phòng,4.0
STU0007,10.0,5.3,7.5,9.7,7.8,6.2,5.9,ISTJ,Công nghệ Thông tin & Kỹ thuật Máy tính,Khoa học Máy tính,4.8
STU0944,5.6,9.2,9.1,5.9,6.3,5.3,7.8,INTP,Ngôn ngữ & Văn hóa,Tiếng Việt và văn hoá Việt Nam,4.2
STU1591,6.0,8.7,7.6,5.4,6.3,5.2,9.5,ENTJ,Luật & Xã hội,Chính trị học,4.2
STU0735,6.8,9.1,8.9,5.4,5.6,6.8,9.5,INFJ,Sư phạm & Giáo dục,Sư phạm Tin học,4.6
STU0910,6.8,6.0,4.0,5.8,5.0,5.1,4.9,ESFJ,Ngôn ngữ & Văn hóa,Ngôn ngữ Nhật,1.5
STU0469,8.7,7.5,8.2,6.4,5.3,6.7,6.0,ENTJ,Kinh tế & Quản lý,Kinh doanh quốc tế,4.5
STU0182,8.7,5.5,9.3,9.4,6.4,6.2,5.1,INTP,Công nghệ Thông tin & Kỹ thuật Máy tính,Thiết kế vi mạch,4.3
STU0165,8.8,5.3,8.9,8.8,7.6,5.7,5.0,INTP,Công nghệ Thông tin & Kỹ thuật Máy tính,Kỹ thuật phần mềm,4.5
STU0452,9.2,8.1,9.9,5.3,6.0,5.5,6.8,ESTJ,Kinh tế & Quản lý,Quản trị kinh doanh,3.9
STU0491,8.9,8.0,9.7,5.2,6.5,6.3,5.3,ESTP,Kinh tế & Quản lý,Kinh doanh quốc tế,4.9
STU1394,6.5,8.2,5.8,5.3,5.9,6.1,7.4,ISFP,Nghệ thuật & Thiết kế,Thanh nhạc,4.1
STU1144,5.3,9.7,9.3,6.9,5.5,5.9,8.4,ENFP,Truyền thông & Báo chí,Truyền thông đại chúng,4.2
STU2153,8.4,6.2,6.1,9.2,6.7,6.4,6.3,ESTJ,Xây dựng & Quy hoạch,Kỹ thuật cấp thoát nước,4.5
STU1112,6.7,9.9,9.3,6.8,5.6,5.3,8.0,ESFP,Truyền thông & Báo chí,Truyền thông đa phương tiện,4.8
STU2377,5.6,8.2,9.0,5.7,6.4,6.2,8.1,ENFP,Du lịch & Dịch vụ,Quản lý thể dục thể thao,4.5
STU1311,5.6,8.4,6.9,6.6,5.6,6.5,7.4,INFJ,Nghệ thuật & Thiết kế,Thiết kế công nghiệp,4.0
STU1484,4.6,4.4,5.8,5.2,4.9,5.4,6.1,INTP,Luật & Xã hội,Luật quốc tế,3.1
STU1710,9.0,5.6,5.8,9.3,7.9,5.1,6.1,ESTP,"Kỹ thuật, Cơ khí & Ô tô",Robot và Trí tuệ nhân tạo,4.3
STU1478,5.5,9.4,8.2,5.1,6.0,5.9,9.8,INTJ,Luật & Xã hội,Quản lý nhà nước,4.6
STU1513,5.6,8.6,7.8,5.3,5.8,5.9,9.3,ENTJ,Luật & Xã hội,Xã hội học,4.9
STU1845,9.1,5.4,5.0,9.1,7.0,6.0,6.8,ESTP,"Kỹ thuật, Cơ khí & Ô tô",Kỹ thuật điện tử - viễn thông,4.5
STU2217,9.3,5.6,6.7,8.2,7.8,5.5,5.4,ESTJ,Xây dựng & Quy hoạch,Kỹ thuật xây dựng,4.7
STU2285,8.2,5.0,5.4,8.6,7.6,6.3,5.3,ESTJ,Xây dựng & Quy hoạch,Quản lý xây dựng,4.9
STU0328,9.1,6.3,6.2,6.4,9.9,9.7,6.4,INFJ,Y tế & Sức khỏe,Y học cổ truyền,4.3
STU0443,9.8,8.8,9.9,5.7,5.6,5.2,5.7,ESTP,Kinh tế & Quản lý,Kiểm toán,4.8
STU1819,8.4,5.3,5.8,8.6,8.4,5.4,6.9,ESTP,"Kỹ thuật, Cơ khí & Ô tô",Kỹ thuật cơ khí,4.0
STU1379,5.2,8.5,7.0,5.3,6.8,6.4,7.3,INFJ,Nghệ thuật & Thiết kế,Đạo diễn Điện ảnh - Truyền hình,4.6
STU0833,6.8,9.0,9.7,6.1,5.2,6.7,8.1,ISFP,Ngôn ngữ & Văn hóa,Ngôn ngữ Hàn Quốc,3.9
STU1895,7.3,6.1,5.7,6.9,8.1,7.6,6.7,ISFJ,Nông nghiệp & Môi trường,Công nghệ thực phẩm,4.9
STU1887,8.2,6.7,5.4,5.1,8.9,7.6,5.2,INFP,Nông nghiệp & Môi trường,Lâm nghiệp đô thị,4.0
STU1309,6.3,7.6,6.9,5.7,6.2,6.2,6.6,INFJ,Nghệ thuật & Thiết kế,Thiết kế công nghiệp,4.9
STU0087,9.0,6.3,9.2,9.3,6.3,6.2,5.3,ISTJ,Công nghệ Thông tin & Kỹ thuật Máy tính,An toàn thông tin,4.1
STU2437,6.1,8.5,8.7,5.4,6.7,6.6,8.8,ESTP,Du lịch & Dịch vụ,Quản trị dịch vụ du lịch và lữ hành,4.5
STU0778,5.9,8.5,8.1,6.1,6.2,6.5,9.8,INFJ,Sư phạm & Giáo dục,Sư phạm Tin học,4.2
STU2038,7.9,6.3,6.6,6.4,8.4,8.9,5.8,ISFP,Nông nghiệp & Môi trường,Khoa học môi trường,4.5
STU0055,9.9,6.0,10.0,9.7,6.6,6.1,6.1,ISTP,Công nghệ Thông tin & Kỹ thuật Máy tính,Khoa học dữ liệu,4.5
STU1871,4.2,4.9,6.3,6.2,6.5,6.2,5.8,ISFJ,"Kỹ thuật, Cơ khí & Ô tô",Kỹ thuật cơ điện tử,1.9
STU1288,5.0,7.9,5.9,6.4,6.0,6.1,7.1,INFJ,Nghệ thuật & Thiết kế,Điêu khắc,3.8
STU1922,6.6,6.9,5.6,6.7,8.9,8.2,5.0,ISFJ,Nông nghiệp & Môi trường,Nuôi trồng thủy sản,3.9
STU1868,8.3,6.4,6.7,9.7,7.8,5.2,6.9,INTJ,"Kỹ thuật, Cơ khí & Ô tô",Kỹ thuật điện tử - viễn thông,4.8
STU1246,5.8,9.9,8.8,5.8,5.7,5.7,7.9,ESFP,Truyền thông & Báo chí,Truyền thông đại chúng,4.2
STU0114,8.7,6.1,8.5,10.0,8.0,5.6,7.0,ENTP,Công nghệ Thông tin & Kỹ thuật Máy tính,Khoa học Máy tính,4.5
STU2338,5.9,7.8,8.8,6.9,5.8,6.0,8.8,ENFP,Du lịch & Dịch vụ,Du lịch,4.6
STU0988,5.6,4.6,4.3,4.9,4.9,4.5,6.3,ENFJ,Ngôn ngữ & Văn hóa,Ngôn ngữ Nhật,2.5
STU1880,5.7,5.5,5.9,4.7,5.5,4.4,5.1,INFP,Nông nghiệp & Môi trường,Công nghệ sinh học,2.2
STU1568,6.1,9.0,7.6,6.2,6.7,5.7,8.8,INTJ,Luật & Xã hội,Tâm lý học,4.1
STU1010,5.8,8.9,9.6,6.3,5.1,5.4,8.6,INTP,Ngôn ngữ & Văn hóa,Ngôn ngữ Hàn Quốc,4.7
STU1199,6.5,8.8,9.4,6.2,6.7,5.3,7.1,ENTP,Truyền thông & Báo chí,Thông tin - thư viện,4.6
STU0590,9.0,9.0,9.4,5.9,6.2,5.2,5.1,ESTP,Kinh tế & Quản lý,Kinh tế quốc tế,4.0
STU0769,5.1,9.3,7.5,5.7,5.9,7.0,9.0,INFJ,Sư phạm & Giáo dục,Tâm lý học giáo dục,4.6
STU0018,9.8,6.2,8.4,9.8,6.4,6.0,5.3,ISTJ,Công nghệ Thông tin & Kỹ thuật Máy tính,Khoa học dữ liệu,4.9
STU1043,5.6,9.2,8.3,5.7,6.9,5.2,9.0,ENFP,Truyền thông & Báo chí,Báo chí,4.9
STU2034,8.0,6.6,6.7,6.5,7.4,8.6,6.6,INFP,Nông nghiệp & Môi trường,Khoa học cây trồng,4.0
STU0286,9.5,6.0,6.1,6.0,9.2,9.5,5.3,ISFJ,Y tế & Sức khỏe,Dược học,3.9
STU0429,4.5,4.9,6.9,4.6,5.9,6.9,4.2,ENFP,Kinh tế & Quản lý,Kế toán,2.6
STU1740,6.2,4.6,4.9,4.8,5.9,4.8,5.5,INFP,"Kỹ thuật, Cơ khí & Ô tô",Kỹ thuật điện tử - viễn thông,2.5
STU0670,5.6,8.9,7.9,5.4,5.3,6.1,9.9,ENFJ,Sư phạm & Giáo dục,Sư phạm Vật lý,4.6
STU0032,9.2,5.3,9.6,8.1,7.0,5.1,5.8,ENTP,Công nghệ Thông tin & Kỹ thuật Máy tính,Mạng máy tính và truyền thông dữ liệu,4.2
STU0723,6.0,5.6,5.1,4.6,4.5,5.6,6.6,INFJ,Sư phạm & Giáo dục,Sư phạm Tin học,1.8
STU0952,6.4,6.3,4.7,6.4,5.3,4.8,6.8,ESTP,Ngôn ngữ & Văn hóa,Tiếng Việt và văn hoá Việt Nam,2.7
STU2477,5.0,8.3,9.0,6.0,5.0,5.5,8.6,ESTP,Du lịch & Dịch vụ,Du lịch,4.6
STU0215,9.3,5.9,6.8,5.8,8.7,9.0,5.7,ISFJ,Y tế & Sức khỏe,Kỹ thuật phục hồi chức năng,4.5
STU1785,9.2,6.0,5.8,9.9,8.3,6.5,5.9,ISTP,"Kỹ thuật, Cơ khí & Ô tô",Kỹ thuật cơ điện tử,4.7
STU1165,5.0,9.4,9.5,6.9,6.3,6.5,8.2,ENFP,Truyền thông & Báo chí,Thông tin - thư viện,4.7
STU0327,9.1,5.7,5.8,5.3,9.4,9.1,6.4,INFJ,Y tế & Sức khỏe,Quản lý bệnh viện,4.9
STU0561,9.0,8.2,8.9,6.1,5.9,5.3,6.9,ESTJ,Kinh tế & Quản lý,Quản trị kinh doanh,4.4
STU1087,6.5,9.4,8.3,5.4,5.6,6.7,7.0,ENFP,Truyền thông & Báo chí,Lưu trữ học,4.9
STU1826,9.0,6.9,6.3,9.8,7.7,6.4,6.4,ESTP,"Kỹ thuật, Cơ khí & Ô tô",Kỹ thuật điều khiển và tự động hóa,4.1
STU0342,5.5,4.5,5.8,6.1,6.9,4.0,4.1,ENTJ,Y tế & Sức khỏe,Y học dự phòng,2.4
STU0148,9.4,6.2,9.2,9.7,7.4,5.2,5.3,INTP,Công nghệ Thông tin & Kỹ thuật Máy tính,Khoa học dữ liệu,4.2
STU1836,8.9,5.0,6.2,9.7,7.1,5.9,6.8,ISTJ,"Kỹ thuật, Cơ khí & Ô tô",Kỹ thuật cơ điện tử,4.6
STU1108,5.6,10.0,8.7,6.9,6.3,6.2,7.0,ENFP,Truyền thông & Báo chí,Thông tin - thư viện,4.0
STU0849,5.3,9.4,9.3,6.8,5.8,6.1,8.3,INTP,Ngôn ngữ & Văn hóa,Ngôn ngữ học,3.9
STU0967,6.8,9.3,9.3,6.2,5.5,5.6,8.7,ISFP,Ngôn ngữ & Văn hóa,Ngôn ngữ Trung Quốc,4.4
STU1073,5.3,9.9,8.1,6.0,6.5,5.3,7.4,ENFP,Truyền thông & Báo chí,Quan hệ công chúng,4.6
STU0156,9.5,5.9,8.3,8.3,6.6,6.4,6.6,ISTP,Công nghệ Thông tin & Kỹ thuật Máy tính,Khoa học dữ liệu,4.5
STU1661,6.4,5.7,4.3,5.0,5.9,5.4,4.5,INTP,Luật & Xã hội,Chính trị học,1.8
STU1600,6.8,9.9,7.9,6.2,5.0,6.6,9.7,INFJ,Luật & Xã hội,Công tác xã hội,4.1
STU1003,5.4,8.8,9.2,5.5,5.1,6.7,7.7,INFP,Ngôn ngữ & Văn hóa,Ngôn ngữ Hàn Quốc,3.9
STU1840,5.6,5.4,5.6,5.5,6.8,5.6,4.6,ISTP,"Kỹ thuật, Cơ khí & Ô tô",Kỹ thuật cơ khí,3.3
STU2402,5.8,7.7,9.0,5.6,6.7,6.1,8.4,ESFP,Du lịch & Dịch vụ,Quản trị dịch vụ du lịch và lữ hành,4.1
STU2296,5.0,8.1,8.7,5.2,5.4,5.0,8.0,ENFP,Du lịch & Dịch vụ,Du lịch,4.4
STU2220,4.0,4.5,4.4,4.7,6.1,6.4,5.9,ISFP,Xây dựng & Quy hoạch,Kỹ thuật cấp thoát nước,2.1
STU2349,6.5,8.0,8.7,6.9,6.4,6.8,7.6,ESFP,Du lịch & Dịch vụ,Quản trị dịch vụ du lịch và lữ hành,4.2
STU1204,6.7,9.5,9.4,6.4,5.5,5.3,8.1,ENTP,Truyền thông & Báo chí,Lưu trữ học,4.0
STU1629,6.4,9.5,8.4,6.5,5.2,5.4,8.9,INFJ,Luật & Xã hội,Luật quốc tế,4.9
STU2342,6.6,7.1,8.5,6.1,5.8,6.4,8.1,ENFP,Du lịch & Dịch vụ,Quản lý thể dục thể thao,4.2
STU2047,6.5,6.1,7.0,5.9,8.5,9.5,6.7,ISTJ,Nông nghiệp & Môi trường,Công nghệ thực phẩm,4.5
STU1476,6.3,9.8,7.1,6.7,6.9,5.2,9.4,ISTJ,Luật & Xã hội,Luật kinh tế,4.7
STU2270,8.2,6.8,6.3,9.3,7.8,5.7,5.2,ISTJ,Xây dựng & Quy hoạch,Quản lý xây dựng,4.3
STU1974,8.5,6.4,5.9,5.1,8.9,8.0,5.7,ISTJ,Nông nghiệp & Môi trường,Nuôi trồng thủy sản,4.1
STU2239,8.1,6.8,5.9,8.1,6.9,6.2,5.7,ISTJ,Xây dựng & Quy hoạch,Quản lý xây dựng,4.6
STU0939,5.9,9.2,9.3,5.0,6.9,6.2,8.1,INFP,Ngôn ngữ & Văn hóa,Ngôn ngữ Hàn Quốc,4.1
STU2241,9.4,6.2,6.6,8.2,6.1,5.9,6.0,ISTP,Xây dựng & Quy hoạch,Kinh tế xây dựng,4.5
STU0347,9.1,6.6,5.6,6.7,9.7,9.0,5.2,INFJ,Y tế & Sức khỏe,Kỹ thuật phục hồi chức năng,4.0
STU2081,9.4,6.3,6.2,9.4,7.7,6.4,6.5,ISTP,Xây dựng & Quy hoạch,Kỹ thuật xây dựng,4.4
STU2471,6.3,8.1,8.3,5.5,6.3,5.4,7.6,ESFJ,Du lịch & Dịch vụ,Quản trị khách sạn,4.5
STU1415,5.4,8.8,6.4,5.2,5.7,6.4,7.0,INFP,Nghệ thuật & Thiết kế,Thiết kế thời trang,4.5
STU0386,8.9,7.0,6.2,6.7,8.8,9.7,5.9,INFJ,Y tế & Sức khỏe,Điều dưỡng,4.0
STU1577,5.8,9.6,7.1,6.3,7.0,5.2,9.4,ENTJ,Luật & Xã hội,Xã hội học,3.8
STU1633,6.3,9.9,7.5,5.7,5.1,5.1,9.3,INTJ,Luật & Xã hội,Luật kinh tế,4.1
STU0244,5.8,6.7,5.5,6.5,5.6,4.9,6.2,ESFJ,Y tế & Sức khỏe,Kỹ thuật phục hồi chức năng,3.5
STU1707,8.7,6.1,6.5,9.4,7.9,5.5,6.2,ISTJ,"Kỹ thuật, Cơ khí & Ô tô",Robot và Trí tuệ nhân tạo,4.4
STU0937,4.1,4.7,6.1,4.5,5.8,5.7,4.8,ENTP,Ngôn ngữ & Văn hóa,Tiếng Việt và văn hoá Việt Nam,2.5
STU2143,8.0,5.2,6.5,9.4,7.0,6.0,6.9,ESTJ,Xây dựng & Quy hoạch,Địa kỹ thuật xây dựng,5.0
STU0313,9.9,5.4,5.8,5.7,9.3,10.0,5.9,ISFP,Y tế & Sức khỏe,Kỹ thuật phục hồi chức năng,4.9
STU2457,6.3,4.3,4.3,6.2,5.4,4.7,4.7,INTJ,Du lịch & Dịch vụ,Quản trị khách sạn,1.8
STU2336,6.5,8.1,8.9,7.0,5.1,6.9,7.6,ESTP,Du lịch & Dịch vụ,Quản trị dịch vụ du lịch và lữ hành,3.9
STU1333,5.4,8.8,5.3,5.5,5.3,5.1,8.2,INFJ,Nghệ thuật & Thiết kế,Hội họa,5.0
STU0969,6.7,9.0,9.2,6.6,6.5,6.3,7.6,INTP,Ngôn ngữ & Văn hóa,Ngôn ngữ học,3.8
STU0661,6.7,9.5,7.0,6.4,5.3,5.7,8.9,ENFJ,Sư phạm & Giáo dục,Tâm lý học giáo dục,4.7
STU0936,6.6,8.5,9.4,5.8,6.0,6.4,7.5,INFP,Ngôn ngữ & Văn hóa,Ngôn ngữ Trung Quốc,4.3
STU0371,9.3,5.5,6.3,6.5,9.5,9.7,7.0,ISFP,Y tế & Sức khỏe,Kỹ thuật phục hồi chức năng,4.4
STU0567,9.3,7.0,8.9,6.3,6.6,6.7,6.3,ENTP,Kinh tế & Quản lý,Quản trị kinh doanh,4.6
STU1952,6.9,4.4,6.0,6.3,4.0,5.3,4.1,INFJ,Nông nghiệp & Môi trường,Khoa học môi trường,2.6
STU0825,6.8,8.9,7.6,6.7,5.5,6.6,9.6,ESFJ,Sư phạm & Giáo dục,Sư phạm Tin học,3.9
STU0983,6.9,8.3,9.8,7.0,5.0,6.0,8.1,INTP,Ngôn ngữ & Văn hóa,Ngôn ngữ Hàn Quốc,4.0
STU1973,5.0,5.2,6.0,5.8,6.2,6.0,4.5,ISFP,Nông nghiệp & Môi trường,Khoa học môi trường,2.8
STU1468,6.5,9.9,7.7,5.2,5.4,6.6,9.8,ISTJ,Luật & Xã hội,Luật,4.8
STU2145,8.4,5.5,6.0,9.0,7.7,5.9,6.7,ISTP,Xây dựng & Quy hoạch,Địa kỹ thuật xây dựng,5.0
STU0814,5.7,8.7,8.6,6.9,6.9,6.9,9.4,ESFJ,Sư phạm & Giáo dục,Giáo dục Tiểu học,4.0
STU0779,5.3,9.4,7.5,5.9,5.6,6.5,9.7,ESFJ,Sư phạm & Giáo dục,Giáo dục Tiểu học,4.9
STU1321,5.1,7.6,6.4,6.6,6.0,5.8,7.9,INFP,Nghệ thuật & Thiết kế,Điêu khắc,4.0
STU1518,6.5,8.5,7.7,5.2,6.9,5.5,9.1,INTJ,Luật & Xã hội,Quản lý nhà nước,4.2
STU1053,5.3,9.1,9.1,6.6,6.9,6.4,8.4,ENTP,Truyền thông & Báo chí,Truyền thông đa phương tiện,4.9
STU1809,9.3,6.8,6.2,9.7,7.6,6.6,5.3,ISTJ,"Kỹ thuật, Cơ khí & Ô tô",Robot và Trí tuệ nhân tạo,4.0
STU1014,6.6,8.6,9.9,6.6,5.6,7.0,7.6,ISFP,Ngôn ngữ & Văn hóa,Ngôn ngữ Trung Quốc,4.2
STU2191,8.9,6.2,5.6,8.3,7.7,5.7,6.6,ESTJ,Xây dựng & Quy hoạch,Kinh tế xây dựng,4.1
STU2068,7.7,6.7,5.3,5.6,8.0,8.8,6.5,ISTJ,Nông nghiệp & Môi trường,Nông nghiệp,4.7
STU1749,9.1,6.0,6.2,9.3,7.7,5.2,6.1,ISTJ,"Kỹ thuật, Cơ khí & Ô tô",Kỹ thuật cơ khí,4.5
STU0127,8.5,5.0,9.2,9.3,6.2,5.7,6.2,ENTP,Công nghệ Thông tin & Kỹ thuật Máy tính,Kỹ thuật phần mềm,4.4
STU0888,5.9,8.7,9.9,6.3,6.1,6.2,7.4,INFP,Ngôn ngữ & Văn hóa,Ngôn ngữ học,3.9
STU2023,7.2,6.5,6.7,6.0,8.1,8.9,5.7,ISTJ,Nông nghiệp & Môi trường,Công nghệ sau thu hoạch,4.1
STU1348,6.3,7.6,7.0,5.2,5.1,5.6,7.1,ISFP,Nghệ thuật & Thiết kế,Kiến trúc,4.3
STU1008,5.6,9.0,9.0,5.8,5.1,5.9,8.8,INTP,Ngôn ngữ & Văn hóa,Ngôn ngữ Hàn Quốc,4.8
STU0356,9.3,5.8,5.7,6.6,8.9,9.5,5.9,ISFP,Y tế & Sức khỏe,Điều dưỡng,4.5
STU1004,6.1,8.8,9.6,6.0,6.7,5.3,8.2,INTP,Ngôn ngữ & Văn hóa,Tiếng Việt và văn hoá Việt Nam,4.1
STU0683,6.0,9.4,8.3,6.5,5.9,6.1,9.3,ENFJ,Sư phạm & Giáo dục,Giáo dục Mầm non,4.0
STU0828,6.9,9.1,7.4,6.2,6.8,6.4,9.4,ESFJ,Sư phạm & Giáo dục,Sư phạm Tin học,4.7
STU1488,5.0,9.4,7.0,6.8,5.2,6.3,9.4,INTJ,Luật & Xã hội,Tâm lý học,4.3
STU0985,5.2,9.1,9.2,6.4,6.2,6.6,7.5,INTP,Ngôn ngữ & Văn hóa,Đông phương học,3.8
STU1234,6.3,8.6,9.2,6.1,6.8,6.4,7.7,ENTP,Truyền thông & Báo chí,Quan hệ công chúng,4.1
STU2118,8.5,6.2,7.0,8.2,6.5,6.3,7.0,ESTJ,Xây dựng & Quy hoạch,Kinh tế xây dựng,4.4
STU0141,8.9,6.1,8.1,8.4,7.4,6.9,6.2,ISTP,Công nghệ Thông tin & Kỹ thuật Máy tính,Kỹ thuật phần mềm,4.2
STU0218,9.5,5.3,6.1,6.9,9.3,9.8,6.4,ISFP,Y tế & Sức khỏe,Răng - Hàm - Mặt,4.1
STU2452,6.3,7.5,9.3,6.4,5.4,6.5,8.2,ESFP,Du lịch & Dịch vụ,Quản lý thể dục thể thao,4.6
STU1651,6.5,9.0,7.8,5.8,5.1,5.6,9.4,INTJ,Luật & Xã hội,Luật,4.6
STU2459,6.0,7.3,8.3,5.5,6.3,6.5,7.9,ENFP,Du lịch & Dịch vụ,Du lịch,4.0
STU2269,8.0,5.9,5.4,9.2,7.9,5.8,6.4,ESTJ,Xây dựng & Quy hoạch,Quản lý xây dựng,4.1
STU1450,6.1,8.2,5.9,7.0,6.2,5.1,6.5,INFJ,Nghệ thuật & Thiết kế,Thiết kế công nghiệp,4.2
STU0023,6.4,5.4,4.9,6.4,4.7,4.1,4.6,INFP,Công nghệ Thông tin & Kỹ thuật Máy tính,Khoa học dữ liệu,2.8
STU0712,6.4,8.9,8.5,5.5,6.0,5.1,8.8,ISFJ,Sư phạm & Giáo dục,Tâm lý học giáo dục,4.0
STU1158,5.2,9.7,8.3,7.0,5.9,6.9,7.0,ENTP,Truyền thông & Báo chí,Báo chí,3.8
STU1466,5.1,10.0,7.2,6.8,6.6,5.2,9.4,ISTJ,Luật & Xã hội,Xã hội học,4.4
STU0872,5.3,8.9,9.1,6.7,5.0,5.0,8.9,INTP,Ngôn ngữ & Văn hóa,Ngôn ngữ Hàn Quốc,4.2
STU1458,5.8,8.6,8.1,5.7,6.0,6.6,8.5,INTJ,Luật & Xã hội,Chính trị học,4.8
STU0011,4.7,5.0,5.8,4.7,4.7,4.2,5.9,INTP,Công nghệ Thông tin & Kỹ thuật Máy tính,Công nghệ thông tin,3.0
STU1736,8.0,5.9,5.9,9.0,7.2,6.8,6.6,ISTP,"Kỹ thuật, Cơ khí & Ô tô",Kỹ thuật cơ điện tử,4.9
STU2353,5.3,4.2,4.4,6.5,6.8,5.5,5.5,ENTJ,Du lịch & Dịch vụ,Quản lý thể dục thể thao,2.0
STU1692,8.9,5.3,5.6,8.9,8.1,5.1,6.3,ISTP,"Kỹ thuật, Cơ khí & Ô tô",Kỹ thuật cơ điện tử,4.6
STU1316,6.2,8.8,7.0,6.7,5.2,6.9,6.5,ISFP,Nghệ thuật & Thiết kế,Thiết kế thời trang,4.7
STU0755,6.5,6.2,5.3,5.2,4.2,5.5,6.2,ESFP,Sư phạm & Giáo dục,Sư phạm Vật lý,3.2
STU0627,5.7,8.9,7.3,5.1,6.7,6.9,8.4,INFJ,Sư phạm & Giáo dục,Sư phạm Toán học,4.9
STU1724,9.2,5.1,5.6,9.3,7.6,5.6,5.2,ISTP,"Kỹ thuật, Cơ khí & Ô tô",Kỹ thuật điện tử - viễn thông,3.9
STU1601,5.6,9.0,7.9,6.7,6.2,5.9,8.7,INFJ,Luật & Xã hội,Luật,4.5
STU0130,9.6,6.8,9.7,9.0,7.1,6.7,5.9,INTP,Công nghệ Thông tin & Kỹ thuật Máy tính,Công nghệ thông tin,3.9
STU0844,5.2,8.5,9.2,6.1,6.4,6.0,7.9,INTP,Ngôn ngữ & Văn hóa,Ngôn ngữ Trung Quốc,4.8
STU0324,6.0,6.0,6.7,5.1,4.3,4.9,6.7,ESTJ,Y tế & Sức khỏe,Quản lý bệnh viện,1.6
STU1690,8.9,6.5,5.7,9.0,7.9,6.0,5.9,ISTJ,"Kỹ thuật, Cơ khí & Ô tô",Kỹ thuật điều khiển và tự động hóa,4.3
STU1445,5.0,7.7,6.6,6.3,6.7,6.7,8.2,INFJ,Nghệ thuật & Thiết kế,Điêu khắc,5.0
STU1285,5.1,6.1,6.5,5.6,6.3,5.8,5.1,ESTJ,Nghệ thuật & Thiết kế,Kiến trúc,2.6
STU2418,6.7,7.6,9.2,5.8,5.4,5.6,8.6,ESFP,Du lịch & Dịch vụ,Quản trị dịch vụ du lịch và lữ hành,4.1
STU0015,9.5,5.0,8.0,9.0,6.5,5.6,6.4,ENTP,Công nghệ Thông tin & Kỹ thuật Máy tính,An toàn thông tin,4.9
STU2040,6.1,6.3,6.4,6.7,6.7,4.6,4.6,ENFP,Nông nghiệp & Môi trường,Công nghệ sinh học,2.6
STU0216,9.9,6.1,5.3,6.8,9.6,8.9,5.1,ISFJ,Y tế & Sức khỏe,Dược học,4.7
STU1621,5.7,9.4,7.4,6.0,6.7,6.3,10.0,ENTJ,Luật & Xã hội,Xã hội học,4.2
STU2097,8.3,6.0,6.5,8.5,7.7,6.2,6.8,ESTJ,Xây dựng & Quy hoạch,Công nghệ kỹ thuật công trình xây dựng,4.3
STU1183,6.9,8.5,8.6,5.6,6.2,6.9,7.9,ENFP,Truyền thông & Báo chí,Báo chí,4.7
STU1654,6.3,9.4,8.1,6.9,5.1,6.1,8.6,ISTJ,Luật & Xã hội,Luật,4.0
STU1558,5.0,8.6,7.6,5.5,6.0,5.9,9.3,ISTJ,Luật & Xã hội,Luật quốc tế,4.8
STU0865,5.3,9.4,9.7,6.2,5.3,6.1,9.0,ISFP,Ngôn ngữ & Văn hóa,Ngôn ngữ Hàn Quốc,4.9
STU0517,8.9,8.6,8.8,5.5,5.1,6.0,5.7,ESTP,Kinh tế & Quản lý,Thương mại điện tử,3.9
STU0598,9.3,8.6,8.5,6.9,5.6,5.3,6.7,ENTJ,Kinh tế & Quản lý,Quản trị kinh doanh,4.1
STU0196,8.5,6.0,8.2,9.6,8.0,5.4,5.6,INTP,Công nghệ Thông tin & Kỹ thuật Máy tính,Thiết kế vi mạch,4.2
STU1278,5.4,8.3,5.6,5.1,6.6,5.5,6.5,ISFP,Nghệ thuật & Thiết kế,Kiến trúc,4.5
STU0289,9.0,5.8,5.3,6.8,9.3,9.4,5.6,ISTJ,Y tế & Sức khỏe,Dược học,4.4
STU0951,5.4,9.5,9.6,6.3,5.2,6.3,8.7,ISFP,Ngôn ngữ & Văn hóa,Đông phương học,4.7
STU2347,6.9,5.1,4.9,5.7,5.3,6.1,4.0,ESFJ,Du lịch & Dịch vụ,Quản trị khách sạn,3.0
STU2051,6.6,6.5,6.0,6.0,8.8,7.5,6.0,INFP,Nông nghiệp & Môi trường,Nuôi trồng thủy sản,4.2
STU2378,7.0,7.4,8.6,5.6,5.0,5.8,7.8,ESFJ,Du lịch & Dịch vụ,Quản trị dịch vụ du lịch và lữ hành,4.2
STU1121,5.4,9.5,8.2,6.5,6.4,5.7,8.6,ENTP,Truyền thông & Báo chí,Truyền thông đa phương tiện,4.2
STU2096,8.2,6.8,6.6,8.3,6.4,5.2,6.9,ESTJ,Xây dựng & Quy hoạch,Công nghệ kỹ thuật công trình xây dựng,4.2
STU0550,9.6,9.0,8.4,5.2,6.1,5.4,5.4,ESTJ,Kinh tế & Quản lý,Tài chính - Ngân hàng,4.0
STU0157,8.6,7.0,9.3,9.9,8.0,6.8,6.4,ENTP,Công nghệ Thông tin & Kỹ thuật Máy tính,An toàn thông tin,4.7
STU0420,8.8,8.4,9.0,6.4,5.4,7.0,6.0,ENTJ,Kinh tế & Quản lý,Kế toán,4.0
STU0923,6.5,9.1,9.6,5.6,6.5,5.9,8.6,INFP,Ngôn ngữ & Văn hóa,Ngôn ngữ học,4.6
STU1638,6.3,9.9,7.7,6.4,5.7,5.1,9.1,INFJ,Luật & Xã hội,Luật quốc tế,4.3
STU0478,8.2,8.9,9.5,7.0,5.2,5.1,5.7,ENTP,Kinh tế & Quản lý,Thương mại điện tử,4.5
STU1602,6.5,8.6,7.7,5.5,5.9,5.5,9.0,INTJ,Luật & Xã hội,Luật,4.3
STU1645,5.7,8.8,7.3,5.6,5.3,6.3,9.2,INFJ,Luật & Xã hội,Luật,4.5
STU1472,5.0,9.5,7.9,6.0,5.2,5.3,9.2,INTJ,Luật & Xã hội,Xã hội học,4.8
STU0554,8.0,7.1,8.7,6.3,5.0,6.3,6.9,ENTP,Kinh tế & Quản lý,Tài chính - Ngân hàng,4.3
STU1203,5.6,8.6,9.5,5.4,6.7,5.8,7.5,ENFP,Truyền thông & Báo chí,Truyền thông đại chúng,4.2
STU0391,8.9,5.5,5.8,6.0,9.6,9.6,5.9,ISTJ,Y tế & Sức khỏe,Dược học,4.5
STU0579,9.7,7.2,9.3,5.5,6.3,5.2,5.6,ENTP,Kinh tế & Quản lý,Marketing,4.9
STU2310,6.5,8.1,9.4,5.5,6.8,5.9,8.8,ESFJ,Du lịch & Dịch vụ,Quản trị nhà hàng và dịch vụ ăn uống,3.9
STU1640,6.0,9.3,7.7,6.9,5.0,6.1,9.3,INTJ,Luật & Xã hội,Chính trị học,4.0
STU2263,8.8,6.4,6.8,8.6,6.2,5.0,6.4,ESTJ,Xây dựng & Quy hoạch,Kỹ thuật cấp thoát nước,4.2
STU0821,6.5,6.9,5.3,5.9,6.6,4.8,6.2,ENTJ,Sư phạm & Giáo dục,Tâm lý học giáo dục,3.0
STU2388,5.3,7.2,8.3,5.4,5.8,5.0,9.0,ESFJ,Du lịch & Dịch vụ,Du lịch,3.9
STU1007,4.3,6.4,5.8,5.7,5.4,5.5,6.7,ISFP,Ngôn ngữ & Văn hóa,Ngôn ngữ Anh,2.9
STU1249,5.9,7.5,6.0,6.4,6.6,5.8,8.1,ISFP,Nghệ thuật & Thiết kế,Thiết kế công nghiệp,4.1
STU2107,9.0,5.7,5.4,8.7,6.6,5.3,5.3,ISTP,Xây dựng & Quy hoạch,Quản lý xây dựng,4.7
STU0665,5.4,10.0,7.3,6.9,6.8,6.4,9.8,ISFJ,Sư phạm & Giáo dục,Giáo dục Mầm non,4.7
STU2211,9.0,6.6,6.4,8.1,7.2,5.7,5.7,ESTJ,Xây dựng & Quy hoạch,Công nghệ kỹ thuật công trình xây dựng,4.3
STU0143,8.6,6.7,8.0,8.3,7.1,5.0,5.3,INTP,Công nghệ Thông tin & Kỹ thuật Máy tính,Thiết kế vi mạch,4.9
STU2171,9.3,6.5,5.8,8.4,7.3,6.5,5.8,ESTJ,Xây dựng & Quy hoạch,Công nghệ kỹ thuật công trình xây dựng,3.9
STU1821,4.0,5.1,4.7,6.4,6.6,5.4,5.0,INFJ,"Kỹ thuật, Cơ khí & Ô tô",Kỹ thuật điện,2.0
STU0422,8.3,7.2,8.9,5.7,6.3,6.9,7.0,ENTP,Kinh tế & Quản lý,Hệ thống thông tin quản lý,4.5
STU0800,6.9,5.0,4.9,4.7,4.6,4.9,5.3,ENTP,Sư phạm & Giáo dục,Sư phạm Tiếng Anh,1.9
STU0616,6.4,5.4,4.9,5.9,6.5,4.5,6.4,INFJ,Kinh tế & Quản lý,Thương mại điện tử,2.3
STU1319,6.6,8.5,5.5,6.7,5.3,6.1,7.1,ISFP,Nghệ thuật & Thiết kế,Thiết kế thời trang,4.5
STU0296,9.2,6.1,6.0,6.3,9.0,8.9,6.1,ISFJ,Y tế & Sức khỏe,Kỹ thuật hình ảnh y học,4.6
STU0402,10.0,7.0,6.1,5.9,8.7,9.2,6.4,ISFP,Y tế & Sức khỏe,Dược học,4.0
STU0089,9.8,5.4,7.6,9.8,6.8,6.6,6.0,ENTP,Công nghệ Thông tin & Kỹ thuật Máy tính,Kỹ thuật phần mềm,4.2
STU2029,7.3,6.5,5.0,5.7,7.4,9.3,5.8,INFP,Nông nghiệp & Môi trường,Khoa học cây trồng,4.4
STU2456,5.1,6.2,6.9,4.9,6.4,6.5,5.6,ISFP,Du lịch & Dịch vụ,Quản trị khách sạn,2.7
STU0132,7.0,5.1,6.6,6.7,5.1,6.0,6.0,ENTP,Công nghệ Thông tin & Kỹ thuật Máy tính,Khoa học Máy tính,3.5
STU1570,6.8,8.8,8.0,6.8,5.8,6.4,9.4,INFJ,Luật & Xã hội,Chính trị học,4.0
STU1559,6.1,9.1,7.3,5.4,5.2,5.2,9.3,ISTJ,Luật & Xã hội,Luật kinh tế,4.7
STU2138,6.5,4.2,6.6,4.1,5.9,5.3,5.4,ESFP,Xây dựng & Quy hoạch,Quản lý xây dựng,3.3
STU1403,6.1,8.1,5.9,6.8,6.5,6.8,6.9,ISFP,Nghệ thuật & Thiết kế,Thiết kế thời trang,3.9
STU2049,7.9,6.7,6.5,5.1,8.3,8.7,5.5,INFP,Nông nghiệp & Môi trường,Công nghệ thực phẩm,4.0
STU2164,9.2,5.5,5.6,9.4,6.8,6.8,5.7,ESTJ,Xây dựng & Quy hoạch,Kinh tế xây dựng,5.0
STU1995,5.4,5.0,5.3,4.6,6.0,6.6,6.6,ENTP,Nông nghiệp & Môi trường,Nông nghiệp,2.3
STU0725,6.5,9.8,8.0,5.2,6.6,6.3,8.2,INFJ,Sư phạm & Giáo dục,Sư phạm Toán học,4.1
STU1315,5.3,8.3,7.0,5.2,5.4,5.4,8.0,INFJ,Nghệ thuật & Thiết kế,Điêu khắc,4.7
STU1763,8.5,5.6,5.9,10.0,8.2,5.5,6.6,ISTJ,"Kỹ thuật, Cơ khí & Ô tô",Kỹ thuật điện,4.5
STU0270,5.8,5.4,5.4,4.7,5.2,4.4,5.7,ENFJ,Y tế & Sức khỏe,Quản lý bệnh viện,3.4
STU1776,9.2,6.5,5.9,9.2,7.4,5.7,5.4,INTJ,"Kỹ thuật, Cơ khí & Ô tô",Kỹ thuật điện,4.2
STU2064,4.7,5.8,5.8,6.8,4.9,4.6,5.7,ESFJ,Nông nghiệp & Môi trường,Nuôi trồng thủy sản,1.8
STU1373,6.3,8.4,6.6,5.4,6.7,5.2,8.4,INFP,Nghệ thuật & Thiết kế,Thanh nhạc,4.2
STU0918,6.8,8.7,9.6,6.1,6.3,5.9,8.9,ISFP,Ngôn ngữ & Văn hóa,Ngôn ngữ Nhật,4.9
STU1607,6.9,8.5,7.9,6.1,6.6,6.1,9.7,INFJ,Luật & Xã hội,Xã hội học,4.2
STU1320,5.1,7.6,6.7,6.6,6.7,6.4,6.8,INFP,Nghệ thuật & Thiết kế,Hội họa,3.9
STU2135,6.4,4.1,4.7,4.6,6.9,6.6,4.3,ESTP,Xây dựng & Quy hoạch,Địa kỹ thuật xây dựng,1.9
STU2015,8.4,6.1,6.6,5.4,9.0,8.5,6.5,ISFP,Nông nghiệp & Môi trường,Công nghệ thực phẩm,4.0
STU1910,8.4,5.4,6.7,6.3,7.4,8.5,5.1,ISFP,Nông nghiệp & Môi trường,Lâm nghiệp đô thị,4.4
STU2487,5.8,7.8,8.4,5.4,5.8,5.1,7.7,ENFP,Du lịch & Dịch vụ,Quản trị khách sạn,4.5
STU0376,9.2,6.9,6.3,5.5,9.1,9.6,6.1,ISTJ,Y tế & Sức khỏe,Kỹ thuật hình ảnh y học,4.0
STU0334,9.2,6.8,6.5,5.6,9.5,8.6,6.8,INFJ,Y tế & Sức khỏe,Y đa khoa,4.0
STU1787,8.2,6.8,5.1,9.4,7.2,5.5,6.5,INTJ,"Kỹ thuật, Cơ khí & Ô tô",Kỹ thuật cơ khí,4.2
STU2345,5.0,7.0,8.2,6.5,5.6,7.0,8.5,ESFP,Du lịch & Dịch vụ,Quản lý thể dục thể thao,4.0
STU1119,6.9,9.9,9.2,6.3,5.6,6.1,7.5,ENTP,Truyền thông & Báo chí,Báo chí,4.0
STU1443,6.7,8.3,6.3,6.6,6.2,6.5,7.2,INFJ,Nghệ thuật & Thiết kế,Hội họa,4.3
STU0911,6.2,9.2,9.8,6.0,5.7,5.5,7.8,ISFP,Ngôn ngữ & Văn hóa,Đông phương học,4.6
STU0777,5.7,9.2,8.5,5.5,6.0,5.5,9.4,ENFJ,Sư phạm & Giáo dục,Sư phạm Ngữ văn,4.7
STU1739,8.8,6.2,6.2,9.5,7.6,6.3,5.0,ISTJ,"Kỹ thuật, Cơ khí & Ô tô",Robot và Trí tuệ nhân tạo,4.7
STU0329,9.9,6.9,5.2,5.6,9.0,9.6,6.5,ISTJ,Y tế & Sức khỏe,Dược học,4.2
STU1343,6.6,8.9,5.4,5.3,6.3,5.0,7.0,ISFP,Nghệ thuật & Thiết kế,Thiết kế công nghiệp,4.2
STU0321,9.4,5.7,5.4,5.7,10.0,9.2,5.3,ISFP,Y tế & Sức khỏe,Răng - Hàm - Mặt,3.9
STU2004,8.3,6.3,5.6,6.9,7.7,7.6,6.1,INFP,Nông nghiệp & Môi trường,Khoa học môi trường,4.4
STU0013,8.9,6.5,8.6,8.4,7.1,5.8,5.7,INTJ,Công nghệ Thông tin & Kỹ thuật Máy tính,Mạng máy tính và truyền thông dữ liệu,4.3
STU0898,6.9,9.2,9.6,7.0,6.2,5.3,8.3,INTP,Ngôn ngữ & Văn hóa,Văn học,4.0
STU0172,9.2,6.3,8.2,8.6,7.4,5.4,5.9,INTP,Công nghệ Thông tin & Kỹ thuật Máy tính,Khoa học Máy tính,4.7
STU0261,9.7,5.6,5.9,6.2,9.9,8.8,6.1,ISFP,Y tế & Sức khỏe,Y học dự phòng,4.5
STU1859,8.0,6.5,5.9,9.4,7.1,5.0,6.4,ESTP,"Kỹ thuật, Cơ khí & Ô tô",Công nghệ kỹ thuật ô tô,4.3
STU0690,6.6,9.6,7.9,5.8,6.4,5.0,9.4,ISFJ,Sư phạm & Giáo dục,Sư phạm Toán học,3.8
STU0902,6.0,9.1,9.7,6.9,6.2,5.1,7.4,ISFP,Ngôn ngữ & Văn hóa,Ngôn ngữ học,3.8
STU0259,9.4,6.8,5.7,5.8,8.9,8.7,5.3,INFJ,Y tế & Sức khỏe,Răng - Hàm - Mặt,4.2
STU0845,5.8,9.0,9.8,5.6,6.0,5.8,8.1,ISFP,Ngôn ngữ & Văn hóa,Ngôn ngữ học,4.3
STU2299,6.4,7.9,8.9,5.3,6.0,5.8,7.8,ESTP,Du lịch & Dịch vụ,Quản trị khách sạn,4.9
STU0139,9.6,5.4,9.8,9.5,7.7,5.4,5.4,INTJ,Công nghệ Thông tin & Kỹ thuật Máy tính,Thiết kế vi mạch,4.6
STU0320,8.9,6.5,6.0,5.4,8.9,9.1,6.1,INFJ,Y tế & Sức khỏe,Quản lý bệnh viện,4.3
STU0654,7.0,9.5,7.4,5.5,5.5,5.6,9.5,ESFJ,Sư phạm & Giáo dục,Tâm lý học giáo dục,4.6
STU2189,5.6,4.1,5.7,5.0,6.9,6.3,6.9,ESFJ,Xây dựng & Quy hoạch,Công nghệ kỹ thuật công trình xây dựng,1.6
STU1810,8.1,6.3,5.8,8.9,7.8,5.7,6.6,ISTJ,"Kỹ thuật, Cơ khí & Ô tô",Kỹ thuật cơ điện tử,4.3
STU0559,8.2,7.2,8.2,6.6,6.9,5.9,5.5,ENTP,Kinh tế & Quản lý,Kế toán,4.9
STU0140,9.2,6.6,9.3,9.6,7.9,5.5,6.0,ISTP,Công nghệ Thông tin & Kỹ thuật Máy tính,An toàn thông tin,4.9
STU0113,4.9,4.0,4.3,4.4,4.8,5.1,5.2,ENTJ,Công nghệ Thông tin & Kỹ thuật Máy tính,An toàn thông tin,1.5
STU0532,9.8,7.9,9.1,5.0,5.5,5.9,5.4,ENTJ,Kinh tế & Quản lý,Marketing,3.9
STU0225,9.4,6.8,7.0,5.3,8.8,9.5,5.2,ISFP,Y tế & Sức khỏe,Điều dưỡng,4.2
STU0724,5.7,9.3,7.1,6.9,5.1,5.0,9.6,ENFJ,Sư phạm & Giáo dục,Sư phạm Tiếng Anh,4.9
STU2316,5.8,7.8,8.8,5.9,5.8,5.5,7.7,ESFJ,Du lịch & Dịch vụ,Quản trị nhà hàng và dịch vụ ăn uống,4.7
STU2133,5.7,4.8,6.5,5.6,5.2,6.6,5.9,ISTJ,Xây dựng & Quy hoạch,Kinh tế xây dựng,3.2
STU1434,5.2,8.4,5.4,5.7,6.6,6.6,7.4,INFP,Nghệ thuật & Thiết kế,Thiết kế công nghiệp,4.7
STU0326,9.8,5.7,5.6,7.0,9.8,9.7,5.1,ISFP,Y tế & Sức khỏe,Dược học,3.8
STU1324,6.7,8.1,5.9,5.4,5.1,5.3,6.5,INFJ,Nghệ thuật & Thiết kế,Thiết kế đồ họa,4.6
STU1934,7.6,6.8,6.6,6.6,8.1,8.4,6.7,ISFP,Nông nghiệp & Môi trường,Nông nghiệp,4.7
STU1459,6.3,9.0,7.8,5.0,5.2,6.9,8.5,ENTJ,Luật & Xã hội,Luật quốc tế,4.2
STU2373,6.8,8.4,8.4,6.6,5.3,5.3,9.0,ESFJ,Du lịch & Dịch vụ,Quản trị khách sạn,3.9
STU2245,9.5,5.8,6.4,8.3,7.9,5.9,6.9,ISTJ,Xây dựng & Quy hoạch,Quản lý xây dựng,4.0
STU0715,6.0,9.2,7.3,5.2,6.4,6.7,8.2,ISFJ,Sư phạm & Giáo dục,Sư phạm Vật lý,4.7
STU0847,6.0,8.1,9.7,6.4,6.8,5.2,7.4,INFP,Ngôn ngữ & Văn hóa,Ngôn ngữ học,4.7
STU0194,8.9,5.9,7.9,8.9,7.5,5.9,5.7,INTP,Công nghệ Thông tin & Kỹ thuật Máy tính,An toàn thông tin,3.9
STU2246,8.9,5.3,5.2,8.3,7.9,6.1,6.2,ISTP,Xây dựng & Quy hoạch,Quản lý xây dựng,4.6
STU0574,5.3,4.5,7.0,5.3,4.1,5.8,4.2,ISFP,Kinh tế & Quản lý,Quản trị kinh doanh,2.6
STU0947,6.0,8.0,9.5,6.5,6.1,5.1,7.8,INTP,Ngôn ngữ & Văn hóa,Ngôn ngữ Nhật,4.2
STU0504,9.4,7.6,9.1,6.6,5.1,6.2,5.9,ENTJ,Kinh tế & Quản lý,Tài chính - Ngân hàng,4.9
STU1843,9.0,6.8,5.7,9.5,7.1,5.8,6.1,ESTP,"Kỹ thuật, Cơ khí & Ô tô",Kỹ thuật điện tử - viễn thông,4.7
STU1792,9.0,5.6,6.6,9.3,7.4,5.9,5.6,ESTP,"Kỹ thuật, Cơ khí & Ô tô",Kỹ thuật điện tử - viễn thông,4.1
STU0646,6.9,8.5,7.6,6.2,6.8,6.9,8.4,ISFJ,Sư phạm & Giáo dục,Sư phạm Tiếng Anh,4.9
STU0004,9.4,5.8,9.3,8.3,6.4,5.7,6.3,INTJ,Công nghệ Thông tin & Kỹ thuật Máy tính,Khoa học Máy tính,4.8
STU1773,8.7,6.2,6.8,9.9,7.9,6.7,6.1,ISTP,"Kỹ thuật, Cơ khí & Ô tô",Công nghệ kỹ thuật ô tô,4.9
STU0468,8.2,9.0,8.8,6.5,6.3,5.3,5.4,ESTP,Kinh tế & Quản lý,Kiểm toán,4.8
STU1346,5.8,7.8,5.2,6.3,5.6,6.9,7.4,ISFP,Nghệ thuật & Thiết kế,Đạo diễn Điện ảnh - Truyền hình,4.2
STU0006,9.1,5.3,10.0,8.4,7.3,6.5,5.9,ENTP,Công nghệ Thông tin & Kỹ thuật Máy tính,An toàn thông tin,4.9
STU2025,7.3,6.4,5.4,6.8,8.4,7.6,6.9,ISFJ,Nông nghiệp & Môi trường,Lâm nghiệp đô thị,4.5
STU0920,5.5,8.8,9.6,6.3,6.0,5.4,8.6,INTP,Ngôn ngữ & Văn hóa,Ngôn ngữ Hàn Quốc,4.2
STU0548,5.8,6.2,6.3,6.8,6.6,4.3,5.7,ESTJ,Kinh tế & Quản lý,Kế toán,2.9
STU0229,9.1,7.0,5.4,5.0,9.5,9.7,6.4,ISFJ,Y tế & Sức khỏe,Kỹ thuật phục hồi chức năng,3.8
STU1064,5.2,4.3,4.9,4.3,6.5,4.6,4.6,INFP,Truyền thông & Báo chí,Công nghệ truyền thông,2.5
STU0543,4.1,5.1,6.6,6.3,6.8,5.8,4.5,ENTJ,Kinh tế & Quản lý,Kiểm toán,1.7
STU0243,6.1,4.5,6.4,4.3,6.0,5.8,5.0,ISFP,Y tế & Sức khỏe,Dược học,3.4
STU0899,6.2,6.9,4.3,5.1,5.9,6.9,6.2,ESTJ,Ngôn ngữ & Văn hóa,Ngôn ngữ Trung Quốc,2.7
STU1750,6.0,4.8,5.4,5.8,5.2,6.0,6.3,ENTJ,"Kỹ thuật, Cơ khí & Ô tô",Kỹ thuật điều khiển và tự động hóa,2.4
STU1161,4.3,5.7,6.0,5.1,6.5,4.1,5.3,ISTP,Truyền thông & Báo chí,Quan hệ công chúng,2.5
STU1980,5.0,5.0,5.6,4.5,5.7,6.6,6.8,ISTJ,Nông nghiệp & Môi trường,Nông nghiệp,3.3
STU1685,8.4,6.2,5.5,8.7,7.7,6.4,6.1,ESTP,"Kỹ thuật, Cơ khí & Ô tô",Kỹ thuật điện tử - viễn thông,4.0
STU1805,9.0,5.2,5.4,8.7,8.5,5.1,5.9,ISTJ,"Kỹ thuật, Cơ khí & Ô tô",Công nghệ kỹ thuật ô tô,4.1
STU0843,6.9,8.1,9.0,5.5,5.3,6.9,9.0,ISFP,Ngôn ngữ & Văn hóa,Ngôn ngữ học,4.7
STU1374,5.2,7.8,6.7,5.8,7.0,5.4,7.7,INFJ,Nghệ thuật & Thiết kế,Kiến trúc,4.4
STU2104,9.5,5.6,6.5,9.0,7.5,5.7,5.1,ESTJ,Xây dựng & Quy hoạch,Kỹ thuật cấp thoát nước,4.8
STU1781,9.5,6.1,5.9,9.5,7.2,5.1,6.3,INTJ,"Kỹ thuật, Cơ khí & Ô tô",Kỹ thuật điện,4.6
STU1527,7.0,9.7,7.6,5.4,6.0,6.5,9.3,INFJ,Luật & Xã hội,Quản lý nhà nước,4.7
STU0277,9.1,5.0,5.2,5.3,9.4,9.6,5.1,INFJ,Y tế & Sức khỏe,Y đa khoa,4.0
STU0662,6.5,5.7,7.0,6.5,5.6,4.5,4.4,ISFJ,Sư phạm & Giáo dục,Sư phạm Ngữ văn,1.8
STU2417,6.9,7.0,8.7,6.8,6.4,5.1,8.9,ESFJ,Du lịch & Dịch vụ,Quản trị dịch vụ du lịch và lữ hành,4.7
STU2113,9.3,5.9,5.6,8.8,7.6,5.6,6.9,ISTP,Xây dựng & Quy hoạch,Kinh tế xây dựng,4.5
STU2354,4.6,5.5,5.1,4.1,5.9,4.7,4.3,ESTJ,Du lịch & Dịch vụ,Quản trị dịch vụ du lịch và lữ hành,2.8
STU2142,8.3,6.2,5.5,8.7,6.7,6.7,6.1,ISTJ,Xây dựng & Quy hoạch,Công nghệ kỹ thuật công trình xây dựng,4.9
STU0315,9.7,6.0,7.0,5.6,9.9,9.7,6.7,ISFJ,Y tế & Sức khỏe,Y đa khoa,5.0
STU1467,6.8,9.9,8.0,7.0,6.4,6.9,9.0,INTJ,Luật & Xã hội,Luật,3.8
STU1344,5.6,8.1,6.6,5.9,5.4,6.2,7.8,ISFP,Nghệ thuật & Thiết kế,Thiết kế đồ họa,4.5
STU1841,8.2,5.6,5.7,9.0,7.0,5.2,6.8,INTJ,"Kỹ thuật, Cơ khí & Ô tô",Kỹ thuật cơ khí,4.1
STU0692,5.8,6.7,7.0,4.4,5.2,6.0,6.0,ENTP,Sư phạm & Giáo dục,Sư phạm Toán học,3.5
STU1542,6.4,5.9,5.1,5.5,4.8,6.9,5.7,ESFP,Luật & Xã hội,Luật kinh tế,3.0
STU0613,8.5,8.7,8.0,6.7,6.7,5.1,5.7,ENTJ,Kinh tế & Quản lý,Kế toán,4.2
STU0425,5.5,4.4,6.1,5.5,4.3,6.0,6.0,ISFP,Kinh tế & Quản lý,Kế toán,2.4
STU1578,6.8,9.7,7.2,6.2,5.1,6.9,9.4,INFJ,Luật & Xã hội,Luật,4.3
STU0595,8.3,8.9,8.5,6.8,5.1,5.8,6.9,ENTJ,Kinh tế & Quản lý,Thương mại điện tử,5.0
STU2472,6.5,8.0,8.4,6.9,6.0,5.7,7.5,ESFJ,Du lịch & Dịch vụ,Quản trị nhà hàng và dịch vụ ăn uống,4.3
STU1945,8.1,5.5,5.7,6.3,8.2,8.4,6.0,ISFJ,Nông nghiệp & Môi trường,Nuôi trồng thủy sản,3.8
STU0623,8.1,7.8,9.7,6.5,5.9,6.8,6.9,ESTP,Kinh tế & Quản lý,Quản trị kinh doanh,4.7
STU1801,8.6,5.4,6.9,9.4,7.0,5.1,5.9,ESTP,"Kỹ thuật, Cơ khí & Ô tô",Kỹ thuật cơ điện tử,5.0
STU1494,5.8,9.5,7.3,7.0,5.7,5.7,8.6,ISTJ,Luật & Xã hội,Quản lý nhà nước,4.9
STU1622,5.3,9.0,7.9,5.6,5.7,5.2,9.9,ISTJ,Luật & Xã hội,Xã hội học,4.5
STU0228,9.0,5.6,5.6,6.5,9.9,9.0,6.8,INFJ,Y tế & Sức khỏe,Y học dự phòng,4.0
STU1729,5.7,5.0,5.3,4.6,6.5,4.1,6.6,ISTP,"Kỹ thuật, Cơ khí & Ô tô",Kỹ thuật cơ điện tử,3.0
STU1170,5.7,9.0,8.4,5.4,5.4,5.9,8.5,ENTP,Truyền thông & Báo chí,Quan hệ công chúng,3.9
STU2031,6.9,5.5,5.0,5.2,7.3,8.5,7.0,ISTJ,Nông nghiệp & Môi trường,Nuôi trồng thủy sản,4.7
STU2408,6.5,7.9,8.4,5.1,5.8,5.4,7.6,ESFP,Du lịch & Dịch vụ,Quản trị khách sạn,4.0
STU0067,8.8,5.8,8.1,8.9,6.9,6.9,5.1,ISTJ,Công nghệ Thông tin & Kỹ thuật Máy tính,Công nghệ thông tin,4.7
STU1418,6.3,7.7,6.3,5.1,6.7,6.0,7.4,INFJ,Nghệ thuật & Thiết kế,Thiết kế nội thất,3.9
STU2251,8.4,5.6,6.2,9.0,7.3,5.0,6.3,ISTJ,Xây dựng & Quy hoạch,Công nghệ kỹ thuật công trình xây dựng,4.0
STU0025,9.9,7.0,9.3,9.1,7.9,5.1,5.9,ENTP,Công nghệ Thông tin & Kỹ thuật Máy tính,Thiết kế vi mạch,4.7
STU1236,4.9,6.0,5.3,5.2,5.7,5.8,6.8,ESFP,Truyền thông & Báo chí,Công nghệ truyền thông,2.8
STU2065,7.8,6.3,5.7,5.1,7.2,9.0,5.1,ISTJ,Nông nghiệp & Môi trường,Công nghệ sinh học,4.3
STU0145,9.9,5.3,8.1,8.9,7.7,5.5,5.8,ISTJ,Công nghệ Thông tin & Kỹ thuật Máy tính,Kỹ thuật phần mềm,3.9
STU0537,10.0,7.1,9.3,6.4,6.9,6.4,5.7,ENTP,Kinh tế & Quản lý,Marketing,5.0
STU0812,6.7,9.5,7.7,7.0,5.9,5.5,9.0,INFJ,Sư phạm & Giáo dục,Sư phạm Tin học,4.0
STU1731,4.0,6.3,6.4,5.0,4.4,5.5,5.4,INFP,"Kỹ thuật, Cơ khí & Ô tô",Kỹ thuật điều khiển và tự động hóa,2.1
STU1498,6.0,10.0,8.0,5.8,6.9,5.7,10.0,ISTJ,Luật & Xã hội,Chính trị học,4.7
STU0086,5.2,6.3,6.0,4.2,5.9,5.0,5.0,ESFP,Công nghệ Thông tin & Kỹ thuật Máy tính,Khoa học Máy tính,2.5
STU1255,6.5,7.6,5.5,6.0,5.5,5.4,7.6,ISFP,Nghệ thuật & Thiết kế,Thiết kế nội thất,4.9
STU2454,5.3,7.9,8.4,6.8,6.1,7.0,8.0,ENFP,Du lịch & Dịch vụ,Quản lý thể dục thể thao,4.5
STU2032,7.2,6.4,6.3,6.5,7.5,9.1,6.6,ISFP,Nông nghiệp & Môi trường,Thú y,4.9
STU2203,9.0,6.7,7.0,8.8,6.9,5.3,5.0,ISTP,Xây dựng & Quy hoạch,Kỹ thuật xây dựng,4.6
STU1666,8.3,6.7,5.1,8.7,7.3,6.9,5.8,ISTJ,"Kỹ thuật, Cơ khí & Ô tô",Kỹ thuật cơ khí,3.9
STU0485,8.8,7.7,9.8,6.3,5.3,6.5,5.2,ESTP,Kinh tế & Quản lý,Hệ thống thông tin quản lý,4.0
STU2223,4.9,4.3,5.0,4.2,5.5,6.7,5.0,ISFP,Xây dựng & Quy hoạch,Kinh tế xây dựng,1.7
STU2383,5.4,7.1,8.5,6.2,6.8,5.7,8.8,ESFJ,Du lịch & Dịch vụ,Quản trị khách sạn,4.3
STU0739,5.7,5.3,5.0,4.1,5.1,5.4,6.0,INTJ,Sư phạm & Giáo dục,Giáo dục Mầm non,3.4
STU1766,8.6,6.9,5.3,9.5,7.9,5.7,6.3,ESTP,"Kỹ thuật, Cơ khí & Ô tô",Kỹ thuật điện,4.0
STU2469,6.6,7.4,8.4,6.9,6.3,5.8,8.8,ESFP,Du lịch & Dịch vụ,Quản trị dịch vụ du lịch và lữ hành,4.4
STU2458,6.9,5.6,5.5,4.6,4.2,5.7,4.8,ISTJ,Du lịch & Dịch vụ,Du lịch,2.1
STU1738,9.1,5.5,6.5,8.8,7.1,6.3,5.4,ISTJ,"Kỹ thuật, Cơ khí & Ô tô",Công nghệ kỹ thuật ô tô,4.4
STU0363,9.9,6.9,6.2,5.1,8.6,9.6,5.7,ISTJ,Y tế & Sức khỏe,Điều dưỡng,4.7
STU0750,5.6,8.7,7.7,6.8,5.6,5.2,9.0,ENFJ,Sư phạm & Giáo dục,Sư phạm Tiếng Anh,4.4
STU1778,8.7,5.3,6.1,8.8,7.8,6.1,5.3,ISTJ,"Kỹ thuật, Cơ khí & Ô tô",Robot và Trí tuệ nhân tạo,4.9
STU1647,6.9,8.5,7.6,5.1,5.8,6.7,8.5,INTJ,Luật & Xã hội,Luật kinh tế,3.9
STU1027,5.5,6.5,5.3,5.7,6.7,5.9,7.0,INTJ,Ngôn ngữ & Văn hóa,Ngôn ngữ Nhật,1.7
STU1031,6.0,8.0,9.1,6.2,6.3,6.1,8.0,INTP,Ngôn ngữ & Văn hóa,Đông phương học,3.9
STU2399,5.3,7.5,8.1,6.5,6.7,5.8,8.2,ESFJ,Du lịch & Dịch vụ,Quản trị dịch vụ du lịch và lữ hành,4.2
STU1336,4.6,4.5,4.2,5.5,4.9,4.4,4.9,ESFJ,Nghệ thuật & Thiết kế,Thiết kế nội thất,3.0
STU2056,7.1,5.7,6.2,5.2,8.4,7.5,5.9,ISFJ,Nông nghiệp & Môi trường,Công nghệ thực phẩm,4.4
STU1668,6.1,5.0,6.7,6.1,6.4,6.3,4.9,ISTJ,"Kỹ thuật, Cơ khí & Ô tô",Kỹ thuật điện tử - viễn thông,2.9
STU0666,5.3,5.4,6.9,6.4,4.9,6.9,5.5,INTJ,Sư phạm & Giáo dục,Sư phạm Tin học,3.3
STU0365,9.6,6.5,5.8,6.9,9.3,8.6,5.1,ISFP,Y tế & Sức khỏe,Kỹ thuật hình ảnh y học,4.4
STU2195,9.2,6.3,5.2,8.5,7.4,6.5,5.9,ISTJ,Xây dựng & Quy hoạch,Kỹ thuật cấp thoát nước,4.9
STU1240,5.6,9.6,8.5,6.9,6.5,6.7,7.5,ESFP,Truyền thông & Báo chí,Truyền thông đại chúng,4.2
STU0078,9.5,6.0,8.8,9.2,6.8,5.2,5.9,ISTJ,Công nghệ Thông tin & Kỹ thuật Máy tính,Khoa học Máy tính,4.1
STU0028,9.5,5.3,8.0,8.4,6.1,5.7,6.6,INTP,Công nghệ Thông tin & Kỹ thuật Máy tính,Khoa học dữ liệu,4.9
STU0474,4.3,4.9,6.9,4.5,4.2,6.3,6.0,INFJ,Kinh tế & Quản lý,Kiểm toán,3.4
STU0526,8.0,7.1,8.3,5.6,5.4,6.4,5.9,ESTJ,Kinh tế & Quản lý,Kế toán,4.8
STU0726,6.5,9.7,8.5,5.2,6.2,5.8,8.9,INFJ,Sư phạm & Giáo dục,Sư phạm Vật lý,3.8
STU0056,9.2,6.5,8.8,8.1,7.5,6.3,6.6,INTP,Công nghệ Thông tin & Kỹ thuật Máy tính,Khoa học dữ liệu,4.7
STU0639,6.3,10.0,8.6,6.4,6.8,5.2,9.3,ESFJ,Sư phạm & Giáo dục,Sư phạm Toán học,4.3
STU0303,9.8,6.5,6.5,6.1,9.8,8.8,5.6,ISFP,Y tế & Sức khỏe,Y học dự phòng,4.9
STU0719,6.0,9.4,7.6,5.6,5.5,5.6,9.1,ISFJ,Sư phạm & Giáo dục,Giáo dục Mầm non,4.6
STU2018,7.3,5.7,6.4,5.7,7.4,9.0,5.5,ISFP,Nông nghiệp & Môi trường,Nông nghiệp,4.8
STU0625,6.7,8.7,7.2,6.3,5.7,5.9,8.4,ISFJ,Sư phạm & Giáo dục,Sư phạm Tiếng Anh,4.5
STU0008,9.6,5.7,7.8,9.0,7.6,6.4,6.4,ENTP,Công nghệ Thông tin & Kỹ thuật Máy tính,Công nghệ thông tin,4.7
STU1281,4.3,5.3,4.9,6.3,4.0,4.2,4.5,ENFJ,Nghệ thuật & Thiết kế,Thiết kế thời trang,2.5
STU0804,6.7,9.6,7.1,5.2,6.3,5.8,9.8,INFJ,Sư phạm & Giáo dục,Sư phạm Ngữ văn,4.3
STU1050,6.6,8.8,8.9,6.5,5.8,5.3,7.7,ENFP,Truyền thông & Báo chí,Truyền thông đại chúng,4.4
STU0337,4.4,4.4,4.6,5.9,4.8,5.4,6.6,ISFP,Y tế & Sức khỏe,Dược học,1.8
STU1597,6.1,8.5,7.9,6.0,5.1,6.9,9.0,INTJ,Luật & Xã hội,Chính trị học,4.9
STU0048,9.2,5.5,8.3,8.9,7.0,6.2,6.6,ISTJ,Công nghệ Thông tin & Kỹ thuật Máy tính,Công nghệ thông tin,4.1
STU2149,8.5,5.4,5.0,9.5,8.0,6.8,5.7,ESTJ,Xây dựng & Quy hoạch,Địa kỹ thuật xây dựng,4.6
STU0107,9.3,5.7,9.6,9.7,7.3,5.4,6.9,ISTP,Công nghệ Thông tin & Kỹ thuật Máy tính,Khoa học Máy tính,4.3
STU0350,9.0,5.2,6.5,6.5,8.8,8.9,6.3,INFJ,Y tế & Sức khỏe,Răng - Hàm - Mặt,4.2
STU1080,6.7,9.6,9.3,6.9,5.5,5.2,7.4,ESFP,Truyền thông & Báo chí,Báo chí,4.7
STU0239,9.7,5.6,7.0,6.5,9.7,9.9,5.1,ISFJ,Y tế & Sức khỏe,Kỹ thuật hình ảnh y học,3.9
STU0214,9.0,5.6,5.6,6.0,9.6,9.7,6.7,INFJ,Y tế & Sức khỏe,Y học cổ truyền,3.8
STU1145,6.4,9.5,8.2,6.4,6.5,6.6,8.1,ENFP,Truyền thông & Báo chí,Công nghệ truyền thông,4.1
STU1918,6.7,5.1,6.8,6.2,7.9,9.4,6.5,ISFP,Nông nghiệp & Môi trường,Thú y,4.4
STU1757,8.8,5.3,5.2,9.7,8.1,6.8,6.6,ISTP,"Kỹ thuật, Cơ khí & Ô tô",Kỹ thuật điện,4.7
STU0794,5.7,9.8,8.5,6.1,6.6,6.4,9.4,ENFJ,Sư phạm & Giáo dục,Sư phạm Ngữ văn,4.3
STU1097,6.7,5.2,5.5,6.7,5.9,5.1,6.7,ENTP,Truyền thông & Báo chí,Báo chí,3.2
STU1812,8.4,6.7,6.4,9.9,8.0,6.1,6.8,INTJ,"Kỹ thuật, Cơ khí & Ô tô",Kỹ thuật cơ khí,4.6
STU2297,5.7,7.6,8.3,6.2,5.2,5.7,7.9,ENFP,Du lịch & Dịch vụ,Quản trị khách sạn,4.6
STU2219,8.7,6.0,6.3,8.6,7.3,6.0,6.7,ESTJ,Xây dựng & Quy hoạch,Kinh tế xây dựng,4.1
STU0346,10.0,5.7,6.8,6.6,9.4,9.8,6.7,ISFP,Y tế & Sức khỏe,Quản lý bệnh viện,3.8
STU0524,8.5,7.1,9.3,5.1,5.4,6.8,5.8,ESTJ,Kinh tế & Quản lý,Kinh tế quốc tế,4.6
STU0233,8.9,6.0,6.4,5.2,8.6,9.7,7.0,ISFP,Y tế & Sức khỏe,Kỹ thuật hình ảnh y học,4.0
STU0645,6.4,5.9,5.8,5.3,5.7,5.1,5.9,ESTP,Sư phạm & Giáo dục,Sư phạm Ngữ văn,2.7
STU1912,7.8,5.3,5.3,5.8,7.8,7.7,7.0,INFP,Nông nghiệp & Môi trường,Khoa học cây trồng,4.7
STU2167,9.0,5.8,5.8,8.6,7.0,6.4,5.5,ISTJ,Xây dựng & Quy hoạch,Địa kỹ thuật xây dựng,4.3
STU1429,5.9,7.8,5.6,6.4,6.4,5.7,6.8,INFP,Nghệ thuật & Thiết kế,Thiết kế đồ họa,4.4
STU0534,9.4,8.0,8.1,5.1,6.9,5.2,6.7,ESTJ,Kinh tế & Quản lý,Kế toán,3.8
STU2168,4.3,5.1,4.6,4.1,5.2,4.1,5.8,INFJ,Xây dựng & Quy hoạch,Địa kỹ thuật xây dựng,3.5
STU0604,6.6,4.3,4.4,6.3,6.7,6.4,4.9,ENFP,Kinh tế & Quản lý,Quản trị kinh doanh,2.0
STU1490,5.7,8.6,7.7,6.6,6.9,5.1,9.8,ENTJ,Luật & Xã hội,Công tác xã hội,4.6
STU1933,7.9,6.8,6.5,6.9,8.5,9.4,7.0,ISTJ,Nông nghiệp & Môi trường,Thú y,4.6
STU1427,6.5,7.6,5.5,6.5,6.1,5.4,8.4,INFP,Nghệ thuật & Thiết kế,Thiết kế thời trang,3.9
STU1075,5.8,9.3,8.1,6.1,5.7,6.1,7.9,ESFP,Truyền thông & Báo chí,Truyền thông đa phương tiện,4.4
STU2341,6.1,8.5,8.5,5.7,6.5,6.5,7.8,ENFP,Du lịch & Dịch vụ,Quản trị nhà hàng và dịch vụ ăn uống,4.8
STU0061,4.1,6.5,5.2,4.0,6.6,6.3,6.9,ESFP,Công nghệ Thông tin & Kỹ thuật Máy tính,Thiết kế vi mạch,2.0
STU1935,6.7,6.1,5.0,5.5,8.2,8.9,6.6,ISFJ,Nông nghiệp & Môi trường,Công nghệ thực phẩm,3.9
STU0093,9.9,5.8,9.1,9.7,8.0,5.2,5.4,ISTJ,Công nghệ Thông tin & Kỹ thuật Máy tính,An toàn thông tin,4.9
STU0667,6.0,8.6,8.2,5.3,6.0,5.1,8.6,ISFJ,Sư phạm & Giáo dục,Tâm lý học giáo dục,4.6
STU2030,4.6,6.6,6.0,5.9,4.9,7.0,6.5,ISTJ,Nông nghiệp & Môi trường,Nuôi trồng thủy sản,2.5
STU2243,9.1,6.2,5.7,9.4,6.1,6.3,5.7,ISTP,Xây dựng & Quy hoạch,Quản lý xây dựng,4.6
STU0281,9.9,5.2,6.0,5.5,9.3,9.7,5.5,ISTJ,Y tế & Sức khỏe,Răng - Hàm - Mặt,4.4
STU1721,8.5,6.8,5.4,9.5,7.4,6.8,5.2,ISTP,"Kỹ thuật, Cơ khí & Ô tô",Robot và Trí tuệ nhân tạo,4.8
STU0360,6.1,5.2,5.3,4.6,4.5,4.4,5.7,ENFP,Y tế & Sức khỏe,Y đa khoa,2.9
STU1744,6.9,6.4,5.4,5.4,5.7,4.8,4.8,ISTJ,"Kỹ thuật, Cơ khí & Ô tô",Robot và Trí tuệ nhân tạo,2.5
STU1544,6.9,8.7,7.8,5.3,6.8,6.3,9.1,ISTJ,Luật & Xã hội,Luật kinh tế,4.2
STU1398,5.5,5.0,4.8,5.3,4.2,6.1,4.1,ENFJ,Nghệ thuật & Thiết kế,Điêu khắc,2.4
STU1799,8.5,6.5,5.5,9.2,7.7,5.8,5.5,ISTJ,"Kỹ thuật, Cơ khí & Ô tô",Công nghệ kỹ thuật ô tô,4.7
STU0848,5.8,9.5,10.0,5.6,6.8,6.3,8.7,ISFP,Ngôn ngữ & Văn hóa,Ngôn ngữ Anh,3.9
STU1207,5.1,9.1,9.1,6.4,5.7,6.3,7.7,ENFP,Truyền thông & Báo chí,Báo chí,4.9
STU2197,9.1,5.7,5.2,8.1,6.1,6.4,6.1,ISTJ,Xây dựng & Quy hoạch,Kỹ thuật cấp thoát nước,4.5
STU0761,4.9,5.3,5.3,4.9,4.1,4.3,6.2,ISFP,Sư phạm & Giáo dục,Tâm lý học giáo dục,2.2
STU0111,9.3,6.7,8.7,8.6,6.7,5.8,6.5,ENTP,Công nghệ Thông tin & Kỹ thuật Máy tính,Kỹ thuật phần mềm,4.2
STU0043,9.0,7.0,7.8,9.4,6.1,5.4,5.5,INTP,Công nghệ Thông tin & Kỹ thuật Máy tính,Thiết kế vi mạch,4.4
STU0126,9.7,5.0,7.7,9.0,7.7,5.4,6.2,ISTP,Công nghệ Thông tin & Kỹ thuật Máy tính,An toàn thông tin,4.6
STU0205,9.9,5.6,8.3,10.0,8.5,5.8,6.5,ENTP,Công nghệ Thông tin & Kỹ thuật Máy tính,Khoa học dữ liệu,4.8
STU1474,6.0,8.9,7.8,5.4,6.5,6.6,9.2,INFJ,Luật & Xã hội,Luật kinh tế,4.5
STU0053,9.2,6.1,8.8,9.4,6.7,5.9,5.2,INTP,Công nghệ Thông tin & Kỹ thuật Máy tính,Thiết kế vi mạch,4.0
STU0546,9.9,7.5,9.5,6.4,6.3,5.7,5.1,ESTP,Kinh tế & Quản lý,Kế toán,4.9
STU0069,10.0,6.6,9.5,9.1,6.3,6.2,5.6,INTP,Công nghệ Thông tin & Kỹ thuật Máy tính,Khoa học dữ liệu,4.5
STU1754,8.3,5.3,5.4,9.9,7.8,5.0,6.8,ESTP,"Kỹ thuật, Cơ khí & Ô tô",Kỹ thuật điều khiển và tự động hóa,4.2
STU1946,5.1,5.6,7.0,4.7,4.9,4.1,6.5,INFJ,Nông nghiệp & Môi trường,Khoa học môi trường,2.5
STU2194,9.3,6.5,6.4,8.2,7.5,5.1,6.2,ISTP,Xây dựng & Quy hoạch,Quản lý xây dựng,3.8
STU2060,8.3,5.4,6.5,5.3,7.9,7.9,6.6,ISFJ,Nông nghiệp & Môi trường,Nuôi trồng thủy sản,4.4
STU1425,6.1,8.2,5.0,5.0,6.4,5.8,6.8,INFJ,Nghệ thuật & Thiết kế,Thiết kế công nghiệp,3.9
STU0184,8.5,5.7,7.5,9.7,6.1,6.4,5.5,ENTP,Công nghệ Thông tin & Kỹ thuật Máy tính,Khoa học Máy tính,4.4
STU0138,9.5,5.2,9.7,9.2,6.5,6.7,5.1,ISTP,Công nghệ Thông tin & Kỹ thuật Máy tính,Kỹ thuật phần mềm,4.1
STU0900,5.0,9.0,9.1,5.6,5.5,6.9,8.9,INFP,Ngôn ngữ & Văn hóa,Tiếng Việt và văn hoá Việt Nam,4.3
STU0797,6.6,9.6,7.9,6.7,5.2,6.8,9.5,ESFJ,Sư phạm & Giáo dục,Sư phạm Ngữ văn,5.0
STU0133,9.2,7.0,8.6,9.4,6.9,6.7,6.5,ISTJ,Công nghệ Thông tin & Kỹ thuật Máy tính,Thiết kế vi mạch,4.8
STU0081,9.1,6.4,8.3,8.6,6.8,5.9,5.8,INTJ,Công nghệ Thông tin & Kỹ thuật Máy tính,Khoa học dữ liệu,4.9
STU1587,6.3,8.9,7.5,6.3,5.8,6.6,8.7,ISTJ,Luật & Xã hội,Luật kinh tế,3.8
STU2154,8.8,5.4,6.0,8.3,6.7,6.7,6.2,ISTJ,Xây dựng & Quy hoạch,Quản lý xây dựng,4.4
STU0759,5.5,9.8,7.2,6.6,5.9,5.7,9.9,INFJ,Sư phạm & Giáo dục,Sư phạm Toán học,4.2
STU0542,9.2,7.4,9.9,6.4,5.5,5.4,5.5,ENTP,Kinh tế & Quản lý,Kinh doanh quốc tế,4.1
STU1020,5.2,8.0,9.2,6.6,6.4,6.0,8.6,INFP,Ngôn ngữ & Văn hóa,Văn học,5.0
STU1762,8.9,5.4,5.4,9.8,8.3,5.9,6.1,ISTP,"Kỹ thuật, Cơ khí & Ô tô",Robot và Trí tuệ nhân tạo,3.9
STU0984,5.8,9.3,9.2,5.3,6.9,5.8,7.2,ISFP,Ngôn ngữ & Văn hóa,Ngôn ngữ Nhật,4.5
STU2228,9.5,6.8,5.3,8.8,7.0,5.6,5.6,ISTP,Xây dựng & Quy hoạch,Công nghệ kỹ thuật công trình xây dựng,3.8
STU0166,8.9,6.0,8.9,9.6,7.9,5.6,5.5,ENTP,Công nghệ Thông tin & Kỹ thuật Máy tính,An toàn thông tin,4.3
STU0249,9.2,6.3,6.5,6.1,10.0,8.6,6.9,ISFP,Y tế & Sức khỏe,Điều dưỡng,4.9
STU1332,5.6,8.9,5.0,5.5,5.5,5.0,7.2,ISFP,Nghệ thuật & Thiết kế,Kiến trúc,4.1
STU0447,8.1,7.9,9.9,5.8,5.8,6.2,5.1,ENTJ,Kinh tế & Quản lý,Quản trị kinh doanh,4.8
STU1772,8.6,6.0,6.0,8.6,8.4,5.8,5.9,ESTP,"Kỹ thuật, Cơ khí & Ô tô",Robot và Trí tuệ nhân tạo,4.0
STU0859,5.3,8.5,9.5,5.8,6.8,5.9,8.3,ISFP,Ngôn ngữ & Văn hóa,Ngôn ngữ Nhật,5.0
STU1359,5.0,5.4,4.0,4.3,5.9,7.0,5.7,INTP,Nghệ thuật & Thiết kế,Điêu khắc,2.0
STU1989,7.2,6.1,6.0,6.5,8.7,8.2,5.2,INFP,Nông nghiệp & Môi trường,Nông nghiệp,4.4
STU0098,9.3,6.9,8.9,10.0,6.6,6.8,5.6,ISTJ,Công nghệ Thông tin & Kỹ thuật Máy tính,Khoa học dữ liệu,4.0
STU1790,8.6,6.8,5.8,8.9,7.7,6.2,5.8,ISTJ,"Kỹ thuật, Cơ khí & Ô tô",Robot và Trí tuệ nhân tạo,4.2
STU0806,6.6,9.9,7.6,5.2,5.3,6.0,8.5,INFJ,Sư phạm & Giáo dục,Sư phạm Tiếng Anh,4.7
STU0738,5.9,9.0,8.1,5.5,5.8,6.5,9.0,INFJ,Sư phạm & Giáo dục,Tâm lý học giáo dục,4.3
STU1926,6.9,5.2,5.6,6.1,7.1,7.9,5.9,ISTJ,Nông nghiệp & Môi trường,Khoa học môi trường,4.9
STU1881,7.7,5.6,6.1,6.5,8.2,8.1,5.2,ISTJ,Nông nghiệp & Môi trường,Nông nghiệp,4.0
STU1994,7.0,5.9,5.8,5.1,7.5,8.4,7.0,ISFP,Nông nghiệp & Môi trường,Khoa học môi trường,4.0
STU0103,9.9,5.8,9.4,8.2,7.8,6.5,6.0,ISTP,Công nghệ Thông tin & Kỹ thuật Máy tính,Khoa học Máy tính,4.5
STU0435,8.6,7.1,8.6,5.1,6.4,6.6,5.1,ENTJ,Kinh tế & Quản lý,Marketing,4.7
STU0075,9.7,6.0,9.9,9.7,8.0,5.2,5.6,INTP,Công nghệ Thông tin & Kỹ thuật Máy tính,Công nghệ thông tin,4.4
STU0578,8.4,8.6,10.0,5.7,6.6,6.4,5.8,ESTP,Kinh tế & Quản lý,Kế toán,4.5
STU2188,9.3,5.0,6.5,9.0,6.8,5.7,5.8,ISTJ,Xây dựng & Quy hoạch,Kỹ thuật cấp thoát nước,5.0
STU1925,7.9,6.0,6.4,6.5,7.2,8.2,5.1,INFP,Nông nghiệp & Môi trường,Khoa học cây trồng,4.3
STU1231,5.3,8.6,8.5,5.1,6.7,6.0,8.9,ENTP,Truyền thông & Báo chí,Báo chí,3.8
STU0919,5.1,9.0,9.1,6.5,5.8,5.7,8.2,INFP,Ngôn ngữ & Văn hóa,Ngôn ngữ học,3.9
STU1327,5.5,8.9,5.5,5.2,6.5,5.5,7.7,ISFP,Nghệ thuật & Thiết kế,Đạo diễn Điện ảnh - Truyền hình,4.8
STU2312,5.5,7.3,8.1,6.0,5.3,5.4,7.7,ESFP,Du lịch & Dịch vụ,Quản trị dịch vụ du lịch và lữ hành,4.6
STU2283,6.2,5.0,6.4,5.8,6.2,5.1,5.9,ESFJ,Xây dựng & Quy hoạch,Kỹ thuật cấp thoát nước,2.6
STU2242,8.2,5.7,6.2,8.6,6.7,6.5,5.6,ISTJ,Xây dựng & Quy hoạch,Kỹ thuật xây dựng,4.8
STU0763,5.7,9.0,7.6,6.4,6.6,5.2,9.3,ENFJ,Sư phạm & Giáo dục,Tâm lý học giáo dục,3.8
STU2112,8.2,5.4,5.3,8.3,6.5,5.1,6.8,ISTJ,Xây dựng & Quy hoạch,Quản lý xây dựng,4.3
STU0990,5.8,8.4,9.7,6.3,5.3,5.5,8.3,ISFP,Ngôn ngữ & Văn hóa,Ngôn ngữ Nhật,4.6
STU0389,8.8,5.4,5.9,6.0,9.1,9.2,6.9,ISTJ,Y tế & Sức khỏe,Kỹ thuật phục hồi chức năng,4.8
STU0236,5.4,5.5,6.7,5.3,4.2,6.0,4.0,ISTP,Y tế & Sức khỏe,Kỹ thuật hình ảnh y học,3.1
STU2166,8.7,5.8,6.4,8.5,6.3,5.2,6.8,ISTP,Xây dựng & Quy hoạch,Công nghệ kỹ thuật công trình xây dựng,4.5
STU0268,9.5,5.5,6.0,5.6,9.1,9.0,6.2,ISFJ,Y tế & Sức khỏe,Quản lý bệnh viện,4.9
STU1330,5.5,8.6,6.3,5.8,6.1,6.1,8.2,ISFP,Nghệ thuật & Thiết kế,Điêu khắc,3.9
STU1823,9.4,6.4,6.1,8.6,7.1,6.6,6.7,INTJ,"Kỹ thuật, Cơ khí & Ô tô",Kỹ thuật cơ điện tử,4.4
STU0118,9.1,6.1,9.8,9.5,8.2,5.8,5.8,INTP,Công nghệ Thông tin & Kỹ thuật Máy tính,Kỹ thuật phần mềm,4.8
STU0438,9.4,7.0,9.6,5.5,5.6,6.6,5.3,ESTP,Kinh tế & Quản lý,Tài chính - Ngân hàng,4.6
STU0674,6.7,5.9,4.5,5.9,6.2,6.8,6.4,INTP,Sư phạm & Giáo dục,Sư phạm Ngữ văn,3.0
STU0250,4.1,6.8,5.8,6.3,5.9,6.5,4.9,ISTP,Y tế & Sức khỏe,Quản lý bệnh viện,1.7
STU2125,6.5,6.9,6.0,5.7,4.3,6.9,5.4,ESFP,Xây dựng & Quy hoạch,Địa kỹ thuật xây dựng,3.4
STU1575,6.2,9.4,8.5,6.8,5.0,6.8,8.7,INFJ,Luật & Xã hội,Luật kinh tế,4.1
STU2493,5.1,7.3,8.9,5.1,5.6,6.6,8.9,ESTP,Du lịch & Dịch vụ,Quản lý thể dục thể thao,4.9
STU0095,8.5,5.5,8.1,9.0,6.4,6.7,6.0,ENTP,Công nghệ Thông tin & Kỹ thuật Máy tính,Mạng máy tính và truyền thông dữ liệu,4.1
STU2072,7.1,6.8,6.1,5.5,7.8,8.7,5.5,ISFJ,Nông nghiệp & Môi trường,Thú y,4.3
STU0034,9.3,5.7,9.0,9.8,7.7,5.9,5.3,ENTP,Công nghệ Thông tin & Kỹ thuật Máy tính,Mạng máy tính và truyền thông dữ liệu,4.3
STU2131,8.9,5.1,5.8,9.2,7.6,6.0,5.8,ESTJ,Xây dựng & Quy hoạch,Kỹ thuật cấp thoát nước,4.1
STU2281,8.7,5.9,5.3,8.3,7.4,6.9,6.6,ISTP,Xây dựng & Quy hoạch,Công nghệ kỹ thuật công trình xây dựng,4.7
STU0449,8.6,8.0,10.0,5.3,5.6,6.1,5.3,ENTJ,Kinh tế & Quản lý,Quản trị kinh doanh,4.1
STU1470,5.5,9.3,7.2,5.9,6.2,6.6,9.4,INFJ,Luật & Xã hội,Tâm lý học,4.2
STU1796,8.7,6.7,6.5,9.5,7.3,6.3,6.6,ISTJ,"Kỹ thuật, Cơ khí & Ô tô",Kỹ thuật cơ điện tử,4.6
STU0717,6.1,9.5,7.3,6.9,6.3,5.5,8.5,ESFJ,Sư phạm & Giáo dục,Sư phạm Tin học,4.0
STU1936,7.8,5.6,6.8,5.4,8.5,9.4,6.9,INFP,Nông nghiệp & Môi trường,Khoa học cây trồng,4.8
STU2172,9.0,6.2,5.9,8.7,7.6,6.3,6.0,ISTP,Xây dựng & Quy hoạch,Công nghệ kỹ thuật công trình xây dựng,4.7
STU0001,8.8,5.3,7.6,9.0,6.5,6.2,5.1,INTJ,Công nghệ Thông tin & Kỹ thuật Máy tính,Khoa học Máy tính,4.7
STU0457,8.2,8.9,9.0,6.5,6.6,6.2,5.9,ESTP,Kinh tế & Quản lý,Kiểm toán,4.9
STU1102,5.4,8.8,8.8,5.7,5.9,5.9,7.7,ENFP,Truyền thông & Báo chí,Truyền thông đa phương tiện,4.5
STU1109,5.9,9.8,8.2,5.1,5.9,6.0,7.8,ENTP,Truyền thông & Báo chí,Quan hệ công chúng,4.0
STU1878,4.7,5.4,5.4,6.4,4.1,4.6,5.1,INFP,Nông nghiệp & Môi trường,Thú y,1.9
STU0083,9.0,5.9,8.3,9.9,7.1,6.8,6.3,ENTP,Công nghệ Thông tin & Kỹ thuật Máy tính,Kỹ thuật phần mềm,4.9
STU1482,5.4,9.2,8.4,6.7,6.0,6.0,9.3,ENTJ,Luật & Xã hội,Tâm lý học,3.9
STU2290,6.6,4.2,6.7,5.4,4.3,4.1,4.5,INFP,Du lịch & Dịch vụ,Quản trị khách sạn,3.4
STU0677,5.6,9.2,7.3,6.0,6.3,5.8,9.6,ENFJ,Sư phạm & Giáo dục,Giáo dục Mầm non,4.4
STU2036,7.2,5.3,5.2,6.5,7.3,9.2,6.4,INFP,Nông nghiệp & Môi trường,Nuôi trồng thủy sản,4.3
STU2123,8.0,5.4,6.2,8.1,6.4,6.7,5.2,ISTJ,Xây dựng & Quy hoạch,Kỹ thuật cấp thoát nước,4.7
STU1047,6.2,9.0,9.2,5.4,6.0,6.9,8.6,ENTP,Truyền thông & Báo chí,Truyền thông đại chúng,4.9
STU1461,6.3,4.8,4.0,4.7,5.2,6.1,6.5,ENTP,Luật & Xã hội,Xã hội học,1.6
STU0771,6.1,9.1,8.7,6.5,5.6,6.8,8.0,ESFJ,Sư phạm & Giáo dục,Sư phạm Tin học,4.4
STU1669,5.9,4.8,5.1,4.8,6.2,4.8,6.0,ENTP,"Kỹ thuật, Cơ khí & Ô tô",Kỹ thuật điện,2.2
STU1862,8.3,6.6,6.2,9.0,8.2,5.7,6.0,ESTP,"Kỹ thuật, Cơ khí & Ô tô",Kỹ thuật cơ điện tử,4.2
STU1957,6.6,6.2,5.9,6.9,7.3,8.9,5.1,INFP,Nông nghiệp & Môi trường,Nông nghiệp,4.3
STU0518,9.6,7.2,9.9,6.8,5.6,6.0,6.1,ENTJ,Kinh tế & Quản lý,Kế toán,3.8
STU0823,5.7,4.4,6.3,5.1,6.0,6.7,5.3,INTJ,Sư phạm & Giáo dục,Tâm lý học giáo dục,2.6
STU0405,8.8,5.6,5.0,6.1,9.0,9.4,5.2,ISTJ,Y tế & Sức khỏe,Quản lý bệnh viện,4.1
STU0385,9.4,5.8,6.9,6.2,9.7,9.0,6.0,ISFJ,Y tế & Sức khỏe,Dược học,4.6
STU1985,7.0,5.5,6.8,6.0,8.0,9.1,5.6,INFP,Nông nghiệp & Môi trường,Khoa học cây trồng,5.0
STU2043,6.7,6.0,6.2,5.2,8.4,8.0,6.9,INFP,Nông nghiệp & Môi trường,Khoa học cây trồng,4.9
STU0105,10.0,6.7,8.1,9.6,7.2,6.6,6.0,INTJ,Công nghệ Thông tin & Kỹ thuật Máy tính,Công nghệ thông tin,4.5
STU1634,6.6,9.1,8.0,6.9,6.2,5.3,9.4,INTJ,Luật & Xã hội,Luật kinh tế,4.4
STU2381,5.5,7.4,8.9,6.1,6.0,5.6,8.3,ESFJ,Du lịch & Dịch vụ,Du lịch,4.4
STU0689,6.0,9.0,8.9,5.2,6.0,5.5,9.7,ISFJ,Sư phạm & Giáo dục,Sư phạm Ngữ văn,4.9
STU2000,7.7,6.1,5.7,6.1,7.5,9.3,5.0,ISFP,Nông nghiệp & Môi trường,Khoa học cây trồng,5.0
STU0827,5.6,8.9,7.7,5.8,6.2,6.3,9.4,ESFJ,Sư phạm & Giáo dục,Giáo dục Mầm non,4.2
STU1241,5.8,9.4,8.4,6.5,5.5,6.4,8.1,ESFP,Truyền thông & Báo chí,Quan hệ công chúng,4.5
STU0063,8.9,5.4,8.7,9.6,8.0,6.0,5.5,INTP,Công nghệ Thông tin & Kỹ thuật Máy tính,Mạng máy tính và truyền thông dữ liệu,4.2
STU1306,6.6,8.2,5.7,5.3,6.1,5.4,7.1,INFJ,Nghệ thuật & Thiết kế,Đạo diễn Điện ảnh - Truyền hình,4.9
STU0853,5.3,8.0,9.0,6.9,6.5,5.4,7.3,ISFP,Ngôn ngữ & Văn hóa,Văn học,4.3
STU2291,6.1,8.4,8.7,6.1,5.7,6.0,8.8,ESFP,Du lịch & Dịch vụ,Quản lý thể dục thể thao,4.0
STU0177,9.6,5.8,8.6,8.7,8.0,5.2,6.5,ENTP,Công nghệ Thông tin & Kỹ thuật Máy tính,Kỹ thuật phần mềm,4.6
STU1263,5.3,8.4,5.6,5.3,5.8,5.8,7.8,INFP,Nghệ thuật & Thiết kế,Đạo diễn Điện ảnh - Truyền hình,4.3
STU0224,9.3,6.2,6.9,5.1,9.1,9.8,6.7,ISTJ,Y tế & Sức khỏe,Răng - Hàm - Mặt,4.4
STU0146,9.6,6.7,9.6,8.2,7.6,6.1,5.1,INTJ,Công nghệ Thông tin & Kỹ thuật Máy tính,Khoa học dữ liệu,4.8
STU1089,6.5,8.7,8.3,6.5,6.3,5.2,7.2,ENFP,Truyền thông & Báo chí,Truyền thông đại chúng,4.3
STU0374,9.2,5.6,5.1,5.8,9.2,9.9,6.6,INFJ,Y tế & Sức khỏe,Y học cổ truyền,4.1
STU1825,9.3,6.2,5.4,9.2,7.7,5.2,6.1,INTJ,"Kỹ thuật, Cơ khí & Ô tô",Công nghệ kỹ thuật ô tô,4.7
STU2106,8.1,6.9,5.6,8.7,6.4,5.9,6.4,ISTJ,Xây dựng & Quy hoạch,Kỹ thuật xây dựng,4.4
STU1143,5.6,9.2,8.8,6.4,6.3,5.2,8.0,ESFP,Truyền thông & Báo chí,Thông tin - thư viện,4.1
STU2389,6.7,4.8,6.1,5.6,4.4,4.1,5.4,ESTJ,Du lịch & Dịch vụ,Quản lý thể dục thể thao,2.6
STU2160,8.9,6.2,6.2,8.4,7.7,5.6,5.7,ESTJ,Xây dựng & Quy hoạch,Địa kỹ thuật xây dựng,4.8
STU1275,6.2,8.7,6.6,5.2,6.5,6.9,7.9,INFJ,Nghệ thuật & Thiết kế,Thiết kế đồ họa,4.1
STU1266,6.2,8.1,5.8,6.3,5.4,6.9,7.0,INFP,Nghệ thuật & Thiết kế,Điêu khắc,4.4
STU2230,8.1,7.0,6.9,8.1,6.6,5.2,6.3,ISTJ,Xây dựng & Quy hoạch,Kinh tế xây dựng,4.6
STU1943,6.3,4.9,6.1,5.9,4.8,6.4,4.8,ESFP,Nông nghiệp & Môi trường,Nông nghiệp,2.8
STU0010,9.9,5.2,8.8,8.3,7.5,6.5,5.3,ISTP,Công nghệ Thông tin & Kỹ thuật Máy tính,Kỹ thuật phần mềm,4.9
STU0450,4.9,7.0,6.3,4.5,6.6,6.0,6.4,ISFP,Kinh tế & Quản lý,Marketing,3.0
STU1839,4.1,4.5,4.7,5.8,4.4,4.4,6.7,ESTJ,"Kỹ thuật, Cơ khí & Ô tô",Công nghệ kỹ thuật ô tô,2.2
STU0709,6.1,8.7,8.8,5.3,5.1,5.9,9.7,ENFJ,Sư phạm & Giáo dục,Sư phạm Vật lý,4.1
STU0256,9.6,5.6,5.8,5.2,8.6,9.9,5.1,ISFJ,Y tế & Sức khỏe,Kỹ thuật phục hồi chức năng,4.3
STU0883,6.9,9.4,9.6,5.8,5.4,5.7,8.0,ISFP,Ngôn ngữ & Văn hóa,Ngôn ngữ Hàn Quốc,4.2
STU1618,6.1,9.4,8.3,5.5,6.4,5.4,9.4,INFJ,Luật & Xã hội,Tâm lý học,4.5
STU0390,9.6,5.3,6.4,5.1,8.8,8.9,5.9,INFJ,Y tế & Sức khỏe,Y học cổ truyền,5.0
STU2009,8.1,6.5,5.3,5.4,7.2,8.7,6.3,ISFJ,Nông nghiệp & Môi trường,Công nghệ sinh học,4.9
STU2482,6.6,7.4,8.7,6.9,5.6,6.5,8.1,ESFP,Du lịch & Dịch vụ,Quản trị nhà hàng và dịch vụ ăn uống,4.8
STU1582,6.9,8.9,8.3,5.1,6.9,6.8,8.7,ISTJ,Luật & Xã hội,Quản lý nhà nước,4.8
STU0909,6.8,8.3,9.3,6.0,6.8,6.4,8.3,ISFP,Ngôn ngữ & Văn hóa,Ngôn ngữ Nhật,4.7
STU0925,6.2,8.1,9.6,5.9,5.2,6.0,8.3,INTP,Ngôn ngữ & Văn hóa,Quốc tế học,4.9
STU0752,6.8,9.9,8.9,6.5,6.9,5.8,9.8,ESFJ,Sư phạm & Giáo dục,Giáo dục Mầm non,4.7
STU2258,8.0,6.8,5.2,9.4,7.7,5.5,5.8,ISTJ,Xây dựng & Quy hoạch,Kinh tế xây dựng,4.4
STU0461,4.5,5.4,6.1,6.6,6.9,5.8,5.5,ISTJ,Kinh tế & Quản lý,Quản trị kinh doanh,1.9
STU1748,9.1,5.9,6.7,9.4,7.5,5.1,5.5,ISTJ,"Kỹ thuật, Cơ khí & Ô tô",Kỹ thuật cơ khí,4.8
STU1942,5.6,6.3,6.3,6.9,5.4,6.1,4.2,INTJ,Nông nghiệp & Môi trường,Khoa học môi trường,3.3
STU1225,7.0,9.5,9.1,7.0,5.3,5.3,7.6,ENFP,Truyền thông & Báo chí,Báo chí,4.0
STU1169,6.9,8.8,9.2,5.3,5.9,6.6,8.5,ENFP,Truyền thông & Báo chí,Thông tin - thư viện,4.7
STU0959,5.9,9.3,9.0,6.6,6.0,6.0,8.3,ISFP,Ngôn ngữ & Văn hóa,Tiếng Việt và văn hoá Việt Nam,4.0
STU0502,4.1,5.3,4.1,6.4,6.8,6.5,4.7,INTJ,Kinh tế & Quản lý,Kinh tế,3.5
STU1728,9.1,5.6,6.0,9.9,7.6,5.5,5.9,ISTP,"Kỹ thuật, Cơ khí & Ô tô",Kỹ thuật cơ điện tử,4.3
STU0740,6.8,9.3,7.6,5.7,6.9,7.0,8.0,INFJ,Sư phạm & Giáo dục,Giáo dục Mầm non,4.5
STU0041,5.9,5.5,6.4,4.3,4.7,6.1,4.9,ENTJ,Công nghệ Thông tin & Kỹ thuật Máy tính,Thiết kế vi mạch,3.3
STU0869,5.5,8.5,9.7,5.9,5.1,6.5,7.1,ISFP,Ngôn ngữ & Văn hóa,Ngôn ngữ Hàn Quốc,3.9
STU0732,6.7,9.3,7.7,5.2,7.0,6.4,9.2,INFJ,Sư phạm & Giáo dục,Tâm lý học giáo dục,4.0
STU0540,9.8,7.5,9.3,5.0,6.7,5.7,5.5,ENTJ,Kinh tế & Quản lý,Kinh tế,4.4
STU1202,6.2,9.5,8.9,5.6,5.1,6.9,7.4,ENFP,Truyền thông & Báo chí,Quan hệ công chúng,3.9
STU1340,5.9,7.8,5.2,6.5,5.1,5.9,8.1,ISFP,Nghệ thuật & Thiết kế,Thiết kế đồ họa,3.8
STU0698,6.4,8.9,7.5,6.9,5.9,7.0,9.4,ENFJ,Sư phạm & Giáo dục,Tâm lý học giáo dục,4.3
STU1992,8.2,5.1,5.3,5.5,8.5,7.7,5.3,ISFP,Nông nghiệp & Môi trường,Lâm nghiệp đô thị,5.0
STU2084,9.4,6.9,5.4,9.5,7.2,5.3,5.1,ISTJ,Xây dựng & Quy hoạch,Kỹ thuật xây dựng,3.9
STU2073,7.8,5.1,5.5,6.0,8.2,8.3,6.3,INFP,Nông nghiệp & Môi trường,Nông nghiệp,4.3
STU1372,5.8,9.0,5.8,5.5,6.5,5.7,6.9,ISFP,Nghệ thuật & Thiết kế,Thiết kế công nghiệp,4.5
STU1146,6.7,6.3,5.8,4.9,7.0,5.4,6.1,ISTP,Truyền thông & Báo chí,Công nghệ truyền thông,2.8
STU1032,6.8,8.8,9.4,6.6,5.4,6.6,8.9,ISFP,Ngôn ngữ & Văn hóa,Ngôn ngữ Nhật,4.9
STU0373,9.5,6.3,6.6,5.4,9.9,8.9,5.6,ISFJ,Y tế & Sức khỏe,Dược học,4.3
STU0668,5.7,9.9,7.3,5.3,6.8,6.6,9.4,ESFJ,Sư phạm & Giáo dục,Giáo dục Tiểu học,3.8
STU1432,5.8,8.4,6.9,6.8,6.5,5.8,6.9,INFP,Nghệ thuật & Thiết kế,Điêu khắc,4.6
STU2180,8.6,6.8,6.6,8.4,7.4,5.3,7.0,ISTP,Xây dựng & Quy hoạch,Kinh tế xây dựng,5.0
STU0358,8.8,6.3,5.0,5.3,9.5,9.0,5.8,ISTJ,Y tế & Sức khỏe,Dược học,4.9
STU0968,5.0,8.4,9.8,6.6,5.5,5.0,8.6,INFP,Ngôn ngữ & Văn hóa,Tiếng Việt và văn hoá Việt Nam,4.3
STU0784,6.7,4.4,4.9,4.6,4.7,6.3,5.4,INFJ,Sư phạm & Giáo dục,Giáo dục Mầm non,2.0
STU0736,5.3,9.0,8.2,5.5,5.2,6.6,9.5,ISFJ,Sư phạm & Giáo dục,Giáo dục Mầm non,3.9
STU1354,6.8,6.6,5.6,5.4,4.8,4.7,4.2,INFJ,Nghệ thuật & Thiết kế,Đạo diễn Điện ảnh - Truyền hình,3.4
STU1036,5.1,9.2,9.8,6.0,5.9,6.3,7.6,INFP,Ngôn ngữ & Văn hóa,Văn học,4.3
STU0971,5.6,8.8,9.3,5.9,6.5,5.7,8.1,ISFP,Ngôn ngữ & Văn hóa,Tiếng Việt và văn hoá Việt Nam,4.0
STU0471,9.7,7.3,9.8,5.2,6.1,6.0,5.3,ENTJ,Kinh tế & Quản lý,Kinh tế quốc tế,5.0
STU0656,5.4,9.1,8.9,6.7,6.0,6.6,9.4,INFJ,Sư phạm & Giáo dục,Sư phạm Ngữ văn,4.9
STU2350,6.4,8.1,9.4,6.8,5.9,5.8,7.9,ESFJ,Du lịch & Dịch vụ,Quản trị dịch vụ du lịch và lữ hành,4.7
STU2327,6.8,7.5,8.2,6.7,6.6,6.4,7.6,ESFP,Du lịch & Dịch vụ,Du lịch,4.6
STU1397,6.1,6.8,5.8,4.4,4.6,5.3,4.3,ISTJ,Nghệ thuật & Thiết kế,Đạo diễn Điện ảnh - Truyền hình,3.5
STU1537,6.2,8.9,8.0,6.2,5.3,6.1,9.6,ISTJ,Luật & Xã hội,Luật kinh tế,3.9
STU1977,8.0,6.5,6.3,5.9,7.5,7.9,6.2,ISFP,Nông nghiệp & Môi trường,Khoa học môi trường,4.4
STU2178,8.8,5.8,6.6,8.0,7.8,6.7,5.9,ESTJ,Xây dựng & Quy hoạch,Kinh tế xây dựng,4.6
STU1550,6.5,9.1,7.9,5.8,6.6,5.2,9.2,ENTJ,Luật & Xã hội,Chính trị học,5.0
STU1329,6.0,8.3,6.7,6.5,5.7,6.7,8.3,INFP,Nghệ thuật & Thiết kế,Thiết kế công nghiệp,4.9
STU1257,6.6,8.4,6.8,6.3,6.4,5.6,8.2,ISFP,Nghệ thuật & Thiết kế,Đạo diễn Điện ảnh - Truyền hình,4.4
STU2158,8.2,6.9,5.7,8.2,6.9,6.7,6.0,ISTP,Xây dựng & Quy hoạch,Kinh tế xây dựng,4.5
STU1426,6.8,8.5,5.1,6.2,5.9,5.4,6.5,INFP,Nghệ thuật & Thiết kế,Thiết kế công nghiệp,4.9
STU1465,6.5,9.1,7.0,5.8,6.0,6.4,9.7,ISTJ,Luật & Xã hội,Tâm lý học,4.1
STU1556,6.6,9.4,8.1,6.4,6.8,5.8,9.0,ISTJ,Luật & Xã hội,Tâm lý học,4.8
STU2152,8.4,6.6,5.1,8.7,7.8,6.8,5.7,ISTP,Xây dựng & Quy hoạch,Kỹ thuật xây dựng,4.2
STU1251,5.5,8.1,6.7,6.9,5.3,6.6,7.2,INFP,Nghệ thuật & Thiết kế,Thanh nhạc,3.9
STU1700,8.7,6.5,6.7,9.9,7.3,5.2,6.5,INTJ,"Kỹ thuật, Cơ khí & Ô tô",Robot và Trí tuệ nhân tạo,4.6
STU1253,6.8,8.9,5.4,5.5,5.9,5.1,8.1,INFJ,Nghệ thuật & Thiết kế,Thiết kế thời trang,4.1
STU2422,5.8,4.2,4.4,6.8,5.9,5.3,5.7,ESTJ,Du lịch & Dịch vụ,Quản trị dịch vụ du lịch và lữ hành,1.9
STU2315,5.8,8.4,8.7,5.2,5.2,6.4,8.1,ESTP,Du lịch & Dịch vụ,Du lịch,4.2
STU1237,5.1,6.1,5.4,4.1,6.2,6.9,5.7,INTP,Truyền thông & Báo chí,Truyền thông đa phương tiện,2.3
STU0886,5.7,8.4,9.1,5.4,5.0,5.7,7.6,INTP,Ngôn ngữ & Văn hóa,Tiếng Việt và văn hoá Việt Nam,4.7
STU0080,9.6,6.5,7.8,8.8,6.1,5.6,5.9,ISTP,Công nghệ Thông tin & Kỹ thuật Máy tính,Khoa học dữ liệu,4.2
STU1173,5.9,9.9,8.2,5.1,5.7,6.2,8.1,ESFP,Truyền thông & Báo chí,Quan hệ công chúng,4.2
STU0815,6.6,9.1,7.3,5.1,6.1,6.1,8.2,ESFJ,Sư phạm & Giáo dục,Sư phạm Tin học,4.4
STU1853,9.0,6.4,5.1,9.9,8.0,5.1,6.6,ISTJ,"Kỹ thuật, Cơ khí & Ô tô",Kỹ thuật cơ điện tử,4.1
STU1964,7.5,5.1,5.9,5.3,7.3,8.6,5.9,ISTJ,Nông nghiệp & Môi trường,Thú y,4.4
STU0672,6.2,8.6,7.3,6.0,5.3,6.1,9.7,INFJ,Sư phạm & Giáo dục,Sư phạm Ngữ văn,4.7
STU2401,6.1,7.5,8.8,5.4,6.0,5.5,8.6,ESFJ,Du lịch & Dịch vụ,Quản lý thể dục thể thao,4.9
STU2438,6.1,5.7,4.3,5.1,5.0,5.2,5.3,ISFJ,Du lịch & Dịch vụ,Du lịch,2.9
STU0058,9.2,6.1,9.1,8.2,8.2,5.6,5.5,INTJ,Công nghệ Thông tin & Kỹ thuật Máy tính,Thiết kế vi mạch,4.9
STU0134,8.9,6.9,9.0,8.1,7.1,5.8,6.5,INTJ,Công nghệ Thông tin & Kỹ thuật Máy tính,An toàn thông tin,4.2
STU1141,6.7,9.3,9.2,5.3,5.1,5.9,7.1,ENTP,Truyền thông & Báo chí,Báo chí,3.8
STU0934,5.4,8.9,9.8,6.8,5.7,5.0,7.7,ISFP,Ngôn ngữ & Văn hóa,Quốc tế học,4.7
STU0929,5.0,8.6,9.5,6.9,5.9,7.0,7.5,ISFP,Ngôn ngữ & Văn hóa,Quốc tế học,5.0
STU0824,6.6,9.5,8.1,6.0,6.9,6.6,8.1,ISFJ,Sư phạm & Giáo dục,Sư phạm Toán học,4.2
STU1433,5.9,5.7,4.5,6.1,4.1,4.5,5.7,ENTJ,Nghệ thuật & Thiết kế,Thiết kế công nghiệp,3.3
STU1393,6.6,7.8,5.6,5.1,5.6,6.7,6.6,INFJ,Nghệ thuật & Thiết kế,Kiến trúc,4.4
STU1532,6.4,9.6,8.2,6.3,6.1,6.6,8.6,INFJ,Luật & Xã hội,Xã hội học,4.8
STU1215,5.5,9.8,9.4,6.4,5.1,6.0,8.4,ENFP,Truyền thông & Báo chí,Công nghệ truyền thông,4.8
STU0505,8.7,8.6,9.9,6.2,5.9,5.9,5.9,ENTJ,Kinh tế & Quản lý,Kinh tế quốc tế,4.5
STU2466,5.4,8.2,8.5,5.9,5.4,6.3,8.2,ESFJ,Du lịch & Dịch vụ,Quản trị nhà hàng và dịch vụ ăn uống,4.1
STU0348,9.0,6.6,6.8,5.9,9.2,9.8,6.0,INFJ,Y tế & Sức khỏe,Dược học,3.9
STU0387,8.6,6.8,5.1,5.7,9.6,9.9,6.2,ISTJ,Y tế & Sức khỏe,Kỹ thuật hình ảnh y học,4.4
STU1025,6.6,9.1,9.1,5.8,5.9,6.6,7.9,INTP,Ngôn ngữ & Văn hóa,Văn học,4.6
STU1385,6.4,7.6,6.2,6.7,6.2,5.6,6.5,INFJ,Nghệ thuật & Thiết kế,Thiết kế công nghiệp,4.8
STU0895,6.5,9.3,9.2,6.0,5.3,5.4,7.8,ISFP,Ngôn ngữ & Văn hóa,Ngôn ngữ Anh,4.9
STU0829,5.3,9.4,7.6,5.3,5.8,6.7,9.9,INFJ,Sư phạm & Giáo dục,Sư phạm Vật lý,4.8
STU2431,5.2,6.5,5.7,4.8,4.0,4.6,6.1,ISFP,Du lịch & Dịch vụ,Quản trị nhà hàng và dịch vụ ăn uống,2.3
STU0476,9.8,7.8,9.6,6.8,6.2,6.2,5.9,ENTP,Kinh tế & Quản lý,Thương mại điện tử,4.5
STU1684,8.5,6.9,6.9,9.0,8.4,6.7,6.1,ISTP,"Kỹ thuật, Cơ khí & Ô tô",Kỹ thuật điều khiển và tự động hóa,4.1
STU2137,9.3,5.8,5.6,9.1,6.5,7.0,6.9,ESTJ,Xây dựng & Quy hoạch,Quản lý xây dựng,4.0
STU2324,6.7,7.5,8.2,5.9,6.4,5.3,8.3,ESTP,Du lịch & Dịch vụ,Quản trị nhà hàng và dịch vụ ăn uống,4.0
STU2122,8.0,6.6,5.2,8.8,7.1,6.2,5.4,ISTP,Xây dựng & Quy hoạch,Địa kỹ thuật xây dựng,4.3
STU2235,9.0,5.1,5.5,9.2,7.5,6.6,6.7,ISTJ,Xây dựng & Quy hoạch,Quản lý xây dựng,4.8
STU0653,6.8,9.5,8.0,5.6,5.3,6.2,9.3,ISFJ,Sư phạm & Giáo dục,Giáo dục Tiểu học,4.6
STU0173,9.2,6.4,9.9,8.0,6.5,5.9,5.2,INTP,Công nghệ Thông tin & Kỹ thuật Máy tính,Khoa học dữ liệu,4.4
STU1475,5.1,9.5,7.5,6.7,6.5,5.6,9.2,INTJ,Luật & Xã hội,Xã hội học,4.4
STU1150,6.1,4.4,5.6,6.5,4.6,5.2,4.3,ENTJ,Truyền thông & Báo chí,Truyền thông đa phương tiện,1.6
STU0039,9.7,6.7,9.6,8.9,7.5,6.9,5.5,ENTP,Công nghệ Thông tin & Kỹ thuật Máy tính,An toàn thông tin,5.0
STU1555,6.0,8.5,8.2,5.5,5.2,6.2,8.8,INFJ,Luật & Xã hội,Luật quốc tế,4.6
STU2382,5.9,4.5,4.8,5.2,4.5,5.8,5.5,ENTJ,Du lịch & Dịch vụ,Quản trị khách sạn,2.3
STU0714,6.3,8.5,7.1,6.7,6.5,5.1,9.7,ESFJ,Sư phạm & Giáo dục,Sư phạm Ngữ văn,4.9
STU0091,9.2,6.9,8.5,8.6,7.3,6.4,6.1,ISTP,Công nghệ Thông tin & Kỹ thuật Máy tính,An toàn thông tin,4.1
STU0167,8.8,6.6,9.3,8.9,7.6,5.1,6.4,ENTP,Công nghệ Thông tin & Kỹ thuật Máy tính,Công nghệ thông tin,3.9
STU1206,5.5,9.5,8.5,7.0,6.9,6.9,7.5,ESFP,Truyền thông & Báo chí,Công nghệ truyền thông,4.2
STU0876,5.5,8.1,9.1,5.0,6.8,6.4,7.7,INFP,Ngôn ngữ & Văn hóa,Tiếng Việt và văn hoá Việt Nam,4.1
STU0445,4.6,6.6,6.3,4.9,5.5,4.4,6.6,INFP,Kinh tế & Quản lý,Quản trị kinh doanh,3.4
STU2148,9.3,6.6,5.3,9.0,7.8,5.2,5.7,ISTJ,Xây dựng & Quy hoạch,Kinh tế xây dựng,4.3
STU2288,6.7,4.7,5.9,6.6,4.6,6.4,6.1,INFP,Xây dựng & Quy hoạch,Quản lý xây dựng,2.4
STU2430,6.8,7.0,8.7,6.4,5.2,6.9,8.7,ESFJ,Du lịch & Dịch vụ,Quản lý thể dục thể thao,4.2
STU1094,6.9,9.6,8.2,5.8,5.7,5.7,8.7,ESFP,Truyền thông & Báo chí,Thông tin - thư viện,3.9
STU1828,8.6,6.2,6.4,10.0,8.3,5.4,5.2,ISTP,"Kỹ thuật, Cơ khí & Ô tô",Kỹ thuật cơ điện tử,4.9
STU1156,6.1,9.3,9.0,5.9,5.0,5.5,7.2,ENTP,Truyền thông & Báo chí,Công nghệ truyền thông,4.7
STU1325,6.9,5.0,6.7,5.0,6.6,5.9,4.9,ENFJ,Nghệ thuật & Thiết kế,Thiết kế công nghiệp,1.9
STU0217,9.0,6.4,5.5,6.0,9.8,8.9,5.9,ISFP,Y tế & Sức khỏe,Quản lý bệnh viện,4.3
STU1351,6.5,7.5,6.5,6.7,5.7,5.7,6.5,ISFP,Nghệ thuật & Thiết kế,Thiết kế nội thất,4.0
STU0511,8.4,8.8,8.3,6.3,6.8,5.7,7.0,ESTJ,Kinh tế & Quản lý,Kinh tế quốc tế,4.2
STU1681,8.2,5.6,6.0,8.9,8.1,6.5,6.5,INTJ,"Kỹ thuật, Cơ khí & Ô tô",Robot và Trí tuệ nhân tạo,4.0
STU0500,9.7,8.7,8.6,6.1,5.9,6.9,6.3,ENTJ,Kinh tế & Quản lý,Kinh tế,5.0
STU2058,6.3,6.1,4.3,6.8,5.7,5.2,4.0,ENTP,Nông nghiệp & Môi trường,Công nghệ sau thu hoạch,2.2
STU1857,8.5,5.3,6.2,9.2,7.2,6.2,7.0,ISTJ,"Kỹ thuật, Cơ khí & Ô tô",Kỹ thuật cơ khí,4.6
STU1389,6.5,7.7,5.2,6.1,5.2,5.9,7.7,ISFP,Nghệ thuật & Thiết kế,Đạo diễn Điện ảnh - Truyền hình,4.2
STU1520,5.0,9.8,8.3,5.4,5.8,6.1,9.7,ISTJ,Luật & Xã hội,Công tác xã hội,4.9
STU1672,9.1,6.3,5.6,9.0,8.2,7.0,6.4,ISTP,"Kỹ thuật, Cơ khí & Ô tô",Kỹ thuật điện,4.5
STU0339,9.1,5.3,5.1,6.2,8.8,9.5,5.2,ISFJ,Y tế & Sức khỏe,Dược học,3.9
STU2264,8.7,6.5,5.6,8.2,6.0,6.4,6.1,ESTJ,Xây dựng & Quy hoạch,Kinh tế xây dựng,4.0
STU1189,6.8,9.6,8.8,6.8,5.2,6.6,7.4,ENFP,Truyền thông & Báo chí,Truyền thông đại chúng,5.0
STU0029,9.5,5.9,9.4,8.0,7.9,5.8,5.8,INTP,Công nghệ Thông tin & Kỹ thuật Máy tính,An toàn thông tin,4.5
STU1541,6.4,8.7,7.6,7.0,6.6,6.7,9.4,ENTJ,Luật & Xã hội,Luật,4.6
STU1218,6.4,8.5,8.5,5.4,5.9,6.7,8.9,ESFP,Truyền thông & Báo chí,Báo chí,4.4
STU2024,8.0,6.2,5.2,6.2,7.3,8.5,5.4,INFP,Nông nghiệp & Môi trường,Khoa học môi trường,5.0
STU0795,4.8,6.2,4.1,4.4,5.2,5.2,5.5,ESTP,Sư phạm & Giáo dục,Sư phạm Tin học,3.3
STU0946,6.8,9.3,9.9,5.2,5.6,6.6,8.0,INFP,Ngôn ngữ & Văn hóa,Ngôn ngữ Anh,4.2
STU1417,5.6,8.0,5.1,5.3,5.2,5.7,7.1,INFP,Nghệ thuật & Thiết kế,Đạo diễn Điện ảnh - Truyền hình,4.9
STU0170,9.7,6.8,9.2,9.5,7.2,6.7,5.5,ISTJ,Công nghệ Thông tin & Kỹ thuật Máy tính,Kỹ thuật phần mềm,5.0
STU2091,5.7,4.1,4.8,5.8,4.8,4.9,6.0,ENTP,Xây dựng & Quy hoạch,Kỹ thuật xây dựng,2.3
STU1677,9.3,5.2,5.3,9.0,8.2,5.5,6.7,INTJ,"Kỹ thuật, Cơ khí & Ô tô",Kỹ thuật cơ khí,4.8
STU1198,5.9,8.5,8.2,6.2,6.2,5.4,8.2,ENTP,Truyền thông & Báo chí,Báo chí,4.9
STU1543,5.8,9.2,7.8,6.6,5.1,5.4,9.6,INFJ,Luật & Xã hội,Tâm lý học,4.8
STU1254,5.9,7.9,6.2,5.7,6.6,5.5,7.2,ISFP,Nghệ thuật & Thiết kế,Thiết kế đồ họa,4.3
STU1277,5.4,8.9,5.8,6.5,6.5,6.4,8.0,INFP,Nghệ thuật & Thiết kế,Đạo diễn Điện ảnh - Truyền hình,3.8
STU0913,4.3,6.1,5.8,6.0,4.1,5.5,4.2,ESFJ,Ngôn ngữ & Văn hóa,Đông phương học,2.3
STU0492,9.9,8.3,9.2,5.8,6.8,5.9,5.0,ESTP,Kinh tế & Quản lý,Quản trị kinh doanh,4.2
STU0954,5.8,8.1,9.9,5.5,6.2,6.9,7.8,ISFP,Ngôn ngữ & Văn hóa,Văn học,4.3
STU1098,6.2,8.7,9.2,5.6,6.7,6.9,7.9,ENFP,Truyền thông & Báo chí,Truyền thông đa phương tiện,4.2
STU1033,5.9,8.8,9.2,6.5,6.9,5.1,9.0,INTP,Ngôn ngữ & Văn hóa,Ngôn ngữ Anh,5.0
STU0588,8.5,8.0,8.3,5.0,6.0,5.6,5.2,ESTP,Kinh tế & Quản lý,Kinh doanh quốc tế,3.9
STU0751,6.2,5.4,4.7,6.2,5.8,5.4,5.2,ESFJ,Sư phạm & Giáo dục,Sư phạm Tiếng Anh,3.3
STU0658,6.0,8.8,7.4,5.5,5.2,6.3,8.4,ISFJ,Sư phạm & Giáo dục,Giáo dục Mầm non,4.0
STU1867,8.4,6.6,6.5,9.4,8.1,5.7,6.5,ISTJ,"Kỹ thuật, Cơ khí & Ô tô",Kỹ thuật cơ khí,4.5
STU0235,10.0,5.8,6.7,6.6,9.8,8.7,5.2,ISFJ,Y tế & Sức khỏe,Kỹ thuật phục hồi chức năng,5.0
STU0733,6.4,9.9,8.7,5.7,6.2,5.9,9.4,INFJ,Sư phạm & Giáo dục,Sư phạm Tiếng Anh,4.1
STU2489,5.8,7.3,9.4,6.9,5.7,6.4,8.9,ESTP,Du lịch & Dịch vụ,Quản trị nhà hàng và dịch vụ ăn uống,3.8
STU1187,6.2,9.3,9.5,5.7,7.0,6.8,7.9,ENTP,Truyền thông & Báo chí,Báo chí,4.8
STU1157,6.0,9.4,9.3,5.7,6.2,5.4,7.0,ENFP,Truyền thông & Báo chí,Lưu trữ học,4.6
STU2486,5.0,8.1,8.5,5.8,6.4,6.0,8.9,ENFP,Du lịch & Dịch vụ,Quản trị khách sạn,4.8
STU1247,6.9,8.6,9.4,5.6,5.5,5.7,8.1,ENFP,Truyền thông & Báo chí,Công nghệ truyền thông,4.5
STU2250,8.1,5.6,6.4,9.0,6.9,5.1,6.0,ESTJ,Xây dựng & Quy hoạch,Kỹ thuật xây dựng,4.0
STU0935,5.8,9.0,10.0,5.5,6.4,6.8,8.1,ISFP,Ngôn ngữ & Văn hóa,Ngôn ngữ học,4.0
STU1210,5.5,6.4,4.6,5.2,4.4,6.4,5.1,ESFP,Truyền thông & Báo chí,Báo chí,1.7
STU1066,5.2,9.5,8.8,5.1,5.7,5.9,8.1,ENFP,Truyền thông & Báo chí,Thông tin - thư viện,4.6
STU1717,8.6,6.5,5.9,9.5,8.0,5.7,6.9,ISTP,"Kỹ thuật, Cơ khí & Ô tô",Kỹ thuật cơ khí,4.5
STU0109,8.6,6.3,9.4,9.9,6.7,6.1,6.7,INTJ,Công nghệ Thông tin & Kỹ thuật Máy tính,Công nghệ thông tin,4.9
STU1063,6.5,9.7,8.1,5.0,5.6,6.2,8.7,ENTP,Truyền thông & Báo chí,Quan hệ công chúng,4.7
STU0569,8.1,8.1,9.7,5.4,6.6,5.0,6.1,ESTP,Kinh tế & Quản lý,Quản trị kinh doanh,3.9
STU1168,5.3,9.4,8.4,6.2,6.1,6.7,7.9,ENFP,Truyền thông & Báo chí,Báo chí,4.8
STU1175,6.0,4.2,6.1,4.5,4.1,6.2,5.1,ENFJ,Truyền thông & Báo chí,Truyền thông đa phương tiện,2.4
STU1589,6.3,9.3,7.5,5.1,6.4,6.2,9.9,INFJ,Luật & Xã hội,Luật kinh tế,3.8
STU1508,5.0,9.8,8.4,5.4,6.0,7.0,9.7,ENTJ,Luật & Xã hội,Quản lý nhà nước,4.8
STU1493,6.4,8.5,7.7,6.6,5.2,5.8,8.5,ENTJ,Luật & Xã hội,Công tác xã hội,3.9
STU0891,6.9,8.1,9.4,6.9,5.7,5.8,7.8,ISFP,Ngôn ngữ & Văn hóa,Ngôn ngữ Trung Quốc,4.4
STU0948,5.7,9.2,9.0,6.2,6.8,6.5,8.5,INTP,Ngôn ngữ & Văn hóa,Đông phương học,4.2
STU1049,5.0,9.2,8.1,6.4,5.9,6.4,8.7,ESFP,Truyền thông & Báo chí,Truyền thông đại chúng,5.0
STU2054,8.2,5.3,6.4,5.4,7.7,8.9,7.0,ISFJ,Nông nghiệp & Môi trường,Nuôi trồng thủy sản,4.7
STU2110,8.5,6.5,6.5,9.1,7.4,5.6,6.2,ESTJ,Xây dựng & Quy hoạch,Địa kỹ thuật xây dựng,4.4
STU2121,8.7,5.4,6.4,8.7,7.1,6.0,5.9,ISTP,Xây dựng & Quy hoạch,Kỹ thuật xây dựng,4.1
STU0885,6.8,8.7,9.3,5.6,6.1,5.9,8.6,INTP,Ngôn ngữ & Văn hóa,Ngôn ngữ Anh,4.2
STU0144,9.3,6.0,8.8,8.6,7.7,5.0,6.1,ISTJ,Công nghệ Thông tin & Kỹ thuật Máy tính,Thiết kế vi mạch,4.6
STU2449,6.5,8.2,9.1,6.2,5.1,5.4,7.8,ESFJ,Du lịch & Dịch vụ,Quản lý thể dục thể thao,4.2
STU2185,8.5,5.2,5.2,9.3,7.3,7.0,6.6,ISTJ,Xây dựng & Quy hoạch,Quản lý xây dựng,4.2
STU0851,5.7,8.4,9.9,6.4,6.9,5.8,8.5,ISFP,Ngôn ngữ & Văn hóa,Ngôn ngữ Trung Quốc,4.0
STU0718,5.4,9.6,8.4,6.7,6.5,5.0,8.1,ESFJ,Sư phạm & Giáo dục,Tâm lý học giáo dục,4.1
STU2368,5.5,8.1,8.0,6.1,5.2,6.4,7.7,ESFP,Du lịch & Dịch vụ,Quản lý thể dục thể thao,5.0
STU0265,9.6,6.6,6.2,5.3,9.2,9.0,5.4,INFJ,Y tế & Sức khỏe,Y đa khoa,4.6
STU0076,8.5,6.3,8.9,9.7,7.0,6.5,6.8,ISTJ,Công nghệ Thông tin & Kỹ thuật Máy tính,Thiết kế vi mạch,4.5
STU0396,8.7,6.2,5.7,5.4,9.0,9.3,6.4,INFJ,Y tế & Sức khỏe,Y đa khoa,3.9
STU2114,8.6,6.0,5.0,8.0,7.9,5.8,7.0,ESTJ,Xây dựng & Quy hoạch,Kinh tế xây dựng,4.4
STU2332,5.3,7.6,8.3,5.7,5.6,6.9,8.1,ESFJ,Du lịch & Dịch vụ,Quản trị nhà hàng và dịch vụ ăn uống,3.9
STU0397,9.2,5.6,6.8,6.0,9.3,8.7,5.7,ISTJ,Y tế & Sức khỏe,Điều dưỡng,4.7
STU1366,6.3,8.9,5.9,5.0,5.8,5.8,8.1,INFP,Nghệ thuật & Thiết kế,Thiết kế nội thất,4.8
STU2074,7.5,5.7,6.1,6.2,8.6,8.3,6.6,INFP,Nông nghiệp & Môi trường,Công nghệ thực phẩm,4.2
STU1904,8.4,6.4,7.0,6.9,7.8,9.3,5.2,ISFP,Nông nghiệp & Môi trường,Lâm nghiệp đô thị,4.3
STU0596,9.5,8.6,8.8,6.0,6.1,6.0,5.1,ESTP,Kinh tế & Quản lý,Hệ thống thông tin quản lý,3.9
STU1297,5.9,7.5,5.6,5.9,5.4,6.9,7.0,INFJ,Nghệ thuật & Thiết kế,Thanh nhạc,4.5
STU1822,8.8,5.7,5.1,8.7,7.3,5.1,6.6,ISTP,"Kỹ thuật, Cơ khí & Ô tô",Kỹ thuật điện,4.1
STU0873,4.0,6.4,4.7,4.1,4.2,5.0,5.6,INFJ,Ngôn ngữ & Văn hóa,Văn học,3.1
STU1549,6.5,10.0,7.0,6.7,6.1,5.6,9.7,ISTJ,Luật & Xã hội,Công tác xã hội,4.1
STU0037,9.1,5.3,7.7,9.4,7.7,6.2,6.8,ISTP,Công nghệ Thông tin & Kỹ thuật Máy tính,Thiết kế vi mạch,4.7
STU2098,9.4,6.5,5.5,8.0,7.2,6.4,6.0,ESTJ,Xây dựng & Quy hoạch,Quản lý xây dựng,3.8
STU2120,8.1,5.7,7.0,8.4,7.1,5.7,6.9,ISTJ,Xây dựng & Quy hoạch,Công nghệ kỹ thuật công trình xây dựng,4.2
STU0978,5.6,9.5,10.0,5.5,5.8,5.3,7.7,ISFP,Ngôn ngữ & Văn hóa,Ngôn ngữ Trung Quốc,3.9
STU1572,6.5,8.9,7.6,5.5,6.9,5.6,9.4,ENTJ,Luật & Xã hội,Quản lý nhà nước,4.9
STU1123,6.9,9.5,8.4,5.5,6.2,5.9,8.6,ENFP,Truyền thông & Báo chí,Báo chí,4.2
STU1893,7.0,5.5,5.4,6.7,8.9,7.5,6.2,ISFP,Nông nghiệp & Môi trường,Công nghệ sinh học,4.7
STU0676,6.7,8.8,8.3,6.4,6.7,6.2,9.6,ENFJ,Sư phạm & Giáo dục,Sư phạm Tiếng Anh,4.8
STU0729,5.3,8.6,7.8,5.5,5.3,6.2,9.0,ESFJ,Sư phạm & Giáo dục,Sư phạm Ngữ văn,3.9
STU0413,9.2,6.4,6.6,5.8,9.0,9.0,5.3,ISFJ,Y tế & Sức khỏe,Quản lý bệnh viện,4.8
STU1517,5.8,9.9,8.0,5.6,6.8,6.5,9.0,ENTJ,Luật & Xã hội,Luật quốc tế,4.3
STU1650,5.6,4.8,6.7,6.7,7.0,5.5,4.4,ESTJ,Luật & Xã hội,Luật kinh tế,3.4
STU0826,5.3,9.8,7.7,6.3,6.5,6.5,9.7,ESFJ,Sư phạm & Giáo dục,Giáo dục Tiểu học,4.7
STU0617,9.2,7.6,9.5,5.7,5.5,5.3,5.2,ESTJ,Kinh tế & Quản lý,Kinh doanh quốc tế,4.1
STU0115,8.7,6.0,7.8,9.8,8.3,5.7,5.9,ISTP,Công nghệ Thông tin & Kỹ thuật Máy tính,Mạng máy tính và truyền thông dữ liệu,4.7
STU0418,8.8,7.6,9.5,5.4,5.7,5.8,5.4,ESTJ,Kinh tế & Quản lý,Kiểm toán,4.2
STU1626,6.1,9.5,8.0,6.9,6.5,5.4,9.9,ISTJ,Luật & Xã hội,Luật kinh tế,4.2
STU2447,6.1,7.2,8.7,5.6,5.4,6.1,8.3,ENFP,Du lịch & Dịch vụ,Quản lý thể dục thể thao,4.1
STU0090,9.5,5.4,8.6,8.5,6.7,6.4,5.1,ISTJ,Công nghệ Thông tin & Kỹ thuật Máy tính,Kỹ thuật phần mềm,4.5
STU2083,8.2,6.0,6.4,8.7,7.1,5.7,6.1,ESTJ,Xây dựng & Quy hoạch,Kỹ thuật xây dựng,4.9
STU0754,5.9,9.2,8.4,6.1,6.6,5.0,9.4,ENFJ,Sư phạm & Giáo dục,Giáo dục Mầm non,4.8
STU1631,5.6,8.8,7.8,6.8,6.4,6.8,9.3,INTJ,Luật & Xã hội,Luật kinh tế,4.9
STU0012,8.9,5.5,8.5,8.9,6.2,6.9,6.1,ISTP,Công nghệ Thông tin & Kỹ thuật Máy tính,Khoa học Máy tính,4.8
STU0285,10.0,5.7,5.6,6.8,9.9,8.9,5.5,INFJ,Y tế & Sức khỏe,Quản lý bệnh viện,4.9
STU1067,6.0,9.8,9.4,6.7,6.1,6.7,8.1,ENFP,Truyền thông & Báo chí,Thông tin - thư viện,4.0
STU1192,6.4,8.6,9.5,6.8,6.0,6.5,8.2,ENFP,Truyền thông & Báo chí,Công nghệ truyền thông,4.4
STU1441,6.7,7.8,5.6,5.5,5.8,6.8,7.0,ISFP,Nghệ thuật & Thiết kế,Điêu khắc,4.6
STU2334,6.7,6.4,5.4,4.6,6.7,5.7,6.5,ISFP,Du lịch & Dịch vụ,Quản trị dịch vụ du lịch và lữ hành,2.8
STU2333,6.6,7.1,8.5,6.2,5.4,6.4,8.9,ESFJ,Du lịch & Dịch vụ,Quản trị dịch vụ du lịch và lữ hành,4.5
STU2445,6.3,5.2,6.5,5.8,5.4,6.2,4.1,INFJ,Du lịch & Dịch vụ,Quản trị dịch vụ du lịch và lữ hành,2.1
STU1569,5.9,5.2,4.9,4.8,6.3,5.1,4.7,ISFJ,Luật & Xã hội,Chính trị học,3.1
STU2450,6.4,8.3,9.3,5.9,7.0,5.8,8.8,ESTP,Du lịch & Dịch vụ,Quản lý thể dục thể thao,4.7
STU1688,8.2,6.3,5.9,8.8,7.2,6.9,6.6,INTJ,"Kỹ thuật, Cơ khí & Ô tô",Công nghệ kỹ thuật ô tô,4.6
STU0852,6.1,9.1,9.2,7.0,5.9,5.2,8.6,ISFP,Ngôn ngữ & Văn hóa,Ngôn ngữ Nhật,4.9
STU0896,6.2,8.3,9.9,5.8,5.4,5.1,8.5,INTP,Ngôn ngữ & Văn hóa,Đông phương học,3.8
STU0497,8.2,7.6,9.2,6.5,6.5,6.4,6.4,ESTJ,Kinh tế & Quản lý,Kinh tế,3.9
STU1783,8.8,5.9,6.2,9.0,7.3,6.8,5.1,ESTP,"Kỹ thuật, Cơ khí & Ô tô",Kỹ thuật cơ điện tử,4.9
STU0336,9.1,5.2,5.9,5.7,9.1,9.7,6.6,INFJ,Y tế & Sức khỏe,Dược học,4.7
STU0516,9.8,8.9,9.1,6.8,5.9,5.5,5.4,ESTP,Kinh tế & Quản lý,Kế toán,4.6
STU1349,6.5,9.0,5.4,6.2,6.5,5.3,7.1,INFP,Nghệ thuật & Thiết kế,Đạo diễn Điện ảnh - Truyền hình,4.9
STU1016,6.5,9.2,9.5,6.0,5.4,7.0,7.1,INFP,Ngôn ngữ & Văn hóa,Ngôn ngữ Anh,4.7
STU2340,6.0,4.7,4.8,5.3,4.6,4.6,4.9,ENFJ,Du lịch & Dịch vụ,Quản trị nhà hàng và dịch vụ ăn uống,3.4
STU1782,8.1,5.2,6.2,9.7,7.5,5.4,6.2,ISTJ,"Kỹ thuật, Cơ khí & Ô tô",Robot và Trí tuệ nhân tạo,3.9
STU1786,5.1,6.6,5.2,7.0,5.5,6.8,5.0,INTP,"Kỹ thuật, Cơ khí & Ô tô",Kỹ thuật cơ điện tử,1.5
STU2071,6.0,5.2,5.0,7.0,5.7,5.3,6.4,ISTJ,Nông nghiệp & Môi trường,Lâm nghiệp đô thị,2.4
STU0357,9.0,5.7,5.2,5.9,9.5,8.6,6.2,ISTJ,Y tế & Sức khỏe,Kỹ thuật hình ảnh y học,3.9
STU2375,6.0,7.9,9.1,6.2,6.8,5.4,8.8,ESTP,Du lịch & Dịch vụ,Quản trị khách sạn,4.7
STU1313,6.5,7.9,6.1,6.3,6.3,6.3,7.6,ISFP,Nghệ thuật & Thiết kế,Thiết kế nội thất,3.9
STU1636,6.4,9.0,7.3,5.8,6.0,5.1,10.0,INTJ,Luật & Xã hội,Chính trị học,4.5
STU0551,5.4,6.0,4.3,4.2,6.3,4.0,5.7,INTP,Kinh tế & Quản lý,Kiểm toán,2.8
STU1228,6.0,4.7,6.5,5.4,5.1,4.2,6.2,ESFP,Truyền thông & Báo chí,Thông tin - thư viện,1.7
STU2227,8.6,5.7,6.4,8.2,7.8,6.2,5.6,ISTJ,Xây dựng & Quy hoạch,Kỹ thuật xây dựng,4.1
STU0958,6.2,8.9,9.1,6.6,5.4,5.3,8.2,ISFP,Ngôn ngữ & Văn hóa,Ngôn ngữ Trung Quốc,3.8
STU1774,8.8,6.2,5.0,9.8,8.2,5.2,6.4,ISTJ,"Kỹ thuật, Cơ khí & Ô tô",Kỹ thuật điều khiển và tự động hóa,4.9
STU1009,6.4,8.5,9.2,5.8,5.2,5.8,8.3,INTP,Ngôn ngữ & Văn hóa,Văn học,3.9
STU1093,6.7,9.0,9.2,6.3,6.6,5.4,8.2,ENTP,Truyền thông & Báo chí,Quan hệ công chúng,4.7
STU2221,8.6,5.0,6.7,8.1,7.9,6.3,5.5,ESTJ,Xây dựng & Quy hoạch,Quản lý xây dựng,4.6
STU0997,5.5,8.1,9.0,6.4,6.9,6.5,8.3,INFP,Ngôn ngữ & Văn hóa,Ngôn ngữ Trung Quốc,4.4
STU1680,8.4,5.9,5.1,9.2,7.4,5.4,6.7,INTJ,"Kỹ thuật, Cơ khí & Ô tô",Kỹ thuật cơ điện tử,4.7
STU0154,8.7,6.9,9.9,8.6,6.5,5.7,5.7,ENTP,Công nghệ Thông tin & Kỹ thuật Máy tính,An toàn thông tin,3.9
STU0581,5.8,6.9,6.0,6.6,5.6,4.7,4.2,ISFJ,Kinh tế & Quản lý,Kinh tế quốc tế,2.3
STU1471,5.3,5.2,4.3,5.6,5.7,6.9,4.5,ISTJ,Luật & Xã hội,Luật,2.8
STU0704,5.3,9.9,8.2,5.4,5.6,6.4,8.8,INFJ,Sư phạm & Giáo dục,Sư phạm Toán học,4.1
STU1213,5.8,9.5,8.2,5.2,6.8,6.8,8.9,ENTP,Truyền thông & Báo chí,Truyền thông đa phương tiện,4.3
STU0897,6.3,8.0,9.2,5.7,5.1,6.3,7.0,ISFP,Ngôn ngữ & Văn hóa,Tiếng Việt và văn hoá Việt Nam,4.8
STU0488,6.6,5.0,4.8,4.3,4.3,4.5,4.4,ISTJ,Kinh tế & Quản lý,Kiểm toán,1.7
STU0560,9.7,7.6,10.0,6.9,6.2,5.0,5.1,ESTJ,Kinh tế & Quản lý,Kinh doanh quốc tế,4.7
STU1142,5.5,9.3,8.2,5.8,7.0,7.0,8.2,ENTP,Truyền thông & Báo chí,Báo chí,4.8
STU1120,6.2,9.4,8.1,5.5,6.0,7.0,7.0,ESFP,Truyền thông & Báo chí,Lưu trữ học,4.4
STU0513,9.6,7.8,8.4,6.8,6.8,5.1,5.3,ESTJ,Kinh tế & Quản lý,Tài chính - Ngân hàng,4.6
STU0634,6.5,8.8,8.1,6.3,6.0,6.6,9.6,ISFJ,Sư phạm & Giáo dục,Sư phạm Vật lý,3.9
STU2218,9.1,6.8,6.2,9.3,7.2,6.3,5.4,ISTJ,Xây dựng & Quy hoạch,Địa kỹ thuật xây dựng,4.8
STU1665,8.2,5.7,5.9,8.5,8.3,5.0,5.3,ESTP,"Kỹ thuật, Cơ khí & Ô tô",Kỹ thuật điều khiển và tự động hóa,4.5
STU1013,6.0,9.1,9.1,5.6,5.6,5.0,8.7,INTP,Ngôn ngữ & Văn hóa,Tiếng Việt và văn hoá Việt Nam,4.7
STU1932,6.9,6.4,5.7,6.4,8.7,8.1,6.6,ISFJ,Nông nghiệp & Môi trường,Công nghệ thực phẩm,3.9
STU1151,6.1,8.9,9.2,6.3,5.2,6.0,8.5,ESFP,Truyền thông & Báo chí,Lưu trữ học,4.1
STU2406,5.9,8.4,8.7,5.3,6.8,5.1,9.0,ENFP,Du lịch & Dịch vụ,Quản trị dịch vụ du lịch và lữ hành,3.9
STU0117,9.4,6.2,9.1,8.3,7.5,6.2,5.5,INTJ,Công nghệ Thông tin & Kỹ thuật Máy tính,Thiết kế vi mạch,4.8
STU0741,6.0,8.9,8.1,6.3,6.3,5.8,8.1,INFJ,Sư phạm & Giáo dục,Sư phạm Tin học,4.9
STU2473,6.8,7.6,8.6,5.2,5.0,5.6,9.0,ESFJ,Du lịch & Dịch vụ,Quản trị nhà hàng và dịch vụ ăn uống,4.0
STU1975,7.6,5.8,6.1,6.6,7.0,9.0,5.2,ISFP,Nông nghiệp & Môi trường,Thú y,4.7
STU1082,6.2,4.6,6.1,6.5,4.4,6.9,6.8,ENTJ,Truyền thông & Báo chí,Truyền thông đại chúng,1.5
STU1811,8.3,6.8,5.7,8.7,8.2,5.4,6.9,ISTJ,"Kỹ thuật, Cơ khí & Ô tô",Kỹ thuật điện tử - viễn thông,4.4
STU0831,6.0,9.4,9.0,7.0,5.4,5.4,9.8,ISFJ,Sư phạm & Giáo dục,Sư phạm Toán học,4.8
STU0120,9.5,6.9,8.7,9.0,7.4,7.0,6.5,INTP,Công nghệ Thông tin & Kỹ thuật Máy tính,Thiết kế vi mạch,4.1
STU0657,6.8,9.0,8.1,6.8,5.4,5.1,8.2,ISFJ,Sư phạm & Giáo dục,Sư phạm Ngữ văn,4.0
STU2275,8.5,5.7,5.5,9.0,7.0,5.4,6.3,ISTP,Xây dựng & Quy hoạch,Quản lý xây dựng,4.0
STU2421,6.1,7.2,8.5,5.8,5.8,5.0,8.5,ESTP,Du lịch & Dịch vụ,Quản trị khách sạn,5.0
STU2441,5.2,5.4,6.9,5.3,6.8,4.6,5.3,ESFJ,Du lịch & Dịch vụ,Quản trị dịch vụ du lịch và lữ hành,3.4
STU0636,6.6,9.8,8.5,6.8,5.8,5.0,9.0,INFJ,Sư phạm & Giáo dục,Giáo dục Tiểu học,4.8
STU0370,9.0,6.1,6.9,5.2,8.9,8.6,6.7,ISFP,Y tế & Sức khỏe,Kỹ thuật hình ảnh y học,4.3
STU0269,9.8,6.3,5.8,5.5,8.7,8.7,5.3,ISFJ,Y tế & Sức khỏe,Kỹ thuật hình ảnh y học,4.4
STU0047,9.7,5.6,9.2,9.3,8.3,5.9,6.4,ISTJ,Công nghệ Thông tin & Kỹ thuật Máy tính,An toàn thông tin,4.3
STU0992,4.6,6.2,6.2,5.3,6.1,4.8,4.6,INFP,Ngôn ngữ & Văn hóa,Đông phương học,3.5
STU0877,6.5,8.9,9.7,6.5,5.2,6.2,8.9,ISFP,Ngôn ngữ & Văn hóa,Ngôn ngữ học,3.9
STU0774,7.0,6.4,6.9,5.5,4.3,5.8,5.0,ENFJ,Sư phạm & Giáo dục,Sư phạm Tiếng Anh,2.4
STU1220,6.8,9.6,9.4,6.2,6.3,6.0,7.7,ENFP,Truyền thông & Báo chí,Thông tin - thư viện,4.3
STU1127,4.7,6.8,6.7,4.1,4.3,5.4,5.3,ENTP,Truyền thông & Báo chí,Thông tin - thư viện,2.8
STU0005,8.8,5.6,9.7,9.9,6.8,6.6,5.8,INTJ,Công nghệ Thông tin & Kỹ thuật Máy tính,Thiết kế vi mạch,4.6
STU1596,6.8,4.5,5.9,5.8,6.8,4.0,6.8,ENFJ,Luật & Xã hội,Luật kinh tế,2.9
STU1078,6.5,8.7,9.4,6.9,6.9,6.9,8.8,ENFP,Truyền thông & Báo chí,Truyền thông đại chúng,4.7
STU0838,5.8,8.3,9.5,5.4,5.6,5.4,7.8,ISFP,Ngôn ngữ & Văn hóa,Ngôn ngữ học,4.8
STU0682,5.1,9.9,8.4,6.5,5.9,5.7,8.6,ENFJ,Sư phạm & Giáo dục,Sư phạm Vật lý,4.9
STU1716,5.1,4.3,4.6,6.3,4.8,4.7,4.9,ESTP,"Kỹ thuật, Cơ khí & Ô tô",Kỹ thuật cơ khí,3.1
STU1149,5.3,9.7,8.0,6.4,6.1,5.4,7.5,ENFP,Truyền thông & Báo chí,Công nghệ truyền thông,4.1
STU0575,8.0,8.9,8.8,6.8,6.6,5.3,6.6,ENTP,Kinh tế & Quản lý,Kinh tế quốc tế,4.6
STU0051,9.8,6.9,7.5,9.6,8.2,5.6,5.6,ISTP,Công nghệ Thông tin & Kỹ thuật Máy tính,An toàn thông tin,4.6
STU0854,5.9,5.0,6.2,4.1,5.3,6.5,5.8,ISFP,Ngôn ngữ & Văn hóa,Tiếng Việt và văn hoá Việt Nam,3.3
STU1983,7.5,6.2,6.0,6.3,7.6,8.2,6.0,ISFP,Nông nghiệp & Môi trường,Thú y,4.8
STU1824,8.1,6.0,6.8,8.5,7.6,5.3,6.8,INTJ,"Kỹ thuật, Cơ khí & Ô tô",Kỹ thuật cơ khí,4.0
STU0834,5.7,4.2,5.0,6.6,4.4,6.0,4.2,ENFJ,Ngôn ngữ & Văn hóa,Đông phương học,2.0
STU1116,5.2,8.9,9.3,5.9,6.0,6.1,8.4,ESFP,Truyền thông & Báo chí,Quan hệ công chúng,4.9
STU1167,6.2,9.4,8.5,6.0,6.8,6.7,8.4,ENTP,Truyền thông & Báo chí,Truyền thông đa phương tiện,4.8
STU1907,8.4,6.2,5.5,6.3,8.5,8.3,5.2,ISFP,Nông nghiệp & Môi trường,Thú y,3.8
STU0972,6.7,8.5,9.8,6.6,6.6,6.9,8.0,INFP,Ngôn ngữ & Văn hóa,Ngôn ngữ Hàn Quốc,4.8
STU0400,9.2,5.7,6.3,5.7,9.4,9.8,6.7,ISTJ,Y tế & Sức khỏe,Quản lý bệnh viện,4.6
STU0020,9.7,6.3,8.3,8.1,6.3,6.7,5.2,ISTP,Công nghệ Thông tin & Kỹ thuật Máy tính,Kỹ thuật phần mềm,4.7
STU0685,6.1,8.7,7.1,5.9,5.8,5.1,9.0,INFJ,Sư phạm & Giáo dục,Sư phạm Tin học,4.5
STU0036,4.4,6.0,5.7,4.7,6.1,6.3,4.5,INTP,Công nghệ Thông tin & Kỹ thuật Máy tính,Mạng máy tính và truyền thông dữ liệu,1.9
STU2359,5.9,7.1,9.4,6.4,5.9,5.3,8.8,ESFP,Du lịch & Dịch vụ,Quản lý thể dục thể thao,3.9
STU0525,9.9,7.3,9.7,7.0,5.3,5.8,6.5,ESTP,Kinh tế & Quản lý,Thương mại điện tử,3.8
STU0921,5.3,8.5,9.8,7.0,5.1,5.3,7.5,ISFP,Ngôn ngữ & Văn hóa,Ngôn ngữ Hàn Quốc,4.8
STU1842,8.0,5.9,5.0,8.7,8.0,6.1,5.6,ISTP,"Kỹ thuật, Cơ khí & Ô tô",Công nghệ kỹ thuật ô tô,4.5
STU1891,6.6,5.9,6.2,5.0,7.5,8.6,5.7,ISFJ,Nông nghiệp & Môi trường,Công nghệ thực phẩm,4.0
STU0538,8.6,8.5,9.5,6.4,5.0,5.0,6.5,ENTJ,Kinh tế & Quản lý,Hệ thống thông tin quản lý,4.3
STU1706,5.6,4.1,5.6,5.3,5.8,7.0,5.2,INTJ,"Kỹ thuật, Cơ khí & Ô tô",Kỹ thuật cơ khí,2.3
STU2440,5.8,7.0,8.2,5.5,5.1,6.1,8.5,ENFP,Du lịch & Dịch vụ,Quản trị nhà hàng và dịch vụ ăn uống,3.8
STU0246,9.5,6.1,6.8,5.8,8.8,9.6,5.8,ISFJ,Y tế & Sức khỏe,Kỹ thuật phục hồi chức năng,4.6
STU0785,6.3,8.9,7.9,5.2,5.4,6.1,8.0,ISFJ,Sư phạm & Giáo dục,Sư phạm Toán học,4.2
STU1410,6.8,7.9,5.3,5.3,6.9,5.5,6.6,ISFP,Nghệ thuật & Thiết kế,Thiết kế công nghiệp,4.5
STU0155,9.0,6.4,8.0,9.9,8.5,5.8,6.6,ISTP,Công nghệ Thông tin & Kỹ thuật Máy tính,An toàn thông tin,5.0
STU1687,9.0,5.5,6.6,9.2,7.2,6.7,6.3,INTJ,"Kỹ thuật, Cơ khí & Ô tô",Công nghệ kỹ thuật ô tô,4.3
STU0626,5.4,5.6,6.8,4.4,4.6,5.7,7.0,ESTP,Sư phạm & Giáo dục,Sư phạm Vật lý,3.0
STU2393,6.2,7.9,8.1,5.8,5.9,5.9,8.4,ESFJ,Du lịch & Dịch vụ,Quản trị nhà hàng và dịch vụ ăn uống,4.6
STU1347,4.4,5.4,7.0,6.7,5.5,4.8,5.4,ESFJ,Nghệ thuật & Thiết kế,Thiết kế công nghiệp,3.0
STU0570,8.2,7.4,8.3,6.7,6.4,5.0,5.9,ENTP,Kinh tế & Quản lý,Kinh tế quốc tế,4.7
STU1759,8.1,6.1,6.9,9.9,7.4,6.5,6.5,ESTP,"Kỹ thuật, Cơ khí & Ô tô",Robot và Trí tuệ nhân tạo,3.9
STU1817,8.9,5.6,6.8,9.7,8.4,5.0,6.6,ISTJ,"Kỹ thuật, Cơ khí & Ô tô",Kỹ thuật điện,4.5
STU2066,6.8,5.8,6.4,6.9,8.7,8.9,6.6,ISTJ,Nông nghiệp & Môi trường,Thú y,4.9
STU0128,9.4,6.8,7.8,8.4,6.4,6.3,6.9,ISTJ,Công nghệ Thông tin & Kỹ thuật Máy tính,Mạng máy tính và truyền thông dữ liệu,4.0
STU2476,5.1,7.0,9.1,5.3,5.4,6.0,8.8,ESTP,Du lịch & Dịch vụ,Du lịch,4.3
STU2007,6.8,5.2,6.7,5.7,8.6,7.6,5.3,ISTJ,Nông nghiệp & Môi trường,Khoa học cây trồng,4.5
STU0981,6.3,8.1,9.3,6.9,5.6,6.8,7.1,ISFP,Ngôn ngữ & Văn hóa,Tiếng Việt và văn hoá Việt Nam,4.9
STU0191,8.8,5.5,7.9,9.7,7.8,6.7,6.4,INTJ,Công nghệ Thông tin & Kỹ thuật Máy tính,Khoa học dữ liệu,4.0
STU1140,6.4,9.5,9.0,5.2,5.9,6.5,8.4,ENFP,Truyền thông & Báo chí,Lưu trữ học,5.0
STU0993,5.9,8.6,9.5,5.1,5.7,5.9,8.1,ISFP,Ngôn ngữ & Văn hóa,Văn học,3.9
STU0700,6.7,9.2,8.6,6.9,5.6,6.2,8.5,ENFJ,Sư phạm & Giáo dục,Sư phạm Tin học,4.4
STU0607,8.3,7.6,9.3,6.2,5.4,6.1,6.2,ESTP,Kinh tế & Quản lý,Tài chính - Ngân hàng,3.9
STU0181,9.1,5.3,9.6,9.3,7.7,6.9,5.3,ISTJ,Công nghệ Thông tin & Kỹ thuật Máy tính,Khoa học Máy tính,4.6
STU0302,9.3,5.5,6.5,5.9,10.0,9.2,5.9,ISFJ,Y tế & Sức khỏe,Y đa khoa,3.9
STU1061,6.4,9.1,9.5,6.5,6.4,6.9,7.3,ESFP,Truyền thông & Báo chí,Báo chí,4.1
STU2351,5.8,7.3,9.4,6.6,5.8,6.5,8.4,ENFP,Du lịch & Dịch vụ,Quản lý thể dục thể thao,3.9
STU2394,5.0,8.2,9.3,6.1,7.0,5.7,8.3,ESFJ,Du lịch & Dịch vụ,Quản lý thể dục thể thao,3.9
STU1070,6.9,8.6,8.4,5.3,5.6,6.3,8.3,ENFP,Truyền thông & Báo chí,Quan hệ công chúng,3.8
STU2206,8.8,5.5,6.9,9.0,6.3,6.3,6.6,ISTP,Xây dựng & Quy hoạch,Kỹ thuật xây dựng,5.0
STU1244,6.0,9.1,8.7,6.8,6.0,5.4,8.2,ESFP,Truyền thông & Báo chí,Báo chí,3.9
STU0017,8.9,6.2,9.2,8.8,6.7,6.9,5.4,ISTJ,Công nghệ Thông tin & Kỹ thuật Máy tính,Công nghệ thông tin,4.1
STU2479,5.6,7.1,8.5,5.0,6.6,6.0,8.5,ESFJ,Du lịch & Dịch vụ,Quản lý thể dục thể thao,4.6
STU0547,8.0,8.3,9.5,5.5,5.9,6.4,5.5,ESTJ,Kinh tế & Quản lý,Tài chính - Ngân hàng,4.6
STU0659,5.2,8.6,7.5,5.2,5.2,6.8,8.2,ESFJ,Sư phạm & Giáo dục,Tâm lý học giáo dục,4.4
STU2248,9.5,6.9,5.5,8.1,6.9,7.0,6.0,ISTJ,Xây dựng & Quy hoạch,Kỹ thuật xây dựng,3.9
STU2278,9.0,6.1,6.7,8.5,6.7,6.1,5.3,ISTP,Xây dựng & Quy hoạch,Kỹ thuật xây dựng,3.9
STU1505,5.4,9.6,8.2,6.5,6.4,5.1,8.5,INFJ,Luật & Xã hội,Công tác xã hội,4.4
STU0960,6.0,8.3,9.7,5.8,6.6,5.5,7.9,ISFP,Ngôn ngữ & Văn hóa,Đông phương học,4.2
STU0798,7.0,9.8,7.6,5.4,6.2,5.9,8.8,ISFJ,Sư phạm & Giáo dục,Tâm lý học giáo dục,4.9
STU0226,9.1,6.2,5.3,6.6,9.9,9.1,5.9,ISTJ,Y tế & Sức khỏe,Y học dự phòng,4.1
STU2075,7.4,6.7,5.8,5.6,7.8,7.9,6.2,ISFJ,Nông nghiệp & Môi trường,Lâm nghiệp đô thị,4.5
STU1800,8.2,6.3,5.2,10.0,7.5,6.2,6.4,ESTP,"Kỹ thuật, Cơ khí & Ô tô",Robot và Trí tuệ nhân tạo,4.5
STU2465,5.7,7.1,8.1,6.7,6.2,5.6,8.6,ESFP,Du lịch & Dịch vụ,Du lịch,4.9
STU2086,8.9,6.2,5.4,9.4,6.1,6.2,6.5,ESTJ,Xây dựng & Quy hoạch,Quản lý xây dựng,4.8
STU1694,8.4,6.5,5.2,8.5,8.0,5.2,5.6,ESTP,"Kỹ thuật, Cơ khí & Ô tô",Kỹ thuật điều khiển và tự động hóa,4.0
STU1046,5.2,9.9,8.1,5.3,5.9,6.6,8.7,ENFP,Truyền thông & Báo chí,Lưu trữ học,4.1
STU0470,9.4,7.9,9.9,6.8,5.5,5.3,6.4,ENTJ,Kinh tế & Quản lý,Kiểm toán,4.1
STU0955,5.1,8.6,9.2,5.5,6.8,6.0,7.5,INTP,Ngôn ngữ & Văn hóa,Ngôn ngữ học,4.4
STU2475,5.3,7.3,9.5,5.0,5.8,6.0,8.8,ESTP,Du lịch & Dịch vụ,Quản trị nhà hàng và dịch vụ ăn uống,4.9
STU0640,6.1,9.4,8.2,6.6,6.5,6.3,9.3,ESFJ,Sư phạm & Giáo dục,Giáo dục Mầm non,4.2
STU2313,6.0,8.0,8.3,5.2,6.1,5.0,9.0,ESFJ,Du lịch & Dịch vụ,Quản lý thể dục thể thao,4.8
STU1219,5.4,8.8,8.9,6.4,6.0,5.3,7.7,ENFP,Truyền thông & Báo chí,Truyền thông đa phương tiện,4.7
STU1159,6.9,4.4,5.5,4.9,4.3,6.2,5.5,ENFP,Truyền thông & Báo chí,Công nghệ truyền thông,3.2
STU1416,5.8,7.5,6.8,5.3,5.1,6.2,7.6,ISFP,Nghệ thuật & Thiết kế,Đạo diễn Điện ảnh - Truyền hình,4.6
STU2257,8.9,5.1,6.9,9.2,6.7,5.6,6.4,ISTJ,Xây dựng & Quy hoạch,Kỹ thuật xây dựng,4.4
STU1528,5.8,9.6,7.2,5.3,6.8,5.1,9.6,ENTJ,Luật & Xã hội,Xã hội học,3.9
STU2432,6.2,7.4,9.0,5.4,5.7,5.7,7.7,ESFJ,Du lịch & Dịch vụ,Quản trị dịch vụ du lịch và lữ hành,4.6
STU1301,6.4,8.6,5.6,5.4,6.3,5.3,7.1,ISFP,Nghệ thuật & Thiết kế,Thanh nhạc,4.5
STU2387,6.6,7.1,9.3,6.9,6.3,5.8,7.9,ESFJ,Du lịch & Dịch vụ,Quản trị dịch vụ du lịch và lữ hành,4.8
STU1604,5.6,9.5,7.2,6.8,5.6,6.8,8.9,INFJ,Luật & Xã hội,Quản lý nhà nước,4.2
STU0161,9.7,7.0,8.0,9.3,7.6,6.1,6.9,INTP,Công nghệ Thông tin & Kỹ thuật Máy tính,Khoa học Máy tính,4.6
STU1705,8.3,6.9,7.0,9.0,7.1,5.3,6.9,INTJ,"Kỹ thuật, Cơ khí & Ô tô",Công nghệ kỹ thuật ô tô,4.7
STU0957,5.0,8.1,9.7,7.0,5.7,6.4,7.3,ISFP,Ngôn ngữ & Văn hóa,Ngôn ngữ Hàn Quốc,5.0
STU2427,5.3,7.7,8.3,5.1,6.6,6.8,8.6,ESFJ,Du lịch & Dịch vụ,Quản lý thể dục thể thao,4.7
STU0878,6.5,9.0,9.2,6.5,5.6,7.0,7.8,INTP,Ngôn ngữ & Văn hóa,Văn học,4.3
STU1920,8.1,6.6,5.4,6.7,8.9,7.6,5.6,INFP,Nông nghiệp & Môi trường,Công nghệ thực phẩm,4.7
STU1885,7.7,6.1,5.2,5.4,8.2,8.5,6.1,INFP,Nông nghiệp & Môi trường,Nuôi trồng thủy sản,4.3
STU2201,9.2,6.3,5.3,9.2,6.1,6.9,6.3,ESTJ,Xây dựng & Quy hoạch,Công nghệ kỹ thuật công trình xây dựng,4.0
STU0099,9.8,5.1,9.9,8.8,7.2,5.9,5.8,ISTP,Công nghệ Thông tin & Kỹ thuật Máy tính,Kỹ thuật phần mềm,4.1
STU2357,5.0,8.4,8.6,6.3,6.3,6.5,8.0,ENFP,Du lịch & Dịch vụ,Quản lý thể dục thể thao,4.6
STU0254,9.8,5.2,6.9,6.5,9.1,8.7,5.4,INFJ,Y tế & Sức khỏe,Điều dưỡng,4.2
STU0104,9.7,6.0,10.0,9.9,7.7,6.8,5.9,INTJ,Công nghệ Thông tin & Kỹ thuật Máy tính,Công nghệ thông tin,4.1
STU1446,6.7,8.1,6.4,5.2,6.7,6.4,6.9,INFP,Nghệ thuật & Thiết kế,Thiết kế đồ họa,4.1
STU1444,6.6,8.3,5.9,5.4,5.8,5.6,7.7,INFJ,Nghệ thuật & Thiết kế,Thanh nhạc,4.6
STU1649,5.2,9.5,7.2,6.8,6.0,5.8,8.9,INFJ,Luật & Xã hội,Quản lý nhà nước,4.4
STU0587,9.6,7.7,8.3,6.8,6.7,5.8,5.2,ENTJ,Kinh tế & Quản lý,Quản trị kinh doanh,4.2
STU0628,6.4,9.0,7.3,6.3,5.5,6.7,9.5,ISFJ,Sư phạm & Giáo dục,Sư phạm Ngữ văn,4.2
STU1697,9.3,6.4,6.6,9.3,7.0,5.9,5.9,ISTJ,"Kỹ thuật, Cơ khí & Ô tô",Kỹ thuật cơ điện tử,4.0
STU2102,9.3,6.0,6.0,8.2,6.8,6.6,6.1,ISTJ,Xây dựng & Quy hoạch,Địa kỹ thuật xây dựng,4.8
STU2200,8.7,6.7,7.0,9.3,6.6,5.5,5.4,ISTJ,Xây dựng & Quy hoạch,Kinh tế xây dựng,4.4
STU0404,9.2,6.0,5.1,6.4,8.6,8.6,6.2,INFJ,Y tế & Sức khỏe,Kỹ thuật hình ảnh y học,4.2
STU1155,6.8,9.1,8.8,5.9,6.0,5.0,7.6,ENFP,Truyền thông & Báo chí,Truyền thông đại chúng,4.5
STU2256,9.0,5.2,5.5,9.2,7.7,6.9,6.6,ISTJ,Xây dựng & Quy hoạch,Kỹ thuật cấp thoát nước,4.1
STU1683,8.2,6.9,5.9,9.9,8.0,5.7,6.4,ESTP,"Kỹ thuật, Cơ khí & Ô tô",Công nghệ kỹ thuật ô tô,4.9
STU2057,7.8,6.5,5.0,5.4,7.7,8.6,6.4,ISTJ,Nông nghiệp & Môi trường,Công nghệ sinh học,4.9
STU2370,5.9,7.8,8.9,5.1,5.8,6.1,8.9,ENFP,Du lịch & Dịch vụ,Quản trị khách sạn,4.8
STU0453,9.2,8.7,9.9,5.7,5.6,7.0,5.2,ENTP,Kinh tế & Quản lý,Kế toán,4.9
STU1328,5.8,7.8,6.7,6.3,6.2,6.9,7.5,INFJ,Nghệ thuật & Thiết kế,Thiết kế đồ họa,4.3
STU2050,7.4,6.9,5.4,5.8,7.8,9.1,5.6,INFP,Nông nghiệp & Môi trường,Công nghệ sinh học,4.4
STU0881,6.0,8.9,9.7,6.0,6.3,5.7,7.3,ISFP,Ngôn ngữ & Văn hóa,Đông phương học,4.5
STU2429,5.5,8.4,8.8,6.7,6.7,6.3,9.0,ESTP,Du lịch & Dịch vụ,Quản trị dịch vụ du lịch và lữ hành,3.8
STU0624,5.9,5.9,6.2,4.7,6.5,4.0,6.6,ISFJ,Kinh tế & Quản lý,Quản trị kinh doanh,2.4
STU2308,6.2,7.4,8.6,6.6,6.6,5.1,7.5,ESFJ,Du lịch & Dịch vụ,Quản lý thể dục thể thao,4.9
STU1788,9.1,6.7,5.6,9.1,8.4,6.4,6.4,ISTJ,"Kỹ thuật, Cơ khí & Ô tô",Kỹ thuật điện tử - viễn thông,4.0
STU0263,9.7,6.1,5.5,6.8,9.4,9.7,5.0,ISFJ,Y tế & Sức khỏe,Y học dự phòng,4.8
STU1635,5.2,8.6,8.2,6.9,5.8,6.6,9.4,INTJ,Luật & Xã hội,Tâm lý học,4.4
STU1439,5.5,8.1,5.9,6.4,5.8,5.5,7.1,ISFP,Nghệ thuật & Thiết kế,Thanh nhạc,4.9
STU2199,9.2,5.6,5.8,9.5,6.7,5.6,7.0,ESTJ,Xây dựng & Quy hoạch,Địa kỹ thuật xây dựng,4.7
STU1970,6.5,5.3,6.8,5.8,8.1,9.4,5.1,ISFJ,Nông nghiệp & Môi trường,Thú y,4.5
STU1803,9.0,5.8,6.4,9.2,7.5,6.2,6.6,INTJ,"Kỹ thuật, Cơ khí & Ô tô",Kỹ thuật điện,4.2
STU0641,5.2,9.1,7.0,5.4,5.2,6.7,9.0,ESFJ,Sư phạm & Giáo dục,Tâm lý học giáo dục,4.9
STU2360,6.7,7.0,8.2,6.3,6.1,5.2,8.5,ESFP,Du lịch & Dịch vụ,Quản lý thể dục thể thao,3.8
STU1960,5.5,5.6,6.7,6.4,6.7,6.8,4.2,ENFP,Nông nghiệp & Môi trường,Lâm nghiệp đô thị,1.8
STU0489,8.6,7.6,8.8,6.9,5.4,6.4,5.6,ENTJ,Kinh tế & Quản lý,Kinh tế quốc tế,4.0
STU1844,4.8,4.5,4.2,6.6,5.2,5.4,6.7,ENFJ,"Kỹ thuật, Cơ khí & Ô tô",Kỹ thuật điều khiển và tự động hóa,2.3
STU1735,5.2,6.1,6.4,4.7,5.0,4.1,6.5,ESFJ,"Kỹ thuật, Cơ khí & Ô tô",Kỹ thuật điều khiển và tự động hóa,2.7
STU0147,9.5,6.8,8.9,8.6,7.6,6.1,5.5,INTJ,Công nghệ Thông tin & Kỹ thuật Máy tính,Khoa học dữ liệu,5.0
STU1535,6.4,9.4,7.1,6.2,6.4,5.4,9.0,INTJ,Luật & Xã hội,Luật quốc tế,5.0
STU1987,8.2,5.1,5.6,5.5,7.1,8.0,5.3,INFP,Nông nghiệp & Môi trường,Nuôi trồng thủy sản,4.2
STU1370,5.8,8.2,6.6,6.3,5.2,5.2,6.9,INFJ,Nghệ thuật & Thiết kế,Thiết kế nội thất,3.8
STU2444,4.2,4.5,4.6,4.3,6.9,6.4,5.3,INTJ,Du lịch & Dịch vụ,Quản lý thể dục thể thao,2.8
STU0660,5.2,9.6,7.0,5.5,5.4,6.6,8.6,INFJ,Sư phạm & Giáo dục,Sư phạm Vật lý,4.3
STU1795,9.5,5.8,6.9,9.2,8.0,5.7,5.7,INTJ,"Kỹ thuật, Cơ khí & Ô tô",Kỹ thuật điện,4.8
STU0187,9.0,6.5,9.7,9.7,8.4,6.9,5.0,ENTP,Công nghệ Thông tin & Kỹ thuật Máy tính,An toàn thông tin,5.0
STU1148,6.3,9.5,8.7,5.5,6.1,5.2,7.8,ENTP,Truyền thông & Báo chí,Báo chí,4.8
STU0609,8.6,8.4,8.8,5.3,5.6,5.3,6.5,ENTP,Kinh tế & Quản lý,Kiểm toán,4.8
STU2192,8.2,5.8,5.5,8.0,7.4,6.3,6.4,ISTP,Xây dựng & Quy hoạch,Quản lý xây dựng,3.8
STU1931,7.3,5.6,5.2,5.0,9.0,8.7,6.9,ISFP,Nông nghiệp & Môi trường,Công nghệ sau thu hoạch,4.4
STU0198,9.9,5.5,8.9,9.1,6.5,6.2,6.4,ISTJ,Công nghệ Thông tin & Kỹ thuật Máy tính,Khoa học dữ liệu,5.0
STU0294,8.7,5.2,6.9,5.9,9.4,8.6,6.0,ISFJ,Y tế & Sức khỏe,Răng - Hàm - Mặt,4.1
STU0767,6.3,8.7,8.0,6.9,5.0,5.7,9.7,ISFJ,Sư phạm & Giáo dục,Tâm lý học giáo dục,4.5
STU0401,9.6,5.6,6.7,5.3,8.9,10.0,6.2,INFJ,Y tế & Sức khỏe,Y học dự phòng,4.1
STU0123,9.0,5.3,9.8,9.3,6.2,6.3,6.5,ISTJ,Công nghệ Thông tin & Kỹ thuật Máy tính,Khoa học Máy tính,5.0
STU0203,8.8,6.8,8.4,9.4,8.0,6.8,5.9,ISTJ,Công nghệ Thông tin & Kỹ thuật Máy tính,Mạng máy tính và truyền thông dữ liệu,5.0
STU0836,5.3,9.2,9.6,5.6,5.0,6.2,7.1,ISFP,Ngôn ngữ & Văn hóa,Quốc tế học,4.9
STU2295,5.2,8.3,9.2,5.1,5.3,5.0,8.8,ESFJ,Du lịch & Dịch vụ,Quản trị nhà hàng và dịch vụ ăn uống,4.9
STU1440,6.0,7.5,5.1,5.1,5.9,6.8,7.5,ISFP,Nghệ thuật & Thiết kế,Đạo diễn Điện ảnh - Truyền hình,4.2
STU1734,9.5,5.2,6.0,9.5,7.6,6.4,5.4,ISTJ,"Kỹ thuật, Cơ khí & Ô tô",Kỹ thuật điện,4.3
STU1696,8.6,6.4,7.0,9.5,7.3,5.9,6.0,ISTJ,"Kỹ thuật, Cơ khí & Ô tô",Kỹ thuật điện tử - viễn thông,4.6
STU1708,8.8,5.2,6.1,9.3,7.2,5.8,6.0,ISTP,"Kỹ thuật, Cơ khí & Ô tô",Robot và Trí tuệ nhân tạo,4.0
STU2425,6.2,8.0,8.4,6.0,5.4,5.2,9.0,ENFP,Du lịch & Dịch vụ,Quản trị nhà hàng và dịch vụ ăn uống,4.1
STU1154,6.3,10.0,8.0,5.2,5.2,6.7,7.9,ENFP,Truyền thông & Báo chí,Truyền thông đa phương tiện,3.8
STU1662,5.0,9.9,7.4,5.7,6.5,5.0,9.9,INTJ,Luật & Xã hội,Công tác xã hội,4.3
STU1760,9.3,6.6,5.6,10.0,8.3,6.8,6.1,ESTP,"Kỹ thuật, Cơ khí & Ô tô",Kỹ thuật cơ điện tử,4.0
STU0855,6.9,8.2,9.4,5.8,6.1,6.2,7.2,ISFP,Ngôn ngữ & Văn hóa,Ngôn ngữ Hàn Quốc,4.0
STU1590,7.0,9.1,8.0,5.1,5.2,7.0,9.0,INFJ,Luật & Xã hội,Xã hội học,4.4
STU2268,6.4,4.3,6.4,4.5,5.1,4.2,6.5,ESTJ,Xây dựng & Quy hoạch,Công nghệ kỹ thuật công trình xây dựng,1.9
STU0642,5.8,8.7,7.7,5.9,5.3,5.6,8.7,ENFJ,Sư phạm & Giáo dục,Sư phạm Ngữ văn,4.1
STU0002,9.9,5.6,7.7,8.7,6.2,5.8,5.6,INTP,Công nghệ Thông tin & Kỹ thuật Máy tính,Công nghệ thông tin,4.3
STU2161,9.0,6.8,6.7,8.7,6.3,5.4,6.1,ESTJ,Xây dựng & Quy hoạch,Công nghệ kỹ thuật công trình xây dựng,4.3
STU0699,4.9,6.0,6.5,6.5,5.3,4.1,4.0,INTJ,Sư phạm & Giáo dục,Giáo dục Tiểu học,2.2
STU1637,5.1,9.4,8.1,6.4,6.1,5.5,9.4,ISTJ,Luật & Xã hội,Chính trị học,4.6
STU1292,4.8,6.6,7.0,5.7,5.2,6.6,4.0,ENTJ,Nghệ thuật & Thiết kế,Đạo diễn Điện ảnh - Truyền hình,1.9
STU2379,5.3,8.3,8.3,5.5,6.4,5.7,7.8,ENFP,Du lịch & Dịch vụ,Quản trị khách sạn,4.6
STU1521,5.5,8.6,8.0,5.6,6.9,5.3,8.6,ENTJ,Luật & Xã hội,Công tác xã hội,3.8
STU1854,8.7,5.1,5.1,9.2,7.2,6.2,5.8,ISTJ,"Kỹ thuật, Cơ khí & Ô tô",Kỹ thuật điều khiển và tự động hóa,4.5
STU1137,5.9,8.8,9.5,6.7,6.1,5.9,8.9,ENTP,Truyền thông & Báo chí,Truyền thông đại chúng,4.2
STU2412,6.8,7.2,8.7,5.3,6.5,6.5,8.7,ESFP,Du lịch & Dịch vụ,Quản trị khách sạn,4.8
STU1632,6.3,9.5,7.3,5.5,5.7,5.8,9.8,INTJ,Luật & Xã hội,Luật,4.1
STU1999,5.5,6.8,4.8,6.0,5.5,4.7,4.6,ESTP,Nông nghiệp & Môi trường,Nuôi trồng thủy sản,3.2
STU0664,6.4,8.5,8.4,7.0,6.7,6.3,9.2,ISFJ,Sư phạm & Giáo dục,Tâm lý học giáo dục,3.9
STU0684,5.7,8.8,8.7,5.1,5.4,6.5,8.4,ISFJ,Sư phạm & Giáo dục,Sư phạm Tiếng Anh,4.9
STU1258,5.0,6.6,4.2,4.5,5.8,6.4,5.8,ISTP,Nghệ thuật & Thiết kế,Thiết kế nội thất,3.4
STU0318,4.2,5.6,5.0,5.7,5.0,6.1,4.5,ESTJ,Y tế & Sức khỏe,Kỹ thuật phục hồi chức năng,2.3
STU0649,6.0,8.9,8.7,5.2,5.3,5.7,9.3,ENFJ,Sư phạm & Giáo dục,Sư phạm Toán học,4.8
STU1435,6.7,7.9,5.7,5.5,6.7,5.3,7.4,ISFP,Nghệ thuật & Thiết kế,Thiết kế đồ họa,4.0
STU1480,6.5,9.4,7.0,6.0,6.8,6.1,9.5,INFJ,Luật & Xã hội,Quản lý nhà nước,4.7
STU0710,7.0,4.1,6.2,5.1,5.3,5.2,5.3,INTJ,Sư phạm & Giáo dục,Sư phạm Tin học,1.8
STU1283,5.3,5.9,5.1,5.7,4.0,6.7,5.6,ISFJ,Nghệ thuật & Thiết kế,Đạo diễn Điện ảnh - Truyền hình,2.5
STU1769,6.1,4.4,5.9,5.5,4.0,5.1,4.9,ISTJ,"Kỹ thuật, Cơ khí & Ô tô",Công nghệ kỹ thuật ô tô,2.7
STU0973,5.2,8.4,9.5,5.2,6.6,5.7,7.0,INFP,Ngôn ngữ & Văn hóa,Quốc tế học,4.4
STU1307,6.4,7.6,6.7,5.4,5.7,5.5,7.5,INFJ,Nghệ thuật & Thiết kế,Thiết kế nội thất,3.9
STU1401,5.6,8.9,5.8,6.1,5.1,5.4,6.5,INFP,Nghệ thuật & Thiết kế,Đạo diễn Điện ảnh - Truyền hình,4.2
STU1409,6.7,8.8,5.1,5.4,5.2,5.7,7.0,INFP,Nghệ thuật & Thiết kế,Thiết kế thời trang,4.5
STU2238,8.0,6.3,6.9,9.3,7.5,5.9,6.3,ISTP,Xây dựng & Quy hoạch,Địa kỹ thuật xây dựng,4.5
STU1497,6.9,9.1,7.2,5.9,6.5,5.6,9.1,ISTJ,Luật & Xã hội,Luật kinh tế,4.7
STU2039,7.0,6.9,5.2,6.4,8.5,9.4,5.7,ISFP,Nông nghiệp & Môi trường,Khoa học cây trồng,4.3
STU1530,6.0,9.9,7.4,5.8,5.7,5.7,9.9,INTJ,Luật & Xã hội,Luật kinh tế,4.4
STU1664,6.7,8.9,8.0,5.1,6.3,6.5,9.4,ISTJ,Luật & Xã hội,Luật kinh tế,4.6
STU1355,5.0,6.0,5.7,5.1,4.8,5.5,6.3,INFJ,Nghệ thuật & Thiết kế,Đạo diễn Điện ảnh - Truyền hình,2.1
STU2435,6.8,7.6,8.4,5.2,6.2,5.9,8.6,ESFJ,Du lịch & Dịch vụ,Quản lý thể dục thể thao,4.9
STU2451,5.4,7.3,8.0,6.1,6.1,5.6,7.6,ESFP,Du lịch & Dịch vụ,Quản trị khách sạn,3.8
STU1644,6.2,9.3,7.4,6.5,5.8,5.1,8.9,ENTJ,Luật & Xã hội,Quản lý nhà nước,4.2
STU1052,6.1,9.1,8.9,6.9,6.1,6.1,7.6,ENFP,Truyền thông & Báo chí,Công nghệ truyền thông,4.0
STU0796,6.0,8.9,7.1,5.1,6.0,6.6,8.7,ISFJ,Sư phạm & Giáo dục,Sư phạm Toán học,4.9
STU1598,4.9,5.7,6.4,4.9,6.7,4.4,4.1,ESTP,Luật & Xã hội,Chính trị học,2.0
STU1820,8.4,5.8,5.0,9.1,7.0,6.5,6.5,INTJ,"Kỹ thuật, Cơ khí & Ô tô",Robot và Trí tuệ nhân tạo,4.8
STU1723,8.7,5.9,5.1,8.7,7.3,5.0,6.6,ISTJ,"Kỹ thuật, Cơ khí & Ô tô",Kỹ thuật cơ khí,3.9
STU1184,5.7,8.7,8.6,6.7,5.1,5.4,7.6,ESFP,Truyền thông & Báo chí,Thông tin - thư viện,4.0
STU1060,6.4,9.9,9.4,6.6,6.7,5.4,8.9,ENTP,Truyền thông & Báo chí,Lưu trữ học,4.9
STU0541,9.9,7.3,8.3,5.0,6.7,5.1,5.4,ESTJ,Kinh tế & Quản lý,Kinh doanh quốc tế,4.5
STU1679,9.4,7.0,6.6,9.2,7.5,6.2,5.6,ISTP,"Kỹ thuật, Cơ khí & Ô tô",Kỹ thuật cơ khí,4.1
STU2403,5.6,7.3,8.0,5.9,5.3,5.5,8.7,ESFP,Du lịch & Dịch vụ,Quản trị khách sạn,4.0
STU1758,9.1,6.1,5.8,9.2,7.3,6.8,6.7,INTJ,"Kỹ thuật, Cơ khí & Ô tô",Kỹ thuật cơ khí,4.9
STU1924,7.4,5.6,5.7,5.4,7.3,8.6,6.2,ISFJ,Nông nghiệp & Môi trường,Nuôi trồng thủy sản,5.0
STU0096,9.3,5.4,8.7,8.8,7.6,6.9,6.1,ENTP,Công nghệ Thông tin & Kỹ thuật Máy tính,Công nghệ thông tin,4.2
STU1021,5.2,9.1,9.5,6.8,5.5,5.8,8.6,INTP,Ngôn ngữ & Văn hóa,Văn học,4.7
STU0564,4.8,6.8,6.1,5.6,4.3,5.0,6.4,ESFP,Kinh tế & Quản lý,Quản trị kinh doanh,3.5
STU0864,5.3,8.3,9.3,5.7,6.8,6.2,7.6,ISFP,Ngôn ngữ & Văn hóa,Văn học,4.0
STU1485,6.2,6.9,4.2,5.6,6.7,6.3,6.8,ENTJ,Luật & Xã hội,Luật quốc tế,1.5
STU1882,7.7,5.6,5.9,6.1,7.3,9.0,7.0,ISFP,Nông nghiệp & Môi trường,Nông nghiệp,4.4
STU1039,6.6,9.3,9.6,5.8,5.1,6.3,7.6,INTP,Ngôn ngữ & Văn hóa,Văn học,4.8
STU0207,9.0,6.2,8.7,8.8,7.7,5.6,5.2,INTJ,Công nghệ Thông tin & Kỹ thuật Máy tính,Khoa học Máy tính,4.2
STU0393,8.5,6.1,5.0,6.5,9.5,8.7,5.6,ISFJ,Y tế & Sức khỏe,Răng - Hàm - Mặt,4.3
STU0871,5.5,8.2,9.0,5.2,6.3,5.6,8.5,INFP,Ngôn ngữ & Văn hóa,Ngôn ngữ Nhật,4.4
STU0398,8.6,5.7,6.3,6.4,9.1,8.8,5.4,ISTJ,Y tế & Sức khỏe,Quản lý bệnh viện,4.9
STU2397,7.0,8.1,8.7,5.8,5.5,5.3,8.2,ESFP,Du lịch & Dịch vụ,Du lịch,4.4
STU1029,5.1,9.2,9.0,6.4,5.1,6.3,8.0,INTP,Ngôn ngữ & Văn hóa,Quốc tế học,4.0
STU1486,6.4,7.0,4.4,5.2,4.7,6.1,5.7,ENTJ,Luật & Xã hội,Luật kinh tế,2.4
STU0961,6.2,8.4,9.3,5.9,5.3,5.1,8.0,INTP,Ngôn ngữ & Văn hóa,Ngôn ngữ Anh,3.9
STU1571,5.5,5.8,4.9,5.0,4.2,5.9,6.6,ESTJ,Luật & Xã hội,Luật quốc tế,3.0
STU1896,7.6,5.5,5.1,6.9,7.6,8.4,5.6,ISFP,Nông nghiệp & Môi trường,Nuôi trồng thủy sản,4.7
STU2147,8.3,6.8,6.1,8.3,7.3,7.0,6.2,ISTJ,Xây dựng & Quy hoạch,Kinh tế xây dựng,4.9
STU0805,5.3,9.1,7.3,6.5,5.1,6.6,8.8,INFJ,Sư phạm & Giáo dục,Sư phạm Tiếng Anh,4.5
STU1752,8.2,6.0,6.8,8.8,7.4,6.7,6.4,INTJ,"Kỹ thuật, Cơ khí & Ô tô",Kỹ thuật điện tử - viễn thông,4.0
STU0503,9.2,7.1,8.2,5.1,6.2,5.9,5.2,ESTP,Kinh tế & Quản lý,Tài chính - Ngân hàng,4.8
STU0780,5.3,10.0,8.2,6.0,6.7,6.0,9.3,ESFJ,Sư phạm & Giáo dục,Giáo dục Mầm non,4.5
STU1864,8.5,5.0,6.1,9.0,7.1,5.9,5.1,ESTP,"Kỹ thuật, Cơ khí & Ô tô",Kỹ thuật cơ điện tử,4.7
STU0201,9.1,6.9,8.2,9.5,6.4,5.4,6.2,INTP,Công nghệ Thông tin & Kỹ thuật Máy tính,An toàn thông tin,4.6
STU2183,9.2,5.2,5.8,8.1,6.7,6.0,6.9,ISTP,Xây dựng & Quy hoạch,Kinh tế xây dựng,4.0
STU2089,8.1,6.5,5.5,8.9,7.8,6.7,6.8,ISTP,Xây dựng & Quy hoạch,Kỹ thuật xây dựng,4.9
STU2279,8.2,6.6,6.1,8.2,7.8,6.3,5.8,ISTP,Xây dựng & Quy hoạch,Kỹ thuật cấp thoát nước,4.5
STU1797,5.6,6.6,5.1,4.6,6.0,4.5,6.6,ESTJ,"Kỹ thuật, Cơ khí & Ô tô",Kỹ thuật điều khiển và tự động hóa,3.4
STU0379,9.7,6.5,5.3,5.4,9.5,9.2,6.0,ISFJ,Y tế & Sức khỏe,Kỹ thuật hình ảnh y học,3.9
STU2337,6.8,7.2,8.9,5.4,5.3,6.6,7.9,ENFP,Du lịch & Dịch vụ,Quản trị dịch vụ du lịch và lữ hành,4.3
STU0419,9.4,7.5,9.7,5.1,5.7,5.2,5.6,ENTP,Kinh tế & Quản lý,Thương mại điện tử,4.0
STU1699,8.7,6.2,5.7,8.9,8.0,5.4,5.9,ISTP,"Kỹ thuật, Cơ khí & Ô tô",Kỹ thuật cơ điện tử,4.3
STU0392,9.6,6.9,6.9,6.8,9.3,9.1,5.1,ISTJ,Y tế & Sức khỏe,Y học cổ truyền,4.3
STU1523,5.5,9.0,7.3,5.2,5.7,6.2,8.6,INFJ,Luật & Xã hội,Công tác xã hội,4.0
STU1163,5.9,9.4,9.3,6.7,5.9,5.4,8.8,ENTP,Truyền thông & Báo chí,Quan hệ công chúng,4.9
STU1496,5.8,9.4,7.7,5.4,6.4,5.6,9.0,ENTJ,Luật & Xã hội,Xã hội học,3.9
STU2028,6.9,6.4,6.4,6.8,7.1,8.3,5.2,INFP,Nông nghiệp & Môi trường,Công nghệ sau thu hoạch,4.5
STU1153,6.9,9.1,9.3,5.9,5.1,5.0,7.8,ESFP,Truyền thông & Báo chí,Thông tin - thư viện,4.8
STU1368,5.2,8.7,6.0,6.0,5.6,5.3,7.1,INFP,Nghệ thuật & Thiết kế,Hội họa,5.0
STU0065,9.0,5.8,9.1,9.2,7.6,5.9,6.2,ENTP,Công nghệ Thông tin & Kỹ thuật Máy tính,Thiết kế vi mạch,4.7
STU2063,7.1,6.2,6.1,5.5,7.7,8.0,6.2,ISFJ,Nông nghiệp & Môi trường,Khoa học cây trồng,4.8
STU1181,4.4,5.1,4.2,4.2,6.9,5.7,5.7,ENFP,Truyền thông & Báo chí,Quan hệ công chúng,3.3
STU0493,8.1,8.1,9.5,5.8,5.7,6.3,6.2,ENTP,Kinh tế & Quản lý,Kinh tế,4.9
STU0380,6.8,6.6,5.6,6.2,4.7,4.2,6.2,ENFJ,Y tế & Sức khỏe,Kỹ thuật hình ảnh y học,3.4
STU2236,8.7,6.6,6.6,9.2,8.0,5.9,5.6,ISTJ,Xây dựng & Quy hoạch,Kỹ thuật cấp thoát nước,5.0
STU0764,5.5,10.0,8.1,6.7,5.9,5.2,9.2,INFJ,Sư phạm & Giáo dục,Sư phạm Tiếng Anh,4.9
STU2265,8.7,5.5,5.7,8.2,7.7,6.3,5.4,ISTJ,Xây dựng & Quy hoạch,Kỹ thuật cấp thoát nước,4.4
STU0792,6.2,8.9,7.8,6.6,5.8,6.9,9.2,ESFJ,Sư phạm & Giáo dục,Tâm lý học giáo dục,4.9
STU1077,5.8,9.5,8.3,5.2,5.1,6.7,7.9,ENFP,Truyền thông & Báo chí,Lưu trữ học,4.7
STU0879,6.8,6.6,6.4,5.1,6.6,4.4,5.1,ESFJ,Ngôn ngữ & Văn hóa,Văn học,3.3
STU0338,9.4,5.4,6.3,5.9,9.3,9.7,5.0,ISFP,Y tế & Sức khỏe,Y đa khoa,4.5
STU2344,4.9,4.2,5.9,5.4,5.6,4.7,5.5,ESFJ,Du lịch & Dịch vụ,Quản trị khách sạn,3.2
STU1017,6.3,8.4,9.8,5.4,5.4,6.9,7.6,INFP,Ngôn ngữ & Văn hóa,Ngôn ngữ Anh,4.1
STU1276,5.9,8.5,5.8,6.2,7.0,5.6,7.5,ISFP,Nghệ thuật & Thiết kế,Điêu khắc,4.8
STU0456,8.7,7.7,8.2,6.6,6.5,6.8,6.8,ESTJ,Kinh tế & Quản lý,Marketing,4.6
STU0816,6.5,8.9,8.9,6.2,6.7,5.6,9.8,ISFJ,Sư phạm & Giáo dục,Giáo dục Mầm non,4.8
STU2318,5.8,5.6,6.4,4.7,5.6,6.4,4.8,ISFP,Du lịch & Dịch vụ,Quản trị nhà hàng và dịch vụ ăn uống,2.2
STU0996,6.9,8.3,9.8,5.6,5.3,6.5,7.8,ISFP,Ngôn ngữ & Văn hóa,Quốc tế học,4.7
STU1982,8.2,6.8,5.2,5.9,7.3,8.2,6.1,INFP,Nông nghiệp & Môi trường,Công nghệ sinh học,4.6
STU0202,9.5,7.0,8.7,8.2,6.8,6.8,6.9,INTP,Công nghệ Thông tin & Kỹ thuật Máy tính,Thiết kế vi mạch,4.9
STU0162,9.4,6.2,8.8,9.6,6.9,6.5,6.6,INTJ,Công nghệ Thông tin & Kỹ thuật Máy tính,Thiết kế vi mạch,4.5
STU1580,5.2,9.2,7.1,6.6,5.5,6.5,8.8,ENTJ,Luật & Xã hội,Xã hội học,4.4
STU0703,5.9,9.2,8.2,6.2,5.7,7.0,9.9,INFJ,Sư phạm & Giáo dục,Sư phạm Vật lý,3.9
STU1501,6.2,6.6,6.0,4.1,4.7,4.5,5.7,INTP,Luật & Xã hội,Công tác xã hội,2.3
STU1130,6.5,9.7,9.4,6.0,5.1,6.6,7.6,ENFP,Truyền thông & Báo chí,Quan hệ công chúng,4.7
STU1022,6.8,8.2,9.1,6.2,5.7,6.8,8.1,INTP,Ngôn ngữ & Văn hóa,Ngôn ngữ học,4.9
STU1586,6.9,8.9,7.9,5.4,5.9,6.7,9.1,ENTJ,Luật & Xã hội,Luật quốc tế,4.9
STU1956,7.2,7.0,6.7,6.9,8.1,7.8,5.0,ISTJ,Nông nghiệp & Môi trường,Nuôi trồng thủy sản,4.5
STU2254,9.4,6.0,6.6,8.8,7.4,6.5,6.8,ISTP,Xây dựng & Quy hoạch,Công nghệ kỹ thuật công trình xây dựng,4.4
STU0035,8.9,5.1,7.5,8.2,7.3,6.5,5.8,ISTP,Công nghệ Thông tin & Kỹ thuật Máy tính,An toàn thông tin,4.0
STU0776,6.7,9.1,7.3,6.7,6.5,5.1,8.2,ISFJ,Sư phạm & Giáo dục,Sư phạm Toán học,4.3
STU1479,5.2,8.6,8.0,6.5,6.2,6.6,9.3,ISTJ,Luật & Xã hội,Chính trị học,4.9
STU1391,6.5,7.7,6.5,5.8,5.9,5.3,7.4,INFP,Nghệ thuật & Thiết kế,Thiết kế công nghiệp,4.3
STU2140,8.0,5.6,6.7,9.2,6.7,5.9,6.2,ESTJ,Xây dựng & Quy hoạch,Kỹ thuật xây dựng,4.1
STU1364,5.8,7.5,6.3,5.8,6.9,5.2,7.5,ISFP,Nghệ thuật & Thiết kế,Thiết kế nội thất,5.0
STU2042,7.5,6.0,5.3,6.5,8.4,9.4,6.7,ISFP,Nông nghiệp & Môi trường,Thú y,3.9
STU0242,9.7,5.8,5.9,6.6,9.2,9.5,5.8,ISFJ,Y tế & Sức khỏe,Điều dưỡng,4.0
STU2062,7.1,5.9,6.8,6.5,7.4,8.8,6.5,ISFP,Nông nghiệp & Môi trường,Nông nghiệp,4.0
STU2364,5.5,8.4,8.7,6.6,5.3,5.1,8.7,ESFJ,Du lịch & Dịch vụ,Quản lý thể dục thể thao,4.3
STU0601,8.7,7.2,9.8,6.6,6.5,5.3,5.5,ESTP,Kinh tế & Quản lý,Kinh doanh quốc tế,4.8
STU2436,5.3,7.8,9.0,5.3,6.9,6.5,8.6,ESTP,Du lịch & Dịch vụ,Quản trị nhà hàng và dịch vụ ăn uống,4.8
STU1298,5.8,5.0,4.3,6.5,4.7,4.7,4.0,INTP,Nghệ thuật & Thiết kế,Thiết kế công nghiệp,2.4
STU2215,6.2,4.6,5.8,6.6,5.4,5.1,5.3,ISFJ,Xây dựng & Quy hoạch,Kỹ thuật xây dựng,1.6
STU2069,7.9,6.6,6.6,6.2,8.9,8.1,5.2,ISFP,Nông nghiệp & Môi trường,Công nghệ sinh học,3.9
STU0647,5.4,9.2,8.8,5.6,5.0,6.4,9.6,ESFJ,Sư phạm & Giáo dục,Sư phạm Tin học,4.1
STU1529,6.0,9.5,8.0,5.4,5.0,5.8,9.5,ISTJ,Luật & Xã hội,Công tác xã hội,4.2
STU1268,6.9,7.6,5.6,5.1,6.8,6.9,7.7,ISFP,Nghệ thuật & Thiết kế,Thanh nhạc,4.5
STU1900,7.6,5.5,6.3,5.6,7.3,8.2,6.4,INFP,Nông nghiệp & Môi trường,Nuôi trồng thủy sản,4.3
STU0563,9.5,8.6,8.6,6.4,5.1,6.7,5.4,ESTP,Kinh tế & Quản lý,Quản trị kinh doanh,4.8
STU0190,8.7,5.7,8.7,8.3,7.0,5.3,6.5,INTJ,Công nghệ Thông tin & Kỹ thuật Máy tính,Khoa học dữ liệu,4.3
STU1807,5.2,4.1,4.5,6.5,4.5,7.0,5.2,ISTP,"Kỹ thuật, Cơ khí & Ô tô",Kỹ thuật điện tử - viễn thông,1.5
STU0976,6.1,8.1,9.9,5.7,5.7,6.5,8.7,ISFP,Ngôn ngữ & Văn hóa,Đông phương học,4.0
STU2048,7.4,6.2,7.0,5.9,8.4,9.3,6.6,ISFP,Nông nghiệp & Môi trường,Thú y,3.8
STU1083,6.6,8.8,8.1,6.6,5.8,6.6,7.1,ENTP,Truyền thông & Báo chí,Báo chí,4.0
STU0475,9.4,7.7,8.6,6.0,5.6,5.8,6.4,ENTP,Kinh tế & Quản lý,Hệ thống thông tin quản lý,3.9
STU0748,5.4,9.7,7.3,5.9,5.2,5.7,9.4,ISFJ,Sư phạm & Giáo dục,Giáo dục Mầm non,4.1
STU2301,5.9,7.1,9.5,5.2,5.8,6.6,7.9,ESFP,Du lịch & Dịch vụ,Quản trị khách sạn,4.4
STU0022,6.6,6.9,6.4,6.6,4.1,6.2,5.0,INTP,Công nghệ Thông tin & Kỹ thuật Máy tính,Kỹ thuật phần mềm,2.9
STU0460,9.2,8.9,8.5,6.8,5.6,6.2,5.9,ESTP,Kinh tế & Quản lý,Kiểm toán,4.0
STU1185,5.1,8.6,9.1,6.4,5.3,6.6,7.1,ENFP,Truyền thông & Báo chí,Quan hệ công chúng,4.0
STU2325,5.9,7.1,9.2,6.8,5.1,6.6,8.4,ENFP,Du lịch & Dịch vụ,Quản lý thể dục thể thao,4.3
STU0956,6.2,8.1,9.5,5.2,5.2,6.5,8.9,ISFP,Ngôn ngữ & Văn hóa,Ngôn ngữ Hàn Quốc,4.2
STU1216,6.8,9.1,8.3,5.9,5.9,6.2,7.0,ESFP,Truyền thông & Báo chí,Truyền thông đại chúng,4.8
STU2434,6.7,8.4,8.2,6.7,6.2,6.6,8.6,ESTP,Du lịch & Dịch vụ,Du lịch,4.0
STU1516,6.6,8.8,7.1,5.5,5.0,6.2,9.7,ISTJ,Luật & Xã hội,Xã hội học,4.5
STU2392,7.0,7.5,8.9,5.4,6.5,6.0,7.5,ESFP,Du lịch & Dịch vụ,Quản lý thể dục thể thao,4.1
STU0770,5.7,5.1,4.7,6.7,4.8,6.3,5.9,ESTJ,Sư phạm & Giáo dục,Sư phạm Tiếng Anh,2.3
STU1686,8.8,6.2,5.2,9.8,8.1,6.5,6.3,ESTP,"Kỹ thuật, Cơ khí & Ô tô",Kỹ thuật điều khiển và tự động hóa,4.3
STU0131,9.4,5.1,8.4,8.1,6.2,5.8,6.6,INTP,Công nghệ Thông tin & Kỹ thuật Máy tính,Kỹ thuật phần mềm,4.4
STU2136,8.8,6.4,6.7,9.3,6.9,6.5,5.3,ESTJ,Xây dựng & Quy hoạch,Kỹ thuật cấp thoát nước,4.1
STU1483,5.1,9.8,7.3,6.4,5.2,6.7,8.6,INFJ,Luật & Xã hội,Luật,4.5
STU0331,9.1,6.4,5.7,6.7,10.0,9.9,5.4,ISFJ,Y tế & Sức khỏe,Dược học,4.4
STU1239,5.3,9.4,8.8,5.6,7.0,6.7,8.1,ENTP,Truyền thông & Báo chí,Truyền thông đa phương tiện,4.0
STU0467,9.9,8.3,9.7,6.4,5.9,6.8,6.4,ESTP,Kinh tế & Quản lý,Kinh doanh quốc tế,4.5
STU2170,5.3,4.7,6.6,6.6,6.4,6.2,5.6,ENFJ,Xây dựng & Quy hoạch,Kỹ thuật xây dựng,2.6
STU1639,5.3,5.7,5.9,4.8,4.2,5.1,6.2,ESTJ,Luật & Xã hội,Luật,3.1
STU1096,6.9,9.9,8.2,5.0,5.5,5.3,7.6,ENTP,Truyền thông & Báo chí,Truyền thông đại chúng,4.7
STU1131,5.3,4.7,6.3,4.8,5.2,5.1,4.4,ISTJ,Truyền thông & Báo chí,Truyền thông đại chúng,3.0
STU1295,6.3,7.7,5.7,6.4,5.1,5.5,7.7,INFP,Nghệ thuật & Thiết kế,Thiết kế đồ họa,3.8
STU0861,5.2,9.3,9.3,6.7,6.5,6.2,8.3,INFP,Ngôn ngữ & Văn hóa,Ngôn ngữ học,4.0
