student_id,math_score,literature_score,english_score,physics_score,chemistry_score,biology_score,history_score,mbti_type,major_group,specific_major,major_rating
STU2292,6.9,7.1,9.3,5.9,5.6,6.2,7.8,ENFP,Du lịch & Dịch vụ,Quản trị khách sạn,4.9
STU1863,8.1,5.6,5.7,8.7,8.3,6.9,5.9,ISTP,"Kỹ thuật, Cơ khí & Ô tô",Robot và Trí tuệ nhân tạo,4.4
STU0903,6.8,8.2,9.2,5.9,5.9,6.9,7.8,ISFP,Ngôn ngữ & Văn hóa,Văn học,4.0
STU2356,5.5,7.7,8.5,5.9,6.0,5.6,7.9,ENFP,Du lịch & Dịch vụ,Du lịch,4.7
STU1286,5.3,7.5,6.0,5.8,5.5,5.4,8.2,ISFP,Nghệ thuật & Thiết kế,Thiết kế thời trang,4.4
STU0057,9.2,6.5,8.8,8.1,7.5,6.3,6.6,INTP,Công nghệ Thông tin & Kỹ thuật Máy tính,Khoa học dữ liệu,4.7
STU2124,9.4,6.9,5.4,9.5,7.2,5.3,5.1,ISTJ,Xây dựng & Quy hoạch,Kỹ thuật xây dựng,3.9
STU0803,6.7,9.9,8.0,5.8,5.8,6.0,9.5,ENFJ,Sư phạm & Giáo dục,Giáo dục Tiểu học,4.1
STU0813,7.2,9.9,8.6,5.2,5.3,6.0,9.3,INFJ,Sư phạm & Giáo dục,Sư phạm Tiếng Anh,4.7
STU0904,6.1,8.3,9.6,6.3,6.8,6.6,8.8,INFP,Ngôn ngữ & Văn hóa,Ngôn ngữ Nhật,4.0
STU0333,9.1,5.7,5.8,5.3,9.4,9.1,6.4,INFJ,Y tế & Sức khỏe,Quản lý bệnh viện,4.9
STU1522,6.2,9.0,8.2,6.5,6.3,5.3,9.5,INFJ,Luật & Xã hội,Tâm lý học,4.5
STU2398,6.8,8.0,8.7,6.2,5.3,6.9,7.8,ESTP,Du lịch & Dịch vụ,Quản trị khách sạn,4.7
STU2247,9.2,5.3,5.0,9.3,7.6,6.3,6.0,ESTJ,Xây dựng & Quy hoạch,Quản lý xây dựng,4.4
STU2026,7.4,6.9,5.4,6.3,8.2,9.5,6.0,ISFP,Nông nghiệp & Môi trường,Công nghệ thực phẩm,3.9
STU1937,8.3,6.2,6.4,5.0,8.1,9.9,5.2,ISFP,Nông nghiệp & Môi trường,Nông nghiệp,4.5
STU0787,6.8,9.0,9.7,5.1,5.4,5.6,9.5,INFJ,Sư phạm & Giáo dục,Sư phạm Tiếng Anh,4.0
STU2462,5.5,7.7,8.3,5.9,6.8,6.8,7.9,ESFJ,Du lịch & Dịch vụ,Quản trị khách sạn,4.5
STU0486,8.2,7.8,9.1,5.7,6.6,6.3,6.6,ENTP,Kinh tế & Quản lý,Kinh doanh quốc tế,4.9
STU2044,8.3,6.9,6.8,5.9,8.5,9.1,6.5,ISFJ,Nông nghiệp & Môi trường,Khoa học môi trường,4.0
STU0135,9.2,7.0,8.6,9.4,6.9,6.7,6.5,ISTJ,Công nghệ Thông tin & Kỹ thuật Máy tính,Thiết kế vi mạch,4.8
STU1701,8.8,6.8,6.8,9.0,7.3,6.5,5.2,INTJ,"Kỹ thuật, Cơ khí & Ô tô",Kỹ thuật điện tử - viễn thông,4.4
STU1352,5.2,9.0,5.5,6.6,6.4,5.2,7.4,INFJ,Nghệ thuật & Thiết kế,Thiết kế công nghiệp,4.0
STU1424,6.0,8.5,5.1,5.8,5.5,5.0,6.8,INFP,Nghệ thuật & Thiết kế,Điêu khắc,4.0
STU1280,6.6,8.4,6.8,6.3,6.4,5.6,8.2,ISFP,Nghệ thuật & Thiết kế,Đạo diễn Điện ảnh - Truyền hình,4.4
STU0247,6.1,4.5,6.4,4.3,6.0,5.8,5.0,ISFP,Y tế & Sức khỏe,Dược học,3.4
STU1546,5.1,9.9,8.2,6.4,6.8,5.3,9.0,INFJ,Luật & Xã hội,Luật,3.8
STU0790,6.4,10.0,9.1,6.0,5.5,6.9,9.1,ENFJ,Sư phạm & Giáo dục,Giáo dục Mầm non,4.2
STU0260,9.1,6.1,5.5,5.5,8.7,8.5,5.9,ISFJ,Y tế & Sức khỏe,Dược học,4.8
STU0423,8.4,7.3,9.7,6.9,5.3,5.6,6.5,ENTJ,Kinh tế & Quản lý,Tài chính - Ngân hàng,4.0
STU1802,9.4,5.4,6.1,10.0,7.1,6.8,6.5,ISTP,"Kỹ thuật, Cơ khí & Ô tô",Công nghệ kỹ thuật ô tô,4.9
STU1561,7.0,9.7,7.6,5.4,6.0,6.5,9.3,INFJ,Luật & Xã hội,Quản lý nhà nước,4.7
STU0211,10.0,6.7,6.1,5.3,9.4,9.3,6.3,ISTJ,Y tế & Sức khỏe,Y học dự phòng,4.3
STU0094,4.9,6.3,4.8,6.7,4.4,5.3,6.8,INTJ,Công nghệ Thông tin & Kỹ thuật Máy tính,Khoa học dữ liệu,1.9
STU1084,6.6,10.0,9.2,6.2,5.4,5.3,7.9,ENFP,Truyền thông & Báo chí,Truyền thông đại chúng,5.0
STU1264,5.4,8.5,6.0,5.3,6.4,6.4,7.6,INFJ,Nghệ thuật & Thiết kế,Đạo diễn Điện ảnh - Truyền hình,4.0
STU0174,9.2,6.3,8.2,8.6,7.4,5.4,5.9,INTP,Công nghệ Thông tin & Kỹ thuật Máy tính,Khoa học Máy tính,4.7
STU1509,5.7,9.0,8.1,6.2,5.1,6.6,9.6,INFJ,Luật & Xã hội,Chính trị học,3.9
STU2198,8.5,6.2,5.5,8.5,7.5,5.8,6.5,ISTP,Xây dựng & Quy hoạch,Công nghệ kỹ thuật công trình xây dựng,3.9
STU2362,5.3,7.8,8.8,5.6,5.4,6.0,8.4,ENFP,Du lịch & Dịch vụ,Quản trị khách sạn,4.8
STU1314,6.2,7.7,5.8,5.2,6.0,6.6,7.4,INFP,Nghệ thuật & Thiết kế,Đạo diễn Điện ảnh - Truyền hình,4.2
STU0213,8.8,5.3,7.0,6.9,9.7,8.7,5.8,ISTJ,Y tế & Sức khỏe,Dược học,3.9
STU0509,9.8,7.5,9.5,5.1,5.3,5.1,5.5,ESTJ,Kinh tế & Quản lý,Kinh doanh quốc tế,4.6
STU1069,5.9,8.8,9.4,6.8,5.8,5.8,7.9,ENTP,Truyền thông & Báo chí,Truyền thông đa phương tiện,4.6
STU1675,9.2,6.6,6.9,8.5,7.5,6.7,5.0,ESTP,"Kỹ thuật, Cơ khí & Ô tô",Kỹ thuật cơ khí,3.9
STU0766,7.0,9.5,9.3,6.7,6.6,5.0,9.0,ISFJ,Sư phạm & Giáo dục,Sư phạm Ngữ văn,4.4
STU1552,5.8,9.0,7.5,6.6,6.6,6.7,9.1,INTJ,Luật & Xã hội,Luật,3.8
STU2253,8.1,5.8,5.5,8.6,7.2,5.8,6.0,ISTP,Xây dựng & Quy hoạch,Kỹ thuật xây dựng,4.5
STU0325,9.3,6.1,5.5,5.8,9.2,9.5,6.5,ISTJ,Y tế & Sức khỏe,Răng - Hàm - Mặt,4.4
STU2111,8.5,5.5,5.9,8.3,6.1,5.1,6.6,ISTP,Xây dựng & Quy hoạch,Địa kỹ thuật xây dựng,4.9
STU2155,8.0,5.9,5.4,9.5,6.8,7.0,5.7,ISTJ,Xây dựng & Quy hoạch,Công nghệ kỹ thuật công trình xây dựng,4.8
STU0189,8.5,6.9,8.1,8.8,6.9,6.1,6.6,INTP,Công nghệ Thông tin & Kỹ thuật Máy tính,Công nghệ thông tin,4.1
STU2491,5.7,6.0,6.2,6.3,6.9,6.3,6.3,INFP,Du lịch & Dịch vụ,Du lịch,2.9
STU1770,6.2,4.5,6.8,6.8,5.7,5.0,5.3,INTP,"Kỹ thuật, Cơ khí & Ô tô",Kỹ thuật điện,2.3
STU2012,7.3,5.6,5.7,5.7,9.3,8.6,6.6,INFP,Nông nghiệp & Môi trường,Công nghệ sau thu hoạch,3.9
STU0431,8.7,8.9,9.3,6.4,6.2,5.5,6.6,ESTP,Kinh tế & Quản lý,Kế toán,3.9
STU0510,9.7,8.7,8.6,6.1,5.9,6.9,6.3,ENTJ,Kinh tế & Quản lý,Kinh tế,5.0
STU1780,9.1,5.6,7.0,9.4,7.6,6.5,6.0,ISTJ,"Kỹ thuật, Cơ khí & Ô tô",Công nghệ kỹ thuật ô tô,4.7
STU1012,5.3,8.4,9.3,6.1,6.9,5.8,7.4,ISFP,Ngôn ngữ & Văn hóa,Văn học,4.9
STU2061,7.7,6.8,6.9,5.8,8.4,9.7,6.0,ISTJ,Nông nghiệp & Môi trường,Khoa học cây trồng,4.1
STU2420,6.8,8.0,9.2,6.3,5.2,6.8,8.2,ESTP,Du lịch & Dịch vụ,Quản trị nhà hàng và dịch vụ ăn uống,4.5
STU1294,6.3,7.9,5.4,6.4,5.4,6.1,7.6,ISFP,Nghệ thuật & Thiết kế,Đạo diễn Điện ảnh - Truyền hình,3.8
STU2306,5.9,8.1,9.5,6.1,6.9,6.2,8.7,ESFP,Du lịch & Dịch vụ,Quản lý thể dục thể thao,4.6
STU0369,9.6,5.8,5.6,6.7,9.2,9.2,6.3,INFJ,Y tế & Sức khỏe,Kỹ thuật phục hồi chức năng,4.8
STU1585,5.4,9.1,7.0,5.8,5.9,6.2,9.9,ENTJ,Luật & Xã hội,Quản lý nhà nước,4.6
STU0240,10.0,6.8,5.9,5.1,9.5,9.0,6.7,INFJ,Y tế & Sức khỏe,Dược học,4.4
STU0680,7.4,8.7,8.9,6.0,6.9,6.1,9.7,INFJ,Sư phạm & Giáo dục,Sư phạm Toán học,3.9
STU1367,6.9,7.7,5.0,5.9,6.2,5.1,8.4,ISFP,Nghệ thuật & Thiết kế,Thanh nhạc,4.0
STU1888,7.6,5.1,6.8,6.0,8.5,9.7,6.3,ISFJ,Nông nghiệp & Môi trường,Công nghệ sau thu hoạch,4.6
STU1079,5.6,9.4,8.3,5.7,5.7,5.2,7.8,ESFP,Truyền thông & Báo chí,Quan hệ công chúng,4.1
STU0669,6.4,8.7,9.5,5.6,5.3,5.6,9.9,ENFJ,Sư phạm & Giáo dục,Tâm lý học giáo dục,4.8
STU1201,5.8,8.9,9.2,6.6,5.1,6.1,8.8,ESFP,Truyền thông & Báo chí,Truyền thông đa phương tiện,4.6
STU0044,4.9,5.1,4.9,6.1,4.4,4.1,4.2,INFP,Công nghệ Thông tin & Kỹ thuật Máy tính,Thiết kế vi mạch,1.9
STU0942,5.6,8.1,9.1,5.9,6.7,6.7,8.4,INFP,Ngôn ngữ & Văn hóa,Ngôn ngữ Hàn Quốc,4.9
STU1873,8.5,6.1,6.8,5.6,8.8,9.8,7.0,ISTJ,Nông nghiệp & Môi trường,Khoa học môi trường,3.9
STU1171,5.9,8.9,8.1,5.5,5.1,6.8,7.2,ESFP,Truyền thông & Báo chí,Lưu trữ học,3.9
STU1791,9.1,5.9,6.7,9.4,7.5,5.1,5.5,ISTJ,"Kỹ thuật, Cơ khí & Ô tô",Kỹ thuật cơ khí,4.8
STU1186,5.7,8.8,9.3,5.3,6.1,5.9,7.7,ENTP,Truyền thông & Báo chí,Quan hệ công chúng,4.5
STU1134,5.8,8.6,8.0,6.9,5.9,5.5,8.1,ENFP,Truyền thông & Báo chí,Quan hệ công chúng,4.8
STU0252,9.1,6.1,5.5,6.6,9.9,10.0,6.3,ISTJ,Y tế & Sức khỏe,Quản lý bệnh viện,4.8
STU1296,5.9,8.0,6.0,5.8,6.8,5.2,7.6,INFJ,Nghệ thuật & Thiết kế,Đạo diễn Điện ảnh - Truyền hình,4.0
STU2267,9.3,6.4,6.4,8.1,6.9,6.6,6.9,ISTP,Xây dựng & Quy hoạch,Kinh tế xây dựng,4.8
STU1339,5.9,8.6,6.8,6.6,6.8,5.7,6.8,INFP,Nghệ thuật & Thiết kế,Điêu khắc,4.5
STU2358,6.0,8.0,8.3,5.2,6.1,5.0,9.0,ESFJ,Du lịch & Dịch vụ,Quản lý thể dục thể thao,4.8
STU0862,5.0,8.8,9.4,5.6,5.1,6.8,8.6,INFP,Ngôn ngữ & Văn hóa,Ngôn ngữ học,4.4
STU1659,6.8,8.9,8.3,6.9,6.5,6.4,9.8,ISTJ,Luật & Xã hội,Luật quốc tế,4.7
STU0479,9.1,9.0,9.0,5.1,5.1,5.9,6.2,ENTJ,Kinh tế & Quản lý,Marketing,4.2
STU0465,9.7,8.6,8.3,5.5,5.5,6.5,5.8,ENTJ,Kinh tế & Quản lý,Kinh tế,4.7
STU1775,8.6,5.2,5.1,8.7,8.2,5.5,6.9,INTJ,"Kỹ thuật, Cơ khí & Ô tô",Robot và Trí tuệ nhân tạo,4.1
STU1208,5.5,9.8,8.3,6.4,5.3,6.8,8.5,ESFP,Truyền thông & Báo chí,Công nghệ truyền thông,4.0
STU2346,6.9,7.3,8.8,5.9,6.9,6.0,8.8,ENFP,Du lịch & Dịch vụ,Quản trị nhà hàng và dịch vụ ăn uống,4.6
STU1682,9.5,5.5,5.6,9.9,7.6,6.4,5.3,ISTJ,"Kỹ thuật, Cơ khí & Ô tô",Kỹ thuật điện tử - viễn thông,4.6
STU0582,8.1,8.1,9.7,5.4,6.6,5.0,6.1,ESTP,Kinh tế & Quản lý,Quản trị kinh doanh,3.9
STU0434,9.0,8.4,8.3,5.4,6.3,6.6,6.8,ESTJ,Kinh tế & Quản lý,Kế toán,4.3
STU2372,6.3,8.1,9.0,5.2,6.7,5.7,8.8,ESFJ,Du lịch & Dịch vụ,Quản trị dịch vụ du lịch và lữ hành,4.4
STU2162,8.7,5.4,6.4,8.7,7.1,6.0,5.9,ISTP,Xây dựng & Quy hoạch,Kỹ thuật xây dựng,4.1
STU1917,7.4,6.3,6.1,5.7,8.5,9.2,5.3,ISTJ,Nông nghiệp & Môi trường,Thú y,4.0
STU2361,5.8,7.8,8.8,5.9,5.8,5.5,7.7,ESFJ,Du lịch & Dịch vụ,Quản trị nhà hàng và dịch vụ ăn uống,4.7
STU0791,7.4,9.6,9.8,5.9,5.1,6.2,9.7,ENFJ,Sư phạm & Giáo dục,Sư phạm Tiếng Anh,4.6
STU0403,9.1,6.8,6.5,5.1,9.2,8.6,6.8,ISFJ,Y tế & Sức khỏe,Điều dưỡng,4.7
STU1848,9.0,6.2,5.9,9.1,7.5,5.4,5.9,ESTP,"Kỹ thuật, Cơ khí & Ô tô",Kỹ thuật điện tử - viễn thông,4.5
STU1101,6.1,9.4,9.4,5.9,5.7,6.7,7.2,ENTP,Truyền thông & Báo chí,Lưu trữ học,3.9
STU2093,8.2,5.9,6.5,8.3,7.9,5.0,6.4,ESTJ,Xây dựng & Quy hoạch,Kỹ thuật xây dựng,4.1
STU2177,8.1,6.4,5.6,8.0,7.8,5.9,5.1,ESTJ,Xây dựng & Quy hoạch,Kinh tế xây dựng,5.0
STU1573,5.4,8.7,7.9,6.6,5.9,6.5,9.0,ISTJ,Luật & Xã hội,Tâm lý học,5.0
STU0112,8.9,6.0,7.6,8.1,7.1,6.0,6.6,ISTP,Công nghệ Thông tin & Kỹ thuật Máy tính,Công nghệ thông tin,4.3
STU2214,8.4,5.6,6.4,9.1,6.8,6.5,5.9,ESTJ,Xây dựng & Quy hoạch,Quản lý xây dựng,4.7
STU1833,8.5,6.7,6.3,9.0,7.2,6.7,6.3,INTJ,"Kỹ thuật, Cơ khí & Ô tô",Kỹ thuật cơ điện tử,5.0
STU2314,6.8,8.0,8.5,5.5,6.8,5.9,8.1,ESFP,Du lịch & Dịch vụ,Quản trị khách sạn,4.5
STU2129,8.1,6.5,5.5,8.9,7.8,6.7,6.8,ISTP,Xây dựng & Quy hoạch,Kỹ thuật xây dựng,4.9
STU1551,5.7,8.6,7.4,5.8,5.7,6.5,9.9,INFJ,Luật & Xã hội,Quản lý nhà nước,4.9
STU1976,7.3,5.9,6.7,6.4,9.5,8.8,5.6,ISTJ,Nông nghiệp & Môi trường,Lâm nghiệp đô thị,3.8
STU1998,7.0,6.7,6.5,5.1,8.5,8.5,6.2,ISFJ,Nông nghiệp & Môi trường,Công nghệ thực phẩm,4.5
STU0197,9.8,5.6,7.7,9.0,7.0,5.5,5.6,ISTP,Công nghệ Thông tin & Kỹ thuật Máy tính,Mạng máy tính và truyền thông dữ liệu,4.1
STU0963,5.3,8.5,9.5,6.8,5.5,6.8,8.5,INTP,Ngôn ngữ & Văn hóa,Tiếng Việt và văn hoá Việt Nam,3.9
STU0583,8.2,7.4,8.3,6.7,6.4,5.0,5.9,ENTP,Kinh tế & Quản lý,Kinh tế quốc tế,4.7
STU1376,5.7,5.5,5.9,5.7,4.3,4.9,4.2,INTJ,Nghệ thuật & Thiết kế,Thiết kế đồ họa,2.5
STU1362,6.0,8.8,6.4,5.2,5.4,5.5,7.8,ISFP,Nghệ thuật & Thiết kế,Thiết kế đồ họa,4.6
STU0444,8.3,8.6,8.5,7.0,5.8,6.8,5.4,ENTP,Kinh tế & Quản lý,Kinh doanh quốc tế,3.8
STU2343,6.6,7.7,9.4,5.5,6.3,6.8,7.7,ESTP,Du lịch & Dịch vụ,Quản trị dịch vụ du lịch và lữ hành,3.8
STU2033,5.4,5.0,5.3,4.6,6.0,6.6,6.6,ENTP,Nông nghiệp & Môi trường,Nông nghiệp,2.3
STU2169,8.7,6.3,6.5,8.2,7.4,5.9,5.4,ESTJ,Xây dựng & Quy hoạch,Kinh tế xây dựng,4.5
STU1923,7.9,7.0,5.6,5.4,8.7,9.4,5.1,ISTJ,Nông nghiệp & Môi trường,Khoa học môi trường,4.2
STU1747,8.8,5.9,6.2,9.5,8.1,5.1,6.7,ISTJ,"Kỹ thuật, Cơ khí & Ô tô",Công nghệ kỹ thuật ô tô,3.8
STU1223,6.3,9.9,8.9,6.0,6.8,5.1,8.5,ENTP,Truyền thông & Báo chí,Lưu trữ học,4.2
STU1548,6.9,9.4,7.5,5.1,6.4,7.0,9.1,INFJ,Luật & Xã hội,Chính trị học,4.6
STU0045,9.9,5.2,9.6,9.0,7.0,5.7,6.9,ISTJ,Công nghệ Thông tin & Kỹ thuật Máy tính,Kỹ thuật phần mềm,4.6
STU0297,8.8,6.9,5.8,6.2,9.0,8.9,5.2,ISFP,Y tế & Sức khỏe,Dược học,4.8
STU0841,5.7,6.8,6.2,6.1,5.5,6.1,6.8,ESTP,Ngôn ngữ & Văn hóa,Ngôn ngữ Anh,2.6
STU1536,5.4,9.0,7.1,6.2,6.1,6.8,9.0,ENTJ,Luật & Xã hội,Xã hội học,4.2
STU2181,8.7,6.4,6.2,9.0,6.4,6.0,6.2,ESTJ,Xây dựng & Quy hoạch,Kỹ thuật xây dựng,4.4
STU1954,5.2,5.9,5.9,6.2,6.5,4.5,5.2,ENTJ,Nông nghiệp & Môi trường,Lâm nghiệp đô thị,2.6
STU1413,5.9,8.8,5.9,6.4,5.1,6.2,8.3,INFJ,Nghệ thuật & Thiết kế,Thiết kế công nghiệp,4.3
STU1564,6.0,9.9,7.4,5.8,5.7,5.7,9.9,INTJ,Luật & Xã hội,Luật kinh tế,4.4
STU0565,9.6,8.7,8.0,5.7,5.8,6.2,7.0,ENTP,Kinh tế & Quản lý,Tài chính - Ngân hàng,4.6
STU0171,9.4,5.1,8.8,9.9,8.3,5.6,6.4,ISTJ,Công nghệ Thông tin & Kỹ thuật Máy tính,Khoa học dữ liệu,4.0
STU0523,8.3,8.6,9.8,6.6,6.2,5.9,6.4,ENTJ,Kinh tế & Quản lý,Kinh doanh quốc tế,4.2
STU1965,7.7,6.4,7.0,5.0,8.1,8.7,5.4,ISFP,Nông nghiệp & Môi trường,Khoa học cây trồng,4.0
STU2307,5.3,7.4,9.5,5.0,6.5,5.6,8.7,ESFJ,Du lịch & Dịch vụ,Du lịch,4.3
STU1436,6.1,8.7,6.5,5.7,5.1,6.8,7.6,INFJ,Nghệ thuật & Thiết kế,Đạo diễn Điện ảnh - Truyền hình,4.1
STU0979,6.3,8.5,9.6,6.1,6.1,6.6,8.1,ISFP,Ngôn ngữ & Văn hóa,Tiếng Việt và văn hoá Việt Nam,4.7
STU1138,5.4,9.3,8.6,5.7,7.0,5.1,8.6,ENTP,Truyền thông & Báo chí,Truyền thông đại chúng,3.9
STU0299,8.7,5.2,6.9,5.9,9.4,8.6,6.0,ISFJ,Y tế & Sức khỏe,Răng - Hàm - Mặt,4.1
STU1353,6.7,8.5,5.6,6.7,5.1,5.7,7.6,ISFP,Nghệ thuật & Thiết kế,Kiến trúc,4.2
STU1533,6.7,8.9,8.3,6.4,5.4,6.4,8.6,ENTJ,Luật & Xã hội,Tâm lý học,4.1
STU1886,7.1,5.8,5.6,5.1,8.0,9.2,6.1,ISFJ,Nông nghiệp & Môi trường,Khoa học cây trồng,4.4
STU0446,9.0,8.2,8.2,6.1,6.0,5.2,6.3,ENTP,Kinh tế & Quản lý,Kinh tế quốc tế,4.3
STU1874,7.2,6.2,6.7,5.7,8.2,9.1,6.8,ISFP,Nông nghiệp & Môi trường,Công nghệ sinh học,4.0
STU0907,6.9,8.0,9.4,6.3,6.9,6.5,8.5,ISFP,Ngôn ngữ & Văn hóa,Ngôn ngữ học,4.7
STU0614,9.9,8.3,8.5,6.3,6.7,6.9,6.2,ESTP,Kinh tế & Quản lý,Kinh doanh quốc tế,4.7
STU1610,5.9,9.9,7.0,5.0,5.2,6.1,9.9,ENTJ,Luật & Xã hội,Luật quốc tế,4.3
STU1030,5.5,8.7,9.7,5.8,5.4,5.3,7.9,INFP,Ngôn ngữ & Văn hóa,Ngôn ngữ Nhật,4.8
STU1652,5.4,9.1,8.1,6.4,5.2,5.7,9.5,ISTJ,Luật & Xã hội,Công tác xã hội,4.6
STU2196,8.7,5.7,6.4,9.3,6.4,5.7,5.2,ISTJ,Xây dựng & Quy hoạch,Công nghệ kỹ thuật công trình xây dựng,4.0
STU1232,6.3,9.1,8.8,6.1,5.7,5.3,7.2,ENFP,Truyền thông & Báo chí,Truyền thông đa phương tiện,3.8
STU0097,8.5,5.5,8.1,9.0,6.4,6.7,6.0,ENTP,Công nghệ Thông tin & Kỹ thuật Máy tính,Mạng máy tính và truyền thông dữ liệu,4.1
STU2386,5.1,7.7,9.0,5.8,6.3,5.3,8.2,ENFP,Du lịch & Dịch vụ,Quản trị dịch vụ du lịch và lữ hành,3.8
STU0212,9.3,6.7,5.9,6.8,9.9,9.7,6.8,ISFJ,Y tế & Sức khỏe,Quản lý bệnh viện,4.3
STU0238,9.5,5.2,5.8,5.9,9.7,8.7,6.0,ISTJ,Y tế & Sức khỏe,Răng - Hàm - Mặt,4.2
STU0789,6.8,9.8,9.6,5.2,5.4,6.0,9.8,ENFJ,Sư phạm & Giáo dục,Giáo dục Tiểu học,4.0
STU1230,5.7,9.9,9.0,5.5,5.8,6.9,8.2,ENTP,Truyền thông & Báo chí,Quan hệ công chúng,4.0
STU2019,8.2,6.6,6.0,5.7,9.3,10.0,6.7,ISTJ,Nông nghiệp & Môi trường,Khoa học môi trường,4.2
STU1174,6.8,8.5,9.2,7.0,6.3,6.0,7.9,ESFP,Truyền thông & Báo chí,Công nghệ truyền thông,4.5
STU1884,8.4,5.3,5.2,6.4,9.4,9.3,6.8,INFP,Nông nghiệp & Môi trường,Nông nghiệp,4.1
STU1129,5.9,9.1,8.5,5.0,5.3,6.6,8.3,ENFP,Truyền thông & Báo chí,Báo chí,4.5
STU1815,9.0,5.9,5.3,9.0,8.4,6.0,6.0,INTJ,"Kỹ thuật, Cơ khí & Ô tô",Kỹ thuật điều khiển và tự động hóa,4.2
STU1670,9.2,6.2,5.0,9.2,7.8,5.6,5.6,ISTP,"Kỹ thuật, Cơ khí & Ô tô",Kỹ thuật cơ điện tử,4.4
STU0421,8.2,7.4,8.3,6.0,5.7,6.0,5.7,ESTJ,Kinh tế & Quản lý,Tài chính - Ngân hàng,3.9
STU1090,5.8,9.3,8.1,6.1,5.7,6.1,7.9,ESFP,Truyền thông & Báo chí,Truyền thông đa phương tiện,4.4
STU1179,7.0,8.9,8.7,5.7,6.8,5.2,8.7,ENTP,Truyền thông & Báo chí,Thông tin - thư viện,4.6
STU0179,9.6,5.8,8.6,8.7,8.0,5.2,6.5,ENTP,Công nghệ Thông tin & Kỹ thuật Máy tính,Kỹ thuật phần mềm,4.6
STU0924,5.1,8.2,9.9,6.4,6.7,5.5,7.3,INTP,Ngôn ngữ & Văn hóa,Ngôn ngữ Hàn Quốc,4.7
STU0573,9.0,8.2,8.9,6.1,5.9,5.3,6.9,ESTJ,Kinh tế & Quản lý,Quản trị kinh doanh,4.4
STU0837,6.6,8.9,9.6,6.9,6.7,6.0,7.8,INTP,Ngôn ngữ & Văn hóa,Ngôn ngữ Nhật,4.3
STU1703,8.7,6.4,5.4,9.0,7.1,5.4,6.9,INTJ,"Kỹ thuật, Cơ khí & Ô tô",Kỹ thuật điện tử - viễn thông,4.2
STU0195,9.4,7.0,7.7,9.8,8.5,6.3,6.3,ENTP,Công nghệ Thông tin & Kỹ thuật Máy tính,Khoa học Máy tính,3.8
STU2017,8.2,6.5,6.2,5.7,8.3,9.3,6.2,ISFJ,Nông nghiệp & Môi trường,Lâm nghiệp đô thị,4.5
STU1911,8.0,6.7,5.6,6.5,8.8,8.8,5.9,ISTJ,Nông nghiệp & Môi trường,Thú y,3.9
STU1034,6.4,9.0,9.9,7.0,5.2,6.4,7.8,INFP,Ngôn ngữ & Văn hóa,Văn học,4.4
STU1616,5.1,8.7,7.4,6.2,5.1,7.0,8.5,INTJ,Luật & Xã hội,Xã hội học,3.9
STU1741,9.4,6.0,5.6,9.5,7.5,5.3,6.4,ISTJ,"Kỹ thuật, Cơ khí & Ô tô",Công nghệ kỹ thuật ô tô,4.5
STU0801,6.8,9.0,9.3,5.3,5.6,5.4,9.5,ESFJ,Sư phạm & Giáo dục,Sư phạm Ngữ văn,4.2
STU0618,9.7,7.3,8.2,5.0,6.9,6.9,5.2,ENTP,Kinh tế & Quản lý,Quản trị kinh doanh,4.1
STU2470,6.3,7.5,8.7,6.3,5.4,5.3,8.8,ENFP,Du lịch & Dịch vụ,Quản trị nhà hàng và dịch vụ ăn uống,4.2
STU1950,7.1,6.9,5.7,5.1,8.1,9.1,5.7,ISTJ,Nông nghiệp & Môi trường,Nuôi trồng thủy sản,4.3
STU1438,6.5,8.2,5.1,6.7,6.4,5.9,6.8,ISFP,Nghệ thuật & Thiết kế,Thiết kế đồ họa,4.2
STU0701,7.2,10.0,9.4,5.2,5.0,5.8,9.0,ENFJ,Sư phạm & Giáo dục,Sư phạm Tin học,4.2
STU1463,6.7,8.9,7.7,6.7,5.4,5.8,8.6,INFJ,Luật & Xã hội,Quản lý nhà nước,4.6
STU1619,5.9,9.9,7.1,6.3,6.0,6.9,9.1,ISTJ,Luật & Xã hội,Chính trị học,4.0
STU2478,5.3,7.4,8.6,5.7,5.9,6.3,8.4,ENFP,Du lịch & Dịch vụ,Du lịch,4.3
STU1289,5.0,7.8,6.4,6.5,6.4,5.1,7.9,INFP,Nghệ thuật & Thiết kế,Thiết kế đồ họa,4.8
STU1222,5.8,8.7,9.2,5.2,6.9,5.5,7.7,ENTP,Truyền thông & Báo chí,Báo chí,4.8
STU1331,6.6,8.8,5.7,5.6,6.6,6.1,7.7,INFP,Nghệ thuật & Thiết kế,Thiết kế công nghiệp,3.9
STU0354,9.1,6.6,5.6,6.7,9.7,9.0,5.2,INFJ,Y tế & Sức khỏe,Kỹ thuật phục hồi chức năng,4.0
STU2132,8.7,5.6,6.3,8.6,6.6,5.7,6.9,ISTP,Xây dựng & Quy hoạch,Quản lý xây dựng,4.5
STU1323,5.7,7.7,6.8,5.8,6.8,5.3,8.1,INFP,Nghệ thuật & Thiết kế,Điêu khắc,4.1
STU1531,5.8,9.1,7.6,6.8,6.4,6.0,9.9,ENTJ,Luật & Xã hội,Tâm lý học,4.3
STU2274,8.5,6.1,5.9,8.9,6.2,5.5,5.8,ISTP,Xây dựng & Quy hoạch,Địa kỹ thuật xây dựng,4.2
STU1732,9.0,5.8,6.5,8.9,7.7,5.1,5.0,ESTP,"Kỹ thuật, Cơ khí & Ô tô",Kỹ thuật cơ khí,4.0
STU1057,5.4,9.5,8.1,5.9,6.9,5.9,7.3,ENFP,Truyền thông & Báo chí,Lưu trữ học,4.9
STU2481,5.5,8.4,8.8,6.7,6.7,6.3,9.0,ESTP,Du lịch & Dịch vụ,Quản trị dịch vụ du lịch và lữ hành,3.8
STU0663,6.6,9.3,9.2,5.8,5.6,5.6,9.3,ENFJ,Sư phạm & Giáo dục,Sư phạm Toán học,4.2
STU2300,6.8,7.9,8.8,6.0,6.3,5.3,8.4,ESFJ,Du lịch & Dịch vụ,Quản trị nhà hàng và dịch vụ ăn uống,4.7
STU0679,6.5,8.9,8.1,6.0,5.1,5.6,9.6,ESFJ,Sư phạm & Giáo dục,Sư phạm Tiếng Anh,4.4
STU1986,5.1,5.6,7.0,4.7,4.9,4.1,6.5,INFJ,Nông nghiệp & Môi trường,Khoa học môi trường,2.5
STU0611,8.6,8.4,8.4,5.0,6.9,6.0,6.0,ENTP,Kinh tế & Quản lý,Marketing,4.0
STU0169,8.8,6.6,9.3,8.9,7.6,5.1,6.4,ENTP,Công nghệ Thông tin & Kỹ thuật Máy tính,Công nghệ thông tin,3.9
STU1114,6.5,8.8,8.7,5.1,5.1,6.8,7.6,ENTP,Truyền thông & Báo chí,Truyền thông đa phương tiện,4.5
STU1959,7.1,6.3,6.6,6.4,9.4,9.3,6.8,ISFP,Nông nghiệp & Môi trường,Khoa học môi trường,4.2
STU2224,9.0,5.7,5.1,9.0,7.6,5.2,6.9,ESTJ,Xây dựng & Quy hoạch,Kinh tế xây dựng,4.3
STU0219,8.9,5.4,6.7,6.7,9.7,9.3,6.8,INFJ,Y tế & Sức khỏe,Quản lý bệnh viện,4.9
STU0253,9.6,5.4,6.7,6.7,9.3,9.4,6.3,ISFP,Y tế & Sức khỏe,Quản lý bệnh viện,3.9
STU0908,5.9,9.4,9.9,6.8,5.2,6.3,7.3,INFP,Ngôn ngữ & Văn hóa,Tiếng Việt và văn hoá Việt Nam,4.0
STU0799,7.4,9.6,9.2,6.0,6.7,5.2,9.9,INFJ,Sư phạm & Giáo dục,Sư phạm Vật lý,4.2
STU0802,6.5,8.8,8.9,6.5,6.9,5.7,9.5,ESFJ,Sư phạm & Giáo dục,Sư phạm Toán học,4.0
STU1437,5.4,7.7,5.3,6.5,5.4,6.7,7.3,INFJ,Nghệ thuật & Thiết kế,Kiến trúc,4.7
STU1955,8.2,5.4,6.8,6.0,8.2,9.8,5.9,ISFJ,Nông nghiệp & Môi trường,Nuôi trồng thủy sản,4.5
STU0880,4.0,6.4,4.7,4.1,4.2,5.0,5.6,INFJ,Ngôn ngữ & Văn hóa,Văn học,3.1
STU1491,6.2,9.4,8.2,5.3,5.4,5.7,9.1,INFJ,Luật & Xã hội,Chính trị học,4.1
STU0912,5.7,9.2,10.0,6.5,5.7,5.3,7.3,ISFP,Ngôn ngữ & Văn hóa,Văn học,4.6
STU1414,5.1,7.8,5.8,5.6,5.3,5.1,7.2,ISFP,Nghệ thuật & Thiết kế,Thiết kế nội thất,3.9
STU1337,6.2,8.4,5.1,5.1,5.1,6.2,7.6,ISFP,Nghệ thuật & Thiết kế,Thanh nhạc,3.9
STU1302,5.1,7.5,5.4,5.3,5.7,6.1,7.8,ISFP,Nghệ thuật & Thiết kế,Thiết kế nội thất,4.6
STU1055,5.3,9.9,9.4,6.6,6.5,6.0,9.0,ESFP,Truyền thông & Báo chí,Thông tin - thư viện,4.3
STU0694,6.5,8.8,9.8,6.6,5.2,5.0,9.8,ENFJ,Sư phạm & Giáo dục,Giáo dục Tiểu học,4.1
STU1834,9.2,6.9,5.7,9.3,7.0,5.6,5.8,INTJ,"Kỹ thuật, Cơ khí & Ô tô",Kỹ thuật điều khiển và tự động hóa,4.0
STU1100,5.7,8.8,8.4,6.8,6.6,6.8,7.6,ENFP,Truyền thông & Báo chí,Quan hệ công chúng,4.6
STU0499,8.3,7.5,9.8,5.7,5.1,5.1,5.8,ENTP,Kinh tế & Quản lý,Quản trị kinh doanh,4.2
STU1085,5.0,9.9,8.2,5.6,6.3,6.2,8.8,ENFP,Truyền thông & Báo chí,Báo chí,4.9
STU1971,7.0,6.1,5.2,5.2,8.3,9.7,5.3,ISFP,Nông nghiệp & Môi trường,Công nghệ sinh học,4.1
STU0496,9.9,8.5,9.0,6.1,5.2,6.1,5.4,ENTJ,Kinh tế & Quản lý,Quản trị kinh doanh,4.6
STU1755,9.2,6.7,5.3,9.9,8.3,5.4,6.3,ESTP,"Kỹ thuật, Cơ khí & Ô tô",Kỹ thuật điện,4.9
STU0451,8.7,8.6,9.2,6.8,6.6,6.6,6.4,ENTJ,Kinh tế & Quản lý,Kiểm toán,4.4
STU1464,5.8,9.3,7.6,5.2,6.5,5.9,9.2,ENTJ,Luật & Xã hội,Tâm lý học,4.7
STU1338,6.4,8.6,5.8,6.0,6.8,5.3,7.5,INFP,Nghệ thuật & Thiết kế,Thanh nhạc,4.0
STU2433,6.8,8.2,8.6,5.9,5.4,5.4,8.5,ENFP,Du lịch & Dịch vụ,Quản trị dịch vụ du lịch và lữ hành,4.5
STU1270,5.4,8.9,5.7,6.8,5.6,5.4,8.0,ISFP,Nghệ thuật & Thiết kế,Kiến trúc,3.9
STU1103,7.0,8.7,8.2,6.0,6.2,5.2,7.4,ENTP,Truyền thông & Báo chí,Truyền thông đa phương tiện,4.5
STU1930,8.3,5.4,5.1,6.4,9.3,9.9,5.7,ISTJ,Nông nghiệp & Môi trường,Công nghệ sinh học,4.4
STU1733,8.1,5.3,6.6,9.2,8.3,5.2,5.5,ESTP,"Kỹ thuật, Cơ khí & Ô tô",Kỹ thuật điện tử - viễn thông,3.9
STU1939,7.6,5.1,6.9,6.0,9.3,9.4,6.0,ISFP,Nông nghiệp & Môi trường,Khoa học cây trồng,4.0
STU1981,8.0,6.1,6.5,6.4,9.4,9.5,5.3,ISFJ,Nông nghiệp & Môi trường,Khoa học cây trồng,4.7
STU0760,7.4,9.9,9.9,6.5,6.9,5.8,9.9,ESFJ,Sư phạm & Giáo dục,Giáo dục Mầm non,4.7
STU0255,8.6,6.2,6.5,6.3,9.6,9.3,6.6,ISFP,Y tế & Sức khỏe,Dược học,3.8
STU2014,7.4,6.6,5.6,5.9,8.1,9.3,6.2,ISFP,Nông nghiệp & Môi trường,Khoa học môi trường,4.4
STU0458,8.6,7.7,8.8,6.6,6.4,6.6,5.0,ESTP,Kinh tế & Quản lý,Kinh doanh quốc tế,4.4
STU1322,6.3,7.7,5.7,6.4,5.1,5.5,7.7,INFP,Nghệ thuật & Thiết kế,Thiết kế đồ họa,3.8
STU0408,9.4,6.3,5.7,6.2,9.8,9.0,5.9,ISFP,Y tế & Sức khỏe,Y học cổ truyền,4.3
STU0945,6.4,8.7,9.4,5.1,6.4,5.0,8.4,ISFP,Ngôn ngữ & Văn hóa,Đông phương học,5.0
STU1506,5.8,5.5,4.6,5.4,4.6,6.2,6.4,INFJ,Luật & Xã hội,Luật,2.0
STU1487,6.7,9.9,8.0,6.3,5.0,5.3,8.8,INFJ,Luật & Xã hội,Xã hội học,4.8
STU0322,8.6,6.6,5.3,6.7,9.7,9.1,6.8,ISFP,Y tế & Sức khỏe,Điều dưỡng,4.7
STU2266,8.6,5.0,6.7,8.1,7.9,6.3,5.5,ESTJ,Xây dựng & Quy hoạch,Quản lý xây dựng,4.6
STU1019,6.6,8.4,9.8,6.0,6.0,6.8,8.2,INFP,Ngôn ngữ & Văn hóa,Ngôn ngữ Hàn Quốc,3.9
STU0234,8.9,6.0,6.2,6.4,9.7,9.2,6.0,ISFJ,Y tế & Sức khỏe,Y học dự phòng,4.3
STU1375,6.6,7.7,5.5,6.1,6.6,6.8,7.4,INFP,Nghệ thuật & Thiết kế,Thiết kế công nghiệp,4.7
STU0101,9.8,5.1,9.9,8.8,7.2,5.9,5.8,ISTP,Công nghệ Thông tin & Kỹ thuật Máy tính,Kỹ thuật phần mềm,4.1
STU0931,5.3,8.7,9.5,6.8,6.3,6.5,7.2,INTP,Ngôn ngữ & Văn hóa,Ngôn ngữ Nhật,4.7
STU0655,4.4,5.0,5.0,7.0,5.8,4.0,5.6,ISFJ,Sư phạm & Giáo dục,Sư phạm Ngữ văn,1.9
STU0411,5.9,4.9,6.7,6.9,6.3,7.0,6.0,ENFP,Y tế & Sức khỏe,Quản lý bệnh viện,2.1
STU1949,8.3,6.3,5.7,5.1,8.7,9.5,6.4,INFP,Nông nghiệp & Môi trường,Khoa học cây trồng,4.9
STU0180,8.8,6.2,8.0,9.2,7.0,6.7,6.3,ISTJ,Công nghệ Thông tin & Kỹ thuật Máy tính,Thiết kế vi mạch,3.9
STU1691,9.2,6.4,6.2,9.6,7.5,5.5,6.1,ISTP,"Kỹ thuật, Cơ khí & Ô tô",Kỹ thuật cơ khí,3.9
STU0481,4.5,4.9,5.3,5.5,6.2,4.3,5.9,ENTP,Kinh tế & Quản lý,Hệ thống thông tin quản lý,2.7
STU0630,7.2,8.9,8.7,6.7,5.3,6.6,9.1,ESFJ,Sư phạm & Giáo dục,Sư phạm Ngữ văn,4.8
STU0283,9.5,5.8,7.0,6.2,9.2,8.8,6.2,INFJ,Y tế & Sức khỏe,Y học cổ truyền,3.9
STU1693,8.2,5.8,5.2,8.7,8.0,6.1,6.3,ISTP,"Kỹ thuật, Cơ khí & Ô tô",Kỹ thuật cơ điện tử,4.6
STU0566,9.0,7.0,9.3,6.5,5.5,5.9,6.4,ESTP,Kinh tế & Quản lý,Quản trị kinh doanh,3.8
STU0142,9.3,5.5,7.7,9.0,8.5,6.3,5.6,ISTJ,Công nghệ Thông tin & Kỹ thuật Máy tính,Công nghệ thông tin,4.6
STU1902,8.2,6.8,6.0,5.2,8.2,9.7,5.5,ISFJ,Nông nghiệp & Môi trường,Khoa học môi trường,4.5
STU1851,9.4,6.4,6.0,9.5,8.0,6.7,6.8,ISTP,"Kỹ thuật, Cơ khí & Ô tô",Robot và Trí tuệ nhân tạo,4.8
STU0652,7.5,9.4,9.5,5.1,5.0,6.5,9.0,ENFJ,Sư phạm & Giáo dục,Giáo dục Tiểu học,4.8
STU2013,8.2,6.6,5.8,5.0,9.4,9.6,5.8,ISFJ,Nông nghiệp & Môi trường,Công nghệ thực phẩm,4.8
STU0415,9.0,6.9,5.8,6.8,10.0,9.3,5.2,INFJ,Y tế & Sức khỏe,Kỹ thuật hình ảnh y học,4.1
STU1534,5.3,8.7,7.4,6.9,5.8,6.7,9.2,INFJ,Luật & Xã hội,Chính trị học,4.1
STU0638,7.3,9.4,8.4,6.6,5.0,6.7,9.9,ESFJ,Sư phạm & Giáo dục,Sư phạm Toán học,4.5
STU0248,9.4,6.5,5.5,6.9,9.8,9.3,5.3,ISTJ,Y tế & Sức khỏe,Kỹ thuật phục hồi chức năng,5.0
STU0319,9.0,6.5,6.2,6.1,9.2,9.9,6.9,ISFP,Y tế & Sức khỏe,Kỹ thuật phục hồi chức năng,4.7
STU2367,6.8,7.6,9.4,6.4,5.2,5.5,8.9,ENFP,Du lịch & Dịch vụ,Quản trị nhà hàng và dịch vụ ăn uống,4.9
STU1481,5.2,9.0,8.5,5.6,7.0,6.2,9.3,INFJ,Luật & Xã hội,Tâm lý học,5.0
STU0994,5.5,8.9,9.4,5.8,6.7,5.6,7.5,INTP,Ngôn ngữ & Văn hóa,Ngôn ngữ Nhật,4.4
STU2496,5.5,7.7,9.3,5.0,6.9,7.0,8.5,ENFP,Du lịch & Dịch vụ,Quản trị nhà hàng và dịch vụ ăn uống,4.0
STU1908,7.1,5.3,6.6,5.9,9.3,9.0,5.2,INFP,Nông nghiệp & Môi trường,Khoa học môi trường,4.9
STU0030,9.2,6.8,9.8,9.1,6.3,5.4,6.6,ENTP,Công nghệ Thông tin & Kỹ thuật Máy tính,Kỹ thuật phần mềm,4.0
STU0439,8.6,9.0,8.1,6.3,6.9,5.2,6.7,ESTJ,Kinh tế & Quản lý,Tài chính - Ngân hàng,4.0
STU0555,8.7,7.4,9.4,5.9,5.9,5.8,6.2,ENTJ,Kinh tế & Quản lý,Marketing,4.5
STU0472,8.0,7.0,8.2,6.9,6.4,6.6,5.2,ESTJ,Kinh tế & Quản lý,Kiểm toán,4.2
STU0545,9.4,8.0,8.1,5.1,6.9,5.2,6.7,ESTJ,Kinh tế & Quản lý,Kế toán,3.8
STU0483,9.9,8.5,8.9,6.6,5.8,5.8,5.9,ENTP,Kinh tế & Quản lý,Kinh doanh quốc tế,4.0
STU1356,5.3,7.7,6.7,6.9,6.0,6.5,7.9,INFP,Nghệ thuật & Thiết kế,Thiết kế đồ họa,4.5
STU1722,9.4,5.9,5.0,9.6,7.5,6.2,6.9,INTJ,"Kỹ thuật, Cơ khí & Ô tô",Kỹ thuật điện,4.1
STU0436,8.8,9.0,8.9,5.7,6.5,5.1,6.8,ENTP,Kinh tế & Quản lý,Marketing,4.2
STU1793,8.4,5.6,5.9,9.5,7.7,6.5,5.8,INTJ,"Kỹ thuật, Cơ khí & Ô tô",Kỹ thuật điều khiển và tự động hóa,4.3
STU1092,5.8,9.5,8.3,5.2,5.1,6.7,7.9,ENFP,Truyền thông & Báo chí,Lưu trữ học,4.7
STU1126,5.1,8.9,9.0,5.2,6.9,6.9,8.5,ENFP,Truyền thông & Báo chí,Lưu trữ học,4.6
STU0519,9.7,7.7,9.1,5.7,6.3,6.4,7.0,ENTP,Kinh tế & Quản lý,Tài chính - Ngân hàng,4.0
STU2428,7.0,7.4,8.6,5.6,5.0,5.8,7.8,ESFJ,Du lịch & Dịch vụ,Quản trị dịch vụ du lịch và lữ hành,4.2
STU1605,6.8,8.8,8.0,6.8,5.8,6.4,9.4,INFJ,Luật & Xã hội,Chính trị học,4.0
STU1872,9.5,5.5,5.4,9.9,8.3,6.7,6.5,ISTJ,"Kỹ thuật, Cơ khí & Ô tô",Robot và Trí tuệ nhân tạo,4.4
STU1779,9.3,5.9,5.6,9.3,8.5,5.1,6.7,ESTP,"Kỹ thuật, Cơ khí & Ô tô",Kỹ thuật điện,4.0
STU0953,5.1,8.5,9.4,6.7,5.2,6.8,7.4,ISFP,Ngôn ngữ & Văn hóa,Đông phương học,4.0
STU0209,4.5,5.1,5.3,4.9,6.0,5.8,4.6,ENTJ,Y tế & Sức khỏe,Kỹ thuật phục hồi chức năng,2.9
STU0464,8.4,8.3,8.1,5.1,6.2,5.9,6.9,ESTJ,Kinh tế & Quản lý,Kiểm toán,4.6
STU1411,6.4,8.5,6.6,5.9,6.9,5.1,7.1,INFP,Nghệ thuật & Thiết kế,Đạo diễn Điện ảnh - Truyền hình,3.8
STU1566,6.4,9.6,8.2,6.3,6.1,6.6,8.6,INFJ,Luật & Xã hội,Xã hội học,4.8
STU1335,6.0,8.6,5.7,6.4,5.4,5.6,7.4,ISFP,Nghệ thuật & Thiết kế,Đạo diễn Điện ảnh - Truyền hình,3.9
STU0809,7.1,8.7,9.9,5.8,6.6,5.2,9.2,ENFJ,Sư phạm & Giáo dục,Giáo dục Mầm non,4.3
STU1048,6.9,9.9,9.3,6.5,6.7,7.0,7.2,ESFP,Truyền thông & Báo chí,Lưu trữ học,4.1
STU1938,7.9,6.4,6.1,6.0,9.5,8.6,5.2,ISFJ,Nông nghiệp & Môi trường,Thú y,4.2
STU0650,7.2,8.8,9.7,5.3,6.1,5.9,9.6,ISFJ,Sư phạm & Giáo dục,Sư phạm Tin học,4.8
STU2082,9.2,6.5,5.3,9.0,6.7,6.7,6.1,ISTJ,Xây dựng & Quy hoạch,Địa kỹ thuật xây dựng,4.3
STU2001,8.0,5.7,6.2,6.3,9.2,9.7,5.0,ISFP,Nông nghiệp & Môi trường,Công nghệ sinh học,4.1
STU0200,8.9,5.4,9.3,8.6,6.9,6.7,6.7,INTP,Công nghệ Thông tin & Kỹ thuật Máy tính,Thiết kế vi mạch,3.9
STU0230,8.5,5.8,5.1,5.4,8.5,9.6,5.6,INFJ,Y tế & Sức khỏe,Kỹ thuật phục hồi chức năng,4.3
STU0730,6.3,8.9,9.0,5.5,5.6,5.8,9.1,ISFJ,Sư phạm & Giáo dục,Giáo dục Mầm non,4.9
STU0950,5.3,8.2,9.2,6.0,6.8,5.8,8.7,ISFP,Ngôn ngữ & Văn hóa,Ngôn ngữ Anh,4.2
STU1242,6.6,9.5,9.4,5.1,5.0,5.2,9.0,ESFP,Truyền thông & Báo chí,Truyền thông đa phương tiện,4.7
STU1262,6.7,8.4,5.6,5.4,6.4,6.6,7.3,INFP,Nghệ thuật & Thiết kế,Thanh nhạc,4.7
STU1507,5.9,9.8,7.5,5.5,5.9,5.9,9.7,ENTJ,Luật & Xã hội,Xã hội học,4.1
STU0633,7.0,9.9,8.4,5.1,5.3,6.4,9.2,ENFJ,Sư phạm & Giáo dục,Sư phạm Tiếng Anh,3.8
STU1290,6.3,8.2,6.9,6.2,5.6,5.5,8.1,INFP,Nghệ thuật & Thiết kế,Thiết kế nội thất,4.3
STU0368,9.3,5.1,5.9,6.2,9.5,9.2,5.8,ISTJ,Y tế & Sức khỏe,Y học cổ truyền,3.9
STU2157,9.1,5.9,5.9,8.5,7.2,5.4,6.7,ESTJ,Xây dựng & Quy hoạch,Kỹ thuật cấp thoát nước,4.5
STU1870,8.2,6.1,5.5,9.3,7.8,5.6,5.5,INTJ,"Kỹ thuật, Cơ khí & Ô tô",Kỹ thuật cơ điện tử,3.9
STU0070,9.7,5.2,9.6,8.4,7.4,5.1,5.7,INTP,Công nghệ Thông tin & Kỹ thuật Máy tính,Khoa học Máy tính,4.9
STU2414,6.6,8.2,8.1,6.7,5.6,6.3,8.3,ESFP,Du lịch & Dịch vụ,Du lịch,4.4
STU0737,6.2,9.8,8.5,5.3,6.3,5.2,9.5,ESFJ,Sư phạm & Giáo dục,Giáo dục Mầm non,4.3
STU1122,5.6,8.8,8.1,6.9,5.8,6.2,7.9,ENTP,Truyền thông & Báo chí,Truyền thông đa phương tiện,4.8
STU2328,6.6,7.7,9.1,6.1,6.5,5.7,8.0,ESTP,Du lịch & Dịch vụ,Quản trị dịch vụ du lịch và lữ hành,4.3
STU0232,5.8,4.5,5.1,6.0,4.1,6.6,4.8,ISTJ,Y tế & Sức khỏe,Kỹ thuật hình ảnh y học,2.2
STU1452,6.4,8.2,6.1,5.2,5.4,6.9,6.6,INFJ,Nghệ thuật & Thiết kế,Thiết kế công nghiệp,4.6
STU1624,5.7,8.9,7.1,6.3,6.5,6.8,9.6,INFJ,Luật & Xã hội,Xã hội học,4.8
STU1827,9.0,5.4,6.7,9.4,7.2,5.1,6.5,ISTJ,"Kỹ thuật, Cơ khí & Ô tô",Công nghệ kỹ thuật ô tô,4.2
STU0696,6.4,8.8,9.8,5.2,6.0,5.1,9.9,ENFJ,Sư phạm & Giáo dục,Sư phạm Vật lý,4.8
STU1422,6.3,7.5,6.3,5.1,5.2,5.6,6.9,INFJ,Nghệ thuật & Thiết kế,Điêu khắc,4.4
STU2041,7.6,5.7,5.9,5.9,8.5,8.6,6.0,ISFP,Nông nghiệp & Môi trường,Thú y,4.1
STU1609,5.7,8.6,7.7,5.2,5.8,6.6,8.9,ENTJ,Luật & Xã hội,Luật kinh tế,4.3
STU0887,5.0,8.4,9.5,5.3,6.2,5.4,7.4,ISFP,Ngôn ngữ & Văn hóa,Ngôn ngữ Hàn Quốc,4.3
STU1829,9.3,6.7,6.9,8.6,8.3,5.4,5.6,ISTP,"Kỹ thuật, Cơ khí & Ô tô",Kỹ thuật cơ khí,4.9
STU1259,5.8,8.5,5.9,5.4,5.9,5.2,6.8,INFJ,Nghệ thuật & Thiết kế,Thiết kế đồ họa,4.5
STU1115,6.0,9.8,8.2,6.6,6.3,5.9,7.7,ENFP,Truyền thông & Báo chí,Truyền thông đại chúng,4.0
STU0280,9.1,5.5,6.1,6.1,9.7,9.2,5.8,INFJ,Y tế & Sức khỏe,Dược học,4.3
STU1451,5.9,9.0,5.9,6.9,5.7,6.5,7.5,ISFP,Nghệ thuật & Thiết kế,Điêu khắc,4.9
STU0409,8.8,6.5,5.1,5.7,8.8,9.6,6.8,ISFP,Y tế & Sức khỏe,Điều dưỡng,4.4
STU1132,5.2,8.9,9.3,5.9,6.0,6.1,8.4,ESFP,Truyền thông & Báo chí,Quan hệ công chúng,4.9
STU1166,5.3,9.7,8.0,6.4,6.1,5.4,7.5,ENFP,Truyền thông & Báo chí,Công nghệ truyền thông,4.1
STU2159,8.5,6.2,7.0,8.2,6.5,6.3,7.0,ESTJ,Xây dựng & Quy hoạch,Kinh tế xây dựng,4.4
STU2202,9.2,5.6,6.4,8.4,7.2,5.3,5.6,ISTP,Xây dựng & Quy hoạch,Kinh tế xây dựng,4.5
STU2461,5.6,8.4,8.2,5.2,6.6,5.6,8.9,ENFP,Du lịch & Dịch vụ,Du lịch,4.3
STU2232,9.3,5.8,6.8,8.5,7.5,6.4,5.2,ISTJ,Xây dựng & Quy hoạch,Quản lý xây dựng,4.9
STU0441,9.3,7.4,9.0,6.2,5.9,6.5,5.4,ENTJ,Kinh tế & Quản lý,Marketing,4.3
STU0916,6.6,9.0,9.2,5.8,6.5,5.2,8.5,ISFP,Ngôn ngữ & Văn hóa,Ngôn ngữ học,4.4
STU0943,6.5,8.7,9.3,5.4,6.3,5.9,8.2,ISFP,Ngôn ngữ & Văn hóa,Ngôn ngữ học,4.8
STU2262,8.8,5.6,6.2,9.3,7.2,5.2,6.0,ISTJ,Xây dựng & Quy hoạch,Kỹ thuật cấp thoát nước,4.1
STU1948,7.9,5.8,6.6,6.0,8.3,9.0,6.5,ISFP,Nông nghiệp & Môi trường,Khoa học cây trồng,4.3
STU1504,5.3,9.7,7.4,6.3,6.5,6.7,9.0,ISTJ,Luật & Xã hội,Chính trị học,5.0
STU1743,8.6,5.8,6.1,9.1,8.5,5.8,6.0,ISTJ,"Kỹ thuật, Cơ khí & Ô tô",Kỹ thuật cơ điện tử,4.4
STU1395,5.2,7.0,5.5,6.5,6.1,5.2,5.1,ISFP,Nghệ thuật & Thiết kế,Thiết kế thời trang,2.5
STU1037,6.4,9.2,9.0,6.0,5.8,6.5,7.5,INTP,Ngôn ngữ & Văn hóa,Tiếng Việt và văn hoá Việt Nam,4.9
STU1265,6.9,8.5,5.3,6.9,7.0,6.5,6.7,ISFP,Nghệ thuật & Thiết kế,Đạo diễn Điện ảnh - Truyền hình,4.5
STU1784,8.3,6.3,5.3,9.2,7.2,5.8,6.0,ISTP,"Kỹ thuật, Cơ khí & Ô tô",Công nghệ kỹ thuật ô tô,4.1
STU0150,8.9,6.7,8.9,9.1,8.1,6.6,6.6,INTJ,Công nghệ Thông tin & Kỹ thuật Máy tính,Công nghệ thông tin,4.6
STU1193,5.2,10.0,8.0,7.0,5.9,6.0,7.7,ENTP,Truyền thông & Báo chí,Lưu trữ học,5.0
STU1709,9.2,7.0,6.3,9.3,7.8,6.0,6.3,ISTJ,"Kỹ thuật, Cơ khí & Ô tô",Kỹ thuật điều khiển và tự động hóa,4.6
STU0533,9.8,8.9,8.3,6.4,5.6,6.2,6.1,ENTJ,Kinh tế & Quản lý,Tài chính - Ngân hàng,4.1
STU2006,7.9,5.3,6.4,6.5,8.1,9.7,5.2,ISFP,Nông nghiệp & Môi trường,Công nghệ sau thu hoạch,4.7
STU1272,6.1,8.4,6.1,6.8,6.9,5.6,7.1,ISFP,Nghệ thuật & Thiết kế,Hội họa,4.7
STU1837,9.1,6.6,6.2,9.5,8.0,5.7,6.5,ISTJ,"Kỹ thuật, Cơ khí & Ô tô",Kỹ thuật điều khiển và tự động hóa,4.3
STU2329,6.5,7.2,9.1,6.7,6.4,6.7,8.3,ENFP,Du lịch & Dịch vụ,Du lịch,4.0
STU0811,7.3,9.6,8.1,5.2,6.3,5.8,9.9,INFJ,Sư phạm & Giáo dục,Sư phạm Ngữ văn,4.3
STU2126,8.9,6.2,5.4,9.4,6.1,6.2,6.5,ESTJ,Xây dựng & Quy hoạch,Quản lý xây dựng,4.8
STU0164,9.4,6.2,8.8,9.6,6.9,6.5,6.6,INTJ,Công nghệ Thông tin & Kỹ thuật Máy tính,Thiết kế vi mạch,4.5
STU1334,5.6,8.6,5.4,5.9,5.6,5.7,7.5,INFP,Nghệ thuật & Thiết kế,Đạo diễn Điện ảnh - Truyền hình,4.3
STU2374,5.3,7.9,8.5,6.1,6.9,5.0,8.9,ENFP,Du lịch & Dịch vụ,Quản trị khách sạn,4.0
STU1380,5.6,8.7,5.8,5.5,5.2,5.0,7.6,INFJ,Nghệ thuật & Thiết kế,Hội họa,4.1
STU1972,8.1,6.3,6.9,5.6,9.3,8.7,5.2,ISTJ,Nông nghiệp & Môi trường,Khoa học môi trường,3.8
STU2369,6.2,8.4,9.0,6.5,5.3,6.7,8.1,ESTP,Du lịch & Dịch vụ,Quản lý thể dục thể thao,4.5
STU0651,7.3,9.3,9.6,5.6,5.3,5.5,9.6,ESFJ,Sư phạm & Giáo dục,Sư phạm Tiếng Anh,4.9
STU1051,6.7,9.4,8.1,5.3,6.2,6.5,7.1,ESFP,Truyền thông & Báo chí,Thông tin - thư viện,3.9
STU0388,6.2,4.7,4.2,6.2,5.5,4.1,6.7,ISTP,Y tế & Sức khỏe,Y đa khoa,1.6
STU0050,9.4,5.1,9.4,8.0,8.1,5.2,6.9,ENTP,Công nghệ Thông tin & Kỹ thuật Máy tính,Công nghệ thông tin,4.4
STU0068,9.1,5.5,7.9,9.5,7.0,6.9,6.4,ENTP,Công nghệ Thông tin & Kỹ thuật Máy tính,Mạng máy tính và truyền thông dữ liệu,5.0
STU0480,9.6,8.5,9.9,6.7,6.2,5.2,5.1,ESTP,Kinh tế & Quản lý,Kinh tế,4.7
STU2415,5.6,7.8,8.1,6.0,5.3,5.6,8.7,ENFP,Du lịch & Dịch vụ,Quản trị khách sạn,3.8
STU0768,7.3,9.2,8.1,6.4,5.5,6.0,9.5,ISFJ,Sư phạm & Giáo dục,Sư phạm Vật lý,4.8
STU0049,9.2,5.5,8.3,8.9,7.0,6.2,6.6,ISTJ,Công nghệ Thông tin & Kỹ thuật Máy tính,Công nghệ thông tin,4.1
STU1673,8.7,6.9,6.1,9.1,7.2,6.3,5.1,ISTJ,"Kỹ thuật, Cơ khí & Ô tô",Kỹ thuật điện tử - viễn thông,4.2
STU1794,9.5,6.7,6.1,9.1,7.9,6.5,6.4,ISTJ,"Kỹ thuật, Cơ khí & Ô tô",Kỹ thuật điều khiển và tự động hóa,4.6
STU0788,7.4,8.8,8.0,6.0,5.8,6.9,9.9,ISFJ,Sư phạm & Giáo dục,Sư phạm Tiếng Anh,5.0
STU2271,8.4,6.6,6.7,8.2,6.2,5.6,6.1,ISTP,Xây dựng & Quy hoạch,Kinh tế xây dựng,4.5
STU0125,9.2,6.4,9.9,8.4,6.8,5.3,6.3,ISTP,Công nghệ Thông tin & Kỹ thuật Máy tính,An toàn thông tin,4.2
STU0782,7.1,8.9,8.1,5.9,6.3,6.6,9.7,ESFJ,Sư phạm & Giáo dục,Giáo dục Mầm non,4.6
STU0810,6.5,9.7,9.7,6.0,6.0,6.9,9.4,ISFJ,Sư phạm & Giáo dục,Sư phạm Tin học,4.3
STU0619,8.2,8.0,8.6,6.1,5.5,6.1,5.0,ENTJ,Kinh tế & Quản lý,Kiểm toán,4.8
STU1500,6.5,9.9,7.7,5.2,5.4,6.6,9.8,ISTJ,Luật & Xã hội,Luật,4.8
STU1428,5.5,8.4,5.4,6.3,5.6,5.9,7.4,INFJ,Nghệ thuật & Thiết kế,Điêu khắc,4.3
STU0026,9.4,6.6,7.8,9.3,8.3,5.4,5.9,ISTJ,Công nghệ Thông tin & Kỹ thuật Máy tính,Thiết kế vi mạch,4.3
STU2385,6.0,7.3,8.1,6.8,5.9,6.1,8.9,ESFJ,Du lịch & Dịch vụ,Quản trị khách sạn,4.0
STU1704,8.1,5.0,5.2,9.8,7.4,5.0,6.3,INTJ,"Kỹ thuật, Cơ khí & Ô tô",Kỹ thuật cơ khí,4.7
STU0773,6.4,8.8,9.3,6.2,6.8,6.4,9.8,ISFJ,Sư phạm & Giáo dục,Giáo dục Tiểu học,4.7
STU1594,6.1,9.1,7.3,5.4,5.2,5.2,9.3,ISTJ,Luật & Xã hội,Luật kinh tế,4.7
STU1574,6.8,9.6,7.1,6.0,6.2,6.4,8.9,INFJ,Luật & Xã hội,Chính trị học,4.3
STU1979,7.9,5.1,6.5,5.6,9.1,8.8,5.4,ISTJ,Nông nghiệp & Môi trường,Lâm nghiệp đô thị,4.5
STU1282,6.2,8.9,6.2,6.4,5.8,6.5,7.9,INFP,Nghệ thuật & Thiết kế,Thiết kế nội thất,4.0
STU1279,6.4,8.1,6.3,5.3,5.1,5.7,8.2,INFJ,Nghệ thuật & Thiết kế,Thiết kế đồ họa,3.9
STU2210,9.5,6.9,6.7,8.8,7.3,6.0,6.9,ISTP,Xây dựng & Quy hoạch,Kỹ thuật xây dựng,4.7
STU0362,9.3,6.0,5.7,5.9,9.1,9.6,6.2,INFJ,Y tế & Sức khỏe,Y học cổ truyền,4.3
STU1562,5.8,9.6,7.2,5.3,6.8,5.1,9.6,ENTJ,Luật & Xã hội,Xã hội học,3.9
STU1291,5.0,8.4,5.8,6.1,5.3,6.2,8.4,INFP,Nghệ thuật & Thiết kế,Thanh nhạc,4.5
STU1381,6.6,7.7,6.9,6.7,5.8,6.5,7.5,ISFP,Nghệ thuật & Thiết kế,Thiết kế công nghiệp,3.9
STU1830,8.9,5.8,7.0,9.0,8.3,5.7,5.5,ISTP,"Kỹ thuật, Cơ khí & Ô tô",Công nghệ kỹ thuật ô tô,4.2
STU1588,5.6,9.3,8.1,6.8,5.3,6.6,8.9,INTJ,Luật & Xã hội,Chính trị học,3.9
STU1613,5.2,10.0,8.0,5.8,5.6,5.9,8.5,ENTJ,Luật & Xã hội,Luật kinh tế,5.0
STU1894,8.2,6.7,5.9,5.9,9.2,8.9,5.6,ISTJ,Nông nghiệp & Môi trường,Nông nghiệp,4.9
STU1200,5.7,8.5,8.6,5.7,6.1,5.3,8.0,ENFP,Truyền thông & Báo chí,Báo chí,5.0
STU2184,8.2,6.9,6.2,8.3,6.9,6.8,6.7,ISTP,Xây dựng & Quy hoạch,Công nghệ kỹ thuật công trình xây dựng,4.5
STU0648,7.2,10.0,8.8,6.1,5.2,6.7,9.9,INFJ,Sư phạm & Giáo dục,Sư phạm Toán học,4.6
STU0241,8.5,6.0,6.3,6.3,9.9,9.3,6.8,ISFJ,Y tế & Sức khỏe,Răng - Hàm - Mặt,4.3
STU1648,5.6,9.2,8.2,7.0,5.3,5.5,9.7,ENTJ,Luật & Xã hội,Luật quốc tế,4.1
STU0071,9.7,5.3,9.7,8.2,6.3,5.3,5.3,ISTJ,Công nghệ Thông tin & Kỹ thuật Máy tính,Khoa học dữ liệu,4.8
STU0531,9.4,8.6,8.9,6.4,5.4,5.5,6.2,ESTP,Kinh tế & Quản lý,Thương mại điện tử,5.0
STU0522,6.7,4.1,6.0,5.1,6.4,4.3,6.8,ESTP,Kinh tế & Quản lý,Kinh doanh quốc tế,1.9
STU1502,5.5,9.3,7.2,5.9,6.2,6.6,9.4,INFJ,Luật & Xã hội,Tâm lý học,4.2
STU0074,8.6,6.2,9.6,9.4,7.6,5.6,6.0,ISTP,Công nghệ Thông tin & Kỹ thuật Máy tính,Khoa học Máy tính,4.0
STU1162,6.4,9.5,8.2,6.4,6.5,6.6,8.1,ENFP,Truyền thông & Báo chí,Công nghệ truyền thông,4.1
STU0351,9.8,6.4,5.7,6.4,9.9,9.2,5.4,ISFP,Y tế & Sức khỏe,Quản lý bệnh viện,4.2
STU2286,9.4,6.2,6.6,8.2,6.1,5.9,6.0,ISTP,Xây dựng & Quy hoạch,Kinh tế xây dựng,4.5
STU1592,5.1,4.3,6.1,5.8,5.6,5.4,6.5,ISTP,Luật & Xã hội,Luật kinh tế,2.0
STU1751,9.0,6.2,5.4,9.3,7.9,5.2,6.7,ESTP,"Kỹ thuật, Cơ khí & Ô tô",Kỹ thuật điều khiển và tự động hóa,3.9
STU1879,7.1,5.1,6.1,5.2,9.2,9.5,5.3,ISTJ,Nông nghiệp & Môi trường,Nuôi trồng thủy sản,4.0
STU2284,8.1,6.8,5.9,8.1,6.9,6.2,5.7,ISTJ,Xây dựng & Quy hoạch,Quản lý xây dựng,4.6
STU0077,9.1,5.7,8.9,9.5,8.0,5.4,5.2,ENTP,Công nghệ Thông tin & Kỹ thuật Máy tính,Khoa học Máy tính,5.0
STU0433,9.9,7.9,8.1,5.6,6.0,6.0,6.1,ENTJ,Kinh tế & Quản lý,Kinh tế quốc tế,4.6
STU2376,6.0,7.3,8.0,6.8,6.2,5.9,8.9,ESTP,Du lịch & Dịch vụ,Quản trị dịch vụ du lịch và lữ hành,4.9
STU1407,6.3,8.0,5.7,5.7,5.0,5.2,7.2,INFP,Nghệ thuật & Thiết kế,Thiết kế công nghiệp,4.8
STU0158,9.5,5.9,8.3,8.3,6.6,6.4,6.6,ISTP,Công nghệ Thông tin & Kỹ thuật Máy tính,Khoa học dữ liệu,4.5
STU1447,6.6,8.1,5.4,5.9,6.4,5.2,8.4,INFJ,Nghệ thuật & Thiết kế,Thanh nhạc,4.5
STU0743,6.6,9.4,9.2,5.0,5.4,5.6,9.3,ISFJ,Sư phạm & Giáo dục,Sư phạm Tiếng Anh,3.9
STU2046,7.4,5.6,5.1,6.5,9.1,9.7,5.3,ISFJ,Nông nghiệp & Môi trường,Lâm nghiệp đô thị,4.7
STU0136,8.9,6.9,9.0,8.1,7.1,5.8,6.5,INTJ,Công nghệ Thông tin & Kỹ thuật Máy tính,An toàn thông tin,4.2
STU0508,8.2,8.0,8.6,6.4,6.2,5.0,7.0,ESTP,Kinh tế & Quản lý,Kinh doanh quốc tế,5.0
STU0600,9.8,7.4,8.3,5.2,5.6,5.3,5.8,ENTP,Kinh tế & Quản lý,Tài chính - Ngân hàng,4.7
STU1727,9.0,6.7,6.3,9.1,7.2,6.4,5.2,ISTP,"Kỹ thuật, Cơ khí & Ô tô",Kỹ thuật cơ khí,4.9
STU0863,6.5,8.9,9.3,5.0,6.6,6.0,7.9,ISFP,Ngôn ngữ & Văn hóa,Ngôn ngữ Trung Quốc,4.8
STU0818,5.4,4.6,5.9,5.6,4.4,4.8,6.3,ESTJ,Sư phạm & Giáo dục,Sư phạm Toán học,1.8
STU0052,9.8,6.9,7.5,9.6,8.2,5.6,5.6,ISTP,Công nghệ Thông tin & Kỹ thuật Máy tính,An toàn thông tin,4.6
STU2289,6.3,7.7,9.1,5.9,5.8,5.7,7.9,ESTP,Du lịch & Dịch vụ,Quản trị khách sạn,4.2
STU0528,8.7,8.7,8.2,5.6,5.8,5.4,5.5,ENTJ,Kinh tế & Quản lý,Tài chính - Ngân hàng,4.3
STU0597,9.9,8.7,9.8,6.3,5.8,6.8,6.9,ENTJ,Kinh tế & Quản lý,Kinh tế quốc tế,4.1
STU0290,10.0,5.7,5.6,6.8,9.9,8.9,5.5,INFJ,Y tế & Sức khỏe,Quản lý bệnh viện,4.9
STU1406,6.5,8.6,5.3,7.0,5.7,6.4,7.0,ISFP,Nghệ thuật & Thiết kế,Thiết kế thời trang,4.9
STU2002,5.4,5.6,5.6,4.0,4.0,6.1,5.8,ESTP,Nông nghiệp & Môi trường,Thú y,1.8
STU1599,5.6,9.1,7.1,6.7,6.2,5.4,9.5,INFJ,Luật & Xã hội,Luật quốc tế,4.8
STU0529,9.5,8.7,9.5,5.1,5.4,5.4,5.7,ENTP,Kinh tế & Quản lý,Kinh tế quốc tế,4.7
STU1341,6.2,8.9,6.8,5.9,6.9,6.5,8.1,INFP,Nghệ thuật & Thiết kế,Đạo diễn Điện ảnh - Truyền hình,4.0
STU1399,5.9,8.5,6.5,5.7,5.7,6.1,7.1,INFP,Nghệ thuật & Thiết kế,Thanh nhạc,4.7
STU1927,7.9,6.9,5.4,6.2,8.8,8.7,5.1,INFP,Nông nghiệp & Môi trường,Thú y,4.3
STU0292,9.0,5.7,6.7,5.4,9.2,8.8,6.9,ISFP,Y tế & Sức khỏe,Điều dưỡng,4.3
STU1718,8.4,6.0,6.0,9.9,8.1,6.4,5.7,ISTJ,"Kỹ thuật, Cơ khí & Ô tô",Kỹ thuật điện tử - viễn thông,4.2
STU2090,8.7,5.3,5.9,8.9,7.2,5.3,6.4,ISTJ,Xây dựng & Quy hoạch,Kỹ thuật cấp thoát nước,4.4
STU1018,5.1,8.8,9.8,5.1,5.3,5.7,7.6,INFP,Ngôn ngữ & Văn hóa,Quốc tế học,4.6
STU0487,8.5,8.5,9.5,5.6,5.7,6.3,5.0,ENTP,Kinh tế & Quản lý,Quản trị kinh doanh,4.4
STU2443,6.0,7.1,8.7,6.3,6.7,5.4,8.6,ESFJ,Du lịch & Dịch vụ,Quản trị khách sạn,4.2
STU2234,8.9,5.5,6.6,8.6,7.1,6.5,6.8,ISTJ,Xây dựng & Quy hoạch,Địa kỹ thuật xây dựng,4.0
STU0606,8.7,7.7,9.5,6.0,5.7,5.2,6.3,ESTJ,Kinh tế & Quản lý,Kiểm toán,4.1
STU0407,8.5,6.1,5.3,5.7,9.7,9.8,5.6,ISFJ,Y tế & Sức khỏe,Y đa khoa,4.2
STU1963,8.4,5.3,6.9,5.0,8.5,9.3,5.1,ISFJ,Nông nghiệp & Môi trường,Thú y,4.8
STU1583,6.3,8.9,7.2,6.4,5.5,6.1,9.6,ENTJ,Luật & Xã hội,Xã hội học,4.8
STU2405,5.0,7.2,8.7,6.0,5.4,5.2,7.6,ENFP,Du lịch & Dịch vụ,Du lịch,4.1
STU1818,9.1,6.6,6.5,8.6,7.2,6.9,6.1,ISTJ,"Kỹ thuật, Cơ khí & Ô tô",Kỹ thuật cơ điện tử,4.8
STU1421,5.8,8.2,5.3,5.7,5.9,5.1,7.2,INFJ,Nghệ thuật & Thiết kế,Thanh nhạc,4.7
STU1469,5.7,9.7,8.3,6.9,5.3,5.8,9.4,INFJ,Luật & Xã hội,Tâm lý học,4.4
STU0343,8.7,6.5,5.1,5.6,8.7,8.8,5.6,INFJ,Y tế & Sức khỏe,Dược học,4.0
STU1071,5.6,9.1,8.3,6.5,6.6,6.1,8.3,ENFP,Truyền thông & Báo chí,Thông tin - thư viện,4.8
STU1730,8.3,5.9,5.0,9.1,7.4,6.2,6.2,ISTP,"Kỹ thuật, Cơ khí & Ô tô",Kỹ thuật cơ điện tử,4.0
STU0830,7.0,9.7,9.6,5.9,5.9,6.7,9.6,ISFJ,Sư phạm & Giáo dục,Sư phạm Vật lý,4.8
STU1449,6.1,7.7,6.5,6.1,5.5,6.7,6.7,ISFP,Nghệ thuật & Thiết kế,Kiến trúc,3.8
STU0300,9.8,5.6,6.3,5.3,9.2,9.8,6.3,ISFP,Y tế & Sức khỏe,Kỹ thuật phục hồi chức năng,4.2
STU0765,6.2,8.6,8.8,5.4,5.3,5.6,10.0,ISFJ,Sư phạm & Giáo dục,Giáo dục Mầm non,3.9
STU1614,6.2,9.7,7.9,5.2,5.7,6.5,8.9,ENTJ,Luật & Xã hội,Tâm lý học,4.2
STU1909,5.1,5.1,4.3,5.0,5.5,6.4,6.8,ISFP,Nông nghiệp & Môi trường,Nông nghiệp,2.0
STU1611,6.1,9.1,7.4,7.0,5.8,5.4,9.0,ENTJ,Luật & Xã hội,Quản lý nhà nước,4.7
STU2176,8.3,5.0,5.5,8.9,6.5,5.7,5.8,ISTJ,Xây dựng & Quy hoạch,Kỹ thuật xây dựng,4.7
STU2371,6.8,8.3,9.3,6.6,6.0,5.2,8.6,ESTP,Du lịch & Dịch vụ,Du lịch,3.9
STU2309,5.9,7.0,8.7,6.9,6.0,6.4,7.7,ENFP,Du lịch & Dịch vụ,Quản trị khách sạn,4.0
STU0221,9.2,5.4,5.4,5.5,8.7,8.8,6.0,ISFJ,Y tế & Sức khỏe,Dược học,4.8
STU1897,8.4,6.7,5.4,6.0,8.3,9.6,5.3,ISFJ,Nông nghiệp & Môi trường,Khoa học môi trường,4.9
STU2463,5.7,7.6,8.7,6.5,6.5,5.7,7.7,ENFP,Du lịch & Dịch vụ,Quản trị nhà hàng và dịch vụ ăn uống,4.9
STU0708,7.2,9.0,9.6,6.5,5.6,6.1,9.7,INFJ,Sư phạm & Giáo dục,Sư phạm Toán học,4.1
STU0498,9.1,7.4,8.6,6.7,5.6,5.5,5.2,ENTJ,Kinh tế & Quản lý,Kiểm toán,4.8
STU1835,9.0,6.1,6.1,8.7,7.4,5.9,5.7,ISTP,"Kỹ thuật, Cơ khí & Ô tô",Kỹ thuật cơ điện tử,3.9
STU1015,5.2,8.3,9.9,5.5,6.1,6.7,8.6,ISFP,Ngôn ngữ & Văn hóa,Ngôn ngữ Nhật,4.4
STU1001,6.2,4.1,5.7,6.7,4.7,4.8,6.4,ESFP,Ngôn ngữ & Văn hóa,Quốc tế học,2.5
STU0085,9.0,6.3,8.3,9.9,7.1,6.4,6.8,ENTP,Công nghệ Thông tin & Kỹ thuật Máy tính,Thiết kế vi mạch,3.9
STU1038,6.6,9.3,9.9,5.2,5.3,6.6,7.1,INFP,Ngôn ngữ & Văn hóa,Ngôn ngữ học,4.3
STU2052,7.4,5.1,5.3,5.6,9.4,8.6,6.1,ISTJ,Nông nghiệp & Môi trường,Khoa học cây trồng,4.6
STU1858,8.8,6.3,5.5,9.2,8.4,5.1,5.2,ESTP,"Kỹ thuật, Cơ khí & Ô tô",Công nghệ kỹ thuật ô tô,3.8
STU1860,8.4,6.0,6.3,8.7,7.8,5.8,6.9,INTJ,"Kỹ thuật, Cơ khí & Ô tô",Công nghệ kỹ thuật ô tô,4.7
STU1152,5.9,9.4,9.3,6.4,7.0,5.3,7.7,ENFP,Truyền thông & Báo chí,Công nghệ truyền thông,3.8
STU0462,9.1,7.4,9.3,5.4,5.6,6.7,6.5,ENTP,Kinh tế & Quản lý,Kiểm toán,3.9
STU0110,8.9,5.7,9.0,9.3,6.2,5.5,6.3,ENTP,Công nghệ Thông tin & Kỹ thuật Máy tính,Kỹ thuật phần mềm,4.2
STU2302,6.8,7.5,8.9,6.2,5.8,5.6,8.7,ESFP,Du lịch & Dịch vụ,Du lịch,4.4
STU0355,9.0,6.6,6.8,5.9,9.2,9.8,6.0,INFJ,Y tế & Sức khỏe,Dược học,3.9
STU0267,8.9,5.2,6.3,5.2,9.8,8.6,6.8,INFJ,Y tế & Sức khỏe,Y học cổ truyền,4.7
STU2100,9.5,6.8,6.3,8.7,6.9,5.1,6.3,ISTJ,Xây dựng & Quy hoạch,Kỹ thuật xây dựng,4.3
STU0808,7.3,8.7,8.1,5.5,6.8,6.5,9.9,ISFJ,Sư phạm & Giáo dục,Giáo dục Mầm non,4.6
STU0991,6.3,8.1,9.3,6.9,5.6,6.8,7.1,ISFP,Ngôn ngữ & Văn hóa,Tiếng Việt và văn hoá Việt Nam,4.9
STU0291,9.5,6.0,6.1,6.0,9.2,9.5,5.3,ISFJ,Y tế & Sức khỏe,Dược học,3.9
STU1011,5.8,9.4,9.9,5.3,6.4,6.4,8.8,INTP,Ngôn ngữ & Văn hóa,Ngôn ngữ Nhật,3.9
STU0917,6.0,9.2,9.1,5.6,6.5,5.6,7.0,INTP,Ngôn ngữ & Văn hóa,Quốc tế học,4.8
STU0603,9.4,7.4,9.0,6.4,6.3,5.9,5.9,ENTJ,Kinh tế & Quản lý,Thương mại điện tử,4.0
STU0417,8.2,7.6,9.3,5.1,5.0,5.5,6.9,ESTP,Kinh tế & Quản lý,Marketing,4.8
STU0473,4.4,5.3,4.3,6.7,6.2,5.3,5.5,ENFJ,Kinh tế & Quản lý,Kinh tế,1.9
STU2022,4.0,6.8,6.8,4.4,6.8,7.0,7.0,ESTP,Nông nghiệp & Môi trường,Lâm nghiệp đô thị,2.4
STU2053,7.1,6.9,6.4,5.2,9.4,9.5,5.0,ISTJ,Nông nghiệp & Môi trường,Nuôi trồng thủy sản,4.4
STU2416,6.5,7.5,8.5,7.0,6.3,5.8,8.3,ESFJ,Du lịch & Dịch vụ,Quản lý thể dục thể thao,4.4
STU1678,9.1,6.7,6.9,8.7,7.4,6.8,6.9,ISTP,"Kỹ thuật, Cơ khí & Ô tô",Robot và Trí tuệ nhân tạo,4.1
STU1195,5.4,9.6,9.0,6.8,5.7,6.9,7.1,ESFP,Truyền thông & Báo chí,Truyền thông đa phương tiện,4.6
STU2488,5.5,8.2,9.4,5.7,5.8,5.7,8.6,ESFP,Du lịch & Dịch vụ,Quản trị khách sạn,4.5
STU1310,6.1,8.6,6.3,5.4,6.4,7.0,7.3,ISFP,Nghệ thuật & Thiết kế,Đạo diễn Điện ảnh - Truyền hình,4.6
STU0279,9.5,5.5,5.0,6.5,9.5,9.0,6.0,ISTJ,Y tế & Sức khỏe,Y học dự phòng,4.5
STU0868,5.4,8.9,9.2,5.8,6.0,5.4,7.3,INTP,Ngôn ngữ & Văn hóa,Ngôn ngữ học,3.9
STU0874,5.2,9.5,9.4,5.4,6.3,5.6,8.0,INFP,Ngôn ngữ & Văn hóa,Ngôn ngữ học,4.9
STU1402,5.2,7.9,5.1,5.2,6.6,5.7,8.1,INFJ,Nghệ thuật & Thiết kế,Thiết kế đồ họa,4.2
STU0019,8.9,6.6,9.4,9.8,6.4,6.9,5.2,INTP,Công nghệ Thông tin & Kỹ thuật Máy tính,Thiết kế vi mạch,4.2
STU2021,8.0,5.1,5.5,5.7,8.8,9.4,5.8,ISFP,Nông nghiệp & Môi trường,Thú y,4.0
STU2085,8.2,6.5,5.1,9.0,6.9,5.5,6.0,ISTP,Xây dựng & Quy hoạch,Kỹ thuật xây dựng,4.4
STU1671,8.2,6.6,6.3,9.2,7.1,6.4,6.3,ESTP,"Kỹ thuật, Cơ khí & Ô tô",Kỹ thuật điện,3.8
STU1293,6.6,8.1,5.3,6.2,5.6,6.5,7.2,INFP,Nghệ thuật & Thiết kế,Điêu khắc,4.6
STU0867,6.1,9.4,9.5,6.3,5.4,5.3,8.9,INTP,Ngôn ngữ & Văn hóa,Văn học,4.9
STU1111,6.9,9.9,8.2,5.0,5.5,5.3,7.6,ENTP,Truyền thông & Báo chí,Truyền thông đại chúng,4.7
STU2055,6.1,6.0,4.5,4.2,5.1,6.2,4.4,ENTP,Nông nghiệp & Môi trường,Khoa học cây trồng,2.0
STU1653,6.8,9.2,8.4,5.3,5.6,5.0,9.0,ISTJ,Luật & Xã hội,Chính trị học,4.3
STU0220,9.6,6.0,5.9,6.9,9.5,8.9,5.7,ISFP,Y tế & Sức khỏe,Răng - Hàm - Mặt,4.6
STU1118,5.7,9.9,9.3,6.6,6.2,5.3,8.8,ESFP,Truyền thông & Báo chí,Truyền thông đa phương tiện,4.5
STU1180,5.0,8.6,8.9,6.7,6.0,5.0,7.4,ENTP,Truyền thông & Báo chí,Thông tin - thư viện,4.4
STU0304,8.8,6.6,6.4,5.6,8.9,9.5,5.8,ISFJ,Y tế & Sức khỏe,Quản lý bệnh viện,4.7
STU2319,5.8,7.3,9.5,5.7,6.1,5.5,7.8,ESTP,Du lịch & Dịch vụ,Quản lý thể dục thể thao,5.0
STU0621,5.8,6.0,4.5,6.0,4.9,6.5,5.0,ENFP,Kinh tế & Quản lý,Marketing,2.2
STU2439,5.5,7.3,9.0,6.0,6.1,6.6,7.7,ESFP,Du lịch & Dịch vụ,Du lịch,3.8
STU0671,6.1,9.5,8.4,6.2,6.1,6.0,10.0,ENFJ,Sư phạm & Giáo dục,Sư phạm Vật lý,4.7
STU1383,7.0,8.5,5.1,5.0,6.2,6.7,7.0,INFP,Nghệ thuật & Thiết kế,Đạo diễn Điện ảnh - Truyền hình,4.3
STU0622,8.6,8.4,8.8,5.2,5.0,6.9,5.3,ESTJ,Kinh tế & Quản lý,Kiểm toán,4.6
STU0875,5.7,8.4,9.1,7.0,6.8,5.0,7.6,INFP,Ngôn ngữ & Văn hóa,Ngôn ngữ học,5.0
STU1245,5.3,9.8,8.3,6.5,5.3,6.6,8.9,ENTP,Truyền thông & Báo chí,Quan hệ công chúng,4.1
STU1000,6.4,9.0,9.8,5.8,5.3,5.4,7.8,INFP,Ngôn ngữ & Văn hóa,Ngôn ngữ Nhật,4.3
STU2321,6.0,7.4,8.4,6.4,6.8,6.6,8.7,ESTP,Du lịch & Dịch vụ,Quản trị khách sạn,3.9
STU0839,5.3,8.8,9.7,5.5,6.1,5.3,7.2,INTP,Ngôn ngữ & Văn hóa,Ngôn ngữ Trung Quốc,4.9
STU2365,5.0,7.8,8.8,6.6,6.0,6.3,8.0,ESTP,Du lịch & Dịch vụ,Quản trị dịch vụ du lịch và lữ hành,4.1
STU1197,6.5,9.5,9.0,5.9,6.1,6.9,8.8,ENTP,Truyền thông & Báo chí,Thông tin - thư viện,4.4
STU1099,5.1,9.2,9.0,6.6,6.4,5.9,8.4,ENTP,Truyền thông & Báo chí,Báo chí,3.8
STU0193,9.7,6.5,7.6,9.4,8.1,5.2,6.6,ISTJ,Công nghệ Thông tin & Kỹ thuật Máy tính,An toàn thông tin,3.9
STU0175,9.2,6.4,9.9,8.0,6.5,5.9,5.2,INTP,Công nghệ Thông tin & Kỹ thuật Máy tính,Khoa học dữ liệu,4.4
STU0762,6.3,8.6,8.8,6.4,6.7,5.7,9.5,INFJ,Sư phạm & Giáo dục,Sư phạm Tiếng Anh,4.1
STU2282,8.3,6.7,6.5,8.8,6.2,5.5,6.1,ISTP,Xây dựng & Quy hoạch,Quản lý xây dựng,4.5
STU1455,5.6,8.2,6.6,5.3,6.6,5.0,7.8,INFP,Nghệ thuật & Thiết kế,Thiết kế nội thất,5.0
STU2464,6.5,8.1,9.4,6.3,6.7,6.2,8.1,ESTP,Du lịch & Dịch vụ,Quản trị khách sạn,4.4
STU1056,6.6,8.8,9.4,6.3,5.5,6.9,8.9,ESFP,Truyền thông & Báo chí,Công nghệ truyền thông,3.9
STU0129,9.9,7.0,9.3,8.6,6.0,5.8,5.9,ISTJ,Công nghệ Thông tin & Kỹ thuật Máy tính,Khoa học Máy tính,4.3
STU0341,9.8,6.4,5.3,5.8,8.6,9.0,6.2,INFJ,Y tế & Sức khỏe,Dược học,4.7
STU1676,8.2,5.8,6.2,8.7,7.8,5.6,6.3,ISTP,"Kỹ thuật, Cơ khí & Ô tô",Robot và Trí tuệ nhân tạo,4.4
STU0644,6.8,8.8,8.8,6.7,6.3,6.3,10.0,ENFJ,Sư phạm & Giáo dục,Sư phạm Vật lý,4.1
STU0980,6.3,8.2,9.3,5.3,6.5,5.5,7.9,INTP,Ngôn ngữ & Văn hóa,Ngôn ngữ học,3.9
STU0308,8.9,5.8,6.9,6.9,9.5,8.8,6.5,ISFJ,Y tế & Sức khỏe,Quản lý bệnh viện,4.6
STU0384,9.1,6.4,6.8,6.1,9.6,9.7,6.0,ISTJ,Y tế & Sức khỏe,Y đa khoa,4.6
STU1271,5.9,8.1,5.8,6.3,5.0,5.5,8.0,INFJ,Nghệ thuật & Thiết kế,Kiến trúc,4.0
STU2311,6.2,7.8,8.4,6.2,6.6,5.1,8.9,ESFJ,Du lịch & Dịch vụ,Quản lý thể dục thể thao,4.5
STU0742,6.1,8.8,8.9,5.4,5.9,7.0,9.1,ESFJ,Sư phạm & Giáo dục,Sư phạm Tiếng Anh,4.0
STU0178,8.6,5.7,9.0,9.1,6.4,6.7,6.3,INTP,Công nghệ Thông tin & Kỹ thuật Máy tính,Thiết kế vi mạch,4.8
STU0427,8.4,7.8,8.7,6.7,5.9,6.4,5.4,ENTJ,Kinh tế & Quản lý,Thương mại điện tử,3.8
STU0783,7.2,9.2,8.1,5.8,5.5,6.4,9.8,ENFJ,Sư phạm & Giáo dục,Sư phạm Vật lý,4.8
STU1742,8.3,6.5,5.0,9.5,8.0,6.6,5.8,ISTP,"Kỹ thuật, Cơ khí & Ô tô",Kỹ thuật điều khiển và tự động hóa,4.0
STU1674,9.4,6.2,6.2,8.6,8.1,5.3,5.8,ESTP,"Kỹ thuật, Cơ khí & Ô tô",Kỹ thuật cơ điện tử,4.9
STU1876,8.1,6.4,6.1,5.6,9.4,9.9,5.8,ISTJ,Nông nghiệp & Môi trường,Nông nghiệp,4.5
STU0185,5.0,5.3,5.6,4.8,6.9,5.9,5.5,ISTJ,Công nghệ Thông tin & Kỹ thuật Máy tính,Công nghệ thông tin,2.5
STU1035,5.1,8.3,9.3,5.2,6.1,6.5,8.1,INTP,Ngôn ngữ & Văn hóa,Văn học,4.0
STU2174,9.2,6.7,6.8,8.4,7.0,6.4,5.3,ISTJ,Xây dựng & Quy hoạch,Công nghệ kỹ thuật công trình xây dựng,4.8
STU2287,8.2,5.7,6.2,8.6,6.7,6.5,5.6,ISTJ,Xây dựng & Quy hoạch,Kỹ thuật xây dựng,4.8
STU1456,5.4,7.8,6.7,6.5,5.2,6.2,8.2,ISFP,Nghệ thuật & Thiết kế,Thanh nhạc,4.2
STU1147,5.8,9.2,8.7,5.3,6.6,6.9,8.1,ESFP,Truyền thông & Báo chí,Truyền thông đại chúng,4.3
STU0757,6.7,9.9,9.3,5.2,6.5,5.5,9.5,ENFJ,Sư phạm & Giáo dục,Sư phạm Tin học,4.6
STU0612,9.3,8.6,8.5,6.9,5.6,5.3,6.7,ENTJ,Kinh tế & Quản lý,Quản trị kinh doanh,4.1
STU0490,9.2,7.8,9.0,5.8,5.3,5.4,5.2,ESTP,Kinh tế & Quản lý,Kinh tế quốc tế,4.0
STU2216,8.6,5.6,6.2,8.9,8.0,5.9,5.2,ESTJ,Xây dựng & Quy hoạch,Địa kỹ thuật xây dựng,4.4
STU1453,5.4,8.8,5.5,5.3,6.2,6.1,8.4,INFP,Nghệ thuật & Thiết kế,Hội họa,4.8
STU2252,8.7,6.9,6.3,8.2,6.7,5.7,6.2,ISTP,Xây dựng & Quy hoạch,Địa kỹ thuật xây dựng,4.9
STU1045,5.7,9.9,9.3,6.0,5.6,6.2,7.2,ENFP,Truyền thông & Báo chí,Công nghệ truyền thông,4.1
STU1643,5.6,9.2,7.4,5.9,5.4,6.8,8.6,INTJ,Luật & Xã hội,Quản lý nhà nước,4.1
STU2448,6.9,8.3,8.7,6.4,5.8,6.4,7.8,ESTP,Du lịch & Dịch vụ,Quản trị nhà hàng và dịch vụ ăn uống,4.7
STU0987,6.1,9.2,9.3,5.2,6.6,6.6,7.6,INFP,Ngôn ngữ & Văn hóa,Ngôn ngữ Hàn Quốc,4.4
STU0119,9.6,6.3,7.9,9.2,7.6,6.9,6.2,INTP,Công nghệ Thông tin & Kỹ thuật Máy tính,Khoa học dữ liệu,4.9
STU1915,7.1,5.8,5.2,6.2,9.1,9.6,6.9,ISFP,Nông nghiệp & Môi trường,Nông nghiệp,4.1
STU0282,9.2,6.2,6.4,5.1,9.4,8.6,6.6,INFJ,Y tế & Sức khỏe,Kỹ thuật phục hồi chức năng,4.7
STU2182,8.8,5.2,5.5,8.3,6.7,6.3,5.5,ESTJ,Xây dựng & Quy hoạch,Quản lý xây dựng,4.8
STU1978,7.8,6.5,5.9,6.5,8.6,8.6,6.5,ISFJ,Nông nghiệp & Môi trường,Lâm nghiệp đô thị,4.1
STU1831,9.0,6.5,7.0,9.1,8.2,5.3,6.3,ESTP,"Kỹ thuật, Cơ khí & Ô tô",Kỹ thuật điều khiển và tự động hóa,4.4
STU2426,6.6,7.2,8.4,6.3,5.4,6.2,7.9,ENFP,Du lịch & Dịch vụ,Quản trị khách sạn,3.8
STU1921,8.0,6.1,6.9,5.1,8.4,9.2,6.5,ISFP,Nông nghiệp & Môi trường,Nông nghiệp,4.7
STU0367,9.1,7.0,6.2,6.2,9.3,8.6,6.7,ISFJ,Y tế & Sức khỏe,Kỹ thuật phục hồi chức năng,4.7
STU2105,8.6,5.3,6.5,8.6,7.6,5.5,5.4,ISTJ,Xây dựng & Quy hoạch,Quản lý xây dựng,4.7
STU0556,8.6,7.1,10.0,6.9,6.9,6.9,5.7,ESTP,Kinh tế & Quản lý,Kinh tế,3.8
STU1106,6.1,8.8,8.1,6.8,6.6,6.6,7.0,ESFP,Truyền thông & Báo chí,Truyền thông đại chúng,4.2
STU2144,8.5,6.0,6.9,8.4,6.4,7.0,6.6,ISTJ,Xây dựng & Quy hoạch,Kỹ thuật cấp thoát nước,4.1
STU2005,7.9,5.4,6.4,5.3,8.2,9.5,5.9,INFP,Nông nghiệp & Môi trường,Nuôi trồng thủy sản,4.5
STU0204,6.2,6.8,6.8,5.2,7.0,6.9,4.1,ISFP,Công nghệ Thông tin & Kỹ thuật Máy tính,Thiết kế vi mạch,3.3
STU1958,7.5,6.9,5.2,5.7,8.8,9.4,5.9,ISFJ,Nông nghiệp & Môi trường,Lâm nghiệp đô thị,4.3
STU0121,9.9,6.0,8.4,8.7,7.9,5.8,6.9,ISTP,Công nghệ Thông tin & Kỹ thuật Máy tính,Thiết kế vi mạch,4.7
STU0284,10.0,6.2,6.0,5.5,8.6,8.9,5.5,ISFJ,Y tế & Sức khỏe,Quản lý bệnh viện,4.1
STU0576,8.6,8.4,9.8,7.0,6.5,5.8,6.1,ENTP,Kinh tế & Quản lý,Quản trị kinh doanh,5.0
STU1300,6.0,8.2,6.8,6.5,6.4,5.2,8.2,INFJ,Nghệ thuật & Thiết kế,Thiết kế thời trang,4.1
STU1519,6.6,9.9,8.5,5.3,5.8,5.5,9.0,ENTJ,Luật & Xã hội,Xã hội học,4.3
STU0276,9.7,5.1,5.8,5.3,9.4,8.8,6.8,ISTJ,Y tế & Sức khỏe,Y học cổ truyền,4.9
STU2229,8.2,6.4,5.2,8.8,6.9,6.2,5.3,ISTJ,Xây dựng & Quy hoạch,Kỹ thuật cấp thoát nước,4.4
STU0840,6.4,8.9,9.4,7.0,5.9,6.1,7.1,INTP,Ngôn ngữ & Văn hóa,Ngôn ngữ Nhật,4.7
STU0361,9.1,6.4,5.9,5.5,9.5,9.5,6.2,ISFP,Y tế & Sức khỏe,Răng - Hàm - Mặt,4.3
STU0822,7.4,9.8,9.9,5.5,6.9,6.4,9.3,ISFJ,Sư phạm & Giáo dục,Sư phạm Tin học,4.0
STU1768,9.3,5.4,6.4,9.5,7.4,6.6,5.6,ISTJ,"Kỹ thuật, Cơ khí & Ô tô",Kỹ thuật điện tử - viễn thông,4.8
STU0892,6.2,8.9,9.8,6.1,6.8,5.6,7.2,ISFP,Ngôn ngữ & Văn hóa,Ngôn ngữ Nhật,4.6
STU1540,5.6,8.9,8.3,5.9,6.4,6.5,9.5,ENTJ,Luật & Xã hội,Xã hội học,4.0
STU2249,4.1,6.6,6.7,4.4,4.6,5.2,6.6,ISTP,Xây dựng & Quy hoạch,Kỹ thuật cấp thoát nước,1.9
STU0287,9.7,6.7,6.0,5.5,9.1,9.0,5.4,INFJ,Y tế & Sức khỏe,Kỹ thuật hình ảnh y học,4.6
STU1567,6.2,9.2,7.9,6.7,6.1,6.4,8.6,ISTJ,Luật & Xã hội,Chính trị học,4.2
STU0706,6.7,9.6,9.7,6.8,6.8,6.8,9.3,ESFJ,Sư phạm & Giáo dục,Sư phạm Toán học,4.4
STU1128,6.7,9.9,9.3,6.8,5.6,5.3,8.0,ESFP,Truyền thông & Báo chí,Truyền thông đa phương tiện,4.8
STU0424,8.2,8.0,9.6,5.2,5.0,6.0,5.9,ESTJ,Kinh tế & Quản lý,Quản trị kinh doanh,4.1
STU1804,8.4,5.1,5.6,8.6,7.5,5.2,5.2,INTJ,"Kỹ thuật, Cơ khí & Ô tô",Kỹ thuật điện,4.7
STU1261,6.2,8.1,6.2,6.1,6.1,5.7,7.4,INFP,Nghệ thuật & Thiết kế,Thiết kế thời trang,4.8
STU1584,5.6,10.0,7.9,5.4,6.9,6.6,9.6,INFJ,Luật & Xã hội,Luật quốc tế,4.4
STU1557,6.1,8.9,8.5,5.9,5.7,6.5,9.3,ENTJ,Luật & Xã hội,Quản lý nhà nước,4.5
STU0066,9.1,6.9,8.2,9.5,7.0,5.0,6.1,ISTP,Công nghệ Thông tin & Kỹ thuật Máy tính,Thiết kế vi mạch,4.7
STU1642,7.0,9.8,7.8,6.2,5.7,6.2,9.0,ISTJ,Luật & Xã hội,Công tác xã hội,3.9
STU2390,5.0,7.6,8.2,6.5,6.9,6.4,8.4,ESTP,Du lịch & Dịch vụ,Quản trị khách sạn,4.7
STU0860,5.0,8.2,9.4,5.5,5.4,5.9,7.6,INFP,Ngôn ngữ & Văn hóa,Văn học,3.9
STU0720,7.0,8.7,9.2,6.4,6.5,6.4,9.0,ENFJ,Sư phạm & Giáo dục,Sư phạm Vật lý,4.6
STU0231,9.2,6.0,5.6,5.1,9.5,8.7,5.9,ISFP,Y tế & Sức khỏe,Y học cổ truyền,4.2
STU2070,7.7,6.7,6.5,5.7,9.1,8.8,6.3,INFP,Nông nghiệp & Môi trường,Nuôi trồng thủy sản,4.8
STU1190,6.1,9.0,8.3,6.8,6.9,6.0,8.8,ENFP,Truyền thông & Báo chí,Truyền thông đại chúng,4.0
STU2277,9.4,6.0,5.2,9.5,7.8,5.0,5.3,ISTJ,Xây dựng & Quy hoạch,Kinh tế xây dựng,4.3
STU0884,6.5,8.9,9.7,6.5,5.2,6.2,8.9,ISFP,Ngôn ngữ & Văn hóa,Ngôn ngữ học,3.9
STU1318,6.6,8.8,5.6,6.6,6.1,6.2,8.0,INFP,Nghệ thuật & Thiết kế,Kiến trúc,4.8
STU1511,6.8,9.4,7.8,5.6,5.6,6.1,9.7,ISTJ,Luật & Xã hội,Luật,4.5
STU2020,8.3,5.0,5.3,5.1,9.5,9.5,6.4,INFP,Nông nghiệp & Môi trường,Lâm nghiệp đô thị,4.1
STU1072,6.8,9.4,8.0,6.5,5.8,6.5,7.2,ESFP,Truyền thông & Báo chí,Truyền thông đa phương tiện,4.6
STU0375,10.0,5.4,6.6,5.5,9.4,9.7,5.1,ISFJ,Y tế & Sức khỏe,Dược học,4.6
STU0756,7.0,10.0,9.3,6.7,5.1,6.7,9.4,ESFJ,Sư phạm & Giáo dục,Sư phạm Tin học,4.2
STU1524,6.3,9.5,7.3,6.3,6.9,5.1,9.9,INFJ,Luật & Xã hội,Công tác xã hội,4.9
STU1238,7.0,8.8,9.1,5.4,6.2,5.7,8.2,ESFP,Truyền thông & Báo chí,Lưu trữ học,3.9
STU0298,8.7,6.7,5.7,6.2,8.9,8.9,5.4,ISFJ,Y tế & Sức khỏe,Kỹ thuật phục hồi chức năng,4.1
STU0599,8.2,8.7,8.9,5.7,5.7,6.8,6.1,ENTP,Kinh tế & Quản lý,Kiểm toán,3.8
STU2127,9.3,6.3,6.2,9.3,7.4,6.4,7.0,ISTJ,Xây dựng & Quy hoạch,Quản lý xây dựng,3.9
STU0100,9.3,6.9,8.9,10.0,6.6,6.8,5.6,ISTJ,Công nghệ Thông tin & Kỹ thuật Máy tính,Khoa học dữ liệu,4.0
STU0820,7.2,9.9,8.4,5.3,5.7,5.9,10.0,ENFJ,Sư phạm & Giáo dục,Giáo dục Mầm non,5.0
STU1725,8.7,6.1,6.6,9.2,7.9,5.3,5.7,ISTJ,"Kỹ thuật, Cơ khí & Ô tô",Kỹ thuật cơ điện tử,3.9
STU1630,5.7,9.2,7.3,5.1,5.5,5.1,9.7,INFJ,Luật & Xã hội,Luật quốc tế,4.4
STU0530,9.9,8.5,9.6,6.8,5.0,5.6,6.6,ESTP,Kinh tế & Quản lý,Hệ thống thông tin quản lý,5.0
STU1235,5.9,9.9,8.9,5.4,5.0,5.6,7.7,ENFP,Truyền thông & Báo chí,Truyền thông đại chúng,4.0
STU1006,6.8,8.1,9.6,6.3,6.8,6.8,7.5,INFP,Ngôn ngữ & Văn hóa,Ngôn ngữ Anh,4.1
STU1726,9.3,6.5,6.3,8.9,7.6,6.7,5.4,ISTJ,"Kỹ thuật, Cơ khí & Ô tô",Kỹ thuật điện tử - viễn thông,4.2
STU0637,6.4,9.1,9.0,6.8,5.3,5.7,9.7,INFJ,Sư phạm & Giáo dục,Tâm lý học giáo dục,3.8
STU2193,8.8,5.4,5.3,9.4,6.0,6.3,5.7,ISTJ,Xây dựng & Quy hoạch,Kỹ thuật xây dựng,4.8
STU0186,8.5,5.7,7.5,9.7,6.1,6.4,5.5,ENTP,Công nghệ Thông tin & Kỹ thuật Máy tính,Khoa học Máy tính,4.4
STU1386,6.8,8.8,5.8,5.9,6.4,5.2,7.9,INFP,Nghệ thuật & Thiết kế,Thiết kế công nghiệp,4.1
STU1062,5.9,10.0,8.6,6.1,6.8,6.7,7.7,ENTP,Truyền thông & Báo chí,Truyền thông đại chúng,4.1
STU1369,5.2,8.7,5.3,5.2,6.6,5.5,8.0,INFJ,Nghệ thuật & Thiết kế,Đạo diễn Điện ảnh - Truyền hình,4.4
STU2010,7.9,6.3,6.4,5.4,8.9,9.0,6.3,ISFP,Nông nghiệp & Môi trường,Thú y,4.0
STU2119,8.5,6.5,5.2,8.9,7.3,6.4,5.1,ESTJ,Xây dựng & Quy hoạch,Kỹ thuật xây dựng,4.5
STU0512,8.1,7.0,8.9,6.8,5.4,5.7,5.1,ENTJ,Kinh tế & Quản lý,Kinh tế,5.0
STU1663,5.8,8.6,8.2,6.7,7.0,6.0,8.7,INTJ,Luật & Xã hội,Luật,4.3
STU2116,8.9,5.1,6.1,8.3,6.7,6.7,5.2,ISTP,Xây dựng & Quy hoạch,Công nghệ kỹ thuật công trình xây dựng,4.4
STU1392,5.2,8.6,6.8,6.9,6.4,5.0,6.9,INFP,Nghệ thuật & Thiết kế,Hội họa,3.9
STU2079,8.3,5.2,6.2,5.7,9.2,8.8,5.7,INFP,Nông nghiệp & Môi trường,Nuôi trồng thủy sản,4.7
STU0608,8.3,8.4,8.8,6.5,7.0,5.4,6.4,ENTJ,Kinh tế & Quản lý,Kiểm toán,4.9
STU0974,6.0,8.6,9.8,5.4,5.1,5.0,7.0,ISFP,Ngôn ngữ & Văn hóa,Ngôn ngữ Nhật,4.4
STU0152,9.5,6.6,9.0,8.2,8.0,5.8,5.4,ENTP,Công nghệ Thông tin & Kỹ thuật Máy tính,Khoa học dữ liệu,4.2
STU1554,6.6,9.7,8.4,5.9,6.9,5.8,8.9,INFJ,Luật & Xã hội,Tâm lý học,4.8
STU2099,9.2,5.3,6.2,9.0,7.5,6.3,6.9,ESTJ,Xây dựng & Quy hoạch,Kỹ thuật xây dựng,4.6
STU1345,6.1,8.5,6.4,6.9,5.0,6.7,6.5,ISFP,Nghệ thuật & Thiết kế,Thanh nhạc,4.7
STU0870,6.7,8.5,9.8,6.9,5.7,6.5,8.8,ISFP,Ngôn ngữ & Văn hóa,Ngôn ngữ Anh,4.9
STU2272,8.6,5.7,6.4,8.2,7.8,6.2,5.6,ISTJ,Xây dựng & Quy hoạch,Kỹ thuật xây dựng,4.1
STU0024,9.5,5.4,10.0,8.8,7.3,5.1,6.5,ISTJ,Công nghệ Thông tin & Kỹ thuật Máy tính,Mạng máy tính và truyền thông dữ liệu,4.8
STU0159,8.6,7.0,9.3,9.9,8.0,6.8,6.4,ENTP,Công nghệ Thông tin & Kỹ thuật Máy tính,An toàn thông tin,4.7
STU0332,9.8,5.7,5.6,7.0,9.8,9.7,5.1,ISFP,Y tế & Sức khỏe,Dược học,3.8
STU0977,6.2,9.0,9.8,6.2,5.9,5.6,8.2,INFP,Ngôn ngữ & Văn hóa,Đông phương học,4.9
STU2384,5.5,7.6,9.4,6.8,5.0,5.1,8.9,ESFP,Du lịch & Dịch vụ,Quản trị nhà hàng và dịch vụ ăn uống,4.5
STU1714,8.0,6.2,5.5,9.3,7.6,6.3,6.4,ESTP,"Kỹ thuật, Cơ khí & Ô tô",Kỹ thuật điều khiển và tự động hóa,4.9
STU2146,8.8,7.0,5.9,9.5,6.6,5.8,5.1,ISTJ,Xây dựng & Quy hoạch,Địa kỹ thuật xây dựng,5.0
STU2446,5.2,7.2,9.3,6.0,5.3,5.3,7.9,ESTP,Du lịch & Dịch vụ,Quản trị nhà hàng và dịch vụ ăn uống,4.2
STU0643,6.7,8.5,9.9,6.4,6.2,5.3,9.9,INFJ,Sư phạm & Giáo dục,Sư phạm Vật lý,4.8
STU1961,7.3,5.6,6.3,6.2,9.2,10.0,5.5,ISFP,Nông nghiệp & Môi trường,Lâm nghiệp đô thị,4.8
STU0312,9.2,5.6,5.9,6.7,9.7,9.3,5.3,INFJ,Y tế & Sức khỏe,Điều dưỡng,4.5
STU0352,9.8,6.3,6.8,6.1,8.9,9.6,5.8,ISFJ,Y tế & Sức khỏe,Y đa khoa,4.6
STU0549,8.6,8.5,9.5,6.4,5.0,5.0,6.5,ENTJ,Kinh tế & Quản lý,Hệ thống thông tin quản lý,4.3
STU1984,8.2,5.1,5.8,6.2,8.3,8.9,5.8,INFP,Nông nghiệp & Môi trường,Công nghệ sinh học,4.1
STU1124,5.6,10.0,8.7,6.9,6.3,6.2,7.0,ENFP,Truyền thông & Báo chí,Thông tin - thư viện,4.0
STU0307,9.6,5.8,5.0,6.9,8.6,9.2,6.9,INFJ,Y tế & Sức khỏe,Điều dưỡng,4.9
STU0288,8.8,6.3,6.6,5.2,9.6,9.9,5.7,ISFP,Y tế & Sức khỏe,Y học dự phòng,4.1
STU0695,7.2,9.0,9.7,6.1,5.4,5.4,9.9,INFJ,Sư phạm & Giáo dục,Sư phạm Ngữ văn,4.2
STU1361,6.7,7.5,5.5,5.2,5.1,6.3,8.0,ISFP,Nghệ thuật & Thiết kế,Thiết kế công nghiệp,3.9
STU0631,6.1,8.9,9.1,6.5,5.6,6.1,9.1,ENFJ,Sư phạm & Giáo dục,Giáo dục Mầm non,4.1
STU1808,8.2,5.0,6.8,9.5,8.1,6.5,6.3,ESTP,"Kỹ thuật, Cơ khí & Ô tô",Kỹ thuật điện tử - viễn thông,4.3
STU1855,9.4,5.5,6.3,8.9,7.2,5.4,5.7,ISTJ,"Kỹ thuật, Cơ khí & Ô tô",Robot và Trí tuệ nhân tạo,4.7
STU1387,6.4,7.7,5.3,5.4,5.9,6.8,8.3,ISFP,Nghệ thuật & Thiết kế,Đạo diễn Điện ảnh - Truyền hình,4.9
STU1135,6.9,9.9,9.2,6.3,5.6,6.1,7.5,ENTP,Truyền thông & Báo chí,Báo chí,4.0
STU1962,6.0,7.0,6.9,5.4,4.7,5.6,4.4,ENTJ,Nông nghiệp & Môi trường,Khoa học môi trường,3.0
STU1875,4.5,5.2,5.7,4.9,5.0,6.8,6.0,ENFJ,Nông nghiệp & Môi trường,Thú y,2.3
STU2293,7.0,7.4,9.2,6.0,5.3,5.5,8.4,ESTP,Du lịch & Dịch vụ,Quản trị dịch vụ du lịch và lữ hành,4.1
STU1024,5.9,8.2,9.3,5.4,6.4,5.4,7.1,ISFP,Ngôn ngữ & Văn hóa,Ngôn ngữ Hàn Quốc,4.5
STU0835,6.8,9.4,9.1,5.3,5.7,5.7,8.6,ISFP,Ngôn ngữ & Văn hóa,Ngôn ngữ Trung Quốc,4.7
STU1305,6.8,8.9,6.6,5.8,6.5,6.0,8.3,INFJ,Nghệ thuật & Thiết kế,Hội họa,4.6
STU2141,8.1,6.8,6.0,8.2,7.9,6.7,5.1,ISTJ,Xây dựng & Quy hoạch,Quản lý xây dựng,4.6
STU0014,9.9,6.6,7.9,9.7,7.2,6.1,5.0,INTJ,Công nghệ Thông tin & Kỹ thuật Máy tính,Kỹ thuật phần mềm,4.8
STU0928,5.2,8.3,9.8,5.0,6.8,5.3,7.9,ISFP,Ngôn ngữ & Văn hóa,Quốc tế học,4.7
STU1404,5.4,7.6,6.4,5.2,5.9,6.7,8.1,ISFP,Nghệ thuật & Thiết kế,Thiết kế đồ họa,5.0
STU0515,8.9,7.9,8.9,6.5,5.5,6.2,6.3,ENTJ,Kinh tế & Quản lý,Kinh tế,4.5
STU0410,10.0,7.0,6.1,5.9,8.7,9.2,6.4,ISFP,Y tế & Sức khỏe,Dược học,4.0
STU0857,5.2,9.0,9.7,5.1,6.1,5.3,7.6,INTP,Ngôn ngữ & Văn hóa,Ngôn ngữ Nhật,3.9
STU0314,8.7,5.2,6.0,5.1,8.8,8.5,6.7,INFJ,Y tế & Sức khỏe,Y học dự phòng,4.2
STU1866,8.5,5.7,5.5,8.5,7.4,6.4,6.2,ISTP,"Kỹ thuật, Cơ khí & Ô tô",Kỹ thuật điện,4.1
STU1412,5.8,8.6,6.9,5.2,6.2,6.6,7.6,INFJ,Nghệ thuật & Thiết kế,Thiết kế nội thất,4.1
STU2237,8.3,6.6,5.2,8.6,7.5,5.8,5.7,ISTJ,Xây dựng & Quy hoạch,Công nghệ kỹ thuật công trình xây dựng,4.2
STU1081,5.9,9.8,9.1,5.2,6.2,5.9,7.0,ENTP,Truyền thông & Báo chí,Thông tin - thư viện,4.2
STU0882,5.4,8.9,9.6,5.4,6.7,6.5,8.2,ISFP,Ngôn ngữ & Văn hóa,Quốc tế học,4.5
STU0383,8.5,6.8,6.4,5.2,9.2,9.5,5.5,ISTJ,Y tế & Sức khỏe,Kỹ thuật phục hồi chức năng,4.1
STU1400,5.2,8.8,6.0,5.4,6.1,6.1,7.4,ISFP,Nghệ thuật & Thiết kế,Thiết kế thời trang,4.7
STU1620,6.8,10.0,7.7,6.8,6.6,5.2,9.0,INTJ,Luật & Xã hội,Luật kinh tế,4.8
STU0728,6.3,9.4,8.6,5.6,5.5,5.6,9.5,ISFJ,Sư phạm & Giáo dục,Giáo dục Mầm non,4.6
STU0846,6.8,8.1,10.0,6.9,5.4,6.2,8.4,INFP,Ngôn ngữ & Văn hóa,Tiếng Việt và văn hoá Việt Nam,3.8
STU2480,5.6,7.8,9.3,6.5,5.6,6.4,7.6,ESTP,Du lịch & Dịch vụ,Quản trị dịch vụ du lịch và lữ hành,4.7
STU1042,5.1,8.5,9.2,6.4,5.1,6.3,8.0,ENTP,Truyền thông & Báo chí,Công nghệ truyền thông,4.0
STU0264,8.9,6.6,6.7,6.7,8.6,8.6,5.9,ISFJ,Y tế & Sức khỏe,Y học dự phòng,4.0
STU1405,6.8,8.6,5.2,5.2,6.4,6.5,7.6,INFP,Nghệ thuật & Thiết kế,Thiết kế đồ họa,4.1
STU2156,9.3,5.3,6.7,8.8,7.7,6.1,5.2,ISTJ,Xây dựng & Quy hoạch,Quản lý xây dựng,4.8
STU2483,5.8,7.9,8.6,6.2,6.0,6.0,8.8,ESFP,Du lịch & Dịch vụ,Quản trị nhà hàng và dịch vụ ăn uống,4.3
STU0416,9.7,6.8,5.8,6.1,8.9,9.2,5.3,INFJ,Y tế & Sức khỏe,Kỹ thuật phục hồi chức năng,3.9
STU0930,5.7,9.1,9.2,5.1,5.9,6.7,7.7,INFP,Ngôn ngữ & Văn hóa,Ngôn ngữ học,4.8
STU0359,8.6,5.7,5.9,5.3,9.1,9.6,5.2,ISFJ,Y tế & Sức khỏe,Dược học,3.9
STU1178,5.3,9.9,8.5,5.8,5.3,5.5,8.2,ENTP,Truyền thông & Báo chí,Thông tin - thư viện,4.6
STU0009,8.7,6.5,10.0,8.7,8.0,5.0,5.6,INTJ,Công nghệ Thông tin & Kỹ thuật Máy tính,Công nghệ thông tin,4.5
STU1656,5.4,10.0,7.5,5.4,6.8,5.1,9.0,ISTJ,Luật & Xã hội,Quản lý nhà nước,4.3
STU0317,9.6,5.4,6.1,5.5,9.6,9.4,6.5,ISTJ,Y tế & Sức khỏe,Răng - Hàm - Mặt,4.7
STU0305,9.6,5.6,5.3,6.9,9.6,8.8,5.6,INFJ,Y tế & Sức khỏe,Y học dự phòng,4.6
STU0428,8.2,7.8,9.0,6.0,6.0,5.7,5.6,ENTJ,Kinh tế & Quản lý,Kinh doanh quốc tế,4.3
STU0106,9.7,6.0,10.0,9.9,7.7,6.8,5.9,INTJ,Công nghệ Thông tin & Kỹ thuật Máy tính,Công nghệ thông tin,4.1
STU1489,5.5,8.9,8.2,6.5,5.4,6.8,8.8,INFJ,Luật & Xã hội,Luật quốc tế,4.8
STU0122,9.6,6.0,8.7,9.4,7.2,6.9,7.0,ISTJ,Công nghệ Thông tin & Kỹ thuật Máy tính,Thiết kế vi mạch,4.8
STU1499,6.8,9.9,8.0,7.0,6.4,6.9,9.0,INTJ,Luật & Xã hội,Luật,3.8
STU2087,8.5,6.5,6.0,9.3,7.6,6.2,6.0,ISTP,Xây dựng & Quy hoạch,Kỹ thuật cấp thoát nước,4.2
STU1899,8.1,6.4,5.3,5.4,9.1,8.6,5.4,ISTJ,Nông nghiệp & Môi trường,Nuôi trồng thủy sản,4.3
STU1495,5.1,8.7,7.4,6.6,6.9,6.7,8.6,ISTJ,Luật & Xã hội,Quản lý nhà nước,4.1
STU1771,9.3,5.7,6.9,9.4,8.4,6.9,6.6,ISTJ,"Kỹ thuật, Cơ khí & Ô tô",Robot và Trí tuệ nhân tạo,4.8
STU1777,9.4,6.2,6.3,9.0,8.0,5.0,7.0,ISTJ,"Kỹ thuật, Cơ khí & Ô tô",Kỹ thuật điện tử - viễn thông,4.0
STU0116,8.9,5.8,9.2,10.0,6.3,5.1,6.0,ENTP,Công nghệ Thông tin & Kỹ thuật Máy tính,Mạng máy tính và truyền thông dữ liệu,4.7
STU0941,6.2,8.6,9.2,6.5,7.0,5.5,7.5,INFP,Ngôn ngữ & Văn hóa,Ngôn ngữ học,4.0
STU0745,6.8,9.0,8.1,6.9,6.2,5.3,9.9,ENFJ,Sư phạm & Giáo dục,Tâm lý học giáo dục,4.1
STU1968,7.3,5.1,6.5,5.7,9.0,9.8,6.3,ISTJ,Nông nghiệp & Môi trường,Thú y,4.0
STU2330,5.3,7.0,9.4,6.7,6.8,6.0,7.9,ENFP,Du lịch & Dịch vụ,Quản trị khách sạn,4.9
STU1358,6.6,8.9,6.5,5.1,5.6,5.4,7.5,INFJ,Nghệ thuật & Thiết kế,Hội họa,4.8
STU1581,6.4,9.9,8.1,5.7,6.3,5.7,9.2,INTJ,Luật & Xã hội,Quản lý nhà nước,4.8
STU0673,6.7,9.5,8.7,6.0,5.6,6.8,9.2,INFJ,Sư phạm & Giáo dục,Giáo dục Tiểu học,4.7
STU2303,6.2,8.2,8.0,7.0,6.3,5.5,8.9,ESFP,Du lịch & Dịch vụ,Quản trị khách sạn,4.4
STU2460,6.5,7.2,8.6,6.0,5.7,6.6,7.5,ESFP,Du lịch & Dịch vụ,Quản trị dịch vụ du lịch và lữ hành,4.2
STU2094,8.3,5.4,6.8,8.4,6.8,6.3,6.8,ISTP,Xây dựng & Quy hoạch,Công nghệ kỹ thuật công trình xây dựng,4.3
STU0310,9.6,6.4,5.7,6.9,9.7,8.7,5.7,INFJ,Y tế & Sức khỏe,Răng - Hàm - Mặt,4.1
STU0592,9.9,8.4,9.0,5.4,7.0,6.6,6.0,ENTP,Kinh tế & Quản lý,Tài chính - Ngân hàng,4.6
STU0463,5.2,5.8,6.9,6.5,4.5,4.2,6.5,INTJ,Kinh tế & Quản lý,Kinh tế,2.6
STU1460,6.2,8.7,7.7,6.1,5.5,6.5,8.9,ISTJ,Luật & Xã hội,Luật,4.7
STU1287,5.8,8.6,6.6,6.2,6.3,6.7,6.5,ISFP,Nghệ thuật & Thiết kế,Thiết kế thời trang,4.3
STU1214,6.1,6.0,6.2,6.2,4.4,5.9,6.9,INFP,Truyền thông & Báo chí,Lưu trữ học,1.9
STU1719,4.9,6.1,6.1,6.1,6.8,5.3,5.4,ENTP,"Kỹ thuật, Cơ khí & Ô tô",Robot và Trí tuệ nhân tạo,2.7
STU0553,9.2,7.4,9.9,6.4,5.5,5.4,5.5,ENTP,Kinh tế & Quản lý,Kinh doanh quốc tế,4.1
STU0088,5.2,6.3,6.0,4.2,5.9,5.0,5.0,ESFP,Công nghệ Thông tin & Kỹ thuật Máy tính,Khoa học Máy tính,2.5
STU0691,7.2,9.4,9.2,6.9,6.6,6.1,9.6,INFJ,Sư phạm & Giáo dục,Tâm lý học giáo dục,4.3
STU2067,8.4,7.0,6.7,6.0,8.1,9.8,5.0,ISFJ,Nông nghiệp & Môi trường,Công nghệ sinh học,4.6
STU2409,5.4,8.1,9.3,5.1,5.5,7.0,8.3,ESFJ,Du lịch & Dịch vụ,Quản trị dịch vụ du lịch và lữ hành,4.4
STU1612,6.4,8.5,7.9,6.8,5.4,5.2,9.1,INFJ,Luật & Xã hội,Luật quốc tế,4.3
STU1160,5.6,9.2,8.8,6.4,6.3,5.2,8.0,ESFP,Truyền thông & Báo chí,Thông tin - thư viện,4.1
STU2059,7.8,5.4,5.4,5.8,9.3,8.9,6.1,ISFP,Nông nghiệp & Môi trường,Lâm nghiệp đô thị,4.3
STU1947,7.5,6.0,6.2,5.9,8.3,9.2,5.7,ISFJ,Nông nghiệp & Môi trường,Công nghệ thực phẩm,4.7
STU1059,5.1,9.1,8.4,5.6,5.3,5.8,7.1,ENFP,Truyền thông & Báo chí,Quan hệ công chúng,4.1
STU0544,9.9,7.5,8.7,5.6,5.1,5.0,6.5,ESTJ,Kinh tế & Quản lý,Thương mại điện tử,4.6
STU1756,9.3,6.4,5.4,9.7,8.3,6.3,6.7,ISTJ,"Kỹ thuật, Cơ khí & Ô tô",Robot và Trí tuệ nhân tạo,4.1
STU2213,8.6,6.1,5.6,8.4,7.8,6.5,5.8,ESTJ,Xây dựng & Quy hoạch,Kỹ thuật xây dựng,4.5
STU0495,9.9,8.5,9.8,6.2,5.8,6.8,5.7,ENTJ,Kinh tế & Quản lý,Kiểm toán,4.0
STU0366,9.4,5.9,5.6,6.2,9.9,9.0,6.8,ISFP,Y tế & Sức khỏe,Y đa khoa,4.7
STU2255,8.4,5.4,6.4,8.8,6.2,5.6,6.1,ESTJ,Xây dựng & Quy hoạch,Quản lý xây dựng,4.1
STU1547,6.4,8.8,7.8,5.1,6.0,6.0,9.3,ISTJ,Luật & Xã hội,Luật quốc tế,4.2
STU0274,9.9,6.1,5.3,6.3,9.3,9.1,5.1,ISFP,Y tế & Sức khỏe,Kỹ thuật phục hồi chức năng,3.8
STU0072,9.3,5.3,8.8,8.2,8.4,6.5,6.0,ISTJ,Công nghệ Thông tin & Kỹ thuật Máy tính,Khoa học dữ liệu,4.1
STU1861,9.2,6.0,6.6,9.5,7.4,6.7,5.3,ISTJ,"Kỹ thuật, Cơ khí & Ô tô",Kỹ thuật điện,3.9
STU2467,5.7,8.0,8.6,5.6,5.9,5.1,7.7,ESFP,Du lịch & Dịch vụ,Quản trị nhà hàng và dịch vụ ăn uống,4.5
STU0064,9.9,6.8,8.5,8.7,6.5,6.2,6.5,INTJ,Công nghệ Thông tin & Kỹ thuật Máy tính,Thiết kế vi mạch,4.8
STU2442,6.4,7.3,9.1,5.6,5.9,5.9,8.4,ENFP,Du lịch & Dịch vụ,Quản trị khách sạn,4.7
STU2323,6.1,7.7,9.2,5.6,5.9,6.9,8.7,ESTP,Du lịch & Dịch vụ,Du lịch,4.3
STU0344,9.1,6.0,6.6,6.2,8.6,9.4,6.3,ISTJ,Y tế & Sức khỏe,Y học dự phòng,3.8
STU2233,9.0,5.1,6.2,8.1,6.8,6.5,6.9,ISTJ,Xây dựng & Quy hoạch,Công nghệ kỹ thuật công trình xây dựng,4.9
STU1378,6.9,7.7,5.3,5.4,6.9,5.8,8.2,ISFP,Nghệ thuật & Thiết kế,Hội họa,4.1
STU0501,8.9,8.0,9.7,5.2,6.5,6.3,5.3,ESTP,Kinh tế & Quản lý,Kinh doanh quốc tế,4.9
STU2175,8.4,6.7,6.0,9.2,6.7,6.3,5.5,ISTJ,Xây dựng & Quy hoạch,Kỹ thuật xây dựng,4.5
STU0678,7.0,8.9,9.0,6.2,5.9,5.9,10.0,INFJ,Sư phạm & Giáo dục,Giáo dục Tiểu học,4.2
STU1026,6.6,8.6,9.9,6.6,5.6,7.0,7.6,ISFP,Ngôn ngữ & Văn hóa,Ngôn ngữ Trung Quốc,4.2
STU1969,8.2,5.3,6.9,5.9,9.3,8.7,6.4,ISTJ,Nông nghiệp & Môi trường,Khoa học cây trồng,5.0
STU1525,5.2,9.6,7.6,6.3,6.1,5.6,9.1,INFJ,Luật & Xã hội,Luật,4.6
STU0273,9.5,5.7,6.4,5.2,9.2,9.4,6.4,ISTJ,Y tế & Sức khỏe,Y học dự phòng,4.1
STU1869,8.4,6.7,6.4,8.6,8.4,6.0,6.8,ISTJ,"Kỹ thuật, Cơ khí & Ô tô",Kỹ thuật cơ khí,4.4
STU0206,10.0,5.5,8.7,9.8,6.9,5.0,5.8,ISTP,Công nghệ Thông tin & Kỹ thuật Máy tính,Mạng máy tính và truyền thông dữ liệu,4.3
STU0734,7.4,8.5,9.1,6.6,6.8,6.7,9.7,ISFJ,Sư phạm & Giáo dục,Giáo dục Tiểu học,4.7
STU0153,9.0,6.6,7.8,8.5,6.5,5.2,6.9,ISTP,Công nghệ Thông tin & Kỹ thuật Máy tính,Khoa học Máy tính,4.1
STU1224,6.4,9.0,8.4,6.3,6.1,5.8,7.3,ENTP,Truyền thông & Báo chí,Báo chí,4.6
STU0558,9.2,7.3,9.9,6.3,6.4,6.4,6.3,ENTP,Kinh tế & Quản lý,Kế toán,4.7
STU0378,9.2,5.9,6.8,6.7,9.5,8.9,5.2,ISTJ,Y tế & Sức khỏe,Quản lý bệnh viện,4.6
STU0536,9.9,7.3,9.7,7.0,5.3,5.8,6.5,ESTP,Kinh tế & Quản lý,Thương mại điện tử,3.8
STU1901,7.2,6.0,5.3,5.8,8.5,9.2,6.2,INFP,Nông nghiệp & Môi trường,Nông nghiệp,4.9
STU1117,5.2,9.1,8.6,5.9,5.7,6.7,7.5,ESFP,Truyền thông & Báo chí,Thông tin - thư viện,4.3
STU0842,6.6,6.9,4.2,6.3,5.8,6.3,4.2,ENFP,Ngôn ngữ & Văn hóa,Ngôn ngữ Nhật,2.8
STU0199,10.0,6.8,9.1,8.2,6.7,6.1,6.5,INTP,Công nghệ Thông tin & Kỹ thuật Máy tính,Khoa học Máy tính,4.2
STU0562,9.6,9.0,8.4,5.2,6.1,5.4,5.4,ESTJ,Kinh tế & Quản lý,Tài chính - Ngân hàng,4.0
STU0686,6.0,9.3,8.2,6.0,6.4,5.2,9.2,ENFJ,Sư phạm & Giáo dục,Sư phạm Tiếng Anh,4.2
STU1212,6.2,10.0,8.2,5.6,6.9,5.6,8.4,ENFP,Truyền thông & Báo chí,Báo chí,4.4
STU0591,9.1,8.8,8.5,5.0,6.0,5.3,5.3,ESTP,Kinh tế & Quản lý,Thương mại điện tử,4.5
STU0520,8.5,8.9,9.5,5.4,5.0,5.4,5.5,ESTJ,Kinh tế & Quản lý,Tài chính - Ngân hàng,4.0
STU0309,9.4,5.9,5.0,6.6,9.5,9.5,5.5,ISFJ,Y tế & Sức khỏe,Điều dưỡng,5.0
STU0605,8.1,8.5,8.1,6.9,6.4,5.5,6.8,ESTJ,Kinh tế & Quản lý,Thương mại điện tử,4.3
STU2151,9.2,5.6,5.6,9.1,7.3,6.5,6.1,ESTJ,Xây dựng & Quy hoạch,Kỹ thuật xây dựng,4.7
STU1514,5.1,9.6,7.7,5.6,6.7,6.0,9.8,INTJ,Luật & Xã hội,Quản lý nhà nước,4.0
STU0060,9.3,5.6,9.5,9.1,6.4,5.7,5.9,INTP,Công nghệ Thông tin & Kỹ thuật Máy tính,Khoa học dữ liệu,3.9
STU0584,8.5,8.9,8.1,5.6,6.9,5.3,7.0,ENTJ,Kinh tế & Quản lý,Thương mại điện tử,4.1
STU2326,6.9,7.6,9.2,6.6,6.4,5.6,7.8,ENFP,Du lịch & Dịch vụ,Quản lý thể dục thể thao,4.0
STU0208,9.4,7.0,7.6,8.9,6.8,6.4,5.9,INTP,Công nghệ Thông tin & Kỹ thuật Máy tính,Thiết kế vi mạch,3.9
STU2011,8.0,5.8,6.2,5.9,8.6,9.0,6.7,ISTJ,Nông nghiệp & Môi trường,Khoa học môi trường,4.6
STU1454,6.3,8.3,5.5,6.8,5.7,6.0,6.9,INFJ,Nghệ thuật & Thiết kế,Điêu khắc,4.7
STU0786,7.0,9.4,9.4,5.7,5.7,5.6,9.3,ESFJ,Sư phạm & Giáo dục,Sư phạm Toán học,4.7
STU2139,8.9,6.2,5.6,9.3,7.8,6.5,6.4,ISTJ,Xây dựng & Quy hoạch,Kỹ thuật xây dựng,4.2
STU2424,6.3,7.8,8.8,5.3,6.2,5.7,8.3,ESFP,Du lịch & Dịch vụ,Quản trị dịch vụ du lịch và lữ hành,4.3
STU0793,6.4,10.0,8.8,6.8,6.4,5.9,9.3,ISFJ,Sư phạm & Giáo dục,Giáo dục Mầm non,4.5
STU0832,6.9,9.8,8.7,6.3,6.5,6.5,9.9,ESFJ,Sư phạm & Giáo dục,Giáo dục Tiểu học,4.7
STU0163,9.7,7.0,8.0,9.3,7.6,6.1,6.9,INTP,Công nghệ Thông tin & Kỹ thuật Máy tính,Khoa học Máy tính,4.6
STU1608,6.2,9.4,8.1,6.5,5.3,6.1,9.6,ISTJ,Luật & Xã hội,Quản lý nhà nước,4.1
STU0527,9.0,7.1,8.5,5.7,6.1,5.3,5.2,ESTP,Kinh tế & Quản lý,Kinh doanh quốc tế,4.2
STU2363,5.8,5.6,6.4,4.7,5.6,6.4,4.8,ISFP,Du lịch & Dịch vụ,Quản trị nhà hàng và dịch vụ ăn uống,2.2
STU0257,9.1,6.2,6.2,6.9,9.3,8.9,6.8,ISFJ,Y tế & Sức khỏe,Y học cổ truyền,4.3
STU0507,8.2,7.6,9.2,6.5,6.5,6.4,6.4,ESTJ,Kinh tế & Quản lý,Kinh tế,3.9
STU1951,6.4,6.9,6.2,5.9,4.2,6.8,6.6,ESTP,Nông nghiệp & Môi trường,Khoa học cây trồng,2.8
STU2117,8.9,5.0,6.6,9.2,7.0,5.0,6.7,ISTJ,Xây dựng & Quy hoạch,Kỹ thuật cấp thoát nước,4.7
STU2225,9.2,6.8,6.1,9.1,7.0,5.5,5.4,ISTJ,Xây dựng & Quy hoạch,Công nghệ kỹ thuật công trình xây dựng,3.9
STU2331,6.8,8.4,9.4,5.2,6.1,5.5,8.0,ESFJ,Du lịch & Dịch vụ,Du lịch,4.1
STU0858,5.2,8.2,9.5,6.9,6.1,6.0,7.5,INFP,Ngôn ngữ & Văn hóa,Tiếng Việt và văn hoá Việt Nam,3.9
STU1890,7.1,6.1,6.3,6.1,8.6,8.8,5.7,ISTJ,Nông nghiệp & Môi trường,Công nghệ thực phẩm,4.6
STU0021,5.7,4.4,4.4,4.9,6.7,6.4,6.6,ENTP,Công nghệ Thông tin & Kỹ thuật Máy tính,Kỹ thuật phần mềm,3.0
STU1603,6.1,9.0,7.6,6.2,6.7,5.7,8.8,INTJ,Luật & Xã hội,Tâm lý học,4.1
STU0440,8.4,8.3,9.6,6.2,5.5,6.1,6.1,ESTP,Kinh tế & Quản lý,Kinh doanh quốc tế,4.5
STU1086,5.7,9.3,8.3,5.6,6.0,6.0,7.2,ESFP,Truyền thông & Báo chí,Thông tin - thư viện,3.9
STU0382,9.4,5.8,7.0,5.5,8.8,9.2,5.1,INFJ,Y tế & Sức khỏe,Răng - Hàm - Mặt,4.1
STU1579,6.9,9.5,7.3,5.1,6.1,5.2,10.0,INFJ,Luật & Xã hội,Luật kinh tế,4.4
STU1260,5.1,8.1,5.9,5.0,5.7,5.2,6.9,INFP,Nghệ thuật & Thiết kế,Kiến trúc,4.2
STU0539,8.5,7.5,9.7,5.8,6.3,6.4,5.2,ENTJ,Kinh tế & Quản lý,Quản trị kinh doanh,4.3
STU1628,5.5,9.1,8.0,6.6,5.2,5.0,9.4,ENTJ,Luật & Xã hội,Quản lý nhà nước,4.8
STU2130,9.2,6.1,5.5,9.1,7.7,6.6,5.0,ISTP,Xây dựng & Quy hoạch,Địa kỹ thuật xây dựng,4.8
STU0084,8.9,6.3,8.0,8.3,7.5,5.7,6.9,INTP,Công nghệ Thông tin & Kỹ thuật Máy tính,Mạng máy tính và truyền thông dữ liệu,4.7
STU0890,6.1,8.6,9.4,6.4,5.3,6.1,7.4,INFP,Ngôn ngữ & Văn hóa,Ngôn ngữ Trung Quốc,4.5
STU1396,6.7,8.2,5.2,6.9,6.8,6.8,8.2,INFJ,Nghệ thuật & Thiết kế,Hội họa,4.9
STU1308,6.8,7.5,5.2,5.1,6.5,6.4,8.3,ISFP,Nghệ thuật & Thiết kế,Thiết kế đồ họa,4.3
STU1371,6.6,8.9,5.4,5.3,6.3,5.0,7.0,ISFP,Nghệ thuật & Thiết kế,Thiết kế công nghiệp,4.2
STU1606,6.8,9.2,7.4,6.5,5.3,5.4,9.4,ENTJ,Luật & Xã hội,Luật quốc tế,4.7
STU1745,8.3,6.2,5.4,9.5,8.4,6.4,6.9,ISTP,"Kỹ thuật, Cơ khí & Ô tô",Kỹ thuật điện tử - viễn thông,4.8
STU0271,9.1,5.2,6.9,6.3,9.1,9.4,6.2,INFJ,Y tế & Sức khỏe,Y đa khoa,3.8
STU1107,5.3,8.5,9.2,6.3,7.0,5.3,7.4,ENFP,Truyền thông & Báo chí,Truyền thông đại chúng,4.6
STU1940,7.7,6.0,5.9,6.1,8.7,9.9,5.1,ISFJ,Nông nghiệp & Môi trường,Lâm nghiệp đô thị,4.5
STU2276,9.1,6.1,5.3,8.2,7.5,6.1,6.9,ISTJ,Xây dựng & Quy hoạch,Kỹ thuật xây dựng,4.2
STU2260,9.5,5.4,6.2,9.2,7.1,5.8,5.8,ESTJ,Xây dựng & Quy hoạch,Kỹ thuật cấp thoát nước,4.6
STU2165,9.5,5.6,6.5,8.9,6.2,6.2,6.5,ESTJ,Xây dựng & Quy hoạch,Kinh tế xây dựng,4.4
STU0889,6.2,8.9,9.2,6.0,5.4,6.0,8.4,INTP,Ngôn ngữ & Văn hóa,Văn học,4.6
STU1028,6.9,8.3,9.5,5.0,5.5,5.2,9.0,INTP,Ngôn ngữ & Văn hóa,Tiếng Việt và văn hoá Việt Nam,4.4
STU0430,8.1,7.7,10.0,5.8,6.4,7.0,6.5,ESTJ,Kinh tế & Quản lý,Kinh tế quốc tế,4.3
STU2035,8.1,6.4,6.6,6.1,8.8,9.9,5.7,INFP,Nông nghiệp & Môi trường,Thú y,4.9
STU2190,8.7,6.5,5.4,9.3,7.6,6.3,5.9,ESTJ,Xây dựng & Quy hoạch,Công nghệ kỹ thuật công trình xây dựng,4.5
STU2259,9.1,5.1,6.2,8.3,7.2,5.1,5.5,ISTJ,Xây dựng & Quy hoạch,Kỹ thuật xây dựng,4.6
STU0459,4.4,4.4,4.1,4.4,6.6,6.5,6.2,ESFJ,Kinh tế & Quản lý,Thương mại điện tử,1.6
STU0079,9.7,5.1,7.7,9.1,6.1,5.7,5.7,ISTJ,Công nghệ Thông tin & Kỹ thuật Máy tính,Khoa học Máy tính,4.0
STU1211,6.1,9.4,8.3,7.0,5.7,5.5,8.1,ENTP,Truyền thông & Báo chí,Lưu trữ học,3.9
STU0033,9.8,6.1,8.5,9.5,6.0,6.8,6.2,INTJ,Công nghệ Thông tin & Kỹ thuật Máy tính,Kỹ thuật phần mềm,3.9
STU1091,5.6,9.0,8.9,6.3,6.0,5.8,8.0,ENFP,Truyền thông & Báo chí,Quan hệ công chúng,4.4
STU2391,5.2,8.3,9.4,6.8,5.7,6.5,8.5,ENFP,Du lịch & Dịch vụ,Quản trị khách sạn,4.6
STU2240,8.8,6.3,6.1,8.7,7.2,6.7,6.1,ESTJ,Xây dựng & Quy hoạch,Quản lý xây dựng,4.8
STU0381,9.5,5.5,5.9,6.9,9.5,9.7,5.6,ISTJ,Y tế & Sức khỏe,Dược học,4.9
STU0227,9.2,6.6,5.7,5.5,8.8,8.7,5.9,ISFJ,Y tế & Sức khỏe,Điều dưỡng,4.7
STU1363,5.6,8.6,6.8,5.3,5.6,6.9,7.4,INFJ,Nghệ thuật & Thiết kế,Điêu khắc,4.7
STU1191,5.6,8.6,8.5,5.7,5.1,6.6,8.2,ENTP,Truyền thông & Báo chí,Lưu trữ học,5.0
STU0716,6.6,9.5,8.9,6.8,5.7,5.7,9.6,INFJ,Sư phạm & Giáo dục,Sư phạm Tin học,4.7
STU1916,7.1,5.7,5.1,5.7,8.3,9.1,6.1,ISTJ,Nông nghiệp & Môi trường,Nuôi trồng thủy sản,4.9
STU0687,7.0,9.8,8.9,6.6,6.7,6.1,9.6,ISFJ,Sư phạm & Giáo dục,Sư phạm Vật lý,3.9
STU2128,9.2,5.1,5.6,8.0,6.2,5.1,6.5,ISTJ,Xây dựng & Quy hoạch,Địa kỹ thuật xây dựng,4.7
STU1512,6.2,9.5,8.5,6.9,6.5,5.5,8.9,ENTJ,Luật & Xã hội,Luật,4.6
STU0306,8.6,6.6,6.0,5.7,9.7,8.6,5.2,INFJ,Y tế & Sức khỏe,Kỹ thuật hình ảnh y học,4.1
STU0210,8.8,5.9,5.2,6.6,9.8,9.1,5.5,ISTJ,Y tế & Sức khỏe,Dược học,4.6
STU2150,8.9,6.7,5.5,9.3,6.9,6.6,6.9,ISTJ,Xây dựng & Quy hoạch,Kỹ thuật cấp thoát nước,3.9
STU1667,8.2,5.4,5.1,8.9,7.5,5.0,5.2,ISTJ,"Kỹ thuật, Cơ khí & Ô tô",Robot và Trí tuệ nhân tạo,3.9
STU2474,5.3,7.8,8.9,5.9,6.5,5.6,8.3,ENFP,Du lịch & Dịch vụ,Quản trị dịch vụ du lịch và lữ hành,3.9
STU2320,5.5,7.0,8.8,5.4,6.3,6.9,7.5,ESFP,Du lịch & Dịch vụ,Quản lý thể dục thể thao,4.2
STU1929,8.2,5.9,6.2,5.4,8.2,8.7,5.6,INFP,Nông nghiệp & Môi trường,Công nghệ thực phẩm,4.3
STU1136,6.2,9.4,8.1,5.5,6.0,7.0,7.0,ESFP,Truyền thông & Báo chí,Lưu trữ học,4.4
STU1252,6.3,8.1,5.1,5.4,5.5,6.4,7.6,INFJ,Nghệ thuật & Thiết kế,Thiết kế thời trang,4.0
STU0932,5.2,8.8,9.3,6.3,5.7,5.8,7.7,ISFP,Ngôn ngữ & Văn hóa,Ngôn ngữ học,3.9
STU0192,9.7,5.8,7.9,9.2,6.4,5.5,6.9,INTP,Công nghệ Thông tin & Kỹ thuật Máy tính,Mạng máy tính và truyền thông dữ liệu,4.8
STU2413,5.0,7.1,9.2,6.0,6.7,6.5,7.8,ESFP,Du lịch & Dịch vụ,Quản trị dịch vụ du lịch và lữ hành,4.9
STU1074,6.4,9.9,9.4,6.6,6.7,5.4,8.9,ENTP,Truyền thông & Báo chí,Lưu trữ học,4.9
STU2453,5.5,7.0,8.1,5.1,5.3,5.9,8.0,ESTP,Du lịch & Dịch vụ,Quản trị nhà hàng và dịch vụ ăn uống,4.3
STU0484,9.8,8.3,8.1,5.3,5.1,6.5,6.3,ESTJ,Kinh tế & Quản lý,Thương mại điện tử,4.9
STU2380,5.5,8.2,8.8,6.1,5.9,5.9,8.8,ESTP,Du lịch & Dịch vụ,Du lịch,4.0
STU1457,5.7,8.8,8.3,5.8,6.5,7.0,9.6,ENTJ,Luật & Xã hội,Luật kinh tế,4.4
STU0278,8.7,6.5,5.7,6.6,9.2,8.8,6.2,ISTJ,Y tế & Sức khỏe,Điều dưỡng,4.9
STU1408,6.8,8.4,6.4,6.7,6.0,5.0,6.6,INFP,Nghệ thuật & Thiết kế,Thiết kế thời trang,3.8
STU0222,8.8,5.6,6.9,6.3,9.0,9.3,5.7,ISFP,Y tế & Sức khỏe,Điều dưỡng,4.1
STU2494,6.0,7.6,8.8,6.9,5.4,5.9,9.0,ESTP,Du lịch & Dịch vụ,Quản trị nhà hàng và dịch vụ ăn uống,4.3
STU0572,9.7,7.6,10.0,6.9,6.2,5.0,5.1,ESTJ,Kinh tế & Quản lý,Kinh doanh quốc tế,4.7
STU0412,9.2,6.0,5.1,6.4,8.6,8.6,6.2,INFJ,Y tế & Sức khỏe,Kỹ thuật hình ảnh y học,4.2
STU1312,5.5,7.5,6.3,6.5,6.5,6.8,7.0,INFJ,Nghệ thuật & Thiết kế,Thanh nhạc,4.1
STU0938,5.6,8.5,9.4,5.1,5.9,7.0,7.3,ISFP,Ngôn ngữ & Văn hóa,Quốc tế học,4.5
STU0933,5.8,8.5,9.1,6.4,6.8,6.2,8.4,INTP,Ngôn ngữ & Văn hóa,Đông phương học,4.4
STU0586,9.1,8.3,8.5,5.4,5.7,5.3,6.2,ENTJ,Kinh tế & Quản lý,Quản trị kinh doanh,4.2
STU1205,5.0,8.6,8.6,6.8,6.0,5.5,7.4,ENFP,Truyền thông & Báo chí,Truyền thông đa phương tiện,4.2
STU1798,9.4,6.4,6.6,9.1,8.3,5.7,5.2,INTJ,"Kỹ thuật, Cơ khí & Ô tô",Kỹ thuật điện tử - viễn thông,4.8
STU2490,5.6,8.2,8.5,5.8,5.8,6.4,8.0,ENFP,Du lịch & Dịch vụ,Quản trị khách sạn,4.7
STU1560,5.3,9.4,7.2,5.9,5.9,5.6,9.9,INFJ,Luật & Xã hội,Tâm lý học,4.8
STU0675,6.5,8.9,9.7,5.7,6.0,5.7,9.5,ISFJ,Sư phạm & Giáo dục,Sư phạm Tiếng Anh,4.7
STU1176,6.7,9.1,8.2,5.2,6.7,6.5,7.1,ENTP,Truyền thông & Báo chí,Công nghệ truyền thông,4.5
STU0856,5.8,8.1,9.7,6.8,6.6,6.0,8.5,INTP,Ngôn ngữ & Văn hóa,Ngôn ngữ học,4.6
STU0448,9.4,7.0,9.6,5.5,5.6,6.6,5.3,ESTP,Kinh tế & Quản lý,Tài chính - Ngân hàng,4.6
STU0962,6.6,8.1,10.0,5.9,5.5,6.9,8.2,INTP,Ngôn ngữ & Văn hóa,Tiếng Việt và văn hoá Việt Nam,4.8
STU0989,7.0,9.5,9.1,6.7,6.9,6.2,8.5,ISFP,Ngôn ngữ & Văn hóa,Ngôn ngữ học,3.8
STU0223,8.6,6.9,6.7,6.1,10.0,9.5,6.4,ISTJ,Y tế & Sức khỏe,Răng - Hàm - Mặt,3.8
STU1720,8.6,5.9,5.8,9.1,8.1,5.2,5.6,INTJ,"Kỹ thuật, Cơ khí & Ô tô",Kỹ thuật cơ khí,4.3
STU2222,9.4,6.7,5.3,8.4,7.9,6.3,5.5,ESTJ,Xây dựng & Quy hoạch,Kỹ thuật xây dựng,4.9
STU1625,6.8,8.5,8.5,5.6,6.1,6.9,8.7,INTJ,Luật & Xã hội,Xã hội học,4.4
STU1553,5.5,8.8,7.8,6.0,6.2,6.9,9.1,ISTJ,Luật & Xã hội,Luật quốc tế,4.0
STU1065,6.3,9.6,8.8,7.0,6.9,6.4,8.5,ENFP,Truyền thông & Báo chí,Truyền thông đại chúng,4.6
STU0046,9.7,6.6,8.8,8.5,7.1,6.1,5.8,ENTP,Công nghệ Thông tin & Kỹ thuật Máy tính,Thiết kế vi mạch,4.6
STU2186,8.4,5.1,6.6,8.7,7.9,5.2,5.1,ESTJ,Xây dựng & Quy hoạch,Kỹ thuật xây dựng,4.4
STU1462,5.9,8.8,7.4,6.4,6.4,5.7,8.8,INFJ,Luật & Xã hội,Luật,4.4
STU0295,9.0,6.0,6.3,5.9,9.1,9.0,6.1,ISFP,Y tế & Sức khỏe,Dược học,3.9
STU1919,8.1,6.0,6.1,6.3,8.8,8.6,5.8,INFP,Nông nghiệp & Môi trường,Thú y,4.9
STU0589,8.4,7.6,9.5,5.2,7.0,5.4,6.9,ENTJ,Kinh tế & Quản lý,Tài chính - Ngân hàng,4.7
STU2280,9.0,5.1,5.5,9.2,7.5,6.6,6.7,ISTJ,Xây dựng & Quy hoạch,Quản lý xây dựng,4.8
STU0258,9.4,6.0,5.6,6.3,8.8,9.4,5.2,ISFJ,Y tế & Sức khỏe,Y học cổ truyền,4.4
STU0966,5.2,9.5,9.6,5.3,5.9,6.8,7.0,INTP,Ngôn ngữ & Văn hóa,Ngôn ngữ học,4.8
STU1856,8.2,6.5,6.4,9.5,7.3,5.9,6.0,ISTP,"Kỹ thuật, Cơ khí & Ô tô",Robot và Trí tuệ nhân tạo,4.6
STU0927,5.5,9.1,9.3,5.4,5.8,6.1,7.8,INFP,Ngôn ngữ & Văn hóa,Quốc tế học,4.2
STU2115,8.6,5.2,5.4,8.5,6.7,6.5,6.5,ISTP,Xây dựng & Quy hoạch,Công nghệ kỹ thuật công trình xây dựng,4.7
STU1765,8.2,5.7,6.2,9.7,8.3,5.4,5.1,ISTJ,"Kỹ thuật, Cơ khí & Ô tô",Kỹ thuật điện,4.1
STU0437,9.1,8.3,8.1,6.8,5.1,5.6,5.7,ENTJ,Kinh tế & Quản lý,Kinh tế,4.6
STU1906,8.4,5.3,5.9,5.3,8.4,9.8,6.7,ISFJ,Nông nghiệp & Môi trường,Công nghệ sau thu hoạch,4.7
STU1713,9.0,5.3,6.6,9.4,7.7,5.3,7.0,ESTP,"Kỹ thuật, Cơ khí & Ô tô",Công nghệ kỹ thuật ô tô,4.4
STU0394,8.8,6.7,7.0,6.0,9.7,9.5,5.4,ISFJ,Y tế & Sức khỏe,Quản lý bệnh viện,5.0
STU0426,9.1,8.9,9.4,6.5,5.5,6.1,5.2,ENTJ,Kinh tế & Quản lý,Marketing,4.9
STU0535,8.5,7.1,9.3,5.1,5.4,6.8,5.8,ESTJ,Kinh tế & Quản lý,Kinh tế quốc tế,4.6
STU0031,9.2,6.2,9.7,8.3,7.1,6.4,6.0,ENTP,Công nghệ Thông tin & Kỹ thuật Máy tính,An toàn thông tin,4.6
STU2495,5.2,7.1,8.9,5.8,6.7,6.0,8.2,ESFP,Du lịch & Dịch vụ,Du lịch,4.4
STU2078,7.1,6.0,6.2,6.4,8.6,8.7,6.5,ISFJ,Nông nghiệp & Môi trường,Thú y,5.0
STU0970,5.4,9.1,9.1,5.1,5.1,6.8,7.6,ISFP,Ngôn ngữ & Văn hóa,Tiếng Việt và văn hoá Việt Nam,4.6
STU0747,7.2,8.8,9.7,6.6,6.4,6.1,9.9,INFJ,Sư phạm & Giáo dục,Giáo dục Tiểu học,4.7
STU1746,8.8,6.8,5.1,8.8,7.4,6.2,5.2,INTJ,"Kỹ thuật, Cơ khí & Ô tô",Kỹ thuật điện,4.1
STU1274,6.6,7.8,5.1,5.3,6.1,6.9,8.0,INFP,Nghệ thuật & Thiết kế,Kiến trúc,4.4
STU1267,5.6,7.7,5.6,6.9,5.3,6.2,8.0,ISFP,Nghệ thuật & Thiết kế,Thiết kế đồ họa,3.9
STU1492,6.3,8.6,8.0,6.5,5.5,5.6,9.0,INFJ,Luật & Xã hội,Tâm lý học,4.5
STU1715,8.5,5.3,6.4,9.0,8.3,5.0,5.4,ISTP,"Kỹ thuật, Cơ khí & Ô tô",Kỹ thuật cơ điện tử,3.9
STU2209,8.7,5.7,5.7,8.3,6.8,5.3,6.3,ISTP,Xây dựng & Quy hoạch,Kinh tế xây dựng,4.0
STU2355,6.5,8.1,9.4,5.5,6.8,5.9,8.8,ESFJ,Du lịch & Dịch vụ,Quản trị nhà hàng và dịch vụ ăn uống,3.9
STU1655,6.8,4.4,4.3,6.3,6.0,4.1,5.2,INFP,Luật & Xã hội,Xã hội học,1.7
STU1196,6.4,9.8,8.5,6.9,6.3,6.4,7.9,ENTP,Truyền thông & Báo chí,Quan hệ công chúng,4.1
STU0345,9.5,6.6,5.4,5.4,9.8,8.9,5.3,ISFJ,Y tế & Sức khỏe,Quản lý bệnh viện,4.1
STU0557,9.3,7.1,8.7,5.5,6.8,6.4,6.0,ESTP,Kinh tế & Quản lý,Kinh tế quốc tế,4.3
STU1420,6.9,8.7,6.3,6.2,5.3,6.5,7.4,INFP,Nghệ thuật & Thiết kế,Thiết kế nội thất,4.3
STU1905,8.3,5.7,6.7,6.1,8.4,9.4,6.9,ISFP,Nông nghiệp & Môi trường,Nông nghiệp,4.7
STU0681,7.3,9.4,8.9,5.8,6.9,5.2,9.2,INFJ,Sư phạm & Giáo dục,Sư phạm Toán học,4.4
STU2226,8.8,5.4,6.0,8.0,6.1,6.6,5.3,ISTJ,Xây dựng & Quy hoạch,Kỹ thuật cấp thoát nước,4.3
STU1689,9.2,5.1,5.6,8.9,7.7,5.6,6.2,ISTJ,"Kỹ thuật, Cơ khí & Ô tô",Công nghệ kỹ thuật ô tô,3.8
STU0571,8.2,7.2,8.2,6.6,6.9,5.9,5.5,ENTP,Kinh tế & Quản lý,Kế toán,4.9
STU0353,10.0,5.7,6.8,6.6,9.4,9.8,6.7,ISFP,Y tế & Sức khỏe,Quản lý bệnh viện,3.8
STU0092,9.5,5.4,8.6,8.5,6.7,6.4,5.1,ISTJ,Công nghệ Thông tin & Kỹ thuật Máy tính,Kỹ thuật phần mềm,4.5
STU1209,6.9,9.3,9.4,6.5,5.3,5.7,8.4,ENFP,Truyền thông & Báo chí,Báo chí,4.3
STU2103,8.7,5.6,6.5,8.8,6.4,6.3,5.7,ISTJ,Xây dựng & Quy hoạch,Kỹ thuật xây dựng,4.0
STU1269,5.9,7.8,6.8,6.2,6.9,5.5,7.9,INFP,Nghệ thuật & Thiết kế,Thiết kế đồ họa,4.5
STU1473,6.0,9.0,7.6,6.3,6.7,5.8,9.6,ISTJ,Luật & Xã hội,Luật kinh tế,3.8
STU0262,9.9,5.3,5.8,6.6,8.5,9.8,5.3,ISFP,Y tế & Sức khỏe,Y đa khoa,4.4
STU1563,6.0,9.5,8.0,5.4,5.0,5.8,9.5,ISTJ,Luật & Xã hội,Công tác xã hội,4.2
STU0749,7.3,9.4,9.6,6.3,5.8,7.0,10.0,INFJ,Sư phạm & Giáo dục,Giáo dục Tiểu học,4.4
STU1002,6.1,9.2,9.8,6.3,7.0,5.0,7.8,ISFP,Ngôn ngữ & Văn hóa,Quốc tế học,4.8
STU1761,8.3,5.3,6.0,8.7,7.3,5.0,6.8,ISTJ,"Kỹ thuật, Cơ khí & Ô tô",Kỹ thuật điều khiển và tự động hóa,4.3
STU1832,8.3,6.4,6.6,9.6,7.1,6.3,6.4,ISTJ,"Kỹ thuật, Cơ khí & Ô tô",Kỹ thuật cơ khí,3.9
STU2244,9.4,5.5,5.4,8.3,6.2,6.3,5.9,ISTP,Xây dựng & Quy hoạch,Kỹ thuật cấp thoát nước,4.8
STU0999,6.0,8.8,9.8,5.6,5.6,5.4,8.2,ISFP,Ngôn ngữ & Văn hóa,Ngôn ngữ Anh,4.7
STU0568,9.0,8.7,8.2,6.0,6.1,6.7,6.0,ESTJ,Kinh tế & Quản lý,Kinh tế quốc tế,4.7
STU0323,9.5,5.8,6.7,6.7,9.4,8.6,6.2,ISFJ,Y tế & Sức khỏe,Y học cổ truyền,4.2
STU1889,7.6,6.7,5.8,6.4,8.9,8.8,6.5,ISTJ,Nông nghiệp & Môi trường,Công nghệ sinh học,4.0
STU2080,5.7,6.5,6.2,5.4,4.2,5.7,6.7,ESFP,Nông nghiệp & Môi trường,Lâm nghiệp đô thị,3.3
STU0349,10.0,6.0,6.5,6.0,8.5,8.5,5.5,ISFP,Y tế & Sức khỏe,Y học cổ truyền,4.9
STU1088,5.3,9.9,8.1,6.0,6.5,5.3,7.4,ENFP,Truyền thông & Báo chí,Quan hệ công chúng,4.6
STU1846,9.4,5.0,5.9,9.6,7.7,6.7,6.5,INTJ,"Kỹ thuật, Cơ khí & Ô tô",Công nghệ kỹ thuật ô tô,4.5
STU0301,9.9,6.4,5.4,6.2,9.2,8.8,6.1,ISFP,Y tế & Sức khỏe,Quản lý bệnh viện,4.3
STU1388,6.8,8.1,6.4,6.8,5.9,6.6,6.8,ISFP,Nghệ thuật & Thiết kế,Đạo diễn Điện ảnh - Truyền hình,4.2
STU1510,5.9,8.6,7.7,5.8,5.7,6.2,9.2,ENTJ,Luật & Xã hội,Chính trị học,4.9
STU1248,6.8,8.8,9.2,5.3,6.3,6.0,7.9,ESFP,Truyền thông & Báo chí,Quan hệ công chúng,4.0
STU1005,6.7,8.3,9.7,7.0,5.1,6.4,7.4,ISFP,Ngôn ngữ & Văn hóa,Ngôn ngữ Hàn Quốc,4.1
STU0965,5.5,9.2,9.2,6.9,6.2,5.8,7.7,ISFP,Ngôn ngữ & Văn hóa,Văn học,3.9
STU2366,5.7,7.3,8.7,5.1,5.4,6.2,8.9,ESTP,Du lịch & Dịch vụ,Quản trị dịch vụ du lịch và lữ hành,4.6
STU2352,6.8,8.1,8.9,7.0,6.6,5.8,8.0,ESFP,Du lịch & Dịch vụ,Quản trị dịch vụ du lịch và lữ hành,3.8
STU2163,8.0,6.6,5.2,8.8,7.1,6.2,5.4,ISTP,Xây dựng & Quy hoạch,Địa kỹ thuật xây dựng,4.3
STU0316,9.8,6.8,6.6,6.6,8.6,8.8,6.1,ISFJ,Y tế & Sức khỏe,Y đa khoa,4.2
STU2204,8.3,6.4,5.7,9.4,7.9,5.2,5.7,ISTP,Xây dựng & Quy hoạch,Kỹ thuật xây dựng,4.3
STU0454,8.4,7.3,9.4,6.8,6.3,6.3,6.8,ESTP,Kinh tế & Quản lý,Kế toán,4.9
STU0914,7.0,8.6,9.8,6.3,6.5,6.7,8.6,INFP,Ngôn ngữ & Văn hóa,Quốc tế học,4.9
STU0602,8.6,7.9,8.2,5.7,7.0,6.5,5.9,ENTP,Kinh tế & Quản lý,Tài chính - Ngân hàng,4.4
STU0176,8.6,6.7,9.3,9.3,7.9,5.2,6.3,INTP,Công nghệ Thông tin & Kỹ thuật Máy tính,Kỹ thuật phần mềm,4.9
STU0901,6.5,8.7,9.2,6.4,6.1,5.1,7.7,INFP,Ngôn ngữ & Văn hóa,Ngôn ngữ học,3.8
STU1095,6.7,9.6,9.3,6.9,5.5,5.2,7.4,ESFP,Truyền thông & Báo chí,Báo chí,4.7
STU2492,6.2,7.7,8.6,5.9,5.8,5.2,8.6,ESFP,Du lịch & Dịch vụ,Du lịch,4.9
STU0038,8.6,5.6,9.1,9.4,6.3,6.8,5.8,INTP,Công nghệ Thông tin & Kỹ thuật Máy tính,Khoa học Máy tính,4.7
STU0975,5.3,8.9,9.6,6.5,5.5,5.8,7.9,INTP,Ngôn ngữ & Văn hóa,Quốc tế học,4.0
STU0124,8.9,6.7,8.8,9.3,7.6,5.2,6.5,INTP,Công nghệ Thông tin & Kỹ thuật Máy tính,Mạng máy tính và truyền thông dữ liệu,4.7
STU1737,9.0,6.9,6.8,9.7,8.3,5.5,5.7,ISTP,"Kỹ thuật, Cơ khí & Ô tô",Kỹ thuật điện tử - viễn thông,4.7
STU1054,5.7,9.6,8.7,6.8,5.9,6.2,7.3,ENFP,Truyền thông & Báo chí,Báo chí,3.9
STU1365,5.2,7.8,6.2,5.1,5.6,6.1,7.4,INFP,Nghệ thuật & Thiết kế,Kiến trúc,4.0
STU0395,4.1,6.2,6.8,4.5,6.4,5.5,4.3,ENFJ,Y tế & Sức khỏe,Kỹ thuật hình ảnh y học,2.5
STU1256,6.2,8.2,5.0,5.7,6.6,5.5,8.3,INFJ,Nghệ thuật & Thiết kế,Thiết kế đồ họa,4.0
STU1595,6.1,9.0,7.1,6.2,5.8,6.0,9.2,ISTJ,Luật & Xã hội,Luật,4.4
STU0040,9.2,5.4,8.2,9.5,8.1,6.8,6.5,ISTP,Công nghệ Thông tin & Kỹ thuật Máy tính,Khoa học dữ liệu,4.4
STU1928,7.9,5.9,6.4,5.9,8.7,9.7,5.3,INFP,Nông nghiệp & Môi trường,Nông nghiệp,4.2
STU2003,7.8,5.1,5.9,6.2,8.2,9.3,5.9,ISTJ,Nông nghiệp & Môi trường,Thú y,4.4
STU1767,8.1,6.2,6.9,9.3,7.4,5.3,5.7,ESTP,"Kỹ thuật, Cơ khí & Ô tô",Kỹ thuật điều khiển và tự động hóa,4.3
STU2484,7.0,7.9,8.7,5.3,6.3,5.6,7.8,ESFP,Du lịch & Dịch vụ,Du lịch,4.0
STU1317,6.8,7.5,6.1,5.5,6.7,5.7,8.3,ISFP,Nghệ thuật & Thiết kế,Thiết kế công nghiệp,4.5
STU0635,6.1,9.3,9.6,6.1,7.0,5.2,10.0,INFJ,Sư phạm & Giáo dục,Sư phạm Vật lý,4.1
STU1382,6.2,9.0,6.4,5.1,5.0,6.6,8.4,INFJ,Nghệ thuật & Thiết kế,Đạo diễn Điện ảnh - Truyền hình,4.9
STU0580,9.3,7.0,8.9,6.3,6.6,6.7,6.3,ENTP,Kinh tế & Quản lý,Quản trị kinh doanh,4.6
STU2077,8.1,6.8,5.8,6.5,8.2,9.3,6.7,INFP,Nông nghiệp & Môi trường,Công nghệ thực phẩm,3.9
STU0893,5.8,8.5,9.6,6.4,5.7,6.6,8.6,INFP,Ngôn ngữ & Văn hóa,Tiếng Việt và văn hoá Việt Nam,3.9
STU0781,4.5,6.8,6.8,5.0,4.9,6.7,4.6,INTP,Sư phạm & Giáo dục,Sư phạm Toán học,3.0
STU0160,9.9,6.3,7.5,8.9,6.6,6.3,6.3,ISTJ,Công nghệ Thông tin & Kỹ thuật Máy tính,Khoa học Máy tính,3.9
STU1076,5.4,9.6,8.6,5.7,5.4,7.0,7.1,ENTP,Truyền thông & Báo chí,Báo chí,4.8
STU1966,8.1,5.1,6.4,5.5,8.2,9.0,6.8,ISFP,Nông nghiệp & Môi trường,Lâm nghiệp đô thị,4.4
STU0062,9.4,6.4,10.0,9.1,6.7,6.7,5.2,ISTP,Công nghệ Thông tin & Kỹ thuật Máy tính,Công nghệ thông tin,4.2
STU0850,5.2,8.5,9.2,6.1,6.4,6.0,7.9,INTP,Ngôn ngữ & Văn hóa,Ngôn ngữ Trung Quốc,4.8
STU1997,8.0,5.5,6.2,6.0,8.1,8.8,6.8,ISFP,Nông nghiệp & Môi trường,Nông nghiệp,4.0
STU2407,5.8,8.3,8.4,5.4,6.5,6.9,7.8,ESFP,Du lịch & Dịch vụ,Du lịch,4.9
STU1044,6.1,8.9,8.8,6.5,6.4,7.0,7.7,ENTP,Truyền thông & Báo chí,Lưu trữ học,4.2
STU2076,8.0,6.8,6.8,5.9,9.3,9.6,6.1,ISFP,Nông nghiệp & Môi trường,Khoa học môi trường,4.7
STU1125,5.9,9.8,8.2,5.1,5.9,6.0,7.8,ENTP,Truyền thông & Báo chí,Quan hệ công chúng,4.0
STU0054,9.2,6.1,8.8,9.4,6.7,5.9,5.2,INTP,Công nghệ Thông tin & Kỹ thuật Máy tính,Thiết kế vi mạch,4.0
STU2207,8.3,6.8,5.7,8.6,7.9,5.2,7.0,ISTP,Xây dựng & Quy hoạch,Kinh tế xây dựng,4.2
STU0506,9.9,8.2,8.8,5.1,6.7,6.3,6.3,ENTP,Kinh tế & Quản lý,Kế toán,4.4
STU0753,6.1,9.3,8.2,6.1,5.2,5.9,9.5,ENFJ,Sư phạm & Giáo dục,Sư phạm Tiếng Anh,4.6
STU1377,6.5,9.0,5.4,6.2,6.5,5.3,7.1,INFP,Nghệ thuật & Thiết kế,Đạo diễn Điện ảnh - Truyền hình,4.9
STU1627,5.7,8.7,8.5,6.7,6.0,6.3,8.8,INFJ,Luật & Xã hội,Luật quốc tế,4.7
STU1990,7.5,5.5,6.0,5.7,8.5,9.6,5.1,ISTJ,Nông nghiệp & Môi trường,Công nghệ thực phẩm,4.0
STU1058,5.5,8.8,8.7,5.3,6.0,6.1,8.8,ENFP,Truyền thông & Báo chí,Báo chí,4.7
STU2045,7.9,6.0,6.4,5.4,8.6,9.2,6.6,ISTJ,Nông nghiệp & Môi trường,Khoa học cây trồng,4.2
STU0772,6.3,9.5,9.1,6.9,6.6,6.1,9.0,ESFJ,Sư phạm & Giáo dục,Giáo dục Tiểu học,4.7
STU2335,4.3,4.1,4.5,5.7,5.7,4.2,5.4,INTP,Du lịch & Dịch vụ,Quản lý thể dục thể thao,2.8
STU2231,8.4,5.4,5.8,8.5,6.7,5.7,5.0,ISTJ,Xây dựng & Quy hoạch,Kinh tế xây dựng,4.3
STU1545,5.2,9.0,8.4,6.9,6.1,6.3,8.9,INTJ,Luật & Xã hội,Quản lý nhà nước,3.9
STU1188,5.1,8.6,9.3,5.7,6.1,6.2,7.4,ENFP,Truyền thông & Báo chí,Thông tin - thư viện,4.7
STU2423,6.0,7.3,9.1,5.1,6.8,6.3,8.0,ESTP,Du lịch & Dịch vụ,Du lịch,4.9
STU1914,6.5,6.2,5.8,5.5,5.5,5.5,4.3,INTJ,Nông nghiệp & Môi trường,Nông nghiệp,3.3
STU1326,5.6,8.7,5.2,5.3,5.7,5.7,8.3,INFJ,Nghệ thuật & Thiết kế,Kiến trúc,4.4
STU2037,8.1,6.6,6.7,5.3,8.6,9.6,5.6,INFP,Nông nghiệp & Môi trường,Thú y,4.1
STU0964,5.5,8.2,9.8,6.3,6.5,6.9,7.9,ISFP,Ngôn ngữ & Văn hóa,Văn học,4.2
STU2273,9.5,6.8,5.3,8.8,7.0,5.6,5.6,ISTP,Xây dựng & Quy hoạch,Công nghệ kỹ thuật công trình xây dựng,3.8
STU0399,9.2,6.2,6.7,5.6,8.8,9.9,5.5,ISFP,Y tế & Sức khỏe,Quản lý bệnh viện,4.4
STU0585,9.4,7.1,9.3,6.0,7.0,5.7,6.1,ESTJ,Kinh tế & Quản lý,Marketing,4.6
STU0949,5.2,8.2,9.7,6.6,6.1,6.6,8.9,ISFP,Ngôn ngữ & Văn hóa,Ngôn ngữ Nhật,4.5
STU0705,4.1,5.1,5.3,4.7,5.1,6.0,5.6,ENTJ,Sư phạm & Giáo dục,Sư phạm Toán học,2.5
STU0432,6.5,5.5,4.1,4.5,5.8,5.0,4.9,ISFJ,Kinh tế & Quản lý,Thương mại điện tử,2.1
STU0293,9.3,5.9,6.1,7.0,9.8,8.8,6.4,INFJ,Y tế & Sức khỏe,Y học cổ truyền,4.2
STU1847,9.2,5.9,6.2,8.7,7.9,6.4,5.8,ESTP,"Kỹ thuật, Cơ khí & Ô tô",Kỹ thuật cơ điện tử,4.5
STU2092,9.0,6.9,6.0,8.3,7.5,6.7,6.6,ESTJ,Xây dựng & Quy hoạch,Kinh tế xây dựng,4.6
STU2410,5.4,7.8,8.3,6.3,5.0,5.7,8.5,ESFP,Du lịch & Dịch vụ,Quản lý thể dục thể thao,4.6
STU0003,9.4,5.9,7.6,9.4,6.6,5.6,6.3,ISTJ,Công nghệ Thông tin & Kỹ thuật Máy tính,Công nghệ thông tin,4.1
STU0577,8.9,8.8,9.0,6.7,6.4,5.9,5.3,ESTJ,Kinh tế & Quản lý,Kinh tế quốc tế,4.0
STU2109,9.3,5.6,6.8,9.1,7.6,6.9,6.1,ISTP,Xây dựng & Quy hoạch,Kỹ thuật cấp thoát nước,4.3
STU0340,9.2,6.8,6.5,5.6,9.5,8.6,6.8,INFJ,Y tế & Sức khỏe,Y đa khoa,4.0
STU1104,6.9,8.7,8.6,5.3,5.2,6.5,7.3,ENFP,Truyền thông & Báo chí,Lưu trữ học,4.9
STU0926,6.9,8.3,9.1,6.8,6.8,6.8,7.4,INFP,Ngôn ngữ & Văn hóa,Ngôn ngữ Trung Quốc,4.1
STU0266,8.7,5.3,5.6,6.6,9.6,9.8,5.6,ISFP,Y tế & Sức khỏe,Y học cổ truyền,4.8
STU0377,9.5,5.8,5.5,6.1,9.9,9.5,6.6,ISTJ,Y tế & Sức khỏe,Quản lý bệnh viện,4.1
STU0272,9.3,6.8,6.0,5.7,8.7,8.7,6.0,ISFJ,Y tế & Sức khỏe,Răng - Hàm - Mặt,4.4
STU0697,7.4,9.3,9.2,5.5,6.0,6.2,9.9,ENFJ,Sư phạm & Giáo dục,Sư phạm Ngữ văn,4.8
STU1615,5.2,9.9,8.2,5.5,6.0,6.3,8.9,ISTJ,Luật & Xã hội,Luật,4.7
STU0245,8.7,6.3,6.6,6.1,9.6,9.6,6.8,ISTJ,Y tế & Sức khỏe,Điều dưỡng,3.8
STU1526,6.0,9.8,7.6,5.8,5.0,6.9,9.0,ENTJ,Luật & Xã hội,Chính trị học,4.0
STU0477,9.6,8.7,9.6,6.8,6.4,5.8,5.8,ENTP,Kinh tế & Quản lý,Tài chính - Ngân hàng,4.9
STU2455,5.1,8.2,8.3,5.1,5.2,6.8,8.7,ESFP,Du lịch & Dịch vụ,Quản trị dịch vụ du lịch và lữ hành,4.6
STU1194,5.1,9.5,8.1,5.0,6.4,5.7,7.4,ESFP,Truyền thông & Báo chí,Truyền thông đại chúng,4.6
STU1284,7.0,8.2,6.6,6.5,5.1,6.8,6.6,ISFP,Nghệ thuật & Thiết kế,Kiến trúc,4.6
STU1164,5.9,9.9,9.1,5.1,5.2,6.5,7.4,ENTP,Truyền thông & Báo chí,Truyền thông đa phương tiện,4.1
STU1299,5.3,7.9,6.6,5.4,5.4,5.0,7.7,ISFP,Nghệ thuật & Thiết kế,Thiết kế nội thất,3.9
STU0251,8.8,5.4,6.5,5.3,9.3,9.0,6.7,ISFP,Y tế & Sức khỏe,Kỹ thuật phục hồi chức năng,4.0
STU0414,8.8,5.9,5.8,5.0,9.8,9.6,5.9,ISFJ,Y tế & Sức khỏe,Y học cổ truyền,4.3
STU1695,8.9,6.1,5.4,9.4,7.4,6.7,5.9,ESTP,"Kỹ thuật, Cơ khí & Ô tô",Kỹ thuật cơ khí,3.8
STU1646,5.2,8.6,7.1,5.5,5.5,5.7,8.6,ENTJ,Luật & Xã hội,Luật quốc tế,3.9
STU0311,9.2,6.6,5.9,5.4,9.2,8.9,5.3,ISFJ,Y tế & Sức khỏe,Quản lý bệnh viện,4.7
STU0894,6.9,8.4,9.6,6.8,5.4,6.6,7.1,INTP,Ngôn ngữ & Văn hóa,Ngôn ngữ Hàn Quốc,4.7
STU2419,5.6,7.4,8.7,6.4,5.5,6.9,8.5,ESFJ,Du lịch & Dịch vụ,Quản trị khách sạn,3.8
STU0016,9.8,5.1,7.7,8.1,8.2,5.3,6.9,INTJ,Công nghệ Thông tin & Kỹ thuật Máy tính,Thiết kế vi mạch,4.5
STU0722,7.5,9.8,9.8,5.7,5.3,5.6,9.3,ESFJ,Sư phạm & Giáo dục,Giáo dục Mầm non,4.3
STU2187,8.7,6.1,5.5,8.6,7.7,5.5,6.0,ESTJ,Xây dựng & Quy hoạch,Địa kỹ thuật xây dựng,4.6
STU0982,5.2,9.2,9.6,6.5,6.6,5.9,7.7,INTP,Ngôn ngữ & Văn hóa,Tiếng Việt và văn hoá Việt Nam,5.0
STU2101,8.5,5.5,6.1,8.5,7.7,6.8,5.0,ISTP,Xây dựng & Quy hoạch,Địa kỹ thuật xây dựng,4.5
STU1967,8.0,5.2,6.0,5.0,8.3,9.1,6.4,ISTJ,Nông nghiệp & Môi trường,Nông nghiệp,3.8
STU0364,9.4,6.4,5.3,6.3,9.2,9.3,6.7,ISFJ,Y tế & Sức khỏe,Kỹ thuật phục hồi chức năng,4.5
STU1390,6.6,7.6,5.7,5.0,6.3,6.8,7.7,ISFP,Nghệ thuật & Thiết kế,Thiết kế thời trang,4.6
STU0183,9.1,5.3,9.6,9.3,7.7,6.9,5.3,ISTJ,Công nghệ Thông tin & Kỹ thuật Máy tính,Khoa học Máy tính,4.6
STU0986,6.3,8.9,9.8,6.5,5.0,5.6,8.1,INFP,Ngôn ngữ & Văn hóa,Văn học,3.8
STU1953,7.1,6.8,7.0,5.2,9.1,10.0,6.7,INFP,Nông nghiệp & Môi trường,Công nghệ sinh học,4.4
STU1226,6.4,9.7,8.6,6.5,6.8,6.1,8.4,ESFP,Truyền thông & Báo chí,Truyền thông đa phương tiện,4.2
STU2411,5.9,7.4,8.7,6.7,6.8,5.2,8.0,ENFP,Du lịch & Dịch vụ,Quản trị khách sạn,4.0
STU0188,9.3,5.1,8.0,8.0,7.4,6.5,5.6,INTJ,Công nghệ Thông tin & Kỹ thuật Máy tính,Kỹ thuật phần mềm,4.1
STU0620,9.0,7.4,10.0,5.7,5.6,6.8,6.4,ENTJ,Kinh tế & Quản lý,Quản trị kinh doanh,3.8
STU2134,9.2,6.0,6.2,9.4,6.2,6.9,5.8,ISTP,Xây dựng & Quy hoạch,Kinh tế xây dựng,4.6
STU0615,8.7,7.2,9.8,6.6,6.5,5.3,5.5,ESTP,Kinh tế & Quản lý,Kinh doanh quốc tế,4.8
STU2261,8.0,6.5,6.2,8.2,7.0,5.2,6.6,ISTJ,Xây dựng & Quy hoạch,Kỹ thuật cấp thoát nước,4.5
STU0995,5.5,9.0,9.2,5.2,6.2,6.5,7.2,INTP,Ngôn ngữ & Văn hóa,Ngôn ngữ Trung Quốc,4.6
STU2027,8.4,5.2,6.3,5.6,9.2,9.3,6.7,ISFP,Nông nghiệp & Môi trường,Công nghệ thực phẩm,4.8
STU0372,5.8,6.7,5.6,4.0,5.4,6.7,5.7,ESFP,Y tế & Sức khỏe,Y học dự phòng,2.4
STU1658,5.3,9.8,8.0,5.3,6.1,5.7,8.7,INFJ,Luật & Xã hội,Xã hội học,4.3
STU0594,8.8,8.8,9.2,6.9,5.3,6.0,6.4,ENTJ,Kinh tế & Quản lý,Kiểm toán,4.8
STU0727,6.9,9.6,9.4,6.4,5.4,5.9,9.0,ESFJ,Sư phạm & Giáo dục,Giáo dục Tiểu học,4.0
STU1838,9.3,6.0,5.7,9.7,7.1,6.9,6.5,ISTJ,"Kỹ thuật, Cơ khí & Ô tô",Robot và Trí tuệ nhân tạo,4.3
STU0688,6.6,9.1,8.2,5.6,6.3,6.9,9.7,INFJ,Sư phạm & Giáo dục,Giáo dục Mầm non,4.0
STU1657,5.5,5.8,4.5,4.8,6.4,4.9,5.1,ENFJ,Luật & Xã hội,Tâm lý học,2.5
STU0137,8.9,5.8,8.9,9.8,7.4,5.1,6.0,ISTJ,Công nghệ Thông tin & Kỹ thuật Máy tính,Khoa học dữ liệu,3.9
STU0629,6.6,9.6,8.1,5.3,6.9,6.0,9.4,ESFJ,Sư phạm & Giáo dục,Giáo dục Tiểu học,4.9
STU0335,9.9,6.9,5.2,5.6,9.0,9.6,6.5,ISTJ,Y tế & Sức khỏe,Dược học,4.2
STU1477,5.0,8.7,7.7,6.3,6.7,6.7,8.7,ISTJ,Luật & Xã hội,Công tác xã hội,5.0
STU2304,5.9,8.1,8.0,5.1,5.8,6.0,9.0,ENFP,Du lịch & Dịch vụ,Quản trị dịch vụ du lịch và lữ hành,4.5
STU1110,6.6,9.3,8.4,6.9,5.8,5.7,7.3,ENFP,Truyền thông & Báo chí,Truyền thông đa phương tiện,4.9
STU1303,6.8,7.8,6.1,5.0,5.7,6.4,8.1,INFJ,Nghệ thuật & Thiết kế,Thiết kế nội thất,4.1
STU2108,8.4,5.6,6.9,9.1,7.6,6.3,6.1,ISTJ,Xây dựng & Quy hoạch,Quản lý xây dựng,4.4
STU0711,6.8,8.5,9.7,6.1,5.5,6.9,9.8,INFJ,Sư phạm & Giáo dục,Sư phạm Toán học,4.0
STU1040,6.6,8.2,9.6,6.1,6.0,6.7,7.4,INTP,Ngôn ngữ & Văn hóa,Văn học,4.2
STU1898,7.7,5.8,5.1,5.2,8.7,9.5,6.2,ISFP,Nông nghiệp & Môi trường,Công nghệ sau thu hoạch,4.2
STU1442,6.6,4.2,5.9,6.2,7.0,4.9,6.4,ENTP,Nghệ thuật & Thiết kế,Kiến trúc,1.9
STU2317,5.9,8.2,9.2,6.5,6.6,6.1,7.7,ESTP,Du lịch & Dịch vụ,Quản trị nhà hàng và dịch vụ ăn uống,4.7
STU1113,6.2,8.7,9.2,5.6,6.7,6.9,7.9,ENFP,Truyền thông & Báo chí,Truyền thông đa phương tiện,4.2
STU0466,9.0,8.8,9.0,5.6,6.4,5.3,6.3,ENTP,Kinh tế & Quản lý,Quản trị kinh doanh,3.9
STU1357,6.8,8.9,6.0,5.9,6.8,5.0,8.5,INFJ,Nghệ thuật & Thiết kế,Thanh nhạc,4.4
STU2468,6.8,7.4,9.2,6.4,6.3,5.9,8.2,ESFJ,Du lịch & Dịch vụ,Du lịch,4.7
STU1849,9.1,5.3,6.1,9.7,7.9,6.9,5.5,ISTJ,"Kỹ thuật, Cơ khí & Ô tô",Kỹ thuật điều khiển và tự động hóa,3.9
STU1105,5.1,9.6,8.3,6.5,6.1,5.9,7.6,ENTP,Truyền thông & Báo chí,Truyền thông đa phương tiện,4.5
STU1384,5.5,8.1,6.9,6.0,5.2,5.2,7.0,INFJ,Nghệ thuật & Thiết kế,Thiết kế thời trang,4.7
STU1993,8.5,5.8,6.4,5.3,8.1,9.4,5.7,INFP,Nông nghiệp & Môi trường,Nông nghiệp,4.2
STU1448,5.3,8.8,6.3,5.8,5.8,6.8,7.4,ISFP,Nghệ thuật & Thiết kế,Thiết kế công nghiệp,4.4
STU2088,9.3,5.1,5.9,8.6,7.9,7.0,5.1,ISTJ,Xây dựng & Quy hoạch,Kinh tế xây dựng,4.7
STU1273,6.6,8.0,6.3,6.0,6.8,5.1,8.2,ISFP,Nghệ thuật & Thiết kế,Thiết kế đồ họa,4.0
STU1814,9.0,6.2,5.5,9.1,7.3,6.5,6.0,INTJ,"Kỹ thuật, Cơ khí & Ô tô",Kỹ thuật điện,5.0
STU2095,9.0,6.8,6.3,8.6,7.9,5.9,6.2,ISTP,Xây dựng & Quy hoạch,Kỹ thuật xây dựng,4.0
STU0817,7.2,9.6,9.3,6.5,5.3,5.8,9.8,ENFJ,Sư phạm & Giáo dục,Tâm lý học giáo dục,4.6
STU1068,5.6,9.2,8.8,6.2,6.1,5.1,7.9,ESFP,Truyền thông & Báo chí,Quan hệ công chúng,4.6
STU0275,6.5,5.8,6.4,6.5,4.5,6.0,4.8,INTP,Y tế & Sức khỏe,Y đa khoa,3.3
STU1698,8.8,6.6,6.3,9.2,8.0,6.2,5.4,INTJ,"Kỹ thuật, Cơ khí & Ô tô",Kỹ thuật cơ khí,4.7
STU0866,5.8,8.4,9.5,5.8,5.7,5.7,8.4,INTP,Ngôn ngữ & Văn hóa,Ngôn ngữ học,4.3
STU0102,9.0,6.5,8.6,8.6,7.8,6.1,5.6,INTJ,Công nghệ Thông tin & Kỹ thuật Máy tính,Khoa học dữ liệu,4.4
STU1538,5.3,9.2,7.1,6.3,6.6,6.8,8.8,ENTJ,Luật & Xã hội,Tâm lý học,4.1
STU0108,9.1,6.1,8.9,8.8,6.3,7.0,6.4,ENTP,Công nghệ Thông tin & Kỹ thuật Máy tính,Công nghệ thông tin,4.2
STU2485,5.3,8.2,8.9,6.7,5.9,6.4,8.0,ESFJ,Du lịch & Dịch vụ,Du lịch,4.6
STU2348,5.9,7.3,8.6,6.2,5.8,5.1,8.7,ENFP,Du lịch & Dịch vụ,Quản lý thể dục thể thao,3.8
STU1753,8.1,6.4,5.8,8.9,8.3,5.2,6.2,ISTJ,"Kỹ thuật, Cơ khí & Ô tô",Kỹ thuật cơ khí,4.3
STU1221,6.9,8.5,9.0,5.6,6.5,6.4,7.8,ESFP,Truyền thông & Báo chí,Lưu trữ học,3.8
STU1988,8.0,5.4,6.4,5.1,8.8,8.7,5.8,INFP,Nông nghiệp & Môi trường,Nuôi trồng thủy sản,4.5
STU1712,8.1,6.5,7.0,9.0,8.5,5.1,5.0,ISTJ,"Kỹ thuật, Cơ khí & Ô tô",Kỹ thuật cơ điện tử,4.2
STU1217,6.1,10.0,8.1,5.0,5.3,6.2,7.6,ENTP,Truyền thông & Báo chí,Công nghệ truyền thông,3.9
STU2339,5.1,7.5,9.4,5.7,6.2,6.6,7.7,ENFP,Du lịch & Dịch vụ,Quản lý thể dục thể thao,4.3
STU0713,7.2,9.9,9.2,6.9,6.2,5.3,9.0,ESFJ,Sư phạm & Giáo dục,Sư phạm Tin học,4.2
STU0073,9.2,5.6,7.7,9.8,6.2,6.7,5.9,INTJ,Công nghệ Thông tin & Kỹ thuật Máy tính,Khoa học dữ liệu,4.9
STU1806,5.0,6.7,4.4,5.7,6.9,5.8,4.3,ESFP,"Kỹ thuật, Cơ khí & Ô tô",Kỹ thuật điện tử - viễn thông,2.3
STU2400,6.1,8.3,8.4,6.4,6.9,6.9,7.9,ESFP,Du lịch & Dịch vụ,Quản trị dịch vụ du lịch và lữ hành,4.4
STU0482,8.2,8.5,8.7,5.0,6.7,5.9,5.6,ESTJ,Kinh tế & Quản lý,Quản trị kinh doanh,3.9
STU2294,6.9,7.2,9.0,5.5,5.8,6.1,8.9,ESFJ,Du lịch & Dịch vụ,Du lịch,4.1
STU1565,5.9,8.6,8.1,6.2,7.0,6.8,9.7,INTJ,Luật & Xã hội,Luật quốc tế,4.1
STU1172,5.0,9.2,8.8,5.8,6.6,6.8,7.0,ENTP,Truyền thông & Báo chí,Báo chí,5.0
STU2016,8.4,6.5,5.2,5.4,9.3,9.7,6.8,INFP,Nông nghiệp & Môi trường,Công nghệ thực phẩm,4.2
STU1431,5.2,8.1,6.6,5.3,6.8,5.7,7.6,INFJ,Nghệ thuật & Thiết kế,Thiết kế thời trang,5.0
STU0406,9.5,5.2,5.8,5.4,9.2,9.8,5.3,ISFJ,Y tế & Sức khỏe,Răng - Hàm - Mặt,4.0
STU0758,6.3,9.2,9.8,6.4,6.3,6.7,9.3,ISFJ,Sư phạm & Giáo dục,Sư phạm Tin học,4.2
STU1360,5.7,7.9,6.3,5.8,5.0,6.1,6.8,INFP,Nghệ thuật & Thiết kế,Thiết kế thời trang,4.9
STU1617,5.1,9.8,7.6,5.3,6.8,5.3,9.9,ENTJ,Luật & Xã hội,Luật kinh tế,4.7
STU1304,5.8,9.0,5.3,5.9,5.9,5.5,6.9,INFJ,Nghệ thuật & Thiết kế,Thiết kế đồ họa,3.9
STU1764,8.6,5.8,6.4,10.0,7.4,6.5,5.9,ISTP,"Kỹ thuật, Cơ khí & Ô tô",Kỹ thuật cơ khí,4.6
STU0744,6.4,9.0,9.2,5.5,5.2,6.6,9.8,ISFJ,Sư phạm & Giáo dục,Giáo dục Mầm non,3.9
STU0807,6.5,9.7,9.9,5.3,5.6,5.2,9.5,ENFJ,Sư phạm & Giáo dục,Sư phạm Tin học,4.9
STU2305,6.3,6.0,4.8,6.8,6.5,5.4,6.8,ENFP,Du lịch & Dịch vụ,Du lịch,3.0
STU1503,6.7,9.2,7.2,5.0,5.9,5.7,9.1,INTJ,Luật & Xã hội,Luật,4.6
STU1892,8.3,6.4,5.7,6.1,8.9,9.7,5.9,ISFJ,Nông nghiệp & Môi trường,Khoa học cây trồng,4.8
STU1430,5.4,8.7,5.4,6.9,5.3,5.2,7.8,INFP,Nghệ thuật & Thiết kế,Thiết kế nội thất,4.3
STU0149,9.2,6.7,7.7,8.1,8.3,5.4,6.7,ENTP,Công nghệ Thông tin & Kỹ thuật Máy tính,Thiết kế vi mạch,4.7
STU1229,5.7,8.8,9.3,5.6,6.9,6.2,7.5,ESFP,Truyền thông & Báo chí,Công nghệ truyền thông,3.9
STU1944,8.4,5.6,6.4,5.9,9.1,9.6,7.0,ISTJ,Nông nghiệp & Môi trường,Nông nghiệp,4.9
STU0693,5.0,6.1,5.1,7.0,5.7,4.6,4.8,ISFP,Sư phạm & Giáo dục,Sư phạm Ngữ văn,1.6
STU0819,7.4,8.6,9.3,6.5,5.9,5.2,9.4,INFJ,Sư phạm & Giáo dục,Sư phạm Tin học,5.0
STU2396,6.6,7.5,9.4,5.6,6.0,6.0,7.5,ESTP,Du lịch & Dịch vụ,Quản trị nhà hàng và dịch vụ ăn uống,4.9
STU1913,7.3,5.1,6.2,5.3,8.1,9.2,6.3,ISFP,Nông nghiệp & Môi trường,Khoa học cây trồng,4.2
STU1711,8.9,6.0,5.0,9.7,7.3,5.5,6.5,INTJ,"Kỹ thuật, Cơ khí & Ô tô",Kỹ thuật điện tử - viễn thông,4.8
STU0702,6.3,9.5,9.9,6.8,7.0,5.3,9.1,ENFJ,Sư phạm & Giáo dục,Sư phạm Tiếng Anh,4.3
STU2208,8.9,5.8,5.1,8.0,6.8,6.5,5.6,ISTP,Xây dựng & Quy hoạch,Công nghệ kỹ thuật công trình xây dựng,5.0
STU0922,5.9,8.2,9.3,6.4,5.8,6.8,8.0,INFP,Ngôn ngữ & Văn hóa,Ngôn ngữ Anh,4.9
STU0906,6.6,9.4,9.9,5.2,5.2,5.0,8.9,INFP,Ngôn ngữ & Văn hóa,Quốc tế học,4.5
STU0455,9.7,7.4,9.0,6.1,5.0,6.1,6.5,ESTP,Kinh tế & Quản lý,Kế toán,4.5
STU1816,9.2,6.3,5.1,10.0,8.3,5.3,6.2,ISTP,"Kỹ thuật, Cơ khí & Ô tô",Robot và Trí tuệ nhân tạo,4.1
STU1789,9.1,6.7,6.5,9.6,7.5,5.7,6.0,ESTP,"Kỹ thuật, Cơ khí & Ô tô",Kỹ thuật cơ khí,4.6
STU1227,6.9,9.1,9.4,5.4,6.9,5.9,8.2,ESFP,Truyền thông & Báo chí,Quan hệ công chúng,4.7
STU0168,8.9,6.0,8.9,9.6,7.9,5.6,5.5,ENTP,Công nghệ Thông tin & Kỹ thuật Máy tính,An toàn thông tin,4.3
STU0731,6.0,8.7,9.9,5.4,6.3,6.9,9.5,INFJ,Sư phạm & Giáo dục,Sư phạm Toán học,4.2
STU2404,5.4,8.1,9.2,6.2,5.7,5.4,8.1,ESFP,Du lịch & Dịch vụ,Quản lý thể dục thể thao,4.7
STU0027,9.4,5.6,9.6,8.8,6.8,6.4,6.8,ENTP,Công nghệ Thông tin & Kỹ thuật Máy tính,Thiết kế vi mạch,4.3
STU1342,6.5,7.8,7.0,7.0,5.2,5.4,7.5,ISFP,Nghệ thuật & Thiết kế,Kiến trúc,4.3
STU1991,6.4,6.4,4.3,4.5,5.7,4.7,6.0,ESTP,Nông nghiệp & Môi trường,Công nghệ sau thu hoạch,1.6
STU0998,5.7,8.7,9.0,6.3,6.0,6.9,7.1,ISFP,Ngôn ngữ & Văn hóa,Ngôn ngữ Hàn Quốc,4.0
STU1177,6.9,9.4,9.2,5.6,5.2,6.5,7.2,ESFP,Truyền thông & Báo chí,Quan hệ công chúng,4.4
STU1041,6.9,8.9,8.7,6.1,6.6,7.0,8.3,ESFP,Truyền thông & Báo chí,Quan hệ công chúng,4.1
STU1865,8.4,5.8,5.0,9.1,7.0,6.5,6.5,INTJ,"Kỹ thuật, Cơ khí & Ô tô",Robot và Trí tuệ nhân tạo,4.8
STU2008,7.4,5.6,5.4,5.1,9.0,9.5,6.2,ISFP,Nông nghiệp & Môi trường,Nông nghiệp,4.4
STU1883,7.7,5.8,7.0,5.6,9.0,9.3,6.0,ISFP,Nông nghiệp & Môi trường,Nông nghiệp,4.2
STU0042,9.2,5.4,8.2,8.0,7.0,5.5,6.0,ISTP,Công nghệ Thông tin & Kỹ thuật Máy tính,Mạng máy tính và truyền thông dữ liệu,4.5
STU1243,6.3,9.6,8.8,6.7,6.3,6.7,7.5,ENTP,Truyền thông & Báo chí,Công nghệ truyền thông,4.6
STU1623,4.2,5.0,5.0,5.2,6.0,6.9,4.6,INTP,Luật & Xã hội,Quản lý nhà nước,1.7
STU1702,8.5,6.7,6.7,9.8,7.6,6.1,5.2,ISTP,"Kỹ thuật, Cơ khí & Ô tô",Robot và Trí tuệ nhân tạo,4.0
STU1515,5.1,9.8,7.3,6.4,6.2,6.2,8.6,INFJ,Luật & Xã hội,Công tác xã hội,5.0
STU1593,5.0,8.6,7.6,5.5,6.0,5.9,9.3,ISTJ,Luật & Xã hội,Luật quốc tế,4.8
STU0610,9.5,8.6,8.8,6.0,6.1,6.0,5.1,ESTP,Kinh tế & Quản lý,Hệ thống thông tin quản lý,3.9
STU1133,5.7,9.5,9.3,6.6,6.6,6.3,8.9,ESFP,Truyền thông & Báo chí,Quan hệ công chúng,4.7
STU1996,8.4,5.7,5.7,6.0,9.1,8.5,5.1,ISFP,Nông nghiệp & Môi trường,Công nghệ sau thu hoạch,4.0
STU0442,8.7,7.3,8.3,6.8,6.9,6.5,5.1,ESTJ,Kinh tế & Quản lý,Kiểm toán,4.1
STU1350,5.7,7.7,5.8,6.2,6.1,5.7,7.1,ISFP,Nghệ thuật & Thiết kế,Kiến trúc,3.9
STU1576,6.3,9.4,8.3,6.1,5.1,5.1,9.3,ENTJ,Luật & Xã hội,Công tác xã hội,3.9
STU0494,9.5,7.9,9.0,5.6,5.9,5.7,5.8,ESTJ,Kinh tế & Quản lý,Kinh tế quốc tế,4.5
STU1877,7.3,6.0,6.2,5.8,9.1,9.2,5.9,INFP,Nông nghiệp & Môi trường,Công nghệ sau thu hoạch,4.9
STU0237,9.0,5.9,5.2,6.7,9.8,9.9,5.3,INFJ,Y tế & Sức khỏe,Y học dự phòng,4.2
STU0552,9.9,7.3,8.3,5.0,6.7,5.1,5.4,ESTJ,Kinh tế & Quản lý,Kinh doanh quốc tế,4.5
STU0521,9.3,7.7,9.8,5.1,5.1,5.2,5.6,ESTJ,Kinh tế & Quản lý,Kế toán,4.0
STU1660,6.7,8.9,7.7,5.4,6.6,5.6,9.0,INTJ,Luật & Xã hội,Luật kinh tế,4.2
STU1233,5.4,8.9,9.3,6.5,5.4,6.8,8.3,ESFP,Truyền thông & Báo chí,Quan hệ công chúng,4.2
STU1139,6.9,9.5,8.4,5.5,6.2,5.9,8.6,ENFP,Truyền thông & Báo chí,Báo chí,4.2
STU0721,7.4,8.9,9.5,5.2,5.6,5.7,9.4,ISFJ,Sư phạm & Giáo dục,Sư phạm Tin học,4.3
STU1903,7.1,6.4,5.3,6.3,8.7,9.0,6.3,ISFP,Nông nghiệp & Môi trường,Công nghệ thực phẩm,4.3
STU2205,9.0,6.6,5.8,8.6,6.4,6.6,5.3,ISTJ,Xây dựng & Quy hoạch,Kỹ thuật cấp thoát nước,4.3
STU0059,10.0,6.3,8.6,9.5,6.2,6.2,5.5,ISTJ,Công nghệ Thông tin & Kỹ thuật Máy tính,Khoa học dữ liệu,4.4
STU0632,6.2,6.9,6.1,4.3,5.2,6.2,4.3,ESTJ,Sư phạm & Giáo dục,Tâm lý học giáo dục,1.6
STU1182,5.2,8.6,9.5,6.6,5.4,6.4,7.1,ENFP,Truyền thông & Báo chí,Quan hệ công chúng,3.8
STU1641,5.7,9.3,7.2,6.7,6.2,5.1,9.1,ENTJ,Luật & Xã hội,Quản lý nhà nước,4.5
STU0593,8.3,8.5,8.1,5.6,5.2,5.2,6.5,ENTJ,Kinh tế & Quản lý,Kinh doanh quốc tế,4.2
STU2173,8.9,6.6,6.5,9.5,7.5,5.8,6.2,ISTP,Xây dựng & Quy hoạch,Kinh tế xây dựng,4.5
STU0940,5.5,8.5,9.6,6.5,6.9,5.7,7.4,INFP,Ngôn ngữ & Văn hóa,Tiếng Việt và văn hoá Việt Nam,4.1
STU2322,6.4,8.2,8.1,5.6,6.8,6.1,8.1,ESFP,Du lịch & Dịch vụ,Quản trị dịch vụ du lịch và lữ hành,4.1
STU1250,6.5,8.4,5.7,5.5,6.1,6.3,6.9,INFP,Nghệ thuật & Thiết kế,Thiết kế thời trang,3.9
STU0905,5.6,8.9,10.0,5.7,6.0,6.4,7.3,ISFP,Ngôn ngữ & Văn hóa,Ngôn ngữ Nhật,4.4
STU1941,7.7,6.8,6.2,5.9,9.3,8.7,5.9,ISFJ,Nông nghiệp & Môi trường,Công nghệ thực phẩm,4.6
STU2395,5.8,7.5,9.5,6.9,5.9,5.3,8.1,ENFP,Du lịch & Dịch vụ,Quản trị khách sạn,4.7
STU1539,5.8,9.1,7.9,6.9,5.9,5.4,8.6,ISTJ,Luật & Xã hội,Luật,4.9
STU1419,6.5,8.2,6.8,5.7,5.2,5.5,6.7,INFJ,Nghệ thuật & Thiết kế,Thiết kế thời trang,4.0
STU1852,9.0,5.7,6.6,9.9,7.4,5.3,6.7,ESTP,"Kỹ thuật, Cơ khí & Ô tô",Kỹ thuật cơ điện tử,4.7
STU2179,8.3,5.5,7.0,9.3,6.3,6.7,6.5,ISTJ,Xây dựng & Quy hoạch,Kỹ thuật cấp thoát nước,4.4
STU0707,7.4,8.7,9.5,5.6,7.0,6.1,9.4,INFJ,Sư phạm & Giáo dục,Sư phạm Toán học,4.8
STU1023,5.1,9.1,9.9,5.2,5.8,6.7,7.5,INTP,Ngôn ngữ & Văn hóa,Quốc tế học,4.0
STU0746,7.4,9.3,9.7,5.8,5.8,5.9,9.9,INFJ,Sư phạm & Giáo dục,Tâm lý học giáo dục,4.2
STU1850,9.1,6.7,5.3,9.0,8.1,5.5,5.8,ESTP,"Kỹ thuật, Cơ khí & Ô tô",Công nghệ kỹ thuật ô tô,3.9
STU1423,6.0,8.5,5.9,5.4,5.1,6.1,7.3,INFP,Nghệ thuật & Thiết kế,Thiết kế thời trang,4.8
STU0514,8.1,7.9,9.2,6.8,6.4,6.6,5.1,ESTP,Kinh tế & Quản lý,Hệ thống thông tin quản lý,3.9
STU0082,9.4,5.7,9.3,9.1,7.0,5.9,5.2,ISTJ,Công nghệ Thông tin & Kỹ thuật Máy tính,Công nghệ thông tin,4.5
STU2212,8.8,6.9,5.9,9.0,7.0,6.8,6.3,ISTJ,Xây dựng & Quy hoạch,Công nghệ kỹ thuật công trình xây dựng,4.7
STU0915,6.0,8.5,9.5,6.1,6.9,6.5,8.7,ISFP,Ngôn ngữ & Văn hóa,Quốc tế học,4.5
STU2298,5.3,8.0,8.6,7.0,6.4,5.3,8.8,ESTP,Du lịch & Dịch vụ,Quản trị nhà hàng và dịch vụ ăn uống,4.5
STU1813,8.4,6.1,5.3,9.8,8.4,5.0,6.6,ISTJ,"Kỹ thuật, Cơ khí & Ô tô",Kỹ thuật cơ khí,4.8
STU0151,8.8,5.3,9.0,8.2,7.5,6.9,5.1,ISTP,Công nghệ Thông tin & Kỹ thuật Máy tính,Công nghệ thông tin,4.2
STU0775,6.9,8.5,9.9,6.0,6.1,5.3,9.9,ISFJ,Sư phạm & Giáo dục,Sư phạm Tin học,4.2
STU0330,9.8,5.1,6.3,6.3,9.5,8.8,5.2,ISFP,Y tế & Sức khỏe,Y đa khoa,4.4
STU0007,10.0,5.3,7.5,9.7,7.8,6.2,5.9,ISTJ,Công nghệ Thông tin & Kỹ thuật Máy tính,Khoa học Máy tính,4.8
STU0944,6.4,9.1,9.3,5.8,6.6,5.4,8.8,ISFP,Ngôn ngữ & Văn hóa,Ngôn ngữ Nhật,4.2
STU1591,6.6,9.4,8.1,6.4,6.8,5.8,9.0,ISTJ,Luật & Xã hội,Tâm lý học,4.8
STU0735,6.6,10.0,8.8,6.0,5.0,5.5,9.6,INFJ,Sư phạm & Giáo dục,Sư phạm Vật lý,4.0
STU0910,6.9,8.4,9.2,5.1,6.5,5.6,8.3,ISFP,Ngôn ngữ & Văn hóa,Đông phương học,4.3
STU0469,9.5,8.5,8.0,5.9,6.4,6.6,5.7,ENTJ,Kinh tế & Quản lý,Kinh tế quốc tế,4.9
STU0182,9.3,7.0,8.8,9.3,7.0,5.4,6.8,ISTP,Công nghệ Thông tin & Kỹ thuật Máy tính,Thiết kế vi mạch,4.0
STU0165,9.4,6.1,9.3,9.6,6.7,6.2,5.7,ISTP,Công nghệ Thông tin & Kỹ thuật Máy tính,Khoa học Máy tính,4.1
STU0452,8.6,7.3,8.2,5.9,6.3,5.0,5.4,ENTP,Kinh tế & Quản lý,Kiểm toán,4.6
STU0491,9.4,8.4,8.3,6.5,5.8,5.3,6.0,ESTP,Kinh tế & Quản lý,Kiểm toán,4.6
STU1394,5.0,7.9,6.5,6.3,5.4,6.5,7.2,ISFP,Nghệ thuật & Thiết kế,Thiết kế thời trang,4.2
STU1144,5.5,8.6,9.2,5.1,5.2,5.9,8.1,ENTP,Truyền thông & Báo chí,Truyền thông đại chúng,5.0
STU2153,8.3,5.3,6.8,8.3,7.2,6.8,5.4,ISTJ,Xây dựng & Quy hoạch,Kỹ thuật cấp thoát nước,5.0
STU1112,6.7,5.2,5.5,6.7,5.9,5.1,6.7,ENTP,Truyền thông & Báo chí,Báo chí,3.2
STU2377,6.0,7.7,8.7,6.4,6.4,5.5,8.5,ENFP,Du lịch & Dịch vụ,Quản lý thể dục thể thao,3.8
STU1311,6.5,8.4,5.7,6.7,5.3,5.9,8.3,INFJ,Nghệ thuật & Thiết kế,Hội họa,4.4
STU1484,6.4,9.5,8.2,6.2,6.5,6.8,8.9,ENTJ,Luật & Xã hội,Xã hội học,4.6
STU1710,8.8,6.1,5.9,9.7,7.4,6.0,5.9,INTJ,"Kỹ thuật, Cơ khí & Ô tô",Kỹ thuật điện tử - viễn thông,4.9
STU1478,6.5,9.6,7.2,6.4,5.1,5.8,9.1,INTJ,Luật & Xã hội,Quản lý nhà nước,4.7
STU1513,5.0,9.6,7.3,6.4,5.2,6.8,8.8,ENTJ,Luật & Xã hội,Công tác xã hội,4.4
STU1845,9.1,5.7,5.6,9.1,7.1,6.4,6.0,ISTJ,"Kỹ thuật, Cơ khí & Ô tô",Công nghệ kỹ thuật ô tô,5.0
STU2217,8.9,5.7,6.6,9.2,7.2,5.4,5.6,ISTJ,Xây dựng & Quy hoạch,Công nghệ kỹ thuật công trình xây dựng,4.2
STU2285,8.0,5.6,5.6,8.7,6.0,5.0,5.9,ISTP,Xây dựng & Quy hoạch,Quản lý xây dựng,4.6
STU0328,9.0,6.7,6.6,5.0,9.6,8.8,5.9,ISFJ,Y tế & Sức khỏe,Điều dưỡng,4.9
STU0443,8.5,7.8,9.2,6.3,6.7,5.5,5.6,ESTJ,Kinh tế & Quản lý,Marketing,4.8
STU1819,9.0,5.5,5.9,9.2,8.2,6.8,6.9,INTJ,"Kỹ thuật, Cơ khí & Ô tô",Kỹ thuật điện,4.7
STU1379,6.5,7.5,6.5,6.7,5.7,5.7,6.5,ISFP,Nghệ thuật & Thiết kế,Thiết kế nội thất,4.0
STU0833,5.6,9.1,9.3,5.8,6.2,6.3,7.7,INFP,Ngôn ngữ & Văn hóa,Ngôn ngữ Nhật,4.2
STU1895,8.4,6.9,5.5,5.7,8.4,9.6,7.0,ISFP,Nông nghiệp & Môi trường,Công nghệ sau thu hoạch,4.2
STU1887,7.4,6.9,5.3,5.6,8.5,9.0,5.2,ISFP,Nông nghiệp & Môi trường,Công nghệ sinh học,4.2
STU1309,6.6,8.5,5.2,5.3,6.2,6.9,7.2,INFJ,Nghệ thuật & Thiết kế,Thiết kế thời trang,4.8
STU0087,9.9,6.8,9.5,8.9,8.1,5.6,6.0,INTP,Công nghệ Thông tin & Kỹ thuật Máy tính,Công nghệ thông tin,4.5
STU2437,5.1,7.8,9.2,5.8,6.5,6.8,8.7,ESFP,Du lịch & Dịch vụ,Quản trị nhà hàng và dịch vụ ăn uống,3.9
STU0778,6.6,9.3,8.5,5.6,6.5,6.3,9.5,INFJ,Sư phạm & Giáo dục,Sư phạm Vật lý,4.5
STU2038,7.9,6.1,5.7,6.4,8.4,9.8,5.0,ISFP,Nông nghiệp & Môi trường,Khoa học cây trồng,5.0
STU0055,9.0,5.8,8.2,9.6,6.0,6.7,5.6,ISTP,Công nghệ Thông tin & Kỹ thuật Máy tính,An toàn thông tin,4.1
STU1871,9.0,5.9,5.1,9.5,7.3,5.6,6.9,INTJ,"Kỹ thuật, Cơ khí & Ô tô",Kỹ thuật điều khiển và tự động hóa,4.3
STU1288,5.6,8.4,6.8,6.7,5.6,6.7,7.2,INFJ,Nghệ thuật & Thiết kế,Kiến trúc,4.0
STU1922,7.2,5.3,5.8,5.6,9.0,8.7,5.0,ISFJ,Nông nghiệp & Môi trường,Lâm nghiệp đô thị,4.4
STU1868,8.5,5.2,5.7,9.9,8.1,6.4,6.1,ISTP,"Kỹ thuật, Cơ khí & Ô tô",Công nghệ kỹ thuật ô tô,4.9
STU1246,6.8,9.7,8.7,5.7,5.1,5.8,8.6,ENTP,Truyền thông & Báo chí,Truyền thông đại chúng,4.0
STU0114,8.8,6.7,10.0,8.3,7.2,6.6,6.9,ISTJ,Công nghệ Thông tin & Kỹ thuật Máy tính,Khoa học Máy tính,3.9
STU2338,5.3,8.5,8.5,5.2,5.3,6.5,7.9,ESTP,Du lịch & Dịch vụ,Du lịch,4.4
STU0988,6.3,8.5,10.0,6.6,7.0,5.6,8.0,INFP,Ngôn ngữ & Văn hóa,Ngôn ngữ Anh,4.9
STU1880,7.0,6.6,6.6,5.9,9.0,9.6,5.8,INFP,Nông nghiệp & Môi trường,Công nghệ thực phẩm,4.1
STU1568,5.6,9.3,7.3,6.4,5.8,5.8,9.2,INFJ,Luật & Xã hội,Luật,4.5
STU1010,5.9,9.3,9.7,5.3,5.8,5.3,7.2,INFP,Ngôn ngữ & Văn hóa,Tiếng Việt và văn hoá Việt Nam,4.8
STU1199,5.9,9.9,9.5,6.5,5.1,6.1,7.7,ENFP,Truyền thông & Báo chí,Truyền thông đa phương tiện,4.9
STU0590,8.4,8.4,9.6,5.5,5.2,5.1,5.6,ESTP,Kinh tế & Quản lý,Kiểm toán,3.9
STU0769,6.1,9.1,8.6,5.6,6.6,6.1,9.4,INFJ,Sư phạm & Giáo dục,Sư phạm Toán học,4.9
STU0018,9.8,6.2,8.4,9.8,6.4,6.0,5.3,ISTJ,Công nghệ Thông tin & Kỹ thuật Máy tính,Khoa học dữ liệu,4.9
STU1043,5.2,5.8,5.7,6.8,5.3,5.9,6.4,ISFP,Truyền thông & Báo chí,Công nghệ truyền thông,2.9
STU2034,7.2,5.7,5.7,5.8,9.0,9.6,6.6,ISTJ,Nông nghiệp & Môi trường,Nông nghiệp,3.9
STU0286,6.6,6.4,5.7,6.1,6.9,5.7,6.3,ESTP,Y tế & Sức khỏe,Kỹ thuật hình ảnh y học,3.4
STU0429,9.9,7.0,8.7,7.0,5.9,6.7,6.8,ESTP,Kinh tế & Quản lý,Marketing,4.6
STU1740,8.6,5.8,5.3,9.9,7.7,6.8,5.9,ESTP,"Kỹ thuật, Cơ khí & Ô tô",Robot và Trí tuệ nhân tạo,4.3
STU0670,6.4,9.3,8.1,5.2,6.1,5.7,9.5,ISFJ,Sư phạm & Giáo dục,Sư phạm Tiếng Anh,4.1
STU0032,9.8,6.0,7.9,8.2,7.0,5.6,5.5,ISTJ,Công nghệ Thông tin & Kỹ thuật Máy tính,Khoa học dữ liệu,4.6
STU0723,6.3,8.5,8.1,6.5,5.1,6.8,9.8,ESFJ,Sư phạm & Giáo dục,Giáo dục Mầm non,4.6
STU0952,6.5,8.4,9.4,6.3,6.0,6.6,8.9,INTP,Ngôn ngữ & Văn hóa,Ngôn ngữ học,4.5
STU2477,5.2,7.5,9.3,6.0,5.9,5.9,8.0,ESFJ,Du lịch & Dịch vụ,Quản trị nhà hàng và dịch vụ ăn uống,4.0
STU0215,9.8,6.2,6.9,5.2,8.9,9.5,6.6,ISFP,Y tế & Sức khỏe,Kỹ thuật phục hồi chức năng,4.0
STU1785,8.8,6.8,5.3,9.5,8.4,5.5,5.8,ISTJ,"Kỹ thuật, Cơ khí & Ô tô",Kỹ thuật cơ điện tử,4.8
STU1165,6.3,9.5,8.7,5.5,6.1,5.2,7.8,ENTP,Truyền thông & Báo chí,Báo chí,4.8
STU0327,8.7,7.0,5.9,5.3,9.6,8.6,5.4,ISFP,Y tế & Sức khỏe,Dược học,5.0
STU0561,9.0,8.5,9.3,7.0,6.6,5.0,5.1,ESTP,Kinh tế & Quản lý,Marketing,4.7
STU1087,6.2,9.1,9.3,6.4,5.3,6.9,8.6,ENFP,Truyền thông & Báo chí,Thông tin - thư viện,4.4
STU1826,8.0,6.6,5.9,9.9,8.2,5.9,6.2,ESTP,"Kỹ thuật, Cơ khí & Ô tô",Robot và Trí tuệ nhân tạo,4.2
STU0342,9.1,5.2,5.9,5.7,9.1,9.7,6.6,INFJ,Y tế & Sức khỏe,Dược học,4.7
STU0148,9.2,6.7,9.3,9.3,6.2,5.2,5.8,ENTP,Công nghệ Thông tin & Kỹ thuật Máy tính,Thiết kế vi mạch,4.1
STU1836,9.0,5.4,5.2,9.3,8.0,5.4,6.5,ESTP,"Kỹ thuật, Cơ khí & Ô tô",Kỹ thuật cơ điện tử,4.5
STU1108,6.7,9.0,9.2,6.3,6.6,5.4,8.2,ENTP,Truyền thông & Báo chí,Quan hệ công chúng,4.7
STU0849,6.9,8.1,9.0,5.5,5.3,6.9,9.0,ISFP,Ngôn ngữ & Văn hóa,Ngôn ngữ học,4.7
STU0967,6.7,8.1,9.3,6.4,6.3,5.2,8.2,ISFP,Ngôn ngữ & Văn hóa,Ngôn ngữ Hàn Quốc,4.1
STU1073,6.5,9.0,9.2,5.4,6.0,5.9,7.6,ENFP,Truyền thông & Báo chí,Công nghệ truyền thông,4.0
STU0156,8.7,6.7,9.9,8.6,6.5,5.9,6.6,ENTP,Công nghệ Thông tin & Kỹ thuật Máy tính,Mạng máy tính và truyền thông dữ liệu,3.8
STU1661,6.7,8.9,8.3,5.9,5.4,6.3,9.3,INTJ,Luật & Xã hội,Luật quốc tế,4.2
STU1600,5.2,8.8,8.5,5.4,6.2,5.4,9.1,INFJ,Luật & Xã hội,Luật,4.8
STU1003,5.2,8.9,9.8,5.5,6.6,6.2,8.1,INTP,Ngôn ngữ & Văn hóa,Đông phương học,4.0
STU1840,8.7,5.5,5.1,9.9,7.8,6.1,5.3,ISTJ,"Kỹ thuật, Cơ khí & Ô tô",Robot và Trí tuệ nhân tạo,4.1
STU2402,5.5,7.1,8.4,6.1,6.1,5.2,8.1,ESFP,Du lịch & Dịch vụ,Quản lý thể dục thể thao,5.0
STU2296,6.2,8.1,9.0,5.0,6.3,6.9,7.9,ESTP,Du lịch & Dịch vụ,Du lịch,4.1
STU2220,8.7,6.4,5.4,8.4,7.9,6.4,7.0,ESTJ,Xây dựng & Quy hoạch,Kinh tế xây dựng,3.9
STU2349,5.1,7.2,9.4,6.9,6.3,6.9,8.7,ESFP,Du lịch & Dịch vụ,Quản lý thể dục thể thao,4.0
STU1204,6.4,9.4,9.0,5.6,6.7,5.1,8.8,ENFP,Truyền thông & Báo chí,Lưu trữ học,4.9
STU1629,4.4,4.4,4.4,4.5,4.5,4.0,4.8,ISFP,Luật & Xã hội,Luật kinh tế,2.5
STU2342,6.8,8.4,9.4,5.8,5.6,5.8,7.7,ENFP,Du lịch & Dịch vụ,Quản trị khách sạn,4.5
STU2047,7.5,5.9,5.6,6.2,9.4,9.7,5.2,ISFJ,Nông nghiệp & Môi trường,Công nghệ sau thu hoạch,4.5
STU1476,6.0,9.0,8.0,6.7,5.8,6.5,9.7,ISTJ,Luật & Xã hội,Quản lý nhà nước,4.2
STU2270,8.8,6.5,5.6,8.8,7.4,5.2,5.7,ESTJ,Xây dựng & Quy hoạch,Kỹ thuật xây dựng,4.2
STU1974,8.2,6.9,6.5,5.5,9.2,9.9,5.2,ISFJ,Nông nghiệp & Môi trường,Công nghệ sinh học,4.4
STU2239,9.1,6.6,5.0,9.3,6.3,5.1,6.6,ESTJ,Xây dựng & Quy hoạch,Kỹ thuật xây dựng,4.6
STU0939,5.1,8.8,9.9,5.3,5.2,6.5,7.0,INFP,Ngôn ngữ & Văn hóa,Ngôn ngữ Anh,3.8
STU2241,9.0,6.5,6.9,9.1,7.8,6.5,5.1,ISTJ,Xây dựng & Quy hoạch,Kinh tế xây dựng,4.5
STU0347,9.0,5.1,5.9,6.1,9.1,8.8,6.4,ISFP,Y tế & Sức khỏe,Y học cổ truyền,4.2
STU2081,9.1,5.2,5.2,8.6,7.1,6.7,6.1,ISTJ,Xây dựng & Quy hoạch,Kinh tế xây dựng,4.1
STU2471,5.8,7.6,8.5,6.0,5.7,6.5,8.1,ESTP,Du lịch & Dịch vụ,Quản trị khách sạn,4.6
STU1415,4.9,6.6,5.5,4.7,4.0,6.7,6.2,ISTP,Nghệ thuật & Thiết kế,Đạo diễn Điện ảnh - Truyền hình,3.0
STU0386,9.8,6.5,6.3,5.4,9.4,9.0,5.4,ISTJ,Y tế & Sức khỏe,Y học cổ truyền,3.9
STU1577,6.3,9.7,8.3,5.5,7.0,6.1,9.1,ISTJ,Luật & Xã hội,Xã hội học,4.8
STU1633,5.6,9.7,8.4,6.4,5.7,5.6,9.3,ISTJ,Luật & Xã hội,Luật kinh tế,3.8
STU0244,9.6,5.9,5.7,6.7,9.0,9.2,5.7,ISTJ,Y tế & Sức khỏe,Quản lý bệnh viện,4.5
STU1707,9.4,5.0,6.6,9.0,8.4,5.2,6.3,ISTJ,"Kỹ thuật, Cơ khí & Ô tô",Robot và Trí tuệ nhân tạo,4.7
STU0937,5.3,8.4,9.8,6.9,6.6,7.0,8.0,INFP,Ngôn ngữ & Văn hóa,Đông phương học,4.4
STU2143,9.5,6.5,6.5,9.2,7.7,5.7,6.0,ESTJ,Xây dựng & Quy hoạch,Kỹ thuật cấp thoát nước,4.2
STU0313,8.8,5.0,6.7,6.6,9.5,9.6,6.3,ISTJ,Y tế & Sức khỏe,Quản lý bệnh viện,4.3
STU2457,6.1,7.7,8.7,5.1,6.2,6.9,8.2,ENFP,Du lịch & Dịch vụ,Quản trị nhà hàng và dịch vụ ăn uống,4.9
STU2336,5.1,8.3,8.9,5.9,6.7,6.8,9.0,ESFP,Du lịch & Dịch vụ,Quản lý thể dục thể thao,5.0
STU1333,5.1,8.3,6.1,5.4,6.8,5.1,6.9,INFP,Nghệ thuật & Thiết kế,Thiết kế nội thất,4.3
STU0969,5.1,9.2,9.7,6.4,6.6,5.7,7.8,ISFP,Ngôn ngữ & Văn hóa,Ngôn ngữ Nhật,4.6
STU0661,7.2,9.0,8.4,6.3,6.1,6.3,9.3,ISFJ,Sư phạm & Giáo dục,Sư phạm Ngữ văn,4.5
STU0936,6.4,8.6,9.4,6.2,6.3,5.7,8.4,ISFP,Ngôn ngữ & Văn hóa,Ngôn ngữ Hàn Quốc,3.9
STU0371,8.7,6.2,5.1,5.1,9.6,10.0,6.2,ISFJ,Y tế & Sức khỏe,Quản lý bệnh viện,4.1
STU0567,8.7,8.9,9.9,5.7,5.9,6.2,5.8,ENTJ,Kinh tế & Quản lý,Tài chính - Ngân hàng,3.8
STU1952,8.4,5.4,6.7,5.1,8.3,9.2,5.1,ISFP,Nông nghiệp & Môi trường,Lâm nghiệp đô thị,4.4
STU0825,7.1,9.5,8.2,6.0,6.0,6.5,9.3,ESFJ,Sư phạm & Giáo dục,Tâm lý học giáo dục,4.0
STU0983,5.4,8.5,9.2,6.8,6.2,6.9,8.0,INFP,Ngôn ngữ & Văn hóa,Ngôn ngữ Hàn Quốc,4.3
STU1973,8.1,6.1,5.1,6.4,9.4,8.9,6.3,INFP,Nông nghiệp & Môi trường,Công nghệ sau thu hoạch,4.0
STU1468,6.5,8.6,8.4,5.6,5.9,5.4,8.5,INFJ,Luật & Xã hội,Tâm lý học,4.3
STU2145,8.4,5.9,6.1,8.5,7.1,5.1,5.1,ISTJ,Xây dựng & Quy hoạch,Quản lý xây dựng,4.2
STU0814,6.1,9.0,8.8,5.8,6.2,6.1,9.2,ENFJ,Sư phạm & Giáo dục,Tâm lý học giáo dục,3.8
STU0779,6.6,9.5,9.2,5.6,6.1,5.7,9.1,ESFJ,Sư phạm & Giáo dục,Giáo dục Tiểu học,4.8
STU1321,6.3,8.5,5.6,5.9,5.1,6.5,7.6,ISFP,Nghệ thuật & Thiết kế,Điêu khắc,5.0
STU1518,6.4,9.6,7.9,6.3,5.4,5.9,9.7,ENTJ,Luật & Xã hội,Luật,4.8
STU1053,4.2,5.2,4.5,5.9,4.6,5.7,5.3,ENFP,Truyền thông & Báo chí,Thông tin - thư viện,1.6
STU1809,8.9,5.3,6.4,9.8,7.6,6.9,5.8,INTJ,"Kỹ thuật, Cơ khí & Ô tô",Công nghệ kỹ thuật ô tô,4.3
STU1014,6.3,8.8,9.9,5.1,5.4,6.8,8.2,INFP,Ngôn ngữ & Văn hóa,Đông phương học,4.3
STU2191,9.0,6.5,5.3,8.6,6.4,6.8,6.2,ISTP,Xây dựng & Quy hoạch,Địa kỹ thuật xây dựng,4.5
STU2068,7.6,6.9,5.8,5.8,9.2,9.6,6.4,ISFP,Nông nghiệp & Môi trường,Thú y,4.7
STU1749,8.7,6.0,5.2,9.1,7.9,7.0,6.8,ISTP,"Kỹ thuật, Cơ khí & Ô tô",Robot và Trí tuệ nhân tạo,4.2
STU0127,9.3,6.8,7.8,9.8,7.3,7.0,5.6,ENTP,Công nghệ Thông tin & Kỹ thuật Máy tính,Thiết kế vi mạch,5.0
STU0888,6.9,9.0,9.5,6.0,6.4,5.9,7.7,INFP,Ngôn ngữ & Văn hóa,Ngôn ngữ Hàn Quốc,4.2
STU2023,7.9,5.9,6.4,5.2,8.4,9.1,6.2,INFP,Nông nghiệp & Môi trường,Nông nghiệp,4.6
STU1348,5.1,7.6,6.4,6.6,6.0,5.8,7.9,INFP,Nghệ thuật & Thiết kế,Điêu khắc,4.0
STU1008,5.6,8.9,10.0,5.7,5.9,6.4,8.3,INFP,Ngôn ngữ & Văn hóa,Ngôn ngữ Nhật,4.9
STU0356,8.5,6.6,6.9,6.4,9.9,9.5,5.9,ISFJ,Y tế & Sức khỏe,Y học cổ truyền,4.0
STU1004,6.8,8.0,10.0,5.7,6.5,6.1,7.2,ISFP,Ngôn ngữ & Văn hóa,Đông phương học,4.5
STU0683,6.9,9.9,9.5,5.9,6.9,5.9,9.4,ENFJ,Sư phạm & Giáo dục,Sư phạm Tin học,4.4
STU0828,7.0,8.9,9.2,5.5,5.7,5.0,9.5,ISFJ,Sư phạm & Giáo dục,Giáo dục Tiểu học,4.9
STU1488,6.1,9.7,7.2,5.2,6.2,6.8,9.1,ISTJ,Luật & Xã hội,Luật kinh tế,3.9
STU0985,6.5,8.1,9.2,6.6,6.1,5.9,7.9,ISFP,Ngôn ngữ & Văn hóa,Ngôn ngữ Trung Quốc,5.0
STU1234,5.4,9.8,9.2,6.9,6.4,6.4,7.4,ESFP,Truyền thông & Báo chí,Truyền thông đa phương tiện,3.9
STU2118,9.4,5.1,5.4,8.8,6.8,5.9,6.9,ISTJ,Xây dựng & Quy hoạch,Kỹ thuật xây dựng,3.9
STU0141,9.9,6.1,10.0,8.2,7.2,6.9,5.0,INTP,Công nghệ Thông tin & Kỹ thuật Máy tính,Khoa học dữ liệu,4.7
STU0218,8.6,6.6,6.5,6.5,9.6,9.1,6.0,INFJ,Y tế & Sức khỏe,Răng - Hàm - Mặt,4.0
STU2452,6.9,8.0,8.1,6.5,5.9,5.6,9.0,ESTP,Du lịch & Dịch vụ,Quản lý thể dục thể thao,4.7
STU1651,5.1,9.2,8.4,6.2,5.3,5.5,9.3,ENTJ,Luật & Xã hội,Chính trị học,4.4
STU2459,5.1,8.0,8.3,5.6,5.4,6.6,7.9,ESFP,Du lịch & Dịch vụ,Du lịch,3.9
STU2269,8.2,5.7,5.2,8.5,7.9,5.8,6.5,ISTJ,Xây dựng & Quy hoạch,Kỹ thuật xây dựng,4.4
STU1450,5.7,8.5,5.5,6.4,5.3,6.2,6.6,ISFP,Nghệ thuật & Thiết kế,Kiến trúc,4.8
STU0023,9.8,5.8,8.1,9.7,8.0,5.3,6.4,ISTP,Công nghệ Thông tin & Kỹ thuật Máy tính,Thiết kế vi mạch,4.9
STU0712,6.0,8.6,8.6,5.5,5.7,5.7,9.4,ISFJ,Sư phạm & Giáo dục,Giáo dục Mầm non,4.2
STU1158,6.7,9.3,9.2,5.3,5.1,5.9,7.1,ENTP,Truyền thông & Báo chí,Báo chí,3.8
STU1466,6.7,9.3,7.4,5.4,5.6,5.4,9.2,INFJ,Luật & Xã hội,Luật,5.0
STU0872,6.8,8.7,9.5,5.3,5.9,6.5,8.5,ISFP,Ngôn ngữ & Văn hóa,Tiếng Việt và văn hoá Việt Nam,4.6
STU1458,5.3,9.4,7.6,5.2,6.1,5.4,9.5,INTJ,Luật & Xã hội,Luật kinh tế,4.8
STU0011,4.7,5.0,5.8,4.7,4.7,4.2,5.9,INTP,Công nghệ Thông tin & Kỹ thuật Máy tính,Công nghệ thông tin,3.0
STU1736,8.1,5.8,5.0,8.8,7.5,5.6,6.0,INTJ,"Kỹ thuật, Cơ khí & Ô tô",Kỹ thuật điện tử - viễn thông,4.4
STU2353,6.2,7.4,8.6,6.6,6.6,5.1,7.5,ESFJ,Du lịch & Dịch vụ,Quản lý thể dục thể thao,4.9
STU1692,8.1,6.9,5.7,9.4,8.1,6.1,6.9,ESTP,"Kỹ thuật, Cơ khí & Ô tô",Kỹ thuật cơ khí,4.0
STU1316,6.0,7.7,5.0,6.9,5.2,6.8,7.4,INFP,Nghệ thuật & Thiết kế,Thiết kế nội thất,4.6
STU0755,6.4,8.8,9.4,6.1,5.8,6.7,9.3,ESFJ,Sư phạm & Giáo dục,Sư phạm Tiếng Anh,4.2
STU0627,7.1,8.7,9.5,5.3,5.5,5.0,9.2,ISFJ,Sư phạm & Giáo dục,Sư phạm Ngữ văn,4.4
STU1724,8.6,6.1,5.1,8.6,8.2,5.2,5.6,ESTP,"Kỹ thuật, Cơ khí & Ô tô",Robot và Trí tuệ nhân tạo,4.7
STU1601,6.2,8.9,7.9,6.4,5.7,5.4,9.7,ENTJ,Luật & Xã hội,Luật quốc tế,4.1
STU0130,9.5,5.9,8.4,9.9,6.6,6.8,6.5,INTJ,Công nghệ Thông tin & Kỹ thuật Máy tính,Thiết kế vi mạch,4.1
STU0844,5.8,8.3,9.5,5.4,5.6,5.4,7.8,ISFP,Ngôn ngữ & Văn hóa,Ngôn ngữ học,4.8
STU0324,8.8,6.0,5.4,5.1,8.9,9.1,5.9,ISFJ,Y tế & Sức khỏe,Y học cổ truyền,4.4
STU1690,9.1,6.3,6.5,9.1,8.2,5.8,6.3,ESTP,"Kỹ thuật, Cơ khí & Ô tô",Kỹ thuật điện tử - viễn thông,4.0
STU1445,6.8,7.7,6.6,6.5,5.8,6.8,6.6,INFJ,Nghệ thuật & Thiết kế,Thiết kế công nghiệp,3.9
STU1285,6.6,7.8,6.2,5.7,6.2,6.2,7.1,INFP,Nghệ thuật & Thiết kế,Thiết kế công nghiệp,4.6
STU2418,5.2,7.1,8.1,5.4,5.1,6.8,8.4,ESFJ,Du lịch & Dịch vụ,Quản trị dịch vụ du lịch và lữ hành,3.8
STU0015,9.5,5.0,8.0,9.0,6.5,5.6,6.4,ENTP,Công nghệ Thông tin & Kỹ thuật Máy tính,An toàn thông tin,4.9
STU2040,8.4,5.8,6.1,5.5,9.0,8.6,5.6,ISFJ,Nông nghiệp & Môi trường,Lâm nghiệp đô thị,4.4
STU0216,8.6,5.3,6.2,6.4,9.2,8.9,5.7,INFJ,Y tế & Sức khỏe,Kỹ thuật hình ảnh y học,3.8
STU1621,6.0,9.0,8.4,5.2,5.3,6.1,9.9,INFJ,Luật & Xã hội,Luật quốc tế,5.0
STU2097,9.2,5.4,6.2,8.3,7.9,5.6,6.4,ISTP,Xây dựng & Quy hoạch,Kỹ thuật cấp thoát nước,4.6
STU1183,6.6,8.6,8.9,5.1,5.7,6.1,8.9,ENFP,Truyền thông & Báo chí,Công nghệ truyền thông,4.9
STU1654,6.4,9.4,7.7,5.9,6.2,6.3,8.7,ENTJ,Luật & Xã hội,Luật quốc tế,4.8
STU1558,6.9,9.5,7.3,6.8,6.2,6.3,9.1,ISTJ,Luật & Xã hội,Công tác xã hội,4.6
STU0865,5.7,8.2,10.0,5.3,5.9,6.4,8.3,INFP,Ngôn ngữ & Văn hóa,Tiếng Việt và văn hoá Việt Nam,4.9
STU0517,9.0,7.7,9.3,5.5,6.6,5.1,5.6,ESTP,Kinh tế & Quản lý,Thương mại điện tử,4.1
STU0598,8.4,8.8,9.1,6.8,5.4,5.7,5.2,ESTP,Kinh tế & Quản lý,Kinh tế,4.5
STU0196,9.1,6.8,8.7,9.4,7.0,5.9,5.3,ENTP,Công nghệ Thông tin & Kỹ thuật Máy tính,Thiết kế vi mạch,4.3
STU1278,5.3,7.6,5.5,6.8,6.6,5.1,8.4,INFP,Nghệ thuật & Thiết kế,Thiết kế công nghiệp,4.8
STU0289,9.9,5.5,5.5,6.7,9.5,9.5,6.6,ISFJ,Y tế & Sức khỏe,Điều dưỡng,4.1
STU0951,5.9,8.7,9.0,5.3,6.2,5.1,8.6,INFP,Ngôn ngữ & Văn hóa,Tiếng Việt và văn hoá Việt Nam,4.4
STU2347,5.6,7.4,9.4,5.9,5.5,6.4,7.9,ESFP,Du lịch & Dịch vụ,Du lịch,5.0
STU2051,7.5,6.7,6.1,5.5,9.0,9.4,6.1,ISFJ,Nông nghiệp & Môi trường,Công nghệ thực phẩm,3.8
STU2378,5.1,8.4,8.7,6.9,5.7,5.6,7.6,ESTP,Du lịch & Dịch vụ,Quản trị khách sạn,4.3
STU1121,6.5,9.0,8.3,5.5,5.0,5.5,7.5,ENFP,Truyền thông & Báo chí,Thông tin - thư viện,4.7
STU2096,8.5,5.8,5.0,9.1,7.4,5.6,6.7,ESTJ,Xây dựng & Quy hoạch,Kỹ thuật cấp thoát nước,4.9
STU0550,9.5,7.6,8.7,6.3,5.5,6.5,7.0,ESTP,Kinh tế & Quản lý,Kinh tế,4.0
STU0157,9.0,6.4,8.0,9.9,8.5,5.8,6.6,ISTP,Công nghệ Thông tin & Kỹ thuật Máy tính,An toàn thông tin,5.0
STU0420,9.7,8.4,9.7,6.3,6.5,6.2,5.3,ENTP,Kinh tế & Quản lý,Marketing,4.1
STU0923,5.3,8.6,9.2,5.2,5.3,6.7,8.5,ISFP,Ngôn ngữ & Văn hóa,Đông phương học,4.2
STU1638,5.6,8.7,7.0,5.4,6.3,5.1,8.8,INTJ,Luật & Xã hội,Luật,3.9
STU0478,8.6,7.1,8.4,5.3,6.0,6.6,6.9,ESTP,Kinh tế & Quản lý,Marketing,4.6
STU1602,6.2,9.2,8.0,5.3,5.1,6.6,9.2,ISTJ,Luật & Xã hội,Luật,4.0
STU1645,7.0,9.0,8.2,6.9,5.2,5.5,9.7,INTJ,Luật & Xã hội,Luật,4.3
STU1472,6.6,9.9,7.7,6.3,6.8,5.2,8.7,INTJ,Luật & Xã hội,Quản lý nhà nước,4.5
STU0554,8.0,8.7,8.8,5.9,6.0,6.5,6.5,ESTP,Kinh tế & Quản lý,Kiểm toán,3.9
STU1203,6.7,9.2,8.4,5.8,5.5,6.8,8.2,ENFP,Truyền thông & Báo chí,Báo chí,4.6
STU0391,8.7,5.3,5.8,6.4,9.7,9.4,6.9,ISFJ,Y tế & Sức khỏe,Dược học,4.2
STU0579,8.2,7.6,8.8,6.2,6.9,6.3,5.8,ENTJ,Kinh tế & Quản lý,Kiểm toán,4.0
STU2310,5.0,8.3,8.7,6.6,6.4,6.3,7.7,ESFJ,Du lịch & Dịch vụ,Quản trị nhà hàng và dịch vụ ăn uống,4.4
STU1640,5.3,9.0,7.5,6.0,6.5,5.5,9.6,ISTJ,Luật & Xã hội,Luật quốc tế,4.1
STU2263,8.8,5.3,6.7,9.2,7.8,5.9,6.9,ISTJ,Xây dựng & Quy hoạch,Địa kỹ thuật xây dựng,4.6
STU0821,7.4,9.7,8.5,6.5,6.1,6.6,9.4,ENFJ,Sư phạm & Giáo dục,Giáo dục Mầm non,4.0
STU2388,6.9,7.7,9.1,6.1,6.9,6.5,8.0,ENFP,Du lịch & Dịch vụ,Quản trị khách sạn,4.6
STU1007,6.4,9.3,9.8,6.4,5.0,6.7,7.2,INFP,Ngôn ngữ & Văn hóa,Ngôn ngữ Nhật,3.9
STU1249,5.6,8.1,5.7,5.5,5.1,5.3,7.4,ISFP,Nghệ thuật & Thiết kế,Thiết kế thời trang,4.2
STU2107,9.2,5.4,5.9,9.2,7.2,6.9,5.2,ESTJ,Xây dựng & Quy hoạch,Địa kỹ thuật xây dựng,4.9
STU0665,6.5,8.7,8.2,5.0,6.4,5.1,9.9,ENFJ,Sư phạm & Giáo dục,Giáo dục Mầm non,4.7
STU2211,8.6,6.5,5.4,8.1,7.2,6.7,5.3,ISTJ,Xây dựng & Quy hoạch,Kỹ thuật xây dựng,3.8
STU0143,9.4,5.6,7.9,8.8,6.8,5.0,6.1,ENTP,Công nghệ Thông tin & Kỹ thuật Máy tính,Khoa học dữ liệu,4.2
STU2171,8.6,5.1,6.9,9.5,7.7,5.9,6.9,ISTP,Xây dựng & Quy hoạch,Công nghệ kỹ thuật công trình xây dựng,4.6
STU1821,8.2,6.3,6.3,9.6,7.3,6.8,6.4,ISTP,"Kỹ thuật, Cơ khí & Ô tô",Công nghệ kỹ thuật ô tô,4.2
STU0422,8.2,7.0,8.3,6.1,6.5,5.2,5.9,ENTJ,Kinh tế & Quản lý,Thương mại điện tử,4.5
STU0800,6.7,9.3,8.6,6.2,5.8,5.2,9.4,INFJ,Sư phạm & Giáo dục,Sư phạm Vật lý,4.6
STU0616,9.4,7.3,8.4,5.4,5.6,5.6,6.8,ESTP,Kinh tế & Quản lý,Quản trị kinh doanh,4.8
STU1319,6.7,8.5,6.9,5.9,5.7,5.0,7.9,ISFP,Nghệ thuật & Thiết kế,Thanh nhạc,4.3
STU0296,9.8,6.1,7.0,5.6,9.1,8.9,6.5,ISTJ,Y tế & Sức khỏe,Điều dưỡng,4.5
STU0402,8.9,5.9,6.3,6.7,9.6,9.5,5.7,ISFJ,Y tế & Sức khỏe,Dược học,4.7
STU0089,9.0,6.3,9.2,9.3,6.3,6.2,5.3,ISTJ,Công nghệ Thông tin & Kỹ thuật Máy tính,An toàn thông tin,4.1
STU2029,7.8,6.1,5.9,5.5,9.1,9.4,6.2,ISFP,Nông nghiệp & Môi trường,Công nghệ sau thu hoạch,4.9
STU2456,5.6,8.4,9.0,5.5,6.3,6.7,8.4,ESFP,Du lịch & Dịch vụ,Quản lý thể dục thể thao,4.8
STU0132,9.6,6.0,9.7,9.0,7.1,6.0,5.2,INTP,Công nghệ Thông tin & Kỹ thuật Máy tính,Khoa học Máy tính,3.9
STU1570,6.1,9.7,8.2,5.8,6.3,6.5,8.5,ISTJ,Luật & Xã hội,Luật kinh tế,4.0
STU1559,6.7,9.0,8.3,6.9,5.7,6.1,8.9,ISTJ,Luật & Xã hội,Xã hội học,4.0
STU2138,8.3,6.5,5.0,8.2,6.5,5.5,5.4,ISTJ,Xây dựng & Quy hoạch,Kinh tế xây dựng,4.9
STU1403,5.8,8.6,6.5,6.1,5.0,6.9,7.8,ISFP,Nghệ thuật & Thiết kế,Thiết kế đồ họa,3.9
STU2049,7.9,5.4,5.6,6.0,8.3,9.2,6.0,INFP,Nông nghiệp & Môi trường,Khoa học cây trồng,4.9
STU2164,8.0,5.4,6.2,8.1,6.4,6.7,5.2,ISTJ,Xây dựng & Quy hoạch,Kỹ thuật cấp thoát nước,4.7
STU1995,8.4,6.4,6.6,5.0,8.6,9.9,6.6,ISTJ,Nông nghiệp & Môi trường,Nuôi trồng thủy sản,3.8
STU0725,6.7,9.6,9.8,5.3,5.7,5.9,9.3,ENFJ,Sư phạm & Giáo dục,Sư phạm Tin học,4.8
STU1315,6.3,8.3,6.5,6.1,6.1,7.0,7.0,INFJ,Nghệ thuật & Thiết kế,Điêu khắc,4.4
STU1763,8.4,5.6,5.3,8.7,8.2,6.7,5.3,ISTP,"Kỹ thuật, Cơ khí & Ô tô",Kỹ thuật điện,3.9
STU0270,9.3,5.7,5.4,6.0,9.7,9.1,5.1,INFJ,Y tế & Sức khỏe,Dược học,4.7
STU1776,9.3,5.2,6.5,8.9,8.0,5.2,6.0,ISTJ,"Kỹ thuật, Cơ khí & Ô tô",Kỹ thuật điện tử - viễn thông,4.2
STU2064,8.1,5.0,5.2,6.1,9.1,9.3,5.7,ISTJ,Nông nghiệp & Môi trường,Khoa học cây trồng,4.1
STU1373,5.9,7.9,5.9,6.6,6.4,5.0,7.2,ISFP,Nghệ thuật & Thiết kế,Kiến trúc,4.9
STU0918,6.7,8.5,9.7,5.9,5.2,6.9,7.8,INFP,Ngôn ngữ & Văn hóa,Ngôn ngữ Trung Quốc,4.0
STU1607,5.9,8.8,7.6,6.9,6.5,6.1,9.5,INFJ,Luật & Xã hội,Luật kinh tế,4.0
STU1320,6.8,8.3,5.7,5.4,6.8,6.9,8.0,ISFP,Nghệ thuật & Thiết kế,Hội họa,3.9
STU2135,9.3,5.8,5.0,8.9,7.3,5.3,6.6,ESTJ,Xây dựng & Quy hoạch,Kỹ thuật cấp thoát nước,4.0
STU2015,7.7,6.0,5.3,5.3,8.9,9.3,5.5,ISFJ,Nông nghiệp & Môi trường,Công nghệ thực phẩm,4.9
STU1910,8.1,6.6,6.5,5.1,8.4,9.4,6.5,INFP,Nông nghiệp & Môi trường,Khoa học cây trồng,4.5
STU2487,5.3,7.7,8.5,5.5,6.0,5.3,7.9,ESFJ,Du lịch & Dịch vụ,Du lịch,4.4
STU0376,8.6,5.9,6.3,5.4,9.2,9.2,6.3,ISFJ,Y tế & Sức khỏe,Kỹ thuật phục hồi chức năng,4.7
STU0334,9.1,6.3,6.2,6.4,9.9,9.7,6.4,INFJ,Y tế & Sức khỏe,Y học cổ truyền,4.3
STU1787,8.4,5.5,6.7,9.3,7.4,5.5,5.8,INTJ,"Kỹ thuật, Cơ khí & Ô tô",Công nghệ kỹ thuật ô tô,4.3
STU2345,6.4,8.4,8.7,6.7,6.4,6.7,8.4,ESTP,Du lịch & Dịch vụ,Quản lý thể dục thể thao,4.6
STU1119,6.2,9.1,8.2,6.4,6.0,5.1,8.9,ESFP,Truyền thông & Báo chí,Báo chí,3.9
STU1443,5.8,7.8,6.1,6.1,6.4,5.4,6.8,ISFP,Nghệ thuật & Thiết kế,Thiết kế đồ họa,4.1
STU0911,6.4,6.1,6.2,4.9,4.3,5.1,6.5,ENTJ,Ngôn ngữ & Văn hóa,Ngôn ngữ Nhật,2.0
STU0777,7.3,8.8,8.6,5.3,6.2,6.7,9.1,ESFJ,Sư phạm & Giáo dục,Giáo dục Tiểu học,4.5
STU1739,9.0,6.6,6.2,9.5,7.8,5.5,5.9,ISTP,"Kỹ thuật, Cơ khí & Ô tô",Kỹ thuật điện,4.3
STU0329,8.8,7.0,6.4,6.3,8.9,9.7,6.1,ISFP,Y tế & Sức khỏe,Y học dự phòng,4.5
STU1343,5.2,7.5,7.0,6.0,6.1,5.6,8.1,INFJ,Nghệ thuật & Thiết kế,Đạo diễn Điện ảnh - Truyền hình,3.9
STU0321,8.9,5.3,5.1,5.7,9.0,9.4,6.2,INFJ,Y tế & Sức khỏe,Quản lý bệnh viện,4.5
STU2004,7.6,5.1,6.3,5.5,8.8,8.6,5.7,ISFP,Nông nghiệp & Môi trường,Công nghệ sau thu hoạch,4.9
STU0013,8.9,6.5,8.6,8.4,7.1,5.8,5.7,INTJ,Công nghệ Thông tin & Kỹ thuật Máy tính,Mạng máy tính và truyền thông dữ liệu,4.3
STU0898,6.4,9.5,9.8,5.3,5.2,5.3,7.7,INFP,Ngôn ngữ & Văn hóa,Ngôn ngữ Anh,4.7
STU0172,9.7,6.8,9.2,9.5,7.2,6.7,5.5,ISTJ,Công nghệ Thông tin & Kỹ thuật Máy tính,Kỹ thuật phần mềm,5.0
STU0261,8.9,6.4,5.1,6.9,9.9,9.1,5.6,ISFJ,Y tế & Sức khỏe,Răng - Hàm - Mặt,4.7
STU1859,9.5,5.8,5.6,9.2,7.4,6.1,7.0,INTJ,"Kỹ thuật, Cơ khí & Ô tô",Kỹ thuật cơ khí,4.4
STU0690,5.4,6.6,4.4,6.4,6.0,6.8,4.2,ENFP,Sư phạm & Giáo dục,Sư phạm Tin học,2.5
STU0902,6.7,8.2,9.5,5.0,6.3,6.2,7.4,ISFP,Ngôn ngữ & Văn hóa,Văn học,4.4
STU0259,8.5,6.7,6.8,6.5,9.6,8.6,5.1,INFJ,Y tế & Sức khỏe,Kỹ thuật phục hồi chức năng,4.8
STU0845,6.5,9.5,9.0,6.2,7.0,5.1,7.0,INFP,Ngôn ngữ & Văn hóa,Ngôn ngữ Trung Quốc,4.2
STU2299,6.6,8.2,9.1,6.5,6.8,6.1,8.9,ENFP,Du lịch & Dịch vụ,Du lịch,4.4
STU0139,9.0,6.4,9.5,9.4,8.3,6.1,5.5,INTP,Công nghệ Thông tin & Kỹ thuật Máy tính,Thiết kế vi mạch,4.3
STU0320,9.7,6.0,7.0,5.6,9.9,9.7,6.7,ISFJ,Y tế & Sức khỏe,Y đa khoa,5.0
STU0654,6.1,9.1,8.0,5.5,5.4,5.2,9.5,ESFJ,Sư phạm & Giáo dục,Sư phạm Ngữ văn,3.9
STU2189,9.4,6.5,5.2,9.5,7.8,6.5,6.0,ESTJ,Xây dựng & Quy hoạch,Kỹ thuật cấp thoát nước,4.8
STU1810,9.1,6.1,6.9,9.2,7.8,5.7,5.5,ISTJ,"Kỹ thuật, Cơ khí & Ô tô",Kỹ thuật điện,4.0
STU0559,9.0,7.8,8.4,6.3,6.8,5.8,6.2,ENTJ,Kinh tế & Quản lý,Hệ thống thông tin quản lý,4.9
STU0140,8.6,5.5,9.0,8.8,6.1,6.7,5.2,INTP,Công nghệ Thông tin & Kỹ thuật Máy tính,An toàn thông tin,4.5
STU0113,9.3,6.7,8.7,8.6,6.7,5.8,6.5,ENTP,Công nghệ Thông tin & Kỹ thuật Máy tính,Kỹ thuật phần mềm,4.2
STU0532,9.9,8.6,8.0,6.7,5.1,5.3,6.7,ENTP,Kinh tế & Quản lý,Kinh doanh quốc tế,4.3
STU0225,9.5,5.8,5.1,6.4,9.5,9.2,6.5,INFJ,Y tế & Sức khỏe,Y học dự phòng,4.1
STU0724,6.4,9.2,8.3,5.2,6.4,6.7,9.1,ISFJ,Sư phạm & Giáo dục,Sư phạm Vật lý,4.7
STU2316,6.0,7.4,8.1,6.2,5.1,5.1,8.5,ESFP,Du lịch & Dịch vụ,Du lịch,4.3
STU2133,8.7,6.5,6.2,8.8,7.3,5.4,5.2,ESTJ,Xây dựng & Quy hoạch,Công nghệ kỹ thuật công trình xây dựng,4.4
STU1434,6.6,7.9,6.8,5.9,6.6,6.8,6.9,ISFP,Nghệ thuật & Thiết kế,Thiết kế đồ họa,4.9
STU0326,8.8,6.6,5.6,6.8,9.0,9.5,5.8,ISFP,Y tế & Sức khỏe,Quản lý bệnh viện,4.1
STU1324,5.9,7.5,5.6,5.9,5.4,6.9,7.0,INFJ,Nghệ thuật & Thiết kế,Thanh nhạc,4.5
STU1934,7.0,5.5,5.6,6.1,8.5,8.6,5.6,ISFP,Nông nghiệp & Môi trường,Khoa học môi trường,4.9
STU1459,5.8,8.8,8.3,6.8,6.7,5.1,8.6,ENTJ,Luật & Xã hội,Công tác xã hội,3.8
STU2373,6.4,7.5,8.9,5.1,5.8,5.9,9.0,ESFP,Du lịch & Dịch vụ,Quản trị khách sạn,4.8
STU2245,8.7,7.0,6.7,9.3,6.0,6.6,5.1,ISTP,Xây dựng & Quy hoạch,Quản lý xây dựng,4.3
STU0715,7.5,9.9,9.6,6.0,5.9,5.5,9.3,INFJ,Sư phạm & Giáo dục,Sư phạm Ngữ văn,4.8
STU0847,6.8,9.3,9.9,5.4,5.3,6.6,8.6,INFP,Ngôn ngữ & Văn hóa,Văn học,4.5
STU0194,9.3,5.8,7.7,9.1,6.3,5.3,6.9,ISTP,Công nghệ Thông tin & Kỹ thuật Máy tính,Khoa học Máy tính,4.7
STU2246,8.1,5.9,5.0,8.7,6.1,6.7,5.0,ISTP,Xây dựng & Quy hoạch,Địa kỹ thuật xây dựng,4.9
STU0574,8.6,7.1,9.9,7.0,6.4,6.0,6.7,ESTP,Kinh tế & Quản lý,Kinh tế,4.5
STU0947,5.4,4.9,6.6,4.8,6.7,4.7,4.9,ESTP,Ngôn ngữ & Văn hóa,Văn học,1.6
STU0504,9.3,8.4,10.0,6.8,5.4,6.0,6.6,ENTP,Kinh tế & Quản lý,Kế toán,4.6
STU1843,9.1,6.8,6.5,8.8,8.2,6.6,5.8,ESTP,"Kỹ thuật, Cơ khí & Ô tô",Kỹ thuật điều khiển và tự động hóa,3.9
STU1792,9.1,6.0,6.2,9.3,7.7,5.2,6.1,ISTJ,"Kỹ thuật, Cơ khí & Ô tô",Kỹ thuật cơ khí,4.5
STU0646,7.0,9.3,9.7,5.7,6.9,5.9,9.4,ESFJ,Sư phạm & Giáo dục,Sư phạm Vật lý,4.2
STU0004,9.4,5.8,9.3,8.3,6.4,5.7,6.3,INTJ,Công nghệ Thông tin & Kỹ thuật Máy tính,Khoa học Máy tính,4.8
STU1773,9.1,6.2,6.2,10.0,7.9,6.9,5.4,ISTJ,"Kỹ thuật, Cơ khí & Ô tô",Kỹ thuật điện,4.0
STU0468,9.7,7.6,9.0,6.8,6.0,5.3,5.3,ENTP,Kinh tế & Quản lý,Thương mại điện tử,4.6
STU1346,6.6,8.5,5.5,6.7,5.3,6.1,7.1,ISFP,Nghệ thuật & Thiết kế,Thiết kế thời trang,4.5
STU0006,9.1,5.3,10.0,8.4,7.3,6.5,5.9,ENTP,Công nghệ Thông tin & Kỹ thuật Máy tính,An toàn thông tin,4.9
STU2025,7.2,5.1,5.8,6.0,8.2,9.1,6.9,ISFJ,Nông nghiệp & Môi trường,Nông nghiệp,5.0
STU0920,6.2,8.8,9.5,6.4,7.0,5.8,7.2,INFP,Ngôn ngữ & Văn hóa,Ngôn ngữ Trung Quốc,4.3
STU0548,10.0,7.1,9.3,6.4,6.9,6.4,5.7,ENTP,Kinh tế & Quản lý,Marketing,5.0
STU0229,9.7,6.3,5.0,5.5,9.7,8.7,6.5,ISTJ,Y tế & Sức khỏe,Y học cổ truyền,4.6
STU1064,6.6,8.8,8.9,6.5,5.8,5.3,7.7,ENFP,Truyền thông & Báo chí,Truyền thông đại chúng,4.4
STU0543,9.8,7.9,9.1,5.0,5.5,5.9,5.4,ENTJ,Kinh tế & Quản lý,Marketing,3.9
STU0243,9.7,5.2,6.0,6.3,9.7,9.9,6.1,ISFJ,Y tế & Sức khỏe,Răng - Hàm - Mặt,4.8
STU0899,6.1,9.1,9.2,5.8,5.3,6.6,8.7,ISFP,Ngôn ngữ & Văn hóa,Ngôn ngữ Trung Quốc,4.4
STU1750,8.7,5.5,7.0,9.7,7.3,6.2,7.0,ISTJ,"Kỹ thuật, Cơ khí & Ô tô",Robot và Trí tuệ nhân tạo,4.6
STU1161,5.3,9.7,9.3,6.9,5.5,5.9,8.4,ENFP,Truyền thông & Báo chí,Truyền thông đại chúng,4.2
STU1980,7.7,6.4,5.1,5.6,9.5,8.5,6.2,ISTJ,Nông nghiệp & Môi trường,Lâm nghiệp đô thị,4.0
STU1685,9.4,5.8,6.1,9.8,7.3,6.7,6.8,INTJ,"Kỹ thuật, Cơ khí & Ô tô",Kỹ thuật cơ khí,3.8
STU1805,8.1,5.1,5.4,9.5,7.1,5.6,5.9,ISTP,"Kỹ thuật, Cơ khí & Ô tô",Kỹ thuật cơ điện tử,4.0
STU0843,6.5,8.5,9.7,6.5,5.4,5.4,7.2,ISFP,Ngôn ngữ & Văn hóa,Ngôn ngữ học,4.7
STU1374,5.8,7.8,5.2,6.3,5.6,6.9,7.4,ISFP,Nghệ thuật & Thiết kế,Đạo diễn Điện ảnh - Truyền hình,4.2
STU2104,9.5,5.3,6.6,8.5,6.8,6.3,5.4,ISTP,Xây dựng & Quy hoạch,Công nghệ kỹ thuật công trình xây dựng,4.8
STU1781,8.9,6.0,5.4,9.2,7.9,6.5,6.7,ESTP,"Kỹ thuật, Cơ khí & Ô tô",Kỹ thuật cơ khí,4.6
STU1527,6.3,9.3,7.6,5.8,5.3,5.7,8.5,INFJ,Luật & Xã hội,Xã hội học,4.3
STU0277,9.3,6.5,5.2,6.3,9.1,8.6,5.0,ISTJ,Y tế & Sức khỏe,Y đa khoa,4.9
STU0662,6.6,9.9,9.7,5.8,6.2,5.6,9.3,ENFJ,Sư phạm & Giáo dục,Giáo dục Tiểu học,4.3
STU2417,6.8,8.0,8.8,6.2,5.9,6.9,7.7,ESFP,Du lịch & Dịch vụ,Du lịch,3.9
STU2113,8.8,5.7,7.0,8.1,7.0,5.7,5.1,ISTJ,Xây dựng & Quy hoạch,Kinh tế xây dựng,4.1
STU2354,5.5,7.4,9.5,6.6,6.5,5.2,8.8,ENFP,Du lịch & Dịch vụ,Quản trị khách sạn,4.7
STU2142,9.2,6.1,6.4,8.9,6.3,5.2,5.0,ISTJ,Xây dựng & Quy hoạch,Kỹ thuật xây dựng,4.1
STU0315,9.5,6.4,5.5,5.7,9.9,9.7,6.9,INFJ,Y tế & Sức khỏe,Kỹ thuật phục hồi chức năng,4.6
STU1467,5.5,8.7,8.2,5.4,6.6,6.1,9.8,INTJ,Luật & Xã hội,Công tác xã hội,4.0
STU1344,5.9,8.7,5.7,5.3,6.7,6.8,7.2,ISFP,Nghệ thuật & Thiết kế,Thiết kế nội thất,4.8
STU1841,9.0,6.9,6.3,8.8,7.2,5.7,6.3,INTJ,"Kỹ thuật, Cơ khí & Ô tô",Kỹ thuật cơ khí,4.1
STU0692,6.6,8.7,9.5,6.9,6.0,6.5,9.9,ESFJ,Sư phạm & Giáo dục,Sư phạm Toán học,4.8
STU1542,6.6,8.9,8.0,6.6,6.9,6.5,9.4,ENTJ,Luật & Xã hội,Chính trị học,4.6
STU0613,8.6,8.6,8.1,6.9,6.8,5.5,5.3,ENTP,Kinh tế & Quản lý,Kinh tế,4.6
STU0425,8.4,7.2,8.7,5.2,5.2,6.2,6.2,ESTJ,Kinh tế & Quản lý,Kinh tế quốc tế,4.9
STU1578,5.7,5.5,5.4,6.8,5.8,6.1,4.4,ENTP,Luật & Xã hội,Luật,1.6
STU0595,9.2,8.3,9.9,6.9,6.6,6.8,6.1,ENTJ,Kinh tế & Quản lý,Kế toán,4.6
STU2472,6.2,7.5,8.5,5.5,6.9,5.5,8.8,ESFJ,Du lịch & Dịch vụ,Quản trị nhà hàng và dịch vụ ăn uống,4.5
STU1945,8.4,5.4,6.1,6.2,8.2,9.6,5.5,ISFP,Nông nghiệp & Môi trường,Thú y,4.1
STU0623,8.6,8.4,8.8,5.3,5.6,5.3,6.5,ENTP,Kinh tế & Quản lý,Kiểm toán,4.8
STU1801,8.5,6.6,5.2,9.1,7.9,7.0,5.7,ISTP,"Kỹ thuật, Cơ khí & Ô tô",Kỹ thuật điện,4.2
STU1494,5.5,8.6,7.7,5.8,5.3,5.4,9.1,ENTJ,Luật & Xã hội,Công tác xã hội,5.0
STU1622,6.0,8.6,7.5,5.6,5.9,6.2,9.5,INTJ,Luật & Xã hội,Tâm lý học,5.0
STU0228,8.7,6.7,5.3,5.4,9.8,8.8,6.8,ISTJ,Y tế & Sức khỏe,Quản lý bệnh viện,4.2
STU1729,8.7,5.3,6.2,9.5,7.7,5.2,5.6,ESTP,"Kỹ thuật, Cơ khí & Ô tô",Kỹ thuật điều khiển và tự động hóa,4.1
STU1170,5.0,9.4,8.7,5.4,5.7,6.6,7.1,ENTP,Truyền thông & Báo chí,Lưu trữ học,4.7
STU2031,7.8,5.0,6.7,5.2,9.1,9.9,5.3,ISFP,Nông nghiệp & Môi trường,Công nghệ sau thu hoạch,4.1
STU2408,6.8,7.7,9.3,5.6,6.2,5.2,8.5,ESFJ,Du lịch & Dịch vụ,Quản trị nhà hàng và dịch vụ ăn uống,3.9
STU0067,9.9,5.1,8.5,8.6,6.3,5.4,5.1,ISTP,Công nghệ Thông tin & Kỹ thuật Máy tính,Mạng máy tính và truyền thông dữ liệu,3.9
STU1418,5.3,8.0,6.6,6.6,6.7,5.2,8.0,INFJ,Nghệ thuật & Thiết kế,Thiết kế công nghiệp,4.7
STU2251,9.4,5.7,5.2,8.4,6.9,6.5,5.5,ESTJ,Xây dựng & Quy hoạch,Địa kỹ thuật xây dựng,4.3
STU0025,9.4,6.2,8.5,9.0,7.4,5.7,6.6,ISTP,Công nghệ Thông tin & Kỹ thuật Máy tính,Khoa học Máy tính,4.9
STU1236,5.1,9.2,9.0,6.3,6.3,5.1,8.5,ENFP,Truyền thông & Báo chí,Truyền thông đại chúng,4.9
STU2065,8.2,5.2,5.8,5.5,9.1,9.1,5.2,ISTJ,Nông nghiệp & Môi trường,Khoa học cây trồng,4.3
STU0145,9.8,6.0,9.3,8.5,6.0,5.1,5.0,INTP,Công nghệ Thông tin & Kỹ thuật Máy tính,Công nghệ thông tin,5.0
STU0537,8.0,7.1,8.3,5.6,5.4,6.4,5.9,ESTJ,Kinh tế & Quản lý,Kế toán,4.8
STU0812,6.3,9.4,8.8,5.1,6.6,6.7,9.8,INFJ,Sư phạm & Giáo dục,Sư phạm Toán học,4.0
STU1731,9.1,5.3,6.3,9.8,7.5,6.1,6.1,ISTP,"Kỹ thuật, Cơ khí & Ô tô",Kỹ thuật cơ khí,4.8
STU1498,5.1,10.0,7.2,6.8,6.6,5.2,9.4,ISTJ,Luật & Xã hội,Xã hội học,4.4
STU0086,9.5,5.1,7.7,10.0,7.5,5.1,6.7,INTJ,Công nghệ Thông tin & Kỹ thuật Máy tính,Thiết kế vi mạch,4.2
STU1255,6.2,8.5,5.8,5.6,5.1,6.0,6.9,INFJ,Nghệ thuật & Thiết kế,Thiết kế công nghiệp,4.0
STU2454,5.8,8.3,9.4,6.1,5.4,5.3,9.0,ENFP,Du lịch & Dịch vụ,Quản trị dịch vụ du lịch và lữ hành,4.1
STU2032,7.4,5.9,5.8,6.5,8.3,9.2,7.0,ISFP,Nông nghiệp & Môi trường,Khoa học môi trường,4.0
STU2203,8.6,6.7,6.8,9.3,7.8,6.7,6.1,ISTP,Xây dựng & Quy hoạch,Kỹ thuật xây dựng,4.4
STU1666,8.3,5.9,6.8,8.7,7.4,5.7,5.8,ISTP,"Kỹ thuật, Cơ khí & Ô tô",Kỹ thuật cơ điện tử,4.5
STU0485,9.8,7.3,9.2,6.7,6.4,5.6,5.7,ENTP,Kinh tế & Quản lý,Thương mại điện tử,5.0
STU2223,8.4,5.2,6.9,8.1,7.4,6.6,5.4,ISTJ,Xây dựng & Quy hoạch,Quản lý xây dựng,4.4
STU2383,5.1,8.2,8.3,5.4,5.5,5.4,7.7,ESTP,Du lịch & Dịch vụ,Quản trị khách sạn,4.5
STU0739,6.2,9.9,8.2,6.4,6.0,6.7,9.4,ENFJ,Sư phạm & Giáo dục,Tâm lý học giáo dục,4.5
STU1766,5.0,5.0,4.8,6.2,5.8,4.5,5.9,INFP,"Kỹ thuật, Cơ khí & Ô tô",Kỹ thuật điện tử - viễn thông,2.8
STU2469,5.2,7.7,8.6,5.0,6.0,6.2,7.9,ESFJ,Du lịch & Dịch vụ,Du lịch,4.6
STU2458,6.9,8.0,8.9,5.6,6.2,5.1,8.7,ESFJ,Du lịch & Dịch vụ,Quản trị nhà hàng và dịch vụ ăn uống,4.2
STU1738,9.4,5.7,6.5,9.0,7.6,5.2,5.5,ISTJ,"Kỹ thuật, Cơ khí & Ô tô",Công nghệ kỹ thuật ô tô,4.1
STU0363,8.6,6.1,5.8,5.8,8.8,9.5,6.9,ISTJ,Y tế & Sức khỏe,Quản lý bệnh viện,4.6
STU0750,6.1,9.6,9.7,6.6,5.1,5.1,9.2,ESFJ,Sư phạm & Giáo dục,Tâm lý học giáo dục,4.4
STU1778,8.7,6.9,6.0,9.7,7.7,6.4,6.8,ESTP,"Kỹ thuật, Cơ khí & Ô tô",Kỹ thuật điều khiển và tự động hóa,4.8
STU1647,5.8,9.0,7.0,6.4,6.4,6.4,9.4,INFJ,Luật & Xã hội,Chính trị học,4.3
STU1027,5.5,8.7,9.7,6.4,5.6,6.9,7.6,INFP,Ngôn ngữ & Văn hóa,Ngôn ngữ Hàn Quốc,4.3
STU1031,6.2,8.1,10.0,6.3,5.4,5.4,7.8,ISFP,Ngôn ngữ & Văn hóa,Ngôn ngữ Trung Quốc,4.5
STU2399,7.0,7.6,8.1,5.7,6.9,5.6,7.6,ENFP,Du lịch & Dịch vụ,Quản trị khách sạn,4.9
STU1336,5.8,8.8,7.0,5.4,6.6,5.3,7.8,INFP,Nghệ thuật & Thiết kế,Thiết kế nội thất,4.5
STU2056,7.7,6.0,5.2,6.3,9.0,9.7,6.5,INFP,Nông nghiệp & Môi trường,Công nghệ thực phẩm,4.6
STU1668,9.0,5.1,6.8,8.9,7.1,6.0,6.3,ISTP,"Kỹ thuật, Cơ khí & Ô tô",Kỹ thuật điện tử - viễn thông,4.6
STU0666,6.4,9.5,9.0,5.3,6.7,6.5,9.7,ISFJ,Sư phạm & Giáo dục,Sư phạm Vật lý,4.1
STU0365,8.6,6.2,6.4,6.2,9.7,9.8,6.3,ISFJ,Y tế & Sức khỏe,Dược học,4.2
STU2195,8.9,6.9,5.6,9.3,7.2,6.8,5.7,ESTJ,Xây dựng & Quy hoạch,Quản lý xây dựng,4.9
STU1240,5.5,9.5,9.3,6.2,5.3,5.6,8.7,ENTP,Truyền thông & Báo chí,Thông tin - thư viện,4.8
STU0078,9.9,6.3,8.0,8.7,6.4,5.5,5.4,ISTJ,Công nghệ Thông tin & Kỹ thuật Máy tính,Khoa học dữ liệu,4.8
STU0028,9.5,5.9,9.2,8.6,7.5,6.8,6.6,INTP,Công nghệ Thông tin & Kỹ thuật Máy tính,Khoa học dữ liệu,4.5
STU0474,9.7,8.2,9.5,5.1,5.0,6.3,6.4,ESTP,Kinh tế & Quản lý,Kiểm toán,4.5
STU0526,8.4,7.9,9.8,6.9,5.9,6.2,6.3,ENTJ,Kinh tế & Quản lý,Kiểm toán,4.0
STU0726,7.2,9.5,8.3,6.9,6.3,5.5,9.3,ESFJ,Sư phạm & Giáo dục,Sư phạm Tin học,4.0
STU0056,9.9,6.0,10.0,9.7,6.6,6.1,6.1,ISTP,Công nghệ Thông tin & Kỹ thuật Máy tính,Khoa học dữ liệu,4.5
STU0639,7.5,8.8,8.6,5.2,6.5,6.8,9.3,ISFJ,Sư phạm & Giáo dục,Sư phạm Tin học,4.4
STU0303,9.7,6.6,6.1,5.4,8.8,8.6,5.5,ISTJ,Y tế & Sức khỏe,Kỹ thuật phục hồi chức năng,4.8
STU0719,6.5,10.0,9.5,6.4,5.2,6.8,9.0,ENFJ,Sư phạm & Giáo dục,Sư phạm Vật lý,4.9
STU2018,8.0,5.0,6.5,5.2,9.4,9.4,5.5,INFP,Nông nghiệp & Môi trường,Công nghệ sinh học,4.6
STU0625,7.2,9.9,9.7,5.0,6.1,6.9,9.4,ENFJ,Sư phạm & Giáo dục,Giáo dục Mầm non,4.6
STU0008,9.6,5.7,7.8,9.0,7.6,6.4,6.4,ENTP,Công nghệ Thông tin & Kỹ thuật Máy tính,Công nghệ thông tin,4.7
STU1281,5.1,7.7,6.1,6.1,6.8,5.3,7.5,INFJ,Nghệ thuật & Thiết kế,Thiết kế nội thất,4.9
STU0804,7.4,9.7,8.2,6.5,6.1,6.9,9.8,ESFJ,Sư phạm & Giáo dục,Sư phạm Tin học,4.7
STU1050,6.3,9.6,9.2,6.1,6.6,5.2,7.6,ENFP,Truyền thông & Báo chí,Truyền thông đại chúng,4.2
STU0337,9.1,6.4,5.7,6.7,10.0,9.9,5.4,ISFJ,Y tế & Sức khỏe,Dược học,4.4
STU1597,7.0,9.6,8.2,6.4,6.4,6.8,8.6,INFJ,Luật & Xã hội,Quản lý nhà nước,4.8
STU0048,9.7,5.1,9.2,9.3,8.3,5.1,5.5,ISTJ,Công nghệ Thông tin & Kỹ thuật Máy tính,An toàn thông tin,4.6
STU2149,9.4,5.3,6.6,8.3,7.2,5.7,5.9,ESTJ,Xây dựng & Quy hoạch,Kỹ thuật xây dựng,4.1
STU0107,10.0,6.7,8.1,9.6,7.2,6.6,6.0,INTJ,Công nghệ Thông tin & Kỹ thuật Máy tính,Công nghệ thông tin,4.5
STU0350,9.5,6.2,5.8,5.1,8.9,8.6,5.4,INFJ,Y tế & Sức khỏe,Răng - Hàm - Mặt,4.7
STU1080,6.6,9.7,8.4,5.0,6.2,6.9,8.5,ENTP,Truyền thông & Báo chí,Công nghệ truyền thông,3.9
STU0239,9.4,5.2,6.8,6.0,9.8,9.8,6.2,ISFP,Y tế & Sức khỏe,Y đa khoa,5.0
STU0214,9.7,5.1,5.8,5.8,9.4,9.3,5.9,ISFJ,Y tế & Sức khỏe,Y học cổ truyền,4.9
STU1145,5.8,8.6,8.7,6.3,5.2,6.2,7.1,ENTP,Truyền thông & Báo chí,Thông tin - thư viện,4.3
STU1918,8.5,6.5,6.2,5.9,8.4,8.7,6.3,INFP,Nông nghiệp & Môi trường,Nông nghiệp,5.0
STU1757,8.1,6.4,5.8,9.0,7.3,5.8,6.1,ISTJ,"Kỹ thuật, Cơ khí & Ô tô",Kỹ thuật cơ khí,4.8
STU0794,6.3,9.4,9.5,6.7,5.5,5.6,9.1,INFJ,Sư phạm & Giáo dục,Sư phạm Tin học,4.4
STU1097,6.1,9.6,8.3,5.7,6.3,6.2,8.4,ESFP,Truyền thông & Báo chí,Truyền thông đại chúng,3.8
STU1812,8.2,5.4,6.4,9.6,7.9,6.0,6.9,ISTP,"Kỹ thuật, Cơ khí & Ô tô",Kỹ thuật điện,4.2
STU2297,5.8,7.5,8.2,5.0,6.7,5.0,7.7,ESTP,Du lịch & Dịch vụ,Quản trị dịch vụ du lịch và lữ hành,3.9
STU2219,8.3,6.3,6.8,8.3,7.0,6.0,5.4,ISTJ,Xây dựng & Quy hoạch,Quản lý xây dựng,4.1
STU0346,9.6,5.3,5.6,6.3,9.0,8.6,6.1,ISTJ,Y tế & Sức khỏe,Y đa khoa,3.9
STU0524,9.6,7.1,8.7,6.8,6.5,6.2,6.7,ENTP,Kinh tế & Quản lý,Kế toán,4.6
STU0233,9.2,5.2,6.7,5.1,8.7,9.5,5.2,ISFP,Y tế & Sức khỏe,Y đa khoa,4.5
STU0645,7.0,9.3,9.4,6.9,5.7,5.7,9.9,INFJ,Sư phạm & Giáo dục,Sư phạm Vật lý,4.1
STU1912,8.3,6.5,5.3,5.0,8.2,8.9,6.3,ISFP,Nông nghiệp & Môi trường,Nông nghiệp,4.8
STU2167,8.3,5.4,6.3,8.7,8.0,6.9,5.8,ISTP,Xây dựng & Quy hoạch,Kỹ thuật xây dựng,4.2
STU1429,5.9,8.2,6.4,5.1,6.7,6.1,8.2,ISFP,Nghệ thuật & Thiết kế,Thanh nhạc,4.1
STU0534,9.1,8.8,8.9,6.9,5.1,5.8,5.9,ENTP,Kinh tế & Quản lý,Hệ thống thông tin quản lý,4.9
STU2168,8.9,6.5,5.9,8.7,6.3,5.3,5.7,ESTJ,Xây dựng & Quy hoạch,Kỹ thuật cấp thoát nước,3.9
STU0604,4.3,4.2,5.2,4.9,5.9,4.7,5.0,INFP,Kinh tế & Quản lý,Hệ thống thông tin quản lý,2.8
STU1490,5.7,9.7,7.2,6.0,5.0,5.4,9.9,INFJ,Luật & Xã hội,Luật quốc tế,4.6
STU1933,8.3,5.6,6.9,6.0,9.3,8.7,6.5,ISFJ,Nông nghiệp & Môi trường,Lâm nghiệp đô thị,4.5
STU1427,5.7,7.6,6.0,6.7,6.5,5.9,8.3,INFJ,Nghệ thuật & Thiết kế,Kiến trúc,4.1
STU1075,6.4,9.1,9.5,6.5,6.4,6.9,7.3,ESFP,Truyền thông & Báo chí,Báo chí,4.1
STU2341,5.0,6.0,5.0,7.0,5.8,5.7,4.3,ENTJ,Du lịch & Dịch vụ,Quản trị khách sạn,1.7
STU0061,9.9,6.0,7.9,9.4,7.1,5.9,6.3,ISTP,Công nghệ Thông tin & Kỹ thuật Máy tính,Khoa học dữ liệu,4.3
STU1935,7.5,6.6,5.9,5.2,8.6,9.6,6.6,INFP,Nông nghiệp & Môi trường,Nuôi trồng thủy sản,4.3
STU0093,9.2,6.9,8.5,8.6,7.3,6.4,6.1,ISTP,Công nghệ Thông tin & Kỹ thuật Máy tính,An toàn thông tin,4.1
STU0667,6.1,9.5,8.4,5.5,5.6,5.2,9.7,ESFJ,Sư phạm & Giáo dục,Tâm lý học giáo dục,5.0
STU2030,8.3,7.0,5.9,5.7,8.8,9.7,6.3,ISTJ,Nông nghiệp & Môi trường,Công nghệ sau thu hoạch,5.0
STU2243,8.3,6.6,5.6,9.3,6.9,5.3,6.5,ISTP,Xây dựng & Quy hoạch,Kỹ thuật xây dựng,4.3
STU0281,9.2,6.2,6.5,5.8,9.5,8.7,5.2,INFJ,Y tế & Sức khỏe,Quản lý bệnh viện,4.4
STU1721,8.0,5.2,6.5,9.1,7.9,5.2,7.0,INTJ,"Kỹ thuật, Cơ khí & Ô tô",Công nghệ kỹ thuật ô tô,4.7
STU0360,9.4,6.6,6.4,6.3,8.6,9.7,6.5,ISTJ,Y tế & Sức khỏe,Kỹ thuật hình ảnh y học,4.5
STU1744,9.4,5.4,6.1,9.5,7.3,5.1,6.1,INTJ,"Kỹ thuật, Cơ khí & Ô tô",Kỹ thuật điện,4.9
STU1544,5.0,8.8,7.3,6.3,5.3,5.8,8.7,INFJ,Luật & Xã hội,Chính trị học,4.8
STU1398,5.3,8.3,5.5,5.4,5.1,6.5,8.4,INFP,Nghệ thuật & Thiết kế,Thiết kế công nghiệp,5.0
STU1799,9.5,6.8,5.2,9.9,8.2,5.7,5.7,ISTJ,"Kỹ thuật, Cơ khí & Ô tô",Kỹ thuật cơ khí,4.0
STU0848,5.2,9.4,9.9,5.3,5.2,5.4,8.9,INTP,Ngôn ngữ & Văn hóa,Tiếng Việt và văn hoá Việt Nam,4.9
STU1207,6.5,9.7,9.3,5.5,6.7,5.8,7.3,ENFP,Truyền thông & Báo chí,Công nghệ truyền thông,4.7
STU2197,8.7,5.3,5.7,8.6,7.1,5.4,5.7,ISTP,Xây dựng & Quy hoạch,Quản lý xây dựng,4.3
STU0761,6.3,9.2,8.4,5.6,6.5,6.6,9.7,ESFJ,Sư phạm & Giáo dục,Sư phạm Tiếng Anh,4.0
STU0111,8.6,6.3,9.4,9.9,6.7,6.1,6.7,INTJ,Công nghệ Thông tin & Kỹ thuật Máy tính,Công nghệ thông tin,4.9
STU0043,8.8,6.1,8.3,9.4,7.9,6.4,5.5,ISTJ,Công nghệ Thông tin & Kỹ thuật Máy tính,Thiết kế vi mạch,4.5
STU0126,9.9,6.1,9.6,8.1,8.0,5.4,6.8,INTP,Công nghệ Thông tin & Kỹ thuật Máy tính,Khoa học dữ liệu,3.9
STU0205,9.5,6.1,9.6,9.9,7.7,5.5,7.0,INTP,Công nghệ Thông tin & Kỹ thuật Máy tính,Khoa học dữ liệu,5.0
STU1474,5.5,8.5,8.1,6.0,5.4,5.8,9.1,ISTJ,Luật & Xã hội,Luật,4.1
STU0053,9.8,6.5,7.6,9.0,7.6,6.1,6.9,ISTP,Công nghệ Thông tin & Kỹ thuật Máy tính,Khoa học Máy tính,4.0
STU0546,8.0,7.0,9.3,6.9,5.2,5.4,5.7,ESTJ,Kinh tế & Quản lý,Tài chính - Ngân hàng,4.5
STU0069,9.3,5.6,8.4,10.0,7.0,5.5,5.7,ISTJ,Công nghệ Thông tin & Kỹ thuật Máy tính,An toàn thông tin,4.5
STU1754,9.4,6.3,6.2,9.5,8.2,6.6,6.0,ISTJ,"Kỹ thuật, Cơ khí & Ô tô",Kỹ thuật điện,4.8
STU1946,7.1,5.7,6.3,6.4,8.4,9.5,6.6,ISFP,Nông nghiệp & Môi trường,Khoa học môi trường,4.8
STU2194,8.5,5.3,5.1,9.3,7.6,6.9,5.3,ISTJ,Xây dựng & Quy hoạch,Quản lý xây dựng,3.9
STU2060,7.5,6.5,6.7,5.4,8.8,9.5,5.7,ISTJ,Nông nghiệp & Môi trường,Công nghệ sau thu hoạch,4.1
STU1425,5.4,8.1,6.8,6.0,6.4,5.7,7.5,INFJ,Nghệ thuật & Thiết kế,Kiến trúc,4.9
STU0184,8.7,5.5,9.3,9.4,6.4,6.2,5.1,INTP,Công nghệ Thông tin & Kỹ thuật Máy tính,Thiết kế vi mạch,4.3
STU0138,9.4,5.3,8.7,8.9,8.4,5.1,6.9,INTP,Công nghệ Thông tin & Kỹ thuật Máy tính,Khoa học dữ liệu,4.2
STU0900,6.1,8.2,10.0,5.5,5.1,5.4,7.6,INFP,Ngôn ngữ & Văn hóa,Ngôn ngữ Anh,4.6
STU0797,6.8,9.7,8.6,6.7,5.6,5.3,9.3,INFJ,Sư phạm & Giáo dục,Sư phạm Vật lý,4.7
STU0133,9.4,5.1,8.4,8.1,6.2,5.8,6.6,INTP,Công nghệ Thông tin & Kỹ thuật Máy tính,Kỹ thuật phần mềm,4.4
STU0081,8.5,5.1,7.9,9.5,7.0,6.5,5.6,INTJ,Công nghệ Thông tin & Kỹ thuật Máy tính,Khoa học Máy tính,4.1
STU1587,6.2,8.7,7.9,5.9,5.1,5.3,8.9,ENTJ,Luật & Xã hội,Quản lý nhà nước,4.4
STU2154,8.3,5.6,5.4,8.6,6.9,6.9,6.5,ISTP,Xây dựng & Quy hoạch,Kỹ thuật xây dựng,4.9
STU0759,7.0,8.9,8.7,5.9,6.2,5.9,9.4,ESFJ,Sư phạm & Giáo dục,Sư phạm Tiếng Anh,4.4
STU0542,9.7,7.0,8.3,6.1,5.5,6.9,5.3,ENTP,Kinh tế & Quản lý,Quản trị kinh doanh,4.2
STU1020,6.0,8.5,9.3,5.1,6.3,6.8,8.0,INTP,Ngôn ngữ & Văn hóa,Ngôn ngữ học,4.4
STU1762,8.7,6.8,6.7,9.6,7.5,5.8,6.8,ESTP,"Kỹ thuật, Cơ khí & Ô tô",Kỹ thuật cơ điện tử,3.9
STU0984,6.8,8.3,9.2,6.7,6.6,5.9,8.3,ISFP,Ngôn ngữ & Văn hóa,Ngôn ngữ Nhật,4.4
STU2228,9.2,5.7,6.2,8.1,7.9,5.6,5.6,ISTP,Xây dựng & Quy hoạch,Quản lý xây dựng,4.4
STU0166,9.1,5.5,9.1,8.4,7.7,5.8,6.2,ENTP,Công nghệ Thông tin & Kỹ thuật Máy tính,Khoa học Máy tính,4.6
STU0249,10.0,6.9,6.3,5.4,9.5,9.9,5.7,INFJ,Y tế & Sức khỏe,Quản lý bệnh viện,4.8
STU1332,6.1,8.7,5.2,5.4,5.2,6.6,7.5,ISFP,Nghệ thuật & Thiết kế,Kiến trúc,4.4
STU0447,8.9,8.2,8.5,5.5,5.8,5.3,5.4,ENTP,Kinh tế & Quản lý,Tài chính - Ngân hàng,4.2
STU1772,8.1,6.6,6.2,9.1,7.7,5.4,6.2,INTJ,"Kỹ thuật, Cơ khí & Ô tô",Robot và Trí tuệ nhân tạo,3.8
STU0859,6.4,9.2,9.9,5.7,6.5,5.9,7.4,INTP,Ngôn ngữ & Văn hóa,Ngôn ngữ Hàn Quốc,3.9
STU1359,6.5,7.6,5.4,5.5,5.8,6.5,7.9,INFP,Nghệ thuật & Thiết kế,Điêu khắc,4.3
STU1989,7.7,6.9,6.4,5.4,8.4,9.7,5.6,INFP,Nông nghiệp & Môi trường,Khoa học cây trồng,4.7
STU0098,9.3,5.4,8.7,8.8,7.6,6.9,6.1,ENTP,Công nghệ Thông tin & Kỹ thuật Máy tính,Công nghệ thông tin,4.2
STU1790,8.9,5.7,5.7,10.0,8.4,6.4,6.9,INTJ,"Kỹ thuật, Cơ khí & Ô tô",Robot và Trí tuệ nhân tạo,4.2
STU0806,7.0,9.4,9.1,5.8,5.0,5.6,9.8,ESFJ,Sư phạm & Giáo dục,Sư phạm Vật lý,4.9
STU0738,6.0,9.0,8.8,6.0,5.8,6.5,9.6,ENFJ,Sư phạm & Giáo dục,Tâm lý học giáo dục,4.4
STU1926,8.3,5.3,5.7,5.4,8.2,8.9,5.0,ISTJ,Nông nghiệp & Môi trường,Khoa học cây trồng,4.4
STU1881,8.4,5.8,6.6,5.4,8.6,8.5,5.5,ISFJ,Nông nghiệp & Môi trường,Công nghệ thực phẩm,4.2
STU1994,8.1,6.1,6.6,5.1,8.3,9.8,5.3,ISFP,Nông nghiệp & Môi trường,Nông nghiệp,4.4
STU0103,9.5,6.7,8.8,8.8,7.9,7.0,6.9,INTJ,Công nghệ Thông tin & Kỹ thuật Máy tính,An toàn thông tin,4.2
STU0435,9.0,8.2,9.9,5.9,6.1,5.3,5.1,ENTP,Kinh tế & Quản lý,Kinh tế quốc tế,4.5
STU0075,9.5,6.8,7.9,8.7,8.3,6.5,5.6,ISTJ,Công nghệ Thông tin & Kỹ thuật Máy tính,Thiết kế vi mạch,4.8
STU0578,9.4,7.1,8.3,6.4,7.0,5.3,6.9,ESTP,Kinh tế & Quản lý,Kinh doanh quốc tế,4.7
STU2188,8.8,6.8,6.2,9.2,6.5,6.2,5.4,ESTJ,Xây dựng & Quy hoạch,Công nghệ kỹ thuật công trình xây dựng,4.6
STU1925,7.8,6.9,5.6,5.7,8.6,9.1,5.8,INFP,Nông nghiệp & Môi trường,Công nghệ thực phẩm,5.0
STU1231,6.6,9.5,8.7,5.6,6.4,5.1,7.2,ENFP,Truyền thông & Báo chí,Báo chí,4.9
STU0919,6.8,9.3,9.7,6.4,7.0,6.0,7.8,ISFP,Ngôn ngữ & Văn hóa,Ngôn ngữ học,4.5
STU1327,6.3,7.7,6.9,5.1,6.4,5.9,8.4,INFJ,Nghệ thuật & Thiết kế,Kiến trúc,4.3
STU2312,6.2,7.2,8.0,6.1,5.5,6.7,8.8,ENFP,Du lịch & Dịch vụ,Quản trị nhà hàng và dịch vụ ăn uống,4.3
STU2283,8.0,6.3,6.9,9.3,7.5,5.9,6.3,ISTP,Xây dựng & Quy hoạch,Địa kỹ thuật xây dựng,4.5
STU2242,8.0,5.5,6.3,8.9,7.6,6.8,5.6,ESTJ,Xây dựng & Quy hoạch,Kỹ thuật cấp thoát nước,4.5
STU0763,6.6,9.7,8.8,5.3,6.5,5.3,9.7,INFJ,Sư phạm & Giáo dục,Sư phạm Vật lý,4.8
STU2112,8.2,6.0,6.1,9.4,6.6,5.6,6.6,ISTP,Xây dựng & Quy hoạch,Kinh tế xây dựng,3.9
STU0990,5.4,8.8,9.8,5.6,6.7,6.1,8.2,INFP,Ngôn ngữ & Văn hóa,Ngôn ngữ Trung Quốc,4.0
STU0389,9.7,5.3,5.1,5.6,8.7,9.2,5.3,ISFJ,Y tế & Sức khỏe,Điều dưỡng,4.6
STU0236,8.9,6.0,6.4,5.2,8.6,9.7,7.0,ISFP,Y tế & Sức khỏe,Kỹ thuật hình ảnh y học,4.0
STU2166,9.3,6.9,6.6,9.5,7.3,5.9,6.2,ESTJ,Xây dựng & Quy hoạch,Địa kỹ thuật xây dựng,4.9
STU0268,9.5,6.6,6.2,6.5,8.7,9.1,5.5,ISTJ,Y tế & Sức khỏe,Y đa khoa,4.8
STU1330,6.2,7.9,5.9,5.5,5.5,5.7,8.2,ISFP,Nghệ thuật & Thiết kế,Thiết kế đồ họa,4.2
STU1823,8.3,6.9,6.5,9.0,8.4,5.9,5.3,ESTP,"Kỹ thuật, Cơ khí & Ô tô",Kỹ thuật cơ điện tử,4.8
STU0118,9.7,6.7,9.2,8.7,8.4,6.0,6.1,ISTP,Công nghệ Thông tin & Kỹ thuật Máy tính,Kỹ thuật phần mềm,4.3
STU0438,8.2,7.7,9.4,7.0,5.8,5.8,6.1,ESTP,Kinh tế & Quản lý,Thương mại điện tử,4.9
STU0674,5.7,5.5,4.7,4.3,6.5,5.7,7.0,ENTJ,Sư phạm & Giáo dục,Tâm lý học giáo dục,2.4
STU0250,9.8,6.1,6.2,6.9,9.1,8.5,6.8,ISFP,Y tế & Sức khỏe,Y học cổ truyền,4.7
STU2125,9.0,5.2,5.2,8.2,7.3,6.3,6.1,ISTJ,Xây dựng & Quy hoạch,Kỹ thuật xây dựng,4.3
STU1575,5.2,10.0,8.3,6.9,6.3,6.4,9.7,ISTJ,Luật & Xã hội,Tâm lý học,3.9
STU2493,6.3,8.1,9.4,5.4,6.3,5.4,7.7,ESFJ,Du lịch & Dịch vụ,Quản trị nhà hàng và dịch vụ ăn uống,4.0
STU0095,9.9,5.8,9.1,9.7,8.0,5.2,5.4,ISTJ,Công nghệ Thông tin & Kỹ thuật Máy tính,An toàn thông tin,4.9
STU2072,8.5,6.0,6.4,6.1,8.2,10.0,5.7,ISFJ,Nông nghiệp & Môi trường,Khoa học cây trồng,5.0
STU0034,9.2,6.7,8.3,8.1,7.7,6.8,6.0,ISTJ,Công nghệ Thông tin & Kỹ thuật Máy tính,Khoa học dữ liệu,4.3
STU2131,9.4,6.9,5.5,8.5,7.3,5.4,6.2,ISTP,Xây dựng & Quy hoạch,Kỹ thuật xây dựng,4.3
STU2281,8.7,6.6,6.6,9.2,8.0,5.9,5.6,ISTJ,Xây dựng & Quy hoạch,Kỹ thuật cấp thoát nước,5.0
STU0449,6.7,6.1,5.6,4.7,5.3,4.0,6.9,ENTP,Kinh tế & Quản lý,Hệ thống thông tin quản lý,1.6
STU1470,5.2,9.2,7.8,6.0,6.3,5.8,9.9,ISTJ,Luật & Xã hội,Tâm lý học,4.4
STU1796,8.5,5.3,5.3,9.1,7.5,5.4,5.2,INTJ,"Kỹ thuật, Cơ khí & Ô tô",Kỹ thuật điện tử - viễn thông,4.1
STU0717,6.9,8.6,10.0,6.3,6.2,6.6,9.4,ENFJ,Sư phạm & Giáo dục,Sư phạm Tiếng Anh,4.9
STU1936,7.9,6.2,6.6,6.4,8.9,8.9,6.7,ISFP,Nông nghiệp & Môi trường,Thú y,4.2
STU2172,8.3,6.4,5.4,8.7,7.7,6.8,5.1,ESTJ,Xây dựng & Quy hoạch,Địa kỹ thuật xây dựng,4.2
STU0001,8.8,5.3,7.6,9.0,6.5,6.2,5.1,INTJ,Công nghệ Thông tin & Kỹ thuật Máy tính,Khoa học Máy tính,4.7
STU0457,6.1,6.1,6.1,6.2,4.8,4.3,4.2,ESTJ,Kinh tế & Quản lý,Kinh doanh quốc tế,2.7
STU1102,6.6,9.8,8.8,5.7,5.0,5.6,7.1,ENTP,Truyền thông & Báo chí,Lưu trữ học,4.5
STU1109,6.9,9.6,8.2,5.8,5.7,5.7,8.7,ESFP,Truyền thông & Báo chí,Thông tin - thư viện,3.9
STU1878,8.5,6.2,6.8,5.2,9.1,9.9,6.6,ISFJ,Nông nghiệp & Môi trường,Công nghệ sau thu hoạch,4.3
STU0083,9.4,6.9,8.5,9.0,6.8,5.9,5.2,ISTP,Công nghệ Thông tin & Kỹ thuật Máy tính,Khoa học Máy tính,5.0
STU1482,5.1,8.8,8.1,5.4,5.7,7.0,9.9,INFJ,Luật & Xã hội,Quản lý nhà nước,4.5
STU2290,5.5,8.4,9.5,6.7,6.6,5.9,7.8,ESFJ,Du lịch & Dịch vụ,Quản trị dịch vụ du lịch và lữ hành,4.0
STU0677,6.6,8.9,9.8,6.8,6.4,6.8,9.7,ESFJ,Sư phạm & Giáo dục,Sư phạm Ngữ văn,4.0
STU2036,8.0,6.3,5.6,6.3,8.9,9.0,6.7,ISFJ,Nông nghiệp & Môi trường,Thú y,4.9
STU2123,8.2,6.0,6.4,8.7,7.1,5.7,6.1,ESTJ,Xây dựng & Quy hoạch,Kỹ thuật xây dựng,4.9
STU1047,6.9,9.4,8.5,6.5,5.6,6.9,8.3,ENTP,Truyền thông & Báo chí,Truyền thông đại chúng,4.7
STU1461,5.0,8.9,8.0,6.9,5.3,6.0,8.7,ENTJ,Luật & Xã hội,Tâm lý học,4.3
STU0771,6.6,9.0,8.6,6.4,6.6,5.2,9.6,ENFJ,Sư phạm & Giáo dục,Tâm lý học giáo dục,3.8
STU1669,9.0,6.8,5.7,8.9,7.7,5.4,6.3,ISTP,"Kỹ thuật, Cơ khí & Ô tô",Công nghệ kỹ thuật ô tô,3.9
STU1862,8.9,5.8,5.6,9.7,8.4,6.2,5.0,ISTJ,"Kỹ thuật, Cơ khí & Ô tô",Kỹ thuật cơ điện tử,3.9
STU1957,8.4,5.4,5.4,5.9,8.4,9.6,6.4,INFP,Nông nghiệp & Môi trường,Khoa học môi trường,4.8
STU0518,8.5,8.1,9.6,5.7,5.0,6.2,6.4,ENTJ,Kinh tế & Quản lý,Thương mại điện tử,4.7
STU0823,7.2,8.6,8.3,5.0,5.5,6.1,9.4,ENFJ,Sư phạm & Giáo dục,Sư phạm Vật lý,4.9
STU0405,9.2,5.1,5.7,6.0,9.1,9.5,6.4,ISFP,Y tế & Sức khỏe,Quản lý bệnh viện,4.6
STU0385,8.6,6.6,6.0,6.1,10.0,9.5,6.4,ISTJ,Y tế & Sức khỏe,Điều dưỡng,3.8
STU1985,6.9,5.9,6.6,6.2,5.4,5.8,6.3,ENFP,Nông nghiệp & Môi trường,Khoa học cây trồng,2.9
STU2043,8.0,5.9,5.6,5.2,9.4,9.4,6.8,ISTJ,Nông nghiệp & Môi trường,Công nghệ sau thu hoạch,4.5
STU0105,9.9,5.8,9.4,8.2,7.8,6.5,6.0,ISTP,Công nghệ Thông tin & Kỹ thuật Máy tính,Khoa học Máy tính,4.5
STU1634,6.1,8.5,7.5,6.8,5.3,5.1,8.8,ISTJ,Luật & Xã hội,Xã hội học,4.1
STU2381,6.7,7.9,8.2,6.7,6.7,5.4,8.2,ESFJ,Du lịch & Dịch vụ,Quản trị dịch vụ du lịch và lữ hành,4.6
STU0689,6.4,9.9,9.4,5.1,6.3,6.3,9.5,INFJ,Sư phạm & Giáo dục,Sư phạm Toán học,4.1
STU2000,7.3,6.8,6.9,6.5,9.5,9.9,6.3,ISFJ,Nông nghiệp & Môi trường,Lâm nghiệp đô thị,4.9
STU0827,6.4,9.1,9.7,6.2,5.7,6.7,9.6,ISFJ,Sư phạm & Giáo dục,Giáo dục Tiểu học,4.1
STU1241,5.8,8.6,8.3,5.1,5.8,6.8,8.2,ESFP,Truyền thông & Báo chí,Báo chí,4.0
STU0063,6.3,4.7,6.4,4.7,4.6,4.8,6.3,ESFP,Công nghệ Thông tin & Kỹ thuật Máy tính,Thiết kế vi mạch,2.3
STU1306,5.9,8.3,6.1,6.9,5.2,6.9,6.8,INFJ,Nghệ thuật & Thiết kế,Hội họa,4.0
STU0853,6.0,8.1,9.7,6.4,6.8,5.2,7.4,INFP,Ngôn ngữ & Văn hóa,Ngôn ngữ học,4.7
STU2291,6.1,8.0,8.5,5.1,6.6,6.1,8.8,ESFP,Du lịch & Dịch vụ,Quản trị dịch vụ du lịch và lữ hành,4.6
STU0177,10.0,6.0,7.8,8.8,6.2,5.0,6.4,INTJ,Công nghệ Thông tin & Kỹ thuật Máy tính,Khoa học Máy tính,4.6
STU1263,5.5,7.9,6.7,5.6,5.9,5.5,7.6,INFP,Nghệ thuật & Thiết kế,Kiến trúc,4.7
STU0224,9.5,6.3,5.4,6.0,9.5,9.6,6.7,ISTJ,Y tế & Sức khỏe,Y học dự phòng,4.6
STU0146,9.3,6.9,9.9,8.5,6.0,6.1,5.8,INTJ,Công nghệ Thông tin & Kỹ thuật Máy tính,Mạng máy tính và truyền thông dữ liệu,3.9
STU1089,6.6,9.4,8.9,5.1,5.4,5.3,7.1,ENFP,Truyền thông & Báo chí,Lưu trữ học,4.5
STU0374,8.9,5.6,5.2,6.0,8.9,9.6,5.3,ISFP,Y tế & Sức khỏe,Y học dự phòng,4.8
STU1825,8.5,6.9,5.9,9.1,7.4,6.5,5.2,INTJ,"Kỹ thuật, Cơ khí & Ô tô",Kỹ thuật điện,4.3
STU2106,8.2,6.0,5.8,8.5,7.8,5.9,7.0,ISTP,Xây dựng & Quy hoạch,Kỹ thuật xây dựng,4.5
STU1143,6.7,9.6,9.0,7.0,6.6,5.1,7.1,ENFP,Truyền thông & Báo chí,Quan hệ công chúng,4.6
STU2389,6.5,7.5,8.5,5.2,6.5,7.0,8.7,ENFP,Du lịch & Dịch vụ,Quản trị khách sạn,5.0
STU2160,8.4,6.4,5.9,9.4,6.2,6.4,6.9,ESTJ,Xây dựng & Quy hoạch,Kỹ thuật cấp thoát nước,4.7
STU1275,5.3,7.8,6.2,5.5,5.3,5.3,8.3,ISFP,Nghệ thuật & Thiết kế,Thiết kế nội thất,4.0
STU1266,5.6,7.7,5.7,5.6,6.4,5.8,8.1,INFJ,Nghệ thuật & Thiết kế,Thiết kế đồ họa,4.4
STU2230,8.4,7.0,5.5,9.2,6.4,5.5,6.2,ESTJ,Xây dựng & Quy hoạch,Quản lý xây dựng,4.8
STU1943,7.3,5.8,6.4,5.4,8.0,9.7,7.0,ISFP,Nông nghiệp & Môi trường,Lâm nghiệp đô thị,4.2
STU0010,9.9,5.2,8.8,8.3,7.5,6.5,5.3,ISTP,Công nghệ Thông tin & Kỹ thuật Máy tính,Kỹ thuật phần mềm,4.9
STU0450,9.6,7.2,8.5,6.7,5.3,5.9,5.6,ESTP,Kinh tế & Quản lý,Marketing,4.2
STU1839,9.0,5.7,5.7,9.9,7.7,5.1,5.1,ISTP,"Kỹ thuật, Cơ khí & Ô tô",Kỹ thuật điện tử - viễn thông,4.1
STU0709,6.1,9.2,8.4,5.9,5.0,5.0,9.8,INFJ,Sư phạm & Giáo dục,Sư phạm Ngữ văn,4.2
STU0256,4.9,6.9,5.9,5.4,5.7,6.3,5.9,ENTP,Y tế & Sức khỏe,Quản lý bệnh viện,1.6
STU0883,5.5,8.1,9.1,5.0,6.8,6.4,7.7,INFP,Ngôn ngữ & Văn hóa,Tiếng Việt và văn hoá Việt Nam,4.1
STU1618,5.1,9.0,7.2,5.6,5.2,6.7,8.9,INFJ,Luật & Xã hội,Luật,4.7
STU0390,9.0,5.7,6.7,6.5,9.9,8.8,6.4,INFJ,Y tế & Sức khỏe,Điều dưỡng,3.9
STU2009,7.6,6.1,5.0,5.2,8.3,8.5,6.1,INFP,Nông nghiệp & Môi trường,Khoa học cây trồng,3.9
STU2482,6.8,7.0,8.7,6.4,5.2,6.9,8.7,ESFJ,Du lịch & Dịch vụ,Quản lý thể dục thể thao,4.2
STU1582,5.9,9.5,8.3,6.8,5.2,6.3,9.9,INTJ,Luật & Xã hội,Luật kinh tế,4.3
STU0909,6.8,9.0,9.1,5.0,6.1,5.1,7.1,INFP,Ngôn ngữ & Văn hóa,Ngôn ngữ Nhật,4.3
STU0925,5.7,8.7,9.0,6.1,6.4,6.3,8.4,ISFP,Ngôn ngữ & Văn hóa,Ngôn ngữ Anh,4.3
STU0752,6.3,8.6,8.6,6.3,5.1,6.7,9.4,INFJ,Sư phạm & Giáo dục,Sư phạm Tin học,4.4
STU2258,8.5,6.1,5.9,8.5,7.0,6.3,5.4,ISTP,Xây dựng & Quy hoạch,Kỹ thuật cấp thoát nước,4.7
STU0461,8.1,8.4,8.7,5.5,6.4,5.9,7.0,ESTP,Kinh tế & Quản lý,Kiểm toán,3.9
STU1748,8.2,6.0,5.6,8.7,7.4,5.1,5.3,ESTP,"Kỹ thuật, Cơ khí & Ô tô",Kỹ thuật điện,4.6
STU1942,7.4,5.0,6.8,5.3,8.6,9.8,6.6,INFP,Nông nghiệp & Môi trường,Nông nghiệp,5.0
STU1225,6.8,4.1,6.1,4.2,6.1,5.1,6.0,INFP,Truyền thông & Báo chí,Quan hệ công chúng,3.4
STU1169,5.6,9.0,9.0,6.1,5.3,5.6,7.2,ENTP,Truyền thông & Báo chí,Truyền thông đa phương tiện,4.7
STU0959,5.8,9.3,9.8,5.6,6.9,5.4,7.9,ISFP,Ngôn ngữ & Văn hóa,Ngôn ngữ Nhật,3.9
STU0502,9.9,8.3,9.2,5.8,6.8,5.9,5.0,ESTP,Kinh tế & Quản lý,Quản trị kinh doanh,4.2
STU1728,8.9,6.6,5.7,8.7,8.1,6.7,6.0,INTJ,"Kỹ thuật, Cơ khí & Ô tô",Kỹ thuật điều khiển và tự động hóa,4.5
STU0740,6.4,9.1,8.9,5.8,5.3,6.6,9.3,ISFJ,Sư phạm & Giáo dục,Sư phạm Ngữ văn,4.0
STU0041,8.8,6.5,8.4,9.6,8.2,6.0,5.7,ISTP,Công nghệ Thông tin & Kỹ thuật Máy tính,Khoa học Máy tính,4.1
STU0869,4.9,6.8,5.8,6.2,6.6,6.0,6.4,ENTJ,Ngôn ngữ & Văn hóa,Ngôn ngữ Hàn Quốc,2.8
STU0732,7.4,9.8,9.6,6.0,5.7,5.4,9.2,ISFJ,Sư phạm & Giáo dục,Sư phạm Tin học,4.9
STU0540,8.2,8.5,8.2,6.8,5.8,6.5,5.2,ENTP,Kinh tế & Quản lý,Marketing,4.6
STU1202,6.6,4.1,5.2,5.4,6.3,6.5,5.0,ENTP,Truyền thông & Báo chí,Công nghệ truyền thông,2.0
STU1340,5.1,8.8,5.9,6.2,6.5,6.2,8.1,INFJ,Nghệ thuật & Thiết kế,Thiết kế thời trang,4.8
STU0698,4.7,4.2,6.8,6.7,6.1,6.3,4.1,ISFJ,Sư phạm & Giáo dục,Sư phạm Toán học,1.6
STU1992,7.8,6.6,6.7,5.4,9.4,9.8,6.8,ISTJ,Nông nghiệp & Môi trường,Công nghệ sau thu hoạch,4.4
STU2084,9.1,6.0,6.6,9.1,7.9,6.5,6.8,ISTP,Xây dựng & Quy hoạch,Kỹ thuật xây dựng,4.3
STU2073,4.9,4.4,5.2,4.6,4.7,4.5,4.8,INTP,Nông nghiệp & Môi trường,Khoa học cây trồng,2.8
STU1372,5.6,8.1,6.6,5.9,5.4,6.2,7.8,ISFP,Nghệ thuật & Thiết kế,Thiết kế đồ họa,4.5
STU1146,6.6,9.8,9.2,5.5,5.1,6.8,8.5,ENTP,Truyền thông & Báo chí,Lưu trữ học,4.5
STU1032,6.8,9.2,9.9,6.5,5.7,5.8,8.4,INTP,Ngôn ngữ & Văn hóa,Ngôn ngữ Trung Quốc,4.9
STU0373,9.4,5.6,5.1,6.8,9.4,9.4,6.1,ISFJ,Y tế & Sức khỏe,Y học cổ truyền,5.0
STU0668,6.3,4.9,5.4,4.5,5.5,6.7,4.7,ENFP,Sư phạm & Giáo dục,Sư phạm Toán học,1.9
STU1432,6.7,8.1,5.0,6.2,6.6,5.4,8.4,INFJ,Nghệ thuật & Thiết kế,Thiết kế nội thất,4.9
STU2180,8.1,5.7,5.3,8.1,6.4,6.2,6.6,ISTJ,Xây dựng & Quy hoạch,Địa kỹ thuật xây dựng,4.5
STU0358,8.9,5.3,5.2,6.9,9.9,9.7,6.1,ISFP,Y tế & Sức khỏe,Kỹ thuật hình ảnh y học,4.6
STU0968,6.5,4.9,4.2,5.8,4.8,5.9,6.1,INFJ,Ngôn ngữ & Văn hóa,Ngôn ngữ Anh,3.1
STU0784,6.2,9.6,9.3,5.9,5.2,5.3,9.4,ENFJ,Sư phạm & Giáo dục,Sư phạm Toán học,4.2
STU0736,6.9,9.6,8.9,5.5,5.0,6.0,9.7,INFJ,Sư phạm & Giáo dục,Sư phạm Vật lý,4.5
STU1354,5.3,7.9,5.8,6.9,6.0,5.2,6.7,INFJ,Nghệ thuật & Thiết kế,Kiến trúc,3.8
STU1036,6.5,8.4,9.2,6.4,6.9,6.2,7.7,INFP,Ngôn ngữ & Văn hóa,Ngôn ngữ Anh,4.5
STU0971,6.4,8.7,9.2,6.3,6.9,6.1,7.1,INTP,Ngôn ngữ & Văn hóa,Văn học,4.5
STU0471,8.9,8.3,8.8,6.1,5.0,5.2,5.3,ESTP,Kinh tế & Quản lý,Kinh tế quốc tế,4.7
STU0656,6.2,8.7,9.4,5.3,6.7,5.2,9.1,INFJ,Sư phạm & Giáo dục,Sư phạm Ngữ văn,4.0
STU2350,7.0,7.4,9.2,5.1,6.6,5.9,7.7,ESTP,Du lịch & Dịch vụ,Quản trị nhà hàng và dịch vụ ăn uống,5.0
STU2327,7.0,7.9,9.4,6.3,6.2,6.9,8.2,ESTP,Du lịch & Dịch vụ,Quản trị dịch vụ du lịch và lữ hành,4.7
STU1397,6.7,8.7,6.2,6.3,5.7,5.1,7.1,ISFP,Nghệ thuật & Thiết kế,Thiết kế công nghiệp,4.4
STU1537,5.8,8.7,8.2,5.9,6.4,6.2,8.5,ISTJ,Luật & Xã hội,Chính trị học,4.0
STU1977,7.1,6.8,5.1,6.0,9.5,9.4,5.6,ISFP,Nông nghiệp & Môi trường,Công nghệ sinh học,4.6
STU2178,8.9,5.2,6.6,8.6,6.4,6.0,6.7,ESTJ,Xây dựng & Quy hoạch,Công nghệ kỹ thuật công trình xây dựng,4.1
STU1550,5.2,9.1,7.5,6.8,5.8,5.8,9.0,INTJ,Luật & Xã hội,Tâm lý học,4.3
STU1329,6.7,8.0,5.2,6.0,6.0,6.2,6.6,ISFP,Nghệ thuật & Thiết kế,Thanh nhạc,4.0
STU1257,5.8,8.2,5.8,5.6,6.3,5.9,7.4,INFJ,Nghệ thuật & Thiết kế,Thiết kế đồ họa,3.8
STU2158,8.1,6.8,5.8,8.3,7.3,5.5,5.7,ISTJ,Xây dựng & Quy hoạch,Địa kỹ thuật xây dựng,4.0
STU1426,6.3,7.6,5.5,6.8,6.0,5.8,7.2,ISFP,Nghệ thuật & Thiết kế,Thiết kế đồ họa,4.3
STU1465,6.4,9.2,7.2,5.4,6.9,6.6,9.8,INTJ,Luật & Xã hội,Luật,4.3
STU1556,6.6,9.0,7.4,6.7,6.6,6.2,8.7,INFJ,Luật & Xã hội,Quản lý nhà nước,4.6
STU2152,8.9,6.0,5.8,8.2,7.2,6.6,5.3,ESTJ,Xây dựng & Quy hoạch,Địa kỹ thuật xây dựng,4.4
STU1251,6.6,7.5,6.6,6.6,5.0,5.3,7.7,INFJ,Nghệ thuật & Thiết kế,Đạo diễn Điện ảnh - Truyền hình,4.4
STU1700,9.3,6.2,6.0,8.5,8.4,6.2,6.0,ISTJ,"Kỹ thuật, Cơ khí & Ô tô",Kỹ thuật điện,3.9
STU1253,6.9,7.7,5.1,5.9,6.8,5.5,7.8,ISFP,Nghệ thuật & Thiết kế,Hội họa,3.8
STU2422,5.8,7.7,8.9,5.3,6.1,6.5,8.7,ESFJ,Du lịch & Dịch vụ,Quản trị nhà hàng và dịch vụ ăn uống,4.4
STU2315,5.3,8.4,8.2,5.3,5.2,6.6,8.8,ESFJ,Du lịch & Dịch vụ,Quản trị khách sạn,4.1
STU1237,6.3,9.7,8.3,5.1,5.6,6.9,7.8,ENFP,Truyền thông & Báo chí,Báo chí,4.2
STU0886,6.7,9.3,9.9,6.8,5.9,5.3,8.6,ISFP,Ngôn ngữ & Văn hóa,Văn học,4.9
STU0080,9.1,5.9,9.2,8.6,7.2,5.4,6.0,ISTJ,Công nghệ Thông tin & Kỹ thuật Máy tính,Công nghệ thông tin,3.9
STU1173,5.8,9.4,9.2,5.8,6.5,6.1,8.1,ESFP,Truyền thông & Báo chí,Thông tin - thư viện,4.0
STU0815,4.4,6.0,5.1,5.8,6.1,5.4,6.2,ESTP,Sư phạm & Giáo dục,Tâm lý học giáo dục,3.5
STU1853,8.2,6.6,5.1,8.6,7.2,6.0,5.9,ISTP,"Kỹ thuật, Cơ khí & Ô tô",Robot và Trí tuệ nhân tạo,4.5
STU1964,7.7,5.5,6.3,6.1,8.1,9.7,6.7,ISTJ,Nông nghiệp & Môi trường,Công nghệ sau thu hoạch,4.5
STU0672,7.0,9.2,8.4,6.4,5.8,5.8,9.2,INFJ,Sư phạm & Giáo dục,Giáo dục Tiểu học,4.1
STU2401,6.4,8.0,8.6,6.8,5.7,6.0,7.6,ESTP,Du lịch & Dịch vụ,Du lịch,4.7
STU2438,5.0,8.5,8.5,5.9,5.7,5.0,7.7,ESFP,Du lịch & Dịch vụ,Du lịch,4.3
STU0058,9.0,6.8,9.1,9.4,8.1,6.9,5.1,ISTJ,Công nghệ Thông tin & Kỹ thuật Máy tính,Khoa học dữ liệu,4.8
STU0134,7.0,5.1,6.6,6.7,5.1,6.0,6.0,ENTP,Công nghệ Thông tin & Kỹ thuật Máy tính,Khoa học Máy tính,3.5
STU1141,5.8,9.7,9.3,5.5,5.9,5.8,8.2,ENFP,Truyền thông & Báo chí,Lưu trữ học,3.8
STU0934,6.7,5.7,5.0,4.9,6.5,5.6,5.2,ENFP,Ngôn ngữ & Văn hóa,Quốc tế học,2.5
STU0929,6.1,9.5,9.5,5.1,6.3,6.7,7.1,INFP,Ngôn ngữ & Văn hóa,Ngôn ngữ Trung Quốc,4.0
STU0824,7.4,9.8,9.5,5.5,5.7,5.5,9.1,ESFJ,Sư phạm & Giáo dục,Giáo dục Mầm non,4.3
STU1433,7.0,8.8,5.4,5.8,6.0,5.2,7.4,ISFP,Nghệ thuật & Thiết kế,Đạo diễn Điện ảnh - Truyền hình,3.8
STU1393,6.5,7.9,5.6,5.4,5.3,5.9,8.2,INFJ,Nghệ thuật & Thiết kế,Thiết kế công nghiệp,4.2
STU1532,7.0,9.3,7.9,6.6,5.2,5.5,8.7,INTJ,Luật & Xã hội,Luật quốc tế,5.0
STU1215,5.4,9.1,8.3,6.0,6.7,5.3,8.8,ENFP,Truyền thông & Báo chí,Lưu trữ học,4.6
STU0505,9.3,8.8,8.8,6.4,6.3,5.0,6.0,ENTJ,Kinh tế & Quản lý,Tài chính - Ngân hàng,4.2
STU2466,6.7,7.8,9.3,6.5,5.8,6.1,8.7,ENFP,Du lịch & Dịch vụ,Quản trị khách sạn,4.0
STU0348,9.1,6.3,7.0,6.0,9.8,8.9,7.0,ISFP,Y tế & Sức khỏe,Y đa khoa,3.9
STU0387,9.2,5.4,6.4,6.2,9.9,9.7,6.1,ISFP,Y tế & Sức khỏe,Kỹ thuật hình ảnh y học,4.7
STU1025,6.0,9.1,9.1,5.6,5.6,5.0,8.7,INTP,Ngôn ngữ & Văn hóa,Tiếng Việt và văn hoá Việt Nam,4.7
STU1385,5.0,8.1,6.6,6.3,5.1,5.4,6.6,INFP,Nghệ thuật & Thiết kế,Thiết kế công nghiệp,4.0
STU0895,5.6,9.0,9.0,6.6,5.0,5.5,7.8,INFP,Ngôn ngữ & Văn hóa,Quốc tế học,4.8
STU0829,6.5,9.4,9.5,6.9,5.8,6.2,9.1,ENFJ,Sư phạm & Giáo dục,Tâm lý học giáo dục,4.5
STU2431,5.5,7.4,8.9,6.1,6.0,5.6,8.3,ESFJ,Du lịch & Dịch vụ,Du lịch,4.4
STU0476,8.7,7.4,8.5,5.9,5.9,5.3,6.5,ESTP,Kinh tế & Quản lý,Kế toán,4.9
STU1684,8.6,6.0,6.3,8.6,8.2,5.7,6.5,ISTP,"Kỹ thuật, Cơ khí & Ô tô",Kỹ thuật điều khiển và tự động hóa,3.9
STU2137,4.0,5.0,6.5,6.5,4.9,5.2,4.2,ISFJ,Xây dựng & Quy hoạch,Quản lý xây dựng,1.7
STU2324,6.3,7.5,8.0,5.0,5.2,5.2,7.7,ESTP,Du lịch & Dịch vụ,Quản lý thể dục thể thao,4.2
STU2122,9.3,6.6,5.1,9.3,7.6,5.3,5.3,ISTP,Xây dựng & Quy hoạch,Quản lý xây dựng,5.0
STU2235,9.1,6.7,5.7,8.3,6.3,6.2,5.4,ISTJ,Xây dựng & Quy hoạch,Công nghệ kỹ thuật công trình xây dựng,4.2
STU0653,6.9,9.5,9.9,6.7,6.5,6.6,9.3,INFJ,Sư phạm & Giáo dục,Sư phạm Tin học,4.0
STU0173,9.2,5.2,9.0,9.0,8.2,6.5,6.4,ISTJ,Công nghệ Thông tin & Kỹ thuật Máy tính,Mạng máy tính và truyền thông dữ liệu,4.6
STU1475,5.3,9.4,7.7,6.8,6.0,6.1,9.7,INTJ,Luật & Xã hội,Luật kinh tế,4.5
STU1150,5.6,8.7,8.5,5.9,6.8,6.4,7.1,ESFP,Truyền thông & Báo chí,Truyền thông đa phương tiện,4.0
STU0039,8.5,6.6,8.7,8.8,7.1,6.3,5.1,ISTJ,Công nghệ Thông tin & Kỹ thuật Máy tính,Khoa học dữ liệu,4.6
STU1555,5.1,9.6,8.0,6.1,6.5,5.4,8.8,INFJ,Luật & Xã hội,Quản lý nhà nước,3.9
STU2382,6.3,8.4,9.5,5.4,6.6,5.2,7.6,ESFP,Du lịch & Dịch vụ,Quản trị khách sạn,4.2
STU0714,7.1,9.3,9.3,5.3,6.5,6.3,10.0,ESFJ,Sư phạm & Giáo dục,Sư phạm Tin học,4.9
STU0091,9.8,5.4,7.6,9.8,6.8,6.6,6.0,ENTP,Công nghệ Thông tin & Kỹ thuật Máy tính,Kỹ thuật phần mềm,4.2
STU0167,8.8,5.3,8.9,8.8,7.6,5.7,5.0,INTP,Công nghệ Thông tin & Kỹ thuật Máy tính,Kỹ thuật phần mềm,4.5
STU1206,6.4,9.2,9.3,5.9,6.5,7.0,8.7,ENTP,Truyền thông & Báo chí,Truyền thông đa phương tiện,4.1
STU0876,5.5,8.9,9.0,6.3,5.7,5.1,7.6,INTP,Ngôn ngữ & Văn hóa,Ngôn ngữ học,4.2
STU0445,9.8,7.7,8.8,5.1,6.8,5.6,5.6,ENTJ,Kinh tế & Quản lý,Quản trị kinh doanh,4.6
STU2148,8.3,6.3,5.1,9.0,6.2,6.9,5.5,ESTJ,Xây dựng & Quy hoạch,Công nghệ kỹ thuật công trình xây dựng,4.0
STU2288,9.1,6.2,5.7,9.4,6.1,6.3,5.7,ISTP,Xây dựng & Quy hoạch,Quản lý xây dựng,4.6
STU2430,5.4,8.4,8.3,5.5,5.7,6.4,8.8,ESTP,Du lịch & Dịch vụ,Quản trị dịch vụ du lịch và lữ hành,4.9
STU1094,6.9,8.7,9.3,6.3,6.2,6.3,7.7,ENTP,Truyền thông & Báo chí,Truyền thông đại chúng,4.9
STU1828,8.8,6.1,6.5,9.4,7.4,5.3,5.8,ISTP,"Kỹ thuật, Cơ khí & Ô tô",Công nghệ kỹ thuật ô tô,4.0
STU1156,5.9,10.0,8.4,6.7,5.2,5.3,8.1,ENTP,Truyền thông & Báo chí,Quan hệ công chúng,4.1
STU1325,5.1,7.8,6.0,5.8,6.1,6.4,7.4,INFJ,Nghệ thuật & Thiết kế,Thiết kế công nghiệp,4.3
STU0217,9.7,5.6,6.0,6.4,9.0,9.6,5.3,ISTJ,Y tế & Sức khỏe,Y học cổ truyền,4.8
STU1351,6.7,8.1,5.9,5.4,5.1,5.3,6.5,INFJ,Nghệ thuật & Thiết kế,Thiết kế đồ họa,4.6
STU0511,8.6,7.7,8.8,6.8,5.4,5.6,5.8,ESTP,Kinh tế & Quản lý,Kinh tế quốc tế,4.6
STU1681,8.7,6.4,6.2,9.1,7.4,6.4,5.9,INTJ,"Kỹ thuật, Cơ khí & Ô tô",Kỹ thuật điện tử - viễn thông,4.9
STU0500,8.9,8.0,8.8,6.0,6.0,6.9,5.5,ENTP,Kinh tế & Quản lý,Kinh tế quốc tế,3.9
STU2058,8.3,6.5,5.4,5.1,8.9,9.7,6.4,ISFJ,Nông nghiệp & Môi trường,Công nghệ thực phẩm,4.8
STU1857,9.4,5.4,6.7,9.8,7.4,6.6,6.1,ISTJ,"Kỹ thuật, Cơ khí & Ô tô",Kỹ thuật điện tử - viễn thông,4.4
STU1389,5.0,7.7,5.3,5.2,6.5,6.9,6.7,INFP,Nghệ thuật & Thiết kế,Thanh nhạc,5.0
STU1520,6.1,8.6,7.1,6.6,6.8,5.0,9.9,ENTJ,Luật & Xã hội,Quản lý nhà nước,3.9
STU1672,8.2,7.0,5.2,9.5,7.1,6.7,5.9,ESTP,"Kỹ thuật, Cơ khí & Ô tô",Kỹ thuật điều khiển và tự động hóa,4.3
STU0339,10.0,6.6,6.0,5.9,8.6,9.1,7.0,ISTJ,Y tế & Sức khỏe,Quản lý bệnh viện,4.4
STU2264,8.4,6.7,5.6,9.4,7.4,5.2,7.0,ESTJ,Xây dựng & Quy hoạch,Kỹ thuật xây dựng,4.2
STU1189,5.9,9.8,9.5,5.5,6.7,5.3,7.9,ESFP,Truyền thông & Báo chí,Thông tin - thư viện,4.7
STU0029,9.1,6.6,8.0,9.3,7.7,6.2,6.5,ISTP,Công nghệ Thông tin & Kỹ thuật Máy tính,Khoa học dữ liệu,4.1
STU1541,5.9,8.9,8.2,6.9,6.7,5.9,9.1,INTJ,Luật & Xã hội,Chính trị học,4.4
STU1218,5.3,9.3,8.4,5.2,6.6,5.5,8.2,ENTP,Truyền thông & Báo chí,Truyền thông đa phương tiện,4.8
STU2024,7.2,6.2,5.8,5.2,9.2,9.1,6.8,INFP,Nông nghiệp & Môi trường,Lâm nghiệp đô thị,4.1
STU0795,6.5,8.8,8.5,5.2,6.7,5.7,9.1,ESFJ,Sư phạm & Giáo dục,Tâm lý học giáo dục,4.4
STU0946,5.7,9.2,9.6,5.5,5.3,5.4,8.7,INTP,Ngôn ngữ & Văn hóa,Ngôn ngữ Trung Quốc,4.3
STU1417,6.7,8.8,5.7,5.6,5.2,5.0,7.1,ISFP,Nghệ thuật & Thiết kế,Kiến trúc,4.1
STU0170,9.5,5.7,9.0,9.7,7.1,6.6,5.5,ENTP,Công nghệ Thông tin & Kỹ thuật Máy tính,Khoa học dữ liệu,5.0
STU2091,8.7,6.8,5.8,8.3,6.5,6.9,5.4,ESTJ,Xây dựng & Quy hoạch,Công nghệ kỹ thuật công trình xây dựng,4.8
STU1677,9.1,6.6,5.9,8.7,7.0,6.1,6.1,INTJ,"Kỹ thuật, Cơ khí & Ô tô",Kỹ thuật điều khiển và tự động hóa,3.9
STU1198,5.0,9.8,8.2,6.2,6.9,6.5,7.6,ENTP,Truyền thông & Báo chí,Thông tin - thư viện,3.9
STU1543,6.4,8.9,7.8,6.1,6.1,5.6,9.9,INTJ,Luật & Xã hội,Tâm lý học,5.0
STU1254,5.7,8.9,6.1,6.2,6.3,5.8,8.4,INFJ,Nghệ thuật & Thiết kế,Thiết kế đồ họa,4.4
STU1277,5.6,8.9,5.1,5.6,5.7,5.1,8.0,ISFP,Nghệ thuật & Thiết kế,Thanh nhạc,4.7
STU0913,5.8,9.3,9.8,5.5,5.3,6.8,7.3,ISFP,Ngôn ngữ & Văn hóa,Đông phương học,4.6
STU0492,8.2,7.1,9.1,6.1,6.8,5.2,6.7,ENTJ,Kinh tế & Quản lý,Kinh tế quốc tế,4.6
STU0954,6.5,8.3,9.0,6.5,5.3,6.6,7.9,INFP,Ngôn ngữ & Văn hóa,Ngôn ngữ học,4.7
STU1098,6.1,9.1,9.2,5.3,6.6,6.5,8.7,ESFP,Truyền thông & Báo chí,Báo chí,4.5
STU1033,5.4,8.8,9.8,5.1,5.2,6.6,7.0,INFP,Ngôn ngữ & Văn hóa,Ngôn ngữ Anh,3.8
STU0588,9.4,7.7,8.8,5.1,6.2,5.2,5.2,ENTJ,Kinh tế & Quản lý,Quản trị kinh doanh,4.3
STU0751,7.3,9.0,9.8,6.1,7.0,5.4,9.7,ENFJ,Sư phạm & Giáo dục,Sư phạm Ngữ văn,3.9
STU0658,6.4,5.9,5.8,5.3,5.7,5.1,5.9,ESTP,Sư phạm & Giáo dục,Sư phạm Ngữ văn,2.7
STU1867,8.5,6.8,5.8,9.6,8.4,5.7,5.1,ESTP,"Kỹ thuật, Cơ khí & Ô tô",Robot và Trí tuệ nhân tạo,3.9
STU0235,9.0,5.7,5.8,5.3,8.5,9.5,6.4,ISTJ,Y tế & Sức khỏe,Y học dự phòng,4.8
STU0733,7.2,8.7,8.5,6.5,6.1,6.0,9.3,ENFJ,Sư phạm & Giáo dục,Giáo dục Mầm non,4.5
STU2489,6.3,8.0,8.9,6.6,6.8,6.9,7.9,ESTP,Du lịch & Dịch vụ,Quản lý thể dục thể thao,4.6
STU1187,6.5,8.8,8.5,6.9,6.6,6.0,8.1,ESFP,Truyền thông & Báo chí,Quan hệ công chúng,4.9
STU1157,6.4,9.5,9.0,5.2,5.9,6.5,8.4,ENFP,Truyền thông & Báo chí,Lưu trữ học,5.0
STU2486,5.8,7.4,8.4,6.6,5.3,6.7,8.8,ESFP,Du lịch & Dịch vụ,Quản trị dịch vụ du lịch và lữ hành,3.9
STU1247,5.1,9.8,9.4,5.6,6.7,5.0,8.5,ENFP,Truyền thông & Báo chí,Lưu trữ học,3.9
STU2250,8.2,6.6,6.5,8.7,6.5,5.7,5.1,ESTJ,Xây dựng & Quy hoạch,Địa kỹ thuật xây dựng,4.9
STU0935,5.4,8.5,9.5,6.6,6.4,5.4,8.6,INTP,Ngôn ngữ & Văn hóa,Ngôn ngữ học,4.6
STU1210,5.2,9.4,8.7,6.1,5.7,6.1,8.9,ESFP,Truyền thông & Báo chí,Công nghệ truyền thông,3.9
STU1066,6.1,9.1,8.9,6.9,6.1,6.1,7.6,ENFP,Truyền thông & Báo chí,Công nghệ truyền thông,4.0
STU1717,9.3,5.1,7.0,9.3,7.6,6.8,6.6,ESTP,"Kỹ thuật, Cơ khí & Ô tô",Công nghệ kỹ thuật ô tô,4.1
STU0109,9.3,5.7,9.6,9.7,7.3,5.4,6.9,ISTP,Công nghệ Thông tin & Kỹ thuật Máy tính,Khoa học Máy tính,4.3
STU1063,5.0,9.2,8.1,6.4,5.9,6.4,8.7,ESFP,Truyền thông & Báo chí,Truyền thông đại chúng,5.0
STU0569,4.3,7.0,4.1,6.8,5.0,5.2,4.8,INFJ,Kinh tế & Quản lý,Kiểm toán,1.8
STU1168,5.6,9.5,9.0,5.6,6.8,5.5,7.2,ESFP,Truyền thông & Báo chí,Công nghệ truyền thông,3.9
STU1175,5.9,9.6,8.5,5.5,5.0,5.2,8.7,ENTP,Truyền thông & Báo chí,Thông tin - thư viện,3.9
STU1589,6.6,9.5,7.7,5.8,6.2,5.7,9.2,ISTJ,Luật & Xã hội,Luật kinh tế,4.5
STU1508,5.9,8.6,8.4,6.2,6.6,6.3,9.5,INFJ,Luật & Xã hội,Luật,4.6
STU1493,6.6,9.8,7.8,5.6,5.0,5.5,9.8,INFJ,Luật & Xã hội,Luật kinh tế,4.6
STU0891,6.8,8.2,9.2,6.0,5.6,5.7,7.6,INTP,Ngôn ngữ & Văn hóa,Ngôn ngữ Nhật,4.9
STU0948,6.2,9.3,9.9,6.7,6.7,6.5,7.5,ISFP,Ngôn ngữ & Văn hóa,Ngôn ngữ Nhật,4.8
STU1049,5.9,9.2,8.4,6.6,5.8,6.5,8.6,ENFP,Truyền thông & Báo chí,Lưu trữ học,4.5
STU2054,7.9,6.7,5.2,5.6,9.2,8.9,6.8,ISTJ,Nông nghiệp & Môi trường,Thú y,4.1
STU2110,9.2,5.1,5.7,8.5,6.9,5.2,5.4,ISTP,Xây dựng & Quy hoạch,Kinh tế xây dựng,4.0
STU2121,8.7,6.9,6.7,9.4,6.2,6.7,7.0,ISTJ,Xây dựng & Quy hoạch,Quản lý xây dựng,4.6
STU0885,6.5,9.0,9.2,6.5,5.6,7.0,7.8,INTP,Ngôn ngữ & Văn hóa,Văn học,4.3
STU0144,8.8,6.9,7.9,9.6,7.8,6.4,6.5,ISTP,Công nghệ Thông tin & Kỹ thuật Máy tính,Khoa học dữ liệu,4.1
STU2449,6.5,8.0,8.7,6.9,6.9,6.5,8.4,ENFP,Du lịch & Dịch vụ,Quản trị khách sạn,4.7
STU2185,8.7,6.9,5.2,8.5,7.4,6.8,6.0,ISTP,Xây dựng & Quy hoạch,Công nghệ kỹ thuật công trình xây dựng,4.5
STU0851,5.8,9.0,9.8,5.6,6.0,5.8,8.1,ISFP,Ngôn ngữ & Văn hóa,Ngôn ngữ học,4.3
STU0718,6.3,9.8,8.0,5.5,6.1,6.9,9.8,ESFJ,Sư phạm & Giáo dục,Giáo dục Mầm non,4.9
STU2368,6.1,8.4,8.5,6.8,6.1,6.3,8.5,ESFP,Du lịch & Dịch vụ,Quản trị dịch vụ du lịch và lữ hành,4.8
STU0265,9.4,6.3,5.5,5.6,9.0,9.4,6.0,ISFP,Y tế & Sức khỏe,Kỹ thuật hình ảnh y học,4.9
STU0076,9.1,6.5,9.9,9.7,7.1,6.9,6.1,INTJ,Công nghệ Thông tin & Kỹ thuật Máy tính,Khoa học dữ liệu,3.9
STU0396,9.8,5.4,6.4,5.7,9.1,8.8,5.2,ISTJ,Y tế & Sức khỏe,Kỹ thuật hình ảnh y học,4.5
STU2114,8.7,5.6,5.9,8.7,7.5,5.1,6.0,ESTJ,Xây dựng & Quy hoạch,Kinh tế xây dựng,4.8
STU2332,6.2,7.6,8.7,5.6,6.3,6.2,8.9,ESFP,Du lịch & Dịch vụ,Quản trị dịch vụ du lịch và lữ hành,4.4
STU0397,10.0,5.4,6.2,5.4,8.8,8.7,5.4,ISFP,Y tế & Sức khỏe,Kỹ thuật hình ảnh y học,3.9
STU1366,6.3,8.8,6.9,6.6,5.1,5.7,7.3,INFP,Nghệ thuật & Thiết kế,Hội họa,4.3
STU2074,8.0,6.4,5.1,5.5,8.9,9.5,6.9,ISTJ,Nông nghiệp & Môi trường,Thú y,4.7
STU1904,7.9,6.7,6.4,5.9,8.2,9.5,6.8,ISTJ,Nông nghiệp & Môi trường,Công nghệ sau thu hoạch,4.3
STU0596,8.7,8.7,9.4,5.7,5.1,6.0,5.3,ENTJ,Kinh tế & Quản lý,Thương mại điện tử,4.9
STU1297,6.5,8.2,6.3,5.1,5.8,6.1,7.5,INFP,Nghệ thuật & Thiết kế,Thiết kế công nghiệp,5.0
STU1822,8.8,6.0,5.9,9.5,7.9,6.7,6.0,INTJ,"Kỹ thuật, Cơ khí & Ô tô",Công nghệ kỹ thuật ô tô,3.9
STU0873,6.2,8.1,9.9,6.9,6.9,6.1,7.3,INFP,Ngôn ngữ & Văn hóa,Văn học,4.9
STU1549,6.5,10.0,8.3,5.9,5.5,6.6,9.8,ISTJ,Luật & Xã hội,Xã hội học,4.3
STU0037,9.5,6.7,7.9,9.5,7.5,5.2,6.9,ISTP,Công nghệ Thông tin & Kỹ thuật Máy tính,Khoa học dữ liệu,3.8
STU2098,4.7,5.4,6.7,5.4,6.7,6.0,6.6,ISFJ,Xây dựng & Quy hoạch,Kỹ thuật cấp thoát nước,2.5
STU2120,8.0,5.8,5.9,8.5,7.9,6.0,6.0,ISTP,Xây dựng & Quy hoạch,Địa kỹ thuật xây dựng,4.1
STU0978,5.1,9.3,9.5,5.8,5.9,6.9,8.9,ISFP,Ngôn ngữ & Văn hóa,Ngôn ngữ Anh,4.4
STU1572,6.4,8.6,7.7,6.3,6.2,5.9,9.2,INFJ,Luật & Xã hội,Tâm lý học,4.1
STU1123,5.8,9.9,8.7,5.8,5.8,5.2,8.1,ESFP,Truyền thông & Báo chí,Truyền thông đa phương tiện,4.8
STU1893,8.0,5.7,6.9,5.1,9.2,9.8,5.2,ISFP,Nông nghiệp & Môi trường,Lâm nghiệp đô thị,4.0
STU0676,6.6,8.5,9.4,7.0,6.7,6.3,9.6,ISFJ,Sư phạm & Giáo dục,Tâm lý học giáo dục,3.9
STU0729,6.1,6.3,5.5,6.4,5.5,5.2,4.7,ESTJ,Sư phạm & Giáo dục,Giáo dục Tiểu học,2.3
STU0413,8.8,5.6,5.0,6.1,9.0,9.4,5.2,ISTJ,Y tế & Sức khỏe,Quản lý bệnh viện,4.1
STU1517,6.6,9.2,8.1,5.0,5.5,6.8,8.9,ENTJ,Luật & Xã hội,Xã hội học,5.0
STU1650,5.9,8.6,7.9,5.1,5.4,5.9,8.5,ENTJ,Luật & Xã hội,Công tác xã hội,5.0
STU0826,7.3,9.1,9.4,6.9,5.1,6.7,9.2,ISFJ,Sư phạm & Giáo dục,Sư phạm Ngữ văn,4.9
STU0617,8.2,8.7,8.0,6.5,6.6,6.2,5.8,ENTJ,Kinh tế & Quản lý,Kiểm toán,4.9
STU0115,8.9,6.0,7.8,8.0,6.3,5.1,6.0,ISTP,Công nghệ Thông tin & Kỹ thuật Máy tính,An toàn thông tin,3.8
STU0418,9.3,8.4,9.0,6.2,5.7,6.0,5.9,ENTP,Kinh tế & Quản lý,Kinh doanh quốc tế,3.8
STU1626,5.7,9.2,7.7,5.7,6.6,5.6,9.6,ISTJ,Luật & Xã hội,Chính trị học,4.3
STU2447,5.7,8.0,8.5,7.0,6.2,5.5,8.7,ESFP,Du lịch & Dịch vụ,Quản trị dịch vụ du lịch và lữ hành,4.8
STU0090,8.6,6.6,8.8,9.3,6.0,6.5,6.4,ENTP,Công nghệ Thông tin & Kỹ thuật Máy tính,Khoa học Máy tính,4.2
STU2083,8.7,6.1,7.0,9.2,7.5,5.0,6.4,ISTP,Xây dựng & Quy hoạch,Kinh tế xây dựng,4.3
STU0754,7.3,9.0,9.9,5.0,6.3,5.9,9.7,ESFJ,Sư phạm & Giáo dục,Sư phạm Tiếng Anh,4.2
STU1631,6.9,9.9,8.0,6.7,6.5,5.4,8.7,ENTJ,Luật & Xã hội,Luật kinh tế,4.6
STU0012,8.9,5.5,8.5,8.9,6.2,6.9,6.1,ISTP,Công nghệ Thông tin & Kỹ thuật Máy tính,Khoa học Máy tính,4.8
STU0285,9.0,5.0,6.4,6.8,9.7,8.8,6.1,ISFP,Y tế & Sức khỏe,Kỹ thuật phục hồi chức năng,4.3
STU1067,5.3,9.1,9.1,6.6,6.9,6.4,8.4,ENTP,Truyền thông & Báo chí,Truyền thông đa phương tiện,4.9
STU1192,5.3,8.7,8.7,5.0,5.1,6.9,8.4,ESFP,Truyền thông & Báo chí,Quan hệ công chúng,5.0
STU1441,6.9,7.8,5.5,5.1,5.5,6.1,6.8,ISFP,Nghệ thuật & Thiết kế,Thanh nhạc,4.7
STU2334,6.3,4.2,4.6,5.9,4.8,7.0,5.6,ENFJ,Du lịch & Dịch vụ,Quản lý thể dục thể thao,2.3
STU2333,6.2,7.7,9.1,6.8,5.5,6.3,7.7,ESFP,Du lịch & Dịch vụ,Quản trị khách sạn,4.0
STU2445,6.1,8.4,8.5,5.8,6.4,6.7,8.2,ESTP,Du lịch & Dịch vụ,Quản lý thể dục thể thao,4.2
STU1569,6.4,9.4,7.1,6.2,6.4,5.4,9.0,INTJ,Luật & Xã hội,Luật quốc tế,5.0
STU2450,6.5,8.2,8.5,6.2,6.3,5.4,7.7,ENFP,Du lịch & Dịch vụ,Quản trị nhà hàng và dịch vụ ăn uống,4.8
STU1688,8.1,5.5,6.8,8.6,8.3,6.0,5.3,ISTP,"Kỹ thuật, Cơ khí & Ô tô",Công nghệ kỹ thuật ô tô,4.2
STU0852,6.2,8.5,9.4,6.3,6.5,6.1,8.1,ISFP,Ngôn ngữ & Văn hóa,Ngôn ngữ Trung Quốc,4.2
STU0896,5.8,8.2,9.5,5.6,6.9,5.9,7.3,INTP,Ngôn ngữ & Văn hóa,Ngôn ngữ Hàn Quốc,4.3
STU0497,8.2,7.6,9.1,6.6,5.5,6.4,6.8,ESTP,Kinh tế & Quản lý,Kinh tế,3.9
STU1783,9.2,5.1,5.4,9.1,7.6,6.4,5.4,ISTJ,"Kỹ thuật, Cơ khí & Ô tô",Công nghệ kỹ thuật ô tô,4.3
STU0336,8.8,5.3,5.1,7.0,8.5,8.6,6.2,INFJ,Y tế & Sức khỏe,Y học dự phòng,4.0
STU0516,9.2,8.8,9.7,5.7,5.4,5.2,6.2,ENTJ,Kinh tế & Quản lý,Kinh tế quốc tế,4.2
STU1349,5.4,7.6,6.2,6.4,6.3,6.1,7.8,INFP,Nghệ thuật & Thiết kế,Hội họa,4.5
STU1016,6.2,8.5,10.0,6.1,6.5,5.6,7.1,ISFP,Ngôn ngữ & Văn hóa,Ngôn ngữ Trung Quốc,4.4
STU2340,5.4,7.0,9.4,6.1,6.6,6.7,8.2,ESTP,Du lịch & Dịch vụ,Du lịch,4.0
STU1782,8.8,6.5,6.3,9.2,8.1,6.8,6.8,INTJ,"Kỹ thuật, Cơ khí & Ô tô",Robot và Trí tuệ nhân tạo,4.5
STU1786,9.1,6.6,6.9,9.8,7.2,6.4,6.3,ISTJ,"Kỹ thuật, Cơ khí & Ô tô",Kỹ thuật điện,4.4
STU2071,7.6,6.1,6.4,5.9,8.9,8.9,6.6,INFP,Nông nghiệp & Môi trường,Nuôi trồng thủy sản,4.0
STU0357,9.0,5.2,6.5,6.5,8.8,8.9,6.3,INFJ,Y tế & Sức khỏe,Răng - Hàm - Mặt,4.2
STU2375,5.5,8.4,8.4,5.6,5.6,6.5,7.5,ENFP,Du lịch & Dịch vụ,Quản trị khách sạn,3.9
STU1313,7.0,8.2,6.5,6.1,5.8,5.0,7.9,INFJ,Nghệ thuật & Thiết kế,Hội họa,4.3
STU1636,6.6,9.8,7.6,6.5,6.1,5.6,9.4,INTJ,Luật & Xã hội,Chính trị học,4.9
STU0551,9.8,7.5,9.3,5.0,6.7,5.7,5.5,ENTJ,Kinh tế & Quản lý,Kinh tế,4.4
STU1228,5.4,9.0,9.3,5.7,5.7,6.1,8.2,ENTP,Truyền thông & Báo chí,Thông tin - thư viện,3.9
STU2227,6.7,6.0,6.5,4.9,6.5,5.2,5.9,ENFJ,Xây dựng & Quy hoạch,Địa kỹ thuật xây dựng,2.7
STU0958,6.6,9.1,9.7,5.1,6.9,6.9,8.3,INTP,Ngôn ngữ & Văn hóa,Quốc tế học,3.8
STU1774,9.3,5.9,6.1,9.8,7.6,5.8,5.2,ISTP,"Kỹ thuật, Cơ khí & Ô tô",Kỹ thuật điều khiển và tự động hóa,4.4
STU1009,5.1,8.2,9.1,5.4,5.6,5.1,8.8,INTP,Ngôn ngữ & Văn hóa,Ngôn ngữ Hàn Quốc,4.1
STU1093,6.5,8.7,9.4,6.9,6.9,6.9,8.8,ENFP,Truyền thông & Báo chí,Truyền thông đại chúng,4.7
STU2221,9.2,6.8,5.7,8.7,6.8,6.3,6.3,ESTJ,Xây dựng & Quy hoạch,Kinh tế xây dựng,4.5
STU0997,5.7,9.0,9.7,6.3,5.2,5.7,7.9,ISFP,Ngôn ngữ & Văn hóa,Ngôn ngữ Anh,4.3
STU1680,8.1,6.8,6.9,10.0,7.9,6.7,6.4,INTJ,"Kỹ thuật, Cơ khí & Ô tô",Kỹ thuật cơ điện tử,4.6
STU0154,9.1,5.2,9.8,8.2,8.3,6.7,5.0,ISTP,Công nghệ Thông tin & Kỹ thuật Máy tính,Công nghệ thông tin,4.4
STU0581,8.8,8.4,10.0,6.1,6.1,5.5,6.5,ESTJ,Kinh tế & Quản lý,Kinh tế quốc tế,4.4
STU1471,6.5,9.8,8.3,6.7,6.9,5.7,8.7,ENTJ,Luật & Xã hội,Công tác xã hội,3.9
STU0704,7.1,8.6,8.9,5.5,6.5,5.4,9.2,ESFJ,Sư phạm & Giáo dục,Tâm lý học giáo dục,4.1
STU1213,6.1,8.6,8.1,6.3,6.7,5.5,7.6,ENFP,Truyền thông & Báo chí,Truyền thông đa phương tiện,3.9
STU0897,5.2,5.0,6.5,4.1,4.8,5.7,5.7,ENFP,Ngôn ngữ & Văn hóa,Ngôn ngữ Trung Quốc,1.6
STU0488,5.4,6.9,6.4,7.0,5.7,6.7,5.9,ISTJ,Kinh tế & Quản lý,Kinh tế quốc tế,3.0
STU0560,8.2,8.6,9.1,6.2,6.5,6.5,6.8,ENTJ,Kinh tế & Quản lý,Marketing,4.6
STU1142,5.5,9.4,8.7,6.2,6.8,6.4,8.9,ENTP,Truyền thông & Báo chí,Lưu trữ học,4.3
STU1120,6.6,8.9,8.4,6.3,5.2,5.5,8.5,ENTP,Truyền thông & Báo chí,Truyền thông đa phương tiện,4.7
STU0513,9.6,8.5,9.2,6.7,6.6,6.0,5.5,ENTJ,Kinh tế & Quản lý,Tài chính - Ngân hàng,4.8
STU0634,7.3,9.0,8.9,6.0,6.5,5.9,9.9,INFJ,Sư phạm & Giáo dục,Sư phạm Tiếng Anh,5.0
STU2218,9.0,5.5,6.9,8.8,7.7,7.0,6.0,ISTJ,Xây dựng & Quy hoạch,Địa kỹ thuật xây dựng,4.9
STU1665,8.6,6.0,6.9,9.5,8.3,6.0,6.5,ISTP,"Kỹ thuật, Cơ khí & Ô tô",Kỹ thuật điện,4.3
STU1013,5.6,9.1,9.2,5.2,6.2,6.6,8.9,INFP,Ngôn ngữ & Văn hóa,Ngôn ngữ Anh,4.0
STU1932,7.2,6.7,6.6,5.5,9.0,9.9,6.7,ISFP,Nông nghiệp & Môi trường,Lâm nghiệp đô thị,4.5
STU1151,6.4,9.5,9.5,6.9,6.0,6.9,7.0,ENTP,Truyền thông & Báo chí,Truyền thông đa phương tiện,4.0
STU2406,6.7,7.2,8.0,5.9,6.3,5.8,7.5,ESFJ,Du lịch & Dịch vụ,Quản lý thể dục thể thao,3.8
STU0117,4.4,5.0,5.4,5.4,5.8,5.5,5.0,ISFJ,Công nghệ Thông tin & Kỹ thuật Máy tính,An toàn thông tin,2.2
STU0741,7.4,9.3,8.9,5.3,6.0,5.4,9.3,INFJ,Sư phạm & Giáo dục,Giáo dục Tiểu học,4.4
STU2473,5.1,7.9,8.8,7.0,5.4,5.5,8.1,ESFJ,Du lịch & Dịch vụ,Du lịch,4.8
STU1975,8.4,6.1,5.4,5.5,8.0,10.0,6.1,ISFJ,Nông nghiệp & Môi trường,Công nghệ sau thu hoạch,4.4
STU1082,6.1,9.1,9.4,5.3,5.3,5.7,8.7,ESFP,Truyền thông & Báo chí,Báo chí,4.8
STU1811,8.3,5.1,6.3,8.9,7.7,6.1,6.2,ESTP,"Kỹ thuật, Cơ khí & Ô tô",Kỹ thuật điện tử - viễn thông,4.0
STU0831,7.2,9.0,8.6,6.6,6.5,6.7,10.0,INFJ,Sư phạm & Giáo dục,Sư phạm Tiếng Anh,3.8
STU0120,9.5,5.5,9.4,8.8,8.3,5.9,5.8,ISTP,Công nghệ Thông tin & Kỹ thuật Máy tính,Khoa học dữ liệu,4.3
STU0657,7.1,8.9,9.7,6.5,6.0,6.0,9.2,ESFJ,Sư phạm & Giáo dục,Giáo dục Mầm non,4.9
STU2275,8.1,7.0,6.9,8.1,6.6,5.2,6.3,ISTJ,Xây dựng & Quy hoạch,Kinh tế xây dựng,4.6
STU2421,5.2,7.6,9.2,6.0,6.2,6.8,8.0,ESTP,Du lịch & Dịch vụ,Quản trị khách sạn,4.5
STU2441,5.6,7.9,8.1,5.0,6.0,6.7,9.0,ENFP,Du lịch & Dịch vụ,Du lịch,4.1
STU0636,7.4,10.0,8.9,5.7,5.1,6.4,9.8,ISFJ,Sư phạm & Giáo dục,Sư phạm Tin học,4.0
STU0370,5.7,5.4,5.1,4.6,5.8,5.7,6.5,ESFJ,Y tế & Sức khỏe,Răng - Hàm - Mặt,1.8
STU0269,9.6,5.2,5.7,5.0,8.7,8.7,7.0,INFJ,Y tế & Sức khỏe,Y học dự phòng,4.0
STU0047,9.5,6.1,7.9,8.3,6.2,6.5,6.3,ISTJ,Công nghệ Thông tin & Kỹ thuật Máy tính,Khoa học dữ liệu,4.5
STU0992,6.0,8.3,9.1,6.1,5.5,6.2,8.3,INFP,Ngôn ngữ & Văn hóa,Ngôn ngữ Anh,3.9
STU0877,5.1,8.2,9.7,5.7,6.6,6.7,7.7,ISFP,Ngôn ngữ & Văn hóa,Đông phương học,4.3
STU0774,7.4,9.5,8.8,6.2,6.5,6.2,9.3,ISFJ,Sư phạm & Giáo dục,Sư phạm Tin học,3.9
STU1220,5.1,9.0,8.4,5.3,6.1,6.6,8.5,ENFP,Truyền thông & Báo chí,Thông tin - thư viện,4.9
STU1127,7.0,9.3,8.9,6.8,5.2,5.9,7.6,ENTP,Truyền thông & Báo chí,Công nghệ truyền thông,4.4
STU0005,8.8,5.6,9.7,9.9,6.8,6.6,5.8,INTJ,Công nghệ Thông tin & Kỹ thuật Máy tính,Thiết kế vi mạch,4.6
STU1596,5.9,8.5,7.3,6.8,6.4,5.7,8.5,ISTJ,Luật & Xã hội,Luật,4.0
STU1078,6.6,9.0,8.4,6.8,6.2,5.3,8.6,ENTP,Truyền thông & Báo chí,Lưu trữ học,4.9
STU0838,6.8,9.4,9.4,6.4,7.0,6.6,7.5,ISFP,Ngôn ngữ & Văn hóa,Ngôn ngữ học,4.6
STU0682,6.2,9.1,8.9,5.6,5.2,6.1,9.9,ESFJ,Sư phạm & Giáo dục,Sư phạm Tiếng Anh,4.6
STU1716,9.2,6.4,6.4,8.8,8.1,6.2,6.7,ISTJ,"Kỹ thuật, Cơ khí & Ô tô",Kỹ thuật điều khiển và tự động hóa,4.5
STU1149,5.8,8.5,9.4,5.8,5.7,6.2,7.9,ENFP,Truyền thông & Báo chí,Lưu trữ học,4.0
STU0575,9.5,8.6,8.6,6.4,5.1,6.7,5.4,ESTP,Kinh tế & Quản lý,Quản trị kinh doanh,4.8
STU0051,9.2,6.3,8.3,8.8,6.3,6.3,6.0,INTJ,Công nghệ Thông tin & Kỹ thuật Máy tính,Khoa học dữ liệu,4.7
STU0854,5.8,9.5,10.0,5.6,6.8,6.3,8.7,ISFP,Ngôn ngữ & Văn hóa,Ngôn ngữ Anh,3.9
STU1983,8.0,6.4,6.8,6.0,8.5,9.7,6.2,INFP,Nông nghiệp & Môi trường,Thú y,4.3
STU1824,9.0,6.2,5.3,8.6,8.1,5.5,6.4,ISTJ,"Kỹ thuật, Cơ khí & Ô tô",Kỹ thuật cơ điện tử,4.6
STU0834,6.9,8.6,9.5,6.2,6.8,6.4,8.4,INTP,Ngôn ngữ & Văn hóa,Văn học,4.7
STU1116,5.1,9.0,8.8,5.9,5.5,5.2,7.6,ESFP,Truyền thông & Báo chí,Truyền thông đa phương tiện,4.0
STU1167,6.0,9.9,9.0,5.1,5.1,6.7,8.4,ENTP,Truyền thông & Báo chí,Truyền thông đa phương tiện,3.9
STU1907,7.2,5.8,5.2,5.4,9.2,8.8,5.5,INFP,Nông nghiệp & Môi trường,Công nghệ thực phẩm,3.9
STU0972,5.1,8.7,9.9,5.8,6.6,5.9,8.6,INTP,Ngôn ngữ & Văn hóa,Ngôn ngữ Nhật,4.2
STU0400,9.2,7.0,6.5,6.0,8.9,9.3,6.6,ISFJ,Y tế & Sức khỏe,Y đa khoa,4.3
STU0020,9.7,6.3,8.3,8.1,6.3,6.7,5.2,ISTP,Công nghệ Thông tin & Kỹ thuật Máy tính,Kỹ thuật phần mềm,4.7
STU0685,7.5,9.6,9.1,5.6,6.0,5.7,9.5,ENFJ,Sư phạm & Giáo dục,Giáo dục Tiểu học,4.8
STU0036,10.0,5.6,9.1,8.7,8.0,5.9,6.5,INTJ,Công nghệ Thông tin & Kỹ thuật Máy tính,Mạng máy tính và truyền thông dữ liệu,4.2
STU2359,5.5,8.0,8.2,6.8,6.0,5.7,8.9,ESTP,Du lịch & Dịch vụ,Quản trị khách sạn,4.9
STU0525,9.5,8.0,9.3,5.2,5.9,6.3,5.1,ESTP,Kinh tế & Quản lý,Quản trị kinh doanh,4.8
STU0921,6.5,8.1,9.6,5.1,5.6,6.6,8.4,INFP,Ngôn ngữ & Văn hóa,Ngôn ngữ Trung Quốc,4.3
STU1842,8.5,6.1,6.7,9.7,7.8,6.9,5.7,ISTJ,"Kỹ thuật, Cơ khí & Ô tô",Kỹ thuật điện,4.2
STU1891,7.2,5.9,5.2,5.1,8.0,9.5,6.2,ISFP,Nông nghiệp & Môi trường,Lâm nghiệp đô thị,4.6
STU0538,8.7,8.6,9.7,6.2,6.5,5.6,6.8,ESTP,Kinh tế & Quản lý,Kinh doanh quốc tế,4.4
STU1706,9.2,5.0,5.3,8.9,7.7,5.8,6.4,ESTP,"Kỹ thuật, Cơ khí & Ô tô",Robot và Trí tuệ nhân tạo,4.9
STU2440,6.4,7.0,8.8,5.1,5.9,5.8,7.9,ENFP,Du lịch & Dịch vụ,Du lịch,4.1
STU0246,9.7,5.8,5.9,6.6,9.2,9.5,5.8,ISFJ,Y tế & Sức khỏe,Điều dưỡng,4.0
STU0785,6.4,9.5,8.9,6.8,6.0,5.5,9.3,INFJ,Sư phạm & Giáo dục,Tâm lý học giáo dục,4.1
STU1410,6.0,8.8,5.4,5.7,5.5,5.9,6.5,ISFP,Nghệ thuật & Thiết kế,Hội họa,4.1
STU0155,5.5,4.2,4.8,4.7,5.9,5.8,4.6,ESFP,Công nghệ Thông tin & Kỹ thuật Máy tính,Công nghệ thông tin,2.5
STU1687,8.6,6.7,6.6,9.7,7.5,6.9,6.9,ESTP,"Kỹ thuật, Cơ khí & Ô tô",Kỹ thuật điện tử - viễn thông,4.3
STU0626,6.6,9.1,9.9,5.5,6.7,5.1,9.0,ESFJ,Sư phạm & Giáo dục,Tâm lý học giáo dục,4.0
STU2393,5.2,7.0,8.2,6.3,5.3,6.8,8.5,ESFP,Du lịch & Dịch vụ,Quản lý thể dục thể thao,4.5
STU1347,5.1,7.6,6.7,6.6,6.7,6.4,6.8,INFP,Nghệ thuật & Thiết kế,Hội họa,3.9
STU0570,9.9,8.2,9.5,6.3,6.0,6.6,5.7,ESTJ,Kinh tế & Quản lý,Kiểm toán,4.9
STU1759,9.1,5.6,6.8,9.3,7.9,6.3,6.8,ISTP,"Kỹ thuật, Cơ khí & Ô tô",Kỹ thuật điện tử - viễn thông,4.5
STU1817,8.3,6.2,6.3,9.3,7.2,6.5,6.2,ESTP,"Kỹ thuật, Cơ khí & Ô tô",Kỹ thuật cơ khí,4.9
STU2066,7.4,5.5,6.5,5.0,8.1,9.2,5.5,ISTJ,Nông nghiệp & Môi trường,Công nghệ sinh học,4.3
STU0128,8.8,5.9,9.7,9.7,8.1,6.6,6.1,INTP,Công nghệ Thông tin & Kỹ thuật Máy tính,Khoa học dữ liệu,3.9
STU2476,5.7,8.1,8.6,5.5,5.5,6.9,8.9,ESTP,Du lịch & Dịch vụ,Quản trị dịch vụ du lịch và lữ hành,4.0
STU2007,7.3,5.0,6.4,5.7,8.2,9.8,6.4,ISFP,Nông nghiệp & Môi trường,Công nghệ sinh học,4.5
STU0981,6.9,8.1,10.0,6.1,5.1,7.0,8.5,INFP,Ngôn ngữ & Văn hóa,Văn học,3.9
STU0191,8.6,6.4,8.6,9.1,8.4,5.2,5.3,ISTP,Công nghệ Thông tin & Kỹ thuật Máy tính,Kỹ thuật phần mềm,4.9
STU1140,6.5,9.4,8.8,6.5,6.5,5.3,7.1,ENTP,Truyền thông & Báo chí,Thông tin - thư viện,3.9
STU0993,5.0,8.8,9.0,5.3,6.9,6.7,7.5,ISFP,Ngôn ngữ & Văn hóa,Ngôn ngữ Trung Quốc,4.6
STU0700,6.2,9.6,8.2,6.1,5.1,6.5,9.5,ISFJ,Sư phạm & Giáo dục,Giáo dục Mầm non,4.4
STU0607,9.2,8.3,9.8,5.2,5.2,6.3,6.2,ENTJ,Kinh tế & Quản lý,Thương mại điện tử,4.5
STU0181,9.9,6.0,9.7,8.3,7.4,6.1,7.0,ISTJ,Công nghệ Thông tin & Kỹ thuật Máy tính,Khoa học dữ liệu,4.9
STU0302,9.5,5.6,5.0,6.6,9.2,9.6,5.9,ISFJ,Y tế & Sức khỏe,Y học dự phòng,4.2
STU1061,6.2,9.0,9.2,5.4,6.0,6.9,8.6,ENTP,Truyền thông & Báo chí,Truyền thông đại chúng,4.9
STU2351,5.8,8.0,9.2,6.6,6.7,6.8,7.8,ENFP,Du lịch & Dịch vụ,Quản trị dịch vụ du lịch và lữ hành,4.2
STU2394,6.8,7.7,8.9,6.6,6.4,6.3,8.9,ESFP,Du lịch & Dịch vụ,Quản trị khách sạn,4.5
STU1070,5.1,9.4,8.7,6.0,6.1,5.8,8.0,ENTP,Truyền thông & Báo chí,Truyền thông đa phương tiện,5.0
STU2206,8.4,6.4,5.4,8.5,7.1,6.3,5.1,ESTJ,Xây dựng & Quy hoạch,Kinh tế xây dựng,4.8
STU1244,6.5,9.9,8.8,6.9,5.4,6.4,8.3,ENFP,Truyền thông & Báo chí,Báo chí,4.2
STU0017,8.9,6.2,9.2,8.8,6.7,6.9,5.4,ISTJ,Công nghệ Thông tin & Kỹ thuật Máy tính,Công nghệ thông tin,4.1
STU2479,5.1,7.2,8.3,6.7,6.4,5.4,7.8,ENFP,Du lịch & Dịch vụ,Quản lý thể dục thể thao,4.2
STU0547,9.4,8.8,9.6,5.1,5.4,5.6,6.2,ENTJ,Kinh tế & Quản lý,Kinh doanh quốc tế,3.9
STU0659,7.2,8.5,8.6,6.2,6.8,6.9,9.2,ISFJ,Sư phạm & Giáo dục,Sư phạm Tiếng Anh,4.9
STU2248,8.9,5.8,5.3,8.6,6.9,5.7,6.3,ISTP,Xây dựng & Quy hoạch,Công nghệ kỹ thuật công trình xây dựng,4.5
STU2278,9.5,6.6,5.9,9.4,7.3,6.2,6.5,ISTP,Xây dựng & Quy hoạch,Địa kỹ thuật xây dựng,4.3
STU1505,5.1,8.8,7.7,5.6,5.8,5.0,8.8,ENTJ,Luật & Xã hội,Chính trị học,4.1
STU0960,5.1,8.1,9.5,6.0,5.1,5.9,7.9,INTP,Ngôn ngữ & Văn hóa,Ngôn ngữ Nhật,3.8
STU0798,6.6,8.8,8.6,6.6,6.9,6.5,9.7,ESFJ,Sư phạm & Giáo dục,Sư phạm Toán học,4.7
STU0226,9.9,6.7,6.8,5.4,9.8,9.5,5.5,INFJ,Y tế & Sức khỏe,Y học cổ truyền,4.4
STU2075,8.0,6.7,6.7,6.3,9.1,8.8,5.6,INFP,Nông nghiệp & Môi trường,Khoa học cây trồng,4.7
STU1800,8.9,6.9,6.6,9.0,7.9,5.2,6.1,ISTJ,"Kỹ thuật, Cơ khí & Ô tô",Kỹ thuật cơ khí,4.2
STU2465,6.4,7.0,8.2,5.8,7.0,7.0,8.7,ESTP,Du lịch & Dịch vụ,Du lịch,4.7
STU2086,9.2,6.4,6.2,8.6,6.9,6.6,6.3,ESTJ,Xây dựng & Quy hoạch,Địa kỹ thuật xây dựng,4.3
STU1694,8.3,6.1,6.6,9.9,8.5,6.5,6.7,ISTJ,"Kỹ thuật, Cơ khí & Ô tô",Kỹ thuật cơ điện tử,4.8
STU1046,5.6,8.5,8.8,5.8,6.1,6.9,7.3,ENTP,Truyền thông & Báo chí,Thông tin - thư viện,4.8
STU0470,8.7,8.6,9.8,5.6,6.4,6.5,5.9,ENTP,Kinh tế & Quản lý,Quản trị kinh doanh,4.8
STU0955,5.7,8.1,9.3,6.9,5.5,5.3,7.9,INFP,Ngôn ngữ & Văn hóa,Đông phương học,4.7
STU2475,7.0,7.9,8.4,5.8,5.4,5.7,7.8,ESFJ,Du lịch & Dịch vụ,Quản lý thể dục thể thao,4.6
STU0640,7.5,8.6,9.6,5.3,5.4,6.1,9.8,ISFJ,Sư phạm & Giáo dục,Tâm lý học giáo dục,3.9
STU2313,6.0,8.2,9.2,5.3,5.2,5.5,7.6,ENFP,Du lịch & Dịch vụ,Quản trị dịch vụ du lịch và lữ hành,3.9
STU1219,6.6,10.0,8.6,6.0,6.0,5.7,8.9,ESFP,Truyền thông & Báo chí,Báo chí,4.5
STU1159,5.5,9.3,8.2,5.8,7.0,7.0,8.2,ENTP,Truyền thông & Báo chí,Báo chí,4.8
STU1416,5.6,8.3,5.3,5.7,5.1,6.0,7.3,INFJ,Nghệ thuật & Thiết kế,Thiết kế thời trang,4.8
STU2257,9.0,5.5,6.3,8.5,7.9,5.9,6.7,ISTP,Xây dựng & Quy hoạch,Kinh tế xây dựng,4.9
STU1528,5.5,9.4,7.3,5.8,6.6,5.6,9.1,ENTJ,Luật & Xã hội,Luật,3.9
STU2432,6.0,7.4,9.0,6.2,5.2,6.8,7.8,ENFP,Du lịch & Dịch vụ,Quản trị khách sạn,4.3
STU1301,6.1,8.1,6.0,5.4,6.5,5.0,6.5,INFP,Nghệ thuật & Thiết kế,Thiết kế công nghiệp,4.5
STU2387,5.8,8.1,9.0,5.6,5.9,5.1,7.8,ENFP,Du lịch & Dịch vụ,Quản trị nhà hàng và dịch vụ ăn uống,4.2
STU1604,5.9,5.2,4.9,4.8,6.3,5.1,4.7,ISFJ,Luật & Xã hội,Chính trị học,3.1
STU0161,9.2,5.4,9.8,8.6,6.2,6.4,5.3,INTJ,Công nghệ Thông tin & Kỹ thuật Máy tính,Công nghệ thông tin,4.5
STU1705,8.0,5.7,7.0,9.5,7.3,5.8,5.4,ISTP,"Kỹ thuật, Cơ khí & Ô tô",Kỹ thuật cơ khí,4.3
STU0957,5.0,5.0,5.1,6.4,5.8,6.7,6.3,ENFJ,Ngôn ngữ & Văn hóa,Ngôn ngữ Hàn Quốc,3.0
STU2427,5.6,8.2,9.0,5.7,6.4,6.2,8.1,ENFP,Du lịch & Dịch vụ,Quản lý thể dục thể thao,4.5
STU0878,5.5,8.2,9.0,5.2,6.3,5.6,8.5,INFP,Ngôn ngữ & Văn hóa,Ngôn ngữ Nhật,4.4
STU1920,8.0,6.3,6.6,5.3,9.4,9.3,6.9,ISFJ,Nông nghiệp & Môi trường,Công nghệ sinh học,4.2
STU1885,7.5,6.0,6.0,5.5,8.2,8.9,6.6,ISFJ,Nông nghiệp & Môi trường,Công nghệ sau thu hoạch,4.4
STU2201,9.2,5.1,6.5,8.7,7.0,5.9,5.7,ESTJ,Xây dựng & Quy hoạch,Kinh tế xây dựng,4.4
STU0099,4.1,5.6,6.4,4.5,6.3,5.4,6.1,ISTP,Công nghệ Thông tin & Kỹ thuật Máy tính,Mạng máy tính và truyền thông dữ liệu,3.0
STU2357,5.5,7.3,8.1,6.0,5.3,5.4,7.7,ESFP,Du lịch & Dịch vụ,Quản trị dịch vụ du lịch và lữ hành,4.6
STU0254,8.7,6.4,5.4,5.3,9.4,8.9,5.9,ISFP,Y tế & Sức khỏe,Điều dưỡng,4.2
STU0104,8.5,6.6,8.6,8.3,6.9,5.7,5.8,ENTP,Công nghệ Thông tin & Kỹ thuật Máy tính,Khoa học Máy tính,4.0
STU1446,5.2,8.5,6.2,5.6,5.1,5.0,7.6,INFP,Nghệ thuật & Thiết kế,Điêu khắc,4.3
STU1444,6.2,7.7,6.6,5.1,6.1,6.5,8.2,ISFP,Nghệ thuật & Thiết kế,Hội họa,4.9
STU1649,6.5,9.5,7.2,6.6,5.2,5.6,9.5,ISTJ,Luật & Xã hội,Quản lý nhà nước,4.1
STU0587,9.4,8.3,9.1,6.1,5.1,6.5,7.0,ESTJ,Kinh tế & Quản lý,Kiểm toán,3.9
STU0628,7.0,9.3,9.7,5.0,5.2,5.1,9.0,ESFJ,Sư phạm & Giáo dục,Giáo dục Tiểu học,4.4
STU1697,8.8,6.0,6.7,9.1,8.0,6.6,5.4,ESTP,"Kỹ thuật, Cơ khí & Ô tô",Kỹ thuật điện tử - viễn thông,4.8
STU2102,8.9,6.5,5.5,8.4,6.7,6.1,7.0,ISTJ,Xây dựng & Quy hoạch,Quản lý xây dựng,3.9
STU2200,8.9,6.8,5.1,9.2,7.9,6.9,5.7,ESTJ,Xây dựng & Quy hoạch,Kỹ thuật cấp thoát nước,4.7
STU0404,9.6,6.5,5.3,5.7,9.6,9.0,6.5,INFJ,Y tế & Sức khỏe,Quản lý bệnh viện,4.6
STU1155,5.3,8.6,9.0,6.4,5.5,5.6,7.9,ESFP,Truyền thông & Báo chí,Quan hệ công chúng,4.9
STU2256,8.9,5.4,6.5,8.1,7.3,6.9,6.6,ISTJ,Xây dựng & Quy hoạch,Kỹ thuật cấp thoát nước,4.5
STU1683,8.5,6.9,5.4,9.2,7.4,6.5,5.5,ISTP,"Kỹ thuật, Cơ khí & Ô tô",Công nghệ kỹ thuật ô tô,4.7
STU2057,8.3,5.8,6.5,5.6,8.9,9.1,5.0,INFP,Nông nghiệp & Môi trường,Công nghệ thực phẩm,4.7
STU2370,6.4,8.1,8.3,6.1,5.7,5.2,8.2,ENFP,Du lịch & Dịch vụ,Quản trị nhà hàng và dịch vụ ăn uống,4.8
STU0453,9.6,7.8,8.4,6.0,6.5,5.5,6.4,ENTP,Kinh tế & Quản lý,Quản trị kinh doanh,4.8
STU1328,6.1,7.8,5.5,5.7,5.6,6.4,7.8,ISFP,Nghệ thuật & Thiết kế,Hội họa,4.7
STU2050,8.3,5.8,5.4,6.1,8.9,9.7,5.2,ISFJ,Nông nghiệp & Môi trường,Công nghệ sau thu hoạch,4.9
STU0881,6.0,8.3,9.0,6.5,6.2,6.7,7.4,INTP,Ngôn ngữ & Văn hóa,Ngôn ngữ Nhật,4.6
STU2429,5.3,8.3,8.3,5.5,6.4,5.7,7.8,ENFP,Du lịch & Dịch vụ,Quản trị khách sạn,4.6
STU0624,8.8,7.8,9.2,6.1,6.1,6.0,6.1,ESTJ,Kinh tế & Quản lý,Tài chính - Ngân hàng,4.0
STU2308,6.0,7.1,8.8,5.6,6.9,5.0,8.1,ESTP,Du lịch & Dịch vụ,Quản trị nhà hàng và dịch vụ ăn uống,4.2
STU1788,8.3,5.2,6.2,9.5,7.9,5.2,6.5,ESTP,"Kỹ thuật, Cơ khí & Ô tô",Robot và Trí tuệ nhân tạo,4.4
STU0263,9.9,6.1,6.9,5.6,9.8,8.7,5.7,ISTJ,Y tế & Sức khỏe,Y đa khoa,3.8
STU1635,4.8,6.8,4.7,6.2,5.8,4.0,6.4,ENFJ,Luật & Xã hội,Luật,2.8
STU1439,6.2,8.2,6.5,6.2,5.0,6.4,8.1,INFJ,Nghệ thuật & Thiết kế,Thanh nhạc,5.0
STU2199,9.1,6.6,6.5,8.8,6.3,6.5,6.8,ESTJ,Xây dựng & Quy hoạch,Kỹ thuật xây dựng,4.6
STU1970,7.9,5.5,6.7,5.0,8.6,8.6,6.9,ISFP,Nông nghiệp & Môi trường,Thú y,4.7
STU1803,8.4,6.2,6.6,9.6,8.1,6.4,6.8,INTJ,"Kỹ thuật, Cơ khí & Ô tô",Kỹ thuật điều khiển và tự động hóa,4.0
STU0641,6.3,9.8,8.8,6.3,5.2,5.1,9.5,INFJ,Sư phạm & Giáo dục,Giáo dục Mầm non,4.8
STU2360,5.8,8.4,8.7,5.2,5.2,6.4,8.1,ESTP,Du lịch & Dịch vụ,Du lịch,4.2
STU1960,7.2,6.9,6.9,5.5,8.0,9.1,6.4,ISFP,Nông nghiệp & Môi trường,Công nghệ sau thu hoạch,3.8
STU0489,8.7,8.6,9.2,6.1,5.3,5.8,6.5,ENTJ,Kinh tế & Quản lý,Hệ thống thông tin quản lý,4.1
STU1844,8.7,5.2,5.8,9.5,8.2,6.3,5.2,INTJ,"Kỹ thuật, Cơ khí & Ô tô",Kỹ thuật điều khiển và tự động hóa,3.8
STU1735,9.0,6.3,6.0,9.3,8.0,5.4,6.7,ESTP,"Kỹ thuật, Cơ khí & Ô tô",Kỹ thuật điện tử - viễn thông,4.7
STU0147,8.9,5.4,8.4,8.8,7.0,6.2,5.5,ISTJ,Công nghệ Thông tin & Kỹ thuật Máy tính,Thiết kế vi mạch,4.3
STU1535,6.1,8.6,7.3,5.3,6.4,5.0,9.4,INTJ,Luật & Xã hội,Luật quốc tế,4.1
STU1987,7.9,5.2,6.4,5.7,8.0,9.0,6.8,ISTJ,Nông nghiệp & Môi trường,Nông nghiệp,5.0
STU1370,5.3,9.0,6.9,5.9,5.0,5.5,6.8,ISFP,Nghệ thuật & Thiết kế,Điêu khắc,3.9
STU2444,6.5,8.1,8.5,6.5,6.6,5.5,8.7,ESFP,Du lịch & Dịch vụ,Quản trị dịch vụ du lịch và lữ hành,4.5
STU0660,6.9,9.8,8.8,5.0,6.4,6.4,9.6,INFJ,Sư phạm & Giáo dục,Sư phạm Ngữ văn,4.1
STU1795,9.3,5.3,5.5,9.9,7.5,6.1,5.4,INTJ,"Kỹ thuật, Cơ khí & Ô tô",Kỹ thuật điện tử - viễn thông,4.5
STU0187,8.9,5.1,8.4,8.2,7.3,5.4,5.5,ISTJ,Công nghệ Thông tin & Kỹ thuật Máy tính,Kỹ thuật phần mềm,4.0
STU1148,5.6,8.9,8.6,6.6,6.6,5.1,7.8,ESFP,Truyền thông & Báo chí,Truyền thông đại chúng,4.7
STU0609,8.3,8.9,8.5,6.8,5.1,5.8,6.9,ENTJ,Kinh tế & Quản lý,Thương mại điện tử,5.0
STU2192,8.9,5.5,6.7,8.9,7.6,5.0,5.5,ESTJ,Xây dựng & Quy hoạch,Địa kỹ thuật xây dựng,4.8
STU1931,7.4,6.2,5.2,6.4,8.1,8.5,6.3,ISFP,Nông nghiệp & Môi trường,Công nghệ sau thu hoạch,4.3
STU0198,9.7,6.3,8.9,8.7,6.8,6.6,5.7,ENTP,Công nghệ Thông tin & Kỹ thuật Máy tính,Thiết kế vi mạch,4.9
STU0294,9.0,5.8,5.3,6.8,9.3,9.4,5.6,ISTJ,Y tế & Sức khỏe,Dược học,4.4
STU0767,6.3,9.8,8.2,6.6,5.9,5.7,10.0,INFJ,Sư phạm & Giáo dục,Sư phạm Toán học,4.2
STU0401,10.0,5.6,6.3,5.2,9.2,8.7,6.4,ISFJ,Y tế & Sức khỏe,Kỹ thuật phục hồi chức năng,4.9
STU0123,8.9,6.1,9.3,8.6,6.9,5.7,6.5,INTP,Công nghệ Thông tin & Kỹ thuật Máy tính,Khoa học dữ liệu,4.7
STU0203,9.7,6.9,9.1,9.9,6.4,5.3,5.3,ISTP,Công nghệ Thông tin & Kỹ thuật Máy tính,Mạng máy tính và truyền thông dữ liệu,5.0
STU0836,6.9,9.2,9.5,6.7,5.5,5.3,9.0,INFP,Ngôn ngữ & Văn hóa,Tiếng Việt và văn hoá Việt Nam,4.5
STU2295,5.5,7.9,8.8,5.3,5.5,5.8,8.5,ENFP,Du lịch & Dịch vụ,Quản trị khách sạn,3.9
STU1440,6.5,8.4,5.0,5.1,5.0,6.4,6.8,ISFP,Nghệ thuật & Thiết kế,Điêu khắc,5.0
STU1734,8.3,5.2,5.6,9.7,8.2,6.1,6.1,ISTJ,"Kỹ thuật, Cơ khí & Ô tô",Công nghệ kỹ thuật ô tô,4.1
STU1696,8.2,5.6,6.3,9.6,8.2,5.8,6.7,ISTP,"Kỹ thuật, Cơ khí & Ô tô",Kỹ thuật điện,4.5
STU1708,8.3,5.5,6.4,9.9,7.5,5.4,6.3,ISTJ,"Kỹ thuật, Cơ khí & Ô tô",Kỹ thuật điều khiển và tự động hóa,4.6
STU2425,6.0,7.9,9.1,6.2,6.8,5.4,8.8,ESTP,Du lịch & Dịch vụ,Quản trị khách sạn,4.7
STU1154,6.8,9.3,9.5,6.4,6.5,6.7,8.3,ESFP,Truyền thông & Báo chí,Báo chí,4.7
STU1662,5.4,9.6,7.6,6.4,6.9,6.4,9.1,INTJ,Luật & Xã hội,Luật quốc tế,4.7
STU1760,8.3,6.8,5.7,9.8,7.9,5.8,6.0,ISTP,"Kỹ thuật, Cơ khí & Ô tô",Kỹ thuật cơ khí,4.4
STU0855,5.3,9.4,9.3,6.8,5.8,6.1,8.3,INTP,Ngôn ngữ & Văn hóa,Ngôn ngữ học,3.9
STU1590,5.6,9.6,7.1,6.7,6.6,6.6,9.0,ISTJ,Luật & Xã hội,Xã hội học,4.8
STU2268,4.9,4.3,5.0,4.2,5.5,6.7,5.0,ISFP,Xây dựng & Quy hoạch,Kinh tế xây dựng,1.7
STU0642,6.7,9.3,9.9,6.5,5.3,5.7,9.8,ISFJ,Sư phạm & Giáo dục,Sư phạm Tiếng Anh,4.8
STU0002,9.9,5.6,7.7,8.7,6.2,5.8,5.6,INTP,Công nghệ Thông tin & Kỹ thuật Máy tính,Công nghệ thông tin,4.3
STU2161,8.1,5.7,7.0,8.4,7.1,5.7,6.9,ISTJ,Xây dựng & Quy hoạch,Công nghệ kỹ thuật công trình xây dựng,4.2
STU0699,6.0,5.3,4.9,6.5,6.9,4.1,4.2,INTP,Sư phạm & Giáo dục,Sư phạm Vật lý,2.7
STU1637,5.3,8.9,7.4,5.0,5.1,5.1,9.2,ENTJ,Luật & Xã hội,Xã hội học,4.2
STU1292,5.6,8.6,6.9,5.8,5.1,6.2,7.3,INFJ,Nghệ thuật & Thiết kế,Thiết kế công nghiệp,3.9
STU2379,6.4,7.5,9.2,6.2,6.7,6.2,8.9,ESFJ,Du lịch & Dịch vụ,Du lịch,4.2
STU1521,5.9,9.8,7.9,6.5,6.8,5.2,9.4,INFJ,Luật & Xã hội,Quản lý nhà nước,4.3
STU1854,9.2,6.3,5.6,9.8,8.3,6.8,6.2,ESTP,"Kỹ thuật, Cơ khí & Ô tô",Robot và Trí tuệ nhân tạo,4.0
STU1137,5.4,9.5,8.2,6.5,6.4,5.7,8.6,ENTP,Truyền thông & Báo chí,Truyền thông đa phương tiện,4.2
STU2412,5.8,8.2,9.5,6.5,5.8,6.0,8.2,ENFP,Du lịch & Dịch vụ,Quản trị dịch vụ du lịch và lữ hành,4.0
STU1632,5.9,9.3,8.4,6.3,6.9,6.1,8.5,ENTJ,Luật & Xã hội,Luật,4.7
STU1999,7.9,6.1,6.8,5.5,8.5,9.7,5.6,ISFP,Nông nghiệp & Môi trường,Nuôi trồng thủy sản,3.9
STU0664,6.7,8.7,9.4,6.9,5.2,5.4,9.3,ESFJ,Sư phạm & Giáo dục,Tâm lý học giáo dục,4.4
STU0684,7.3,9.2,9.0,6.8,5.1,6.7,9.8,ENFJ,Sư phạm & Giáo dục,Giáo dục Mầm non,4.5
STU1258,5.4,8.0,5.9,7.0,5.5,5.7,7.9,ISFP,Nghệ thuật & Thiết kế,Thiết kế thời trang,4.3
STU0318,9.9,5.4,5.8,5.7,9.3,10.0,5.9,ISFP,Y tế & Sức khỏe,Kỹ thuật phục hồi chức năng,4.9
STU0649,6.0,9.5,9.8,6.8,5.5,6.7,9.0,ISFJ,Sư phạm & Giáo dục,Sư phạm Vật lý,3.8
STU1435,6.8,8.1,5.4,5.2,6.6,5.3,7.0,INFP,Nghệ thuật & Thiết kế,Điêu khắc,4.0
STU1480,5.5,8.8,7.2,6.8,6.1,6.6,9.4,INFJ,Luật & Xã hội,Tâm lý học,4.7
STU0710,6.1,9.4,9.2,5.5,6.6,5.5,9.1,ESFJ,Sư phạm & Giáo dục,Giáo dục Tiểu học,4.9
STU1283,6.3,7.7,6.5,5.2,5.4,5.3,7.4,ISFP,Nghệ thuật & Thiết kế,Kiến trúc,4.4
STU1769,8.7,5.5,5.4,8.9,7.2,6.1,5.5,ESTP,"Kỹ thuật, Cơ khí & Ô tô",Kỹ thuật điện tử - viễn thông,4.0
STU0973,6.9,9.5,9.5,5.4,6.7,5.3,7.3,INFP,Ngôn ngữ & Văn hóa,Ngôn ngữ học,4.6
STU1307,6.1,8.3,6.9,5.7,5.4,6.5,7.2,ISFP,Nghệ thuật & Thiết kế,Thiết kế nội thất,3.9
STU1401,6.6,8.3,6.7,6.6,6.4,6.1,8.5,INFP,Nghệ thuật & Thiết kế,Thanh nhạc,4.6
STU1409,5.2,8.5,6.4,5.2,6.2,7.0,8.3,ISFP,Nghệ thuật & Thiết kế,Thiết kế thời trang,4.9
STU2238,8.6,5.6,5.9,9.5,6.5,6.6,6.8,ISTJ,Xây dựng & Quy hoạch,Kỹ thuật cấp thoát nước,4.7
STU1497,5.7,5.4,5.5,5.8,5.1,6.3,4.0,ESTJ,Luật & Xã hội,Luật quốc tế,2.7
STU2039,7.9,5.1,5.8,5.0,9.4,8.8,5.2,ISFJ,Nông nghiệp & Môi trường,Công nghệ sinh học,5.0
STU1530,5.9,9.9,8.3,6.5,6.9,6.3,9.9,ENTJ,Luật & Xã hội,Luật,4.2
STU1664,6.4,8.8,7.6,5.5,5.8,5.5,9.6,ISTJ,Luật & Xã hội,Luật,4.9
STU1355,6.6,8.8,6.2,6.2,5.1,6.0,7.8,INFJ,Nghệ thuật & Thiết kế,Kiến trúc,4.5
STU2435,6.6,8.4,8.4,6.5,7.0,5.1,9.0,ESFP,Du lịch & Dịch vụ,Quản trị khách sạn,4.9
STU2451,6.2,7.4,8.7,5.3,6.6,6.3,7.6,ESFJ,Du lịch & Dịch vụ,Quản trị khách sạn,4.6
STU1644,5.1,9.8,7.3,6.9,5.4,5.2,9.1,ISTJ,Luật & Xã hội,Luật quốc tế,4.8
STU1052,6.5,6.3,5.5,4.2,6.0,6.4,5.0,INTJ,Truyền thông & Báo chí,Truyền thông đại chúng,3.0
STU0796,7.5,9.4,9.9,5.3,5.3,6.5,9.2,ESFJ,Sư phạm & Giáo dục,Tâm lý học giáo dục,3.9
STU1598,5.2,9.8,8.1,6.2,5.3,5.2,8.8,ENTJ,Luật & Xã hội,Quản lý nhà nước,4.4
STU1820,8.5,6.0,6.6,9.8,8.0,6.0,6.6,INTJ,"Kỹ thuật, Cơ khí & Ô tô",Công nghệ kỹ thuật ô tô,4.0
STU1723,9.4,6.1,6.8,9.9,7.3,6.4,5.9,ISTP,"Kỹ thuật, Cơ khí & Ô tô",Kỹ thuật cơ điện tử,4.7
STU1184,6.6,8.8,9.2,5.6,5.9,6.5,8.6,ESFP,Truyền thông & Báo chí,Thông tin - thư viện,4.4
STU1060,5.2,9.9,8.1,5.3,5.9,6.6,8.7,ENFP,Truyền thông & Báo chí,Lưu trữ học,4.1
STU0541,9.7,7.0,8.8,6.3,6.4,5.9,5.7,ESTP,Kinh tế & Quản lý,Kiểm toán,4.0
STU1679,8.2,6.8,5.4,8.6,8.3,5.9,5.2,ISTP,"Kỹ thuật, Cơ khí & Ô tô",Kỹ thuật điện tử - viễn thông,4.7
STU2403,6.0,7.1,8.2,6.9,6.1,5.0,8.7,ESFP,Du lịch & Dịch vụ,Quản trị dịch vụ du lịch và lữ hành,4.4
STU1758,9.1,5.8,6.6,9.3,8.2,6.5,5.9,INTJ,"Kỹ thuật, Cơ khí & Ô tô",Kỹ thuật cơ điện tử,4.2
STU1924,7.4,5.4,5.4,5.5,8.9,8.5,6.5,ISFJ,Nông nghiệp & Môi trường,Công nghệ sau thu hoạch,4.2
STU0096,9.8,6.7,9.3,9.1,7.3,6.8,5.0,INTP,Công nghệ Thông tin & Kỹ thuật Máy tính,Mạng máy tính và truyền thông dữ liệu,4.9
STU1021,5.2,9.2,9.8,6.0,7.0,5.7,7.8,ISFP,Ngôn ngữ & Văn hóa,Ngôn ngữ học,4.3
STU0564,9.9,7.7,8.9,6.6,5.8,6.0,6.9,ENTP,Kinh tế & Quản lý,Kinh tế,4.6
STU0864,5.7,9.1,9.3,6.8,5.3,6.1,8.9,INFP,Ngôn ngữ & Văn hóa,Đông phương học,4.5
STU1485,6.3,9.1,7.7,6.9,6.5,5.2,8.9,ISTJ,Luật & Xã hội,Luật quốc tế,4.9
STU1882,8.4,6.6,5.7,6.4,8.5,8.9,6.5,ISFJ,Nông nghiệp & Môi trường,Lâm nghiệp đô thị,4.2
STU1039,6.8,9.4,9.2,5.1,5.3,5.9,8.5,INTP,Ngôn ngữ & Văn hóa,Văn học,4.3
STU0207,9.0,6.2,7.7,9.9,6.4,6.6,5.1,INTJ,Công nghệ Thông tin & Kỹ thuật Máy tính,Khoa học Máy tính,4.8
STU0393,9.0,6.4,6.2,6.4,8.5,8.9,6.7,ISFP,Y tế & Sức khỏe,Kỹ thuật phục hồi chức năng,4.1
STU0871,6.4,8.6,9.9,6.1,6.8,5.3,8.1,INTP,Ngôn ngữ & Văn hóa,Đông phương học,4.4
STU0398,9.4,5.9,5.8,6.5,9.3,8.8,5.3,INFJ,Y tế & Sức khỏe,Y đa khoa,4.1
STU2397,5.9,7.2,8.5,5.8,6.1,6.7,8.6,ESFP,Du lịch & Dịch vụ,Quản trị khách sạn,4.7
STU1029,6.7,8.3,9.2,5.1,6.4,5.1,8.9,INFP,Ngôn ngữ & Văn hóa,Ngôn ngữ Hàn Quốc,4.4
STU1486,6.1,9.4,7.3,6.9,5.1,5.3,9.1,ISTJ,Luật & Xã hội,Luật,4.4
STU0961,6.9,9.0,9.2,6.8,6.6,5.7,8.4,INTP,Ngôn ngữ & Văn hóa,Văn học,4.8
STU1571,6.5,9.4,7.8,5.2,5.9,5.3,8.7,ISTJ,Luật & Xã hội,Quản lý nhà nước,4.3
STU1896,8.5,5.6,6.3,5.6,8.2,9.3,6.2,ISFP,Nông nghiệp & Môi trường,Thú y,4.0
STU2147,8.8,5.3,6.3,8.9,6.2,6.7,5.4,ESTJ,Xây dựng & Quy hoạch,Địa kỹ thuật xây dựng,4.3
STU0805,7.2,8.8,8.9,5.9,6.8,6.5,9.6,ENFJ,Sư phạm & Giáo dục,Giáo dục Mầm non,4.7
STU1752,8.5,6.9,6.4,10.0,8.2,6.6,6.0,INTJ,"Kỹ thuật, Cơ khí & Ô tô",Kỹ thuật điện,3.9
STU0503,8.1,8.1,9.5,5.8,5.7,6.3,6.2,ENTP,Kinh tế & Quản lý,Kinh tế,4.9
STU0780,7.0,9.4,9.3,7.0,6.2,6.5,9.2,INFJ,Sư phạm & Giáo dục,Giáo dục Mầm non,4.6
STU1864,8.4,5.3,5.8,8.6,8.4,5.4,6.9,ESTP,"Kỹ thuật, Cơ khí & Ô tô",Kỹ thuật cơ khí,4.0
STU0201,8.8,6.1,7.6,8.1,7.5,6.8,6.0,ISTJ,Công nghệ Thông tin & Kỹ thuật Máy tính,Thiết kế vi mạch,4.6
STU2183,8.5,6.4,5.8,9.1,6.1,6.5,6.7,ESTJ,Xây dựng & Quy hoạch,Kinh tế xây dựng,4.6
STU2089,9.2,5.9,5.5,8.1,6.8,5.1,7.0,ESTJ,Xây dựng & Quy hoạch,Quản lý xây dựng,4.9
STU2279,8.7,5.9,5.8,8.2,6.1,6.1,6.8,ESTJ,Xây dựng & Quy hoạch,Kỹ thuật cấp thoát nước,4.6
STU1797,8.5,5.5,6.5,8.5,7.4,5.9,6.7,ESTP,"Kỹ thuật, Cơ khí & Ô tô",Công nghệ kỹ thuật ô tô,4.5
STU0379,9.5,7.0,5.6,5.0,9.0,9.6,5.8,ISFJ,Y tế & Sức khỏe,Điều dưỡng,4.4
STU2337,6.0,8.1,8.8,5.3,6.4,6.3,8.1,ESFJ,Du lịch & Dịch vụ,Du lịch,4.7
STU0419,8.5,8.8,8.8,5.3,5.9,6.4,5.7,ENTJ,Kinh tế & Quản lý,Thương mại điện tử,4.7
STU1699,8.9,5.8,6.9,9.2,7.4,5.4,6.8,ISTP,"Kỹ thuật, Cơ khí & Ô tô",Kỹ thuật điện tử - viễn thông,4.6
STU0392,9.5,5.0,5.4,5.2,8.8,9.5,5.8,ISTJ,Y tế & Sức khỏe,Dược học,3.8
STU1523,6.4,8.6,7.7,6.1,6.6,6.9,9.8,ENTJ,Luật & Xã hội,Chính trị học,4.5
STU1163,6.7,6.3,5.8,4.9,7.0,5.4,6.1,ISTP,Truyền thông & Báo chí,Công nghệ truyền thông,2.8
STU1496,6.9,8.8,7.6,5.8,5.8,6.9,9.8,ENTJ,Luật & Xã hội,Quản lý nhà nước,4.0
STU2028,8.0,5.7,5.8,5.3,9.3,8.7,5.6,ISFJ,Nông nghiệp & Môi trường,Công nghệ sinh học,4.2
STU1153,5.5,9.6,9.4,6.6,6.7,6.3,7.1,ENFP,Truyền thông & Báo chí,Truyền thông đa phương tiện,4.9
STU1368,5.9,7.8,5.2,6.5,5.1,5.9,8.1,ISFP,Nghệ thuật & Thiết kế,Thiết kế đồ họa,3.8
STU0065,9.7,6.7,7.7,8.9,7.9,6.6,6.5,ISTJ,Công nghệ Thông tin & Kỹ thuật Máy tính,Mạng máy tính và truyền thông dữ liệu,4.4
STU2063,7.3,6.4,5.2,5.7,8.5,9.2,5.8,ISFJ,Nông nghiệp & Môi trường,Lâm nghiệp đô thị,4.3
STU1181,6.9,9.9,8.9,5.3,6.7,5.9,8.8,ENFP,Truyền thông & Báo chí,Quan hệ công chúng,4.3
STU0493,9.8,8.6,8.4,5.3,6.6,5.8,6.9,ENTP,Kinh tế & Quản lý,Tài chính - Ngân hàng,4.2
STU0380,8.6,6.9,6.3,6.7,9.4,9.1,6.4,ISFJ,Y tế & Sức khỏe,Y đa khoa,3.8
STU2236,8.5,6.6,6.3,9.3,7.3,6.1,5.3,ISTJ,Xây dựng & Quy hoạch,Công nghệ kỹ thuật công trình xây dựng,4.1
STU0764,7.0,9.4,9.8,5.4,5.5,5.7,9.8,ENFJ,Sư phạm & Giáo dục,Tâm lý học giáo dục,4.6
STU2265,9.1,5.6,5.8,9.2,7.2,6.9,6.7,ESTJ,Xây dựng & Quy hoạch,Kinh tế xây dựng,4.8
STU0792,6.3,8.8,8.2,5.9,6.1,6.6,9.1,ENFJ,Sư phạm & Giáo dục,Giáo dục Tiểu học,3.9
STU1077,5.8,8.8,8.3,6.2,6.5,6.5,8.3,ESFP,Truyền thông & Báo chí,Công nghệ truyền thông,4.1
STU0879,5.3,8.9,9.1,6.7,5.0,5.0,8.9,INTP,Ngôn ngữ & Văn hóa,Ngôn ngữ Hàn Quốc,4.2
STU0338,6.6,6.7,5.3,6.3,5.8,6.5,6.2,ENFP,Y tế & Sức khỏe,Điều dưỡng,3.0
STU2344,6.2,7.7,8.7,5.6,5.9,6.8,9.0,ENFP,Du lịch & Dịch vụ,Quản trị dịch vụ du lịch và lữ hành,4.9
STU1017,6.4,8.3,9.1,5.2,5.3,6.5,8.9,INFP,Ngôn ngữ & Văn hóa,Ngôn ngữ Anh,4.7
STU1276,5.8,8.2,6.5,5.2,6.8,6.6,7.4,ISFP,Nghệ thuật & Thiết kế,Kiến trúc,4.0
STU0456,8.4,7.1,9.6,6.2,7.0,5.6,6.4,ESTP,Kinh tế & Quản lý,Marketing,4.1
STU0816,6.5,8.9,9.5,6.3,6.5,6.4,9.3,ENFJ,Sư phạm & Giáo dục,Giáo dục Mầm non,4.0
STU2318,6.2,8.2,8.5,6.5,5.8,6.4,8.2,ESTP,Du lịch & Dịch vụ,Quản trị khách sạn,4.6
STU0996,5.5,9.0,9.6,5.1,5.8,6.9,8.4,INFP,Ngôn ngữ & Văn hóa,Ngôn ngữ Hàn Quốc,4.7
STU1982,8.2,6.5,6.8,5.4,8.2,9.3,5.7,ISFP,Nông nghiệp & Môi trường,Công nghệ thực phẩm,4.1
STU0202,8.7,5.4,7.9,9.4,6.3,6.7,5.6,INTJ,Công nghệ Thông tin & Kỹ thuật Máy tính,An toàn thông tin,3.8
STU0162,8.6,5.9,9.3,8.1,6.1,5.9,6.4,ISTJ,Công nghệ Thông tin & Kỹ thuật Máy tính,Thiết kế vi mạch,4.0
STU1580,7.0,8.5,7.3,6.3,5.5,5.5,9.2,ENTJ,Luật & Xã hội,Luật kinh tế,4.3
STU0703,6.5,9.0,8.2,5.7,6.1,6.7,9.5,INFJ,Sư phạm & Giáo dục,Sư phạm Tin học,4.9
STU1501,6.7,9.4,7.2,6.6,6.9,5.3,9.6,INFJ,Luật & Xã hội,Quản lý nhà nước,4.6
STU1130,5.8,9.5,8.9,5.2,6.3,5.2,8.6,ESFP,Truyền thông & Báo chí,Báo chí,4.8
STU1022,5.1,9.2,9.8,6.7,6.1,6.2,8.9,INFP,Ngôn ngữ & Văn hóa,Ngôn ngữ Anh,4.6
STU1586,4.8,5.8,4.1,6.7,4.6,5.3,5.3,INTP,Luật & Xã hội,Quản lý nhà nước,3.3
STU1956,7.4,5.3,6.8,5.9,9.3,8.8,6.6,ISFJ,Nông nghiệp & Môi trường,Công nghệ thực phẩm,4.6
STU2254,8.2,6.3,5.5,9.2,7.4,5.1,6.3,ISTP,Xây dựng & Quy hoạch,Kinh tế xây dựng,4.1
STU0035,8.7,7.0,7.6,8.9,6.9,6.3,5.2,ISTP,Công nghệ Thông tin & Kỹ thuật Máy tính,Kỹ thuật phần mềm,4.8
STU0776,7.1,9.4,8.8,6.5,5.9,5.9,9.6,ESFJ,Sư phạm & Giáo dục,Sư phạm Tin học,3.9
STU1479,6.9,9.2,7.6,6.7,6.7,5.2,9.3,ISTJ,Luật & Xã hội,Luật,4.4
STU1391,5.0,8.9,6.1,6.0,5.9,5.1,6.9,INFJ,Nghệ thuật & Thiết kế,Thiết kế công nghiệp,4.3
STU2140,9.4,5.2,6.6,8.7,6.4,5.2,6.7,ISTP,Xây dựng & Quy hoạch,Kinh tế xây dựng,4.9
STU1364,6.1,7.5,5.4,5.2,6.0,5.6,8.2,INFP,Nghệ thuật & Thiết kế,Thiết kế công nghiệp,4.8
STU2042,8.3,6.3,5.6,5.4,8.5,8.5,6.1,INFP,Nông nghiệp & Môi trường,Khoa học môi trường,4.4
STU0242,9.7,6.0,5.5,6.9,8.6,9.2,6.3,ISTJ,Y tế & Sức khỏe,Kỹ thuật hình ảnh y học,4.8
STU2062,7.5,6.7,5.4,5.6,8.5,8.9,6.4,ISFP,Nông nghiệp & Môi trường,Thú y,4.0
STU2364,5.8,7.3,8.3,5.1,5.3,6.7,8.3,ESFJ,Du lịch & Dịch vụ,Quản trị nhà hàng và dịch vụ ăn uống,4.0
STU0601,8.3,8.6,9.9,5.3,6.5,6.6,5.8,ESTP,Kinh tế & Quản lý,Marketing,3.9
STU2436,6.4,7.6,8.9,5.6,6.5,7.0,7.5,ESTP,Du lịch & Dịch vụ,Quản trị nhà hàng và dịch vụ ăn uống,4.4
STU1298,6.6,8.4,6.3,5.6,6.7,6.5,7.9,ISFP,Nghệ thuật & Thiết kế,Thanh nhạc,4.4
STU2215,8.9,5.4,6.4,9.0,7.0,6.6,5.8,ESTJ,Xây dựng & Quy hoạch,Kỹ thuật xây dựng,4.1
STU2069,7.5,6.4,5.9,5.8,9.4,9.1,6.6,ISFJ,Nông nghiệp & Môi trường,Nông nghiệp,4.9
STU0647,6.8,8.7,9.2,5.2,6.7,5.2,9.7,ISFJ,Sư phạm & Giáo dục,Giáo dục Tiểu học,4.6
STU1529,5.7,9.5,8.4,6.4,6.9,6.5,9.0,INTJ,Luật & Xã hội,Tâm lý học,4.1
STU1268,5.4,8.4,5.7,5.8,5.7,6.4,7.8,INFP,Nghệ thuật & Thiết kế,Thiết kế nội thất,4.7
STU1900,7.7,5.3,5.5,6.3,8.1,9.0,6.6,ISFP,Nông nghiệp & Môi trường,Nông nghiệp,4.9
STU0563,9.0,7.2,9.3,5.6,5.8,5.6,5.7,ESTJ,Kinh tế & Quản lý,Kiểm toán,4.6
STU0190,9.9,6.3,7.9,9.9,6.7,6.1,5.5,ISTP,Công nghệ Thông tin & Kỹ thuật Máy tính,Khoa học Máy tính,4.9
STU1807,9.5,5.7,5.1,8.5,8.4,6.2,6.5,ISTP,"Kỹ thuật, Cơ khí & Ô tô",Kỹ thuật điện,4.8
STU0976,6.4,8.1,10.0,6.5,5.1,5.7,8.7,INTP,Ngôn ngữ & Văn hóa,Ngôn ngữ Anh,4.3
STU2048,7.6,5.1,5.1,5.1,8.5,9.9,5.2,ISTJ,Nông nghiệp & Môi trường,Thú y,4.5
STU1083,5.9,9.8,8.4,5.3,6.0,5.7,8.3,ENTP,Truyền thông & Báo chí,Truyền thông đại chúng,4.8
STU0475,9.1,7.6,8.8,6.9,6.8,6.7,5.5,ENTJ,Kinh tế & Quản lý,Marketing,3.8
STU0748,6.5,9.0,9.2,5.8,5.4,6.5,9.2,ISFJ,Sư phạm & Giáo dục,Sư phạm Vật lý,4.1
STU2301,6.0,8.2,9.0,5.2,5.5,5.7,8.7,ESFJ,Du lịch & Dịch vụ,Quản trị dịch vụ du lịch và lữ hành,3.9
STU0022,9.8,5.7,9.5,10.0,8.2,6.5,6.9,INTP,Công nghệ Thông tin & Kỹ thuật Máy tính,Kỹ thuật phần mềm,4.6
STU0460,9.5,8.7,8.3,6.0,5.9,5.3,6.5,ESTP,Kinh tế & Quản lý,Marketing,4.9
STU1185,5.1,9.7,9.0,6.2,6.4,5.0,8.8,ENTP,Truyền thông & Báo chí,Công nghệ truyền thông,4.0
STU2325,6.2,7.4,8.2,5.1,6.7,6.2,8.4,ESFP,Du lịch & Dịch vụ,Quản trị khách sạn,4.7
STU0956,5.6,9.4,9.2,5.1,7.0,6.7,7.3,ISFP,Ngôn ngữ & Văn hóa,Ngôn ngữ học,3.9
STU1216,5.7,8.8,9.2,5.4,6.4,6.6,7.9,ENTP,Truyền thông & Báo chí,Công nghệ truyền thông,3.9
STU2434,5.6,8.0,9.3,6.9,5.2,6.1,7.8,ENFP,Du lịch & Dịch vụ,Du lịch,3.9
STU1516,5.8,8.8,7.9,6.1,6.1,5.7,8.7,ISTJ,Luật & Xã hội,Luật quốc tế,4.8
STU2392,5.8,8.2,8.1,5.3,5.9,5.4,7.6,ENFP,Du lịch & Dịch vụ,Quản trị dịch vụ du lịch và lữ hành,4.1
STU0770,7.2,10.0,8.5,5.3,5.3,6.0,9.7,INFJ,Sư phạm & Giáo dục,Sư phạm Toán học,4.4
STU1686,9.5,6.0,5.2,9.1,8.1,5.8,6.1,ISTJ,"Kỹ thuật, Cơ khí & Ô tô",Kỹ thuật điện,4.4
STU0131,6.3,6.0,5.8,6.4,5.6,5.6,5.1,INFP,Công nghệ Thông tin & Kỹ thuật Máy tính,An toàn thông tin,1.8
STU2136,8.1,5.8,5.8,8.5,7.9,6.6,5.6,ISTJ,Xây dựng & Quy hoạch,Kỹ thuật cấp thoát nước,4.4
STU1483,6.4,9.3,7.6,6.6,5.2,6.4,9.9,ENTJ,Luật & Xã hội,Tâm lý học,4.8
STU0331,8.9,6.2,5.2,5.4,9.3,9.0,6.4,ISFJ,Y tế & Sức khỏe,Răng - Hàm - Mặt,4.9
STU1239,6.0,8.8,8.4,5.7,6.2,6.7,7.3,ENTP,Truyền thông & Báo chí,Lưu trữ học,4.6
STU0467,9.4,8.4,9.3,5.4,6.3,5.2,6.0,ESTP,Kinh tế & Quản lý,Hệ thống thông tin quản lý,4.5
STU2170,8.6,6.4,5.4,8.5,7.0,6.7,5.0,ISTP,Xây dựng & Quy hoạch,Địa kỹ thuật xây dựng,3.9
STU1639,6.2,9.0,7.0,5.8,5.5,5.9,9.8,ISTJ,Luật & Xã hội,Công tác xã hội,4.7
STU1096,5.0,8.8,8.7,6.2,6.9,6.0,8.6,ENFP,Truyền thông & Báo chí,Quan hệ công chúng,4.1
STU1131,6.0,8.6,8.1,6.2,7.0,6.9,7.7,ENTP,Truyền thông & Báo chí,Truyền thông đại chúng,4.5
STU1295,6.3,8.5,5.3,6.9,5.3,5.2,8.3,INFJ,Nghệ thuật & Thiết kế,Thiết kế nội thất,3.9
STU0861,5.7,9.4,9.1,5.9,6.7,6.2,7.1,INFP,Ngôn ngữ & Văn hóa,Ngôn ngữ Hàn Quốc,4.6
