student_id,math_score,literature_score,english_score,physics_score,chemistry_score,biology_score,history_score,mbti_type,major_group,specific_major,major_rating
STU1296,9.2,5.2,5.7,6.0,9.7,9.0,6.3,ISFJ,Y tế & Sức khỏe,Dược học,3.9
STU4801,5.2,8.3,7.9,7.3,4.6,6.1,8.7,ISTJ,Luật & Xã hội,Luật quốc tế,5.0
STU3525,6.6,9.0,8.4,5.3,6.0,4.9,7.7,ENFP,Truyền thông & Báo chí,Truyền thông đại chúng,4.7
STU4225,6.6,8.4,6.7,4.4,6.0,6.9,7.6,INFP,Nghệ thuật & Thiết kế,Điêu khắc,4.4
STU6873,8.9,5.7,6.1,8.9,8.2,6.8,6.6,ESTJ,Xây dựng & Quy hoạch,Quản lý xây dựng,3.8
STU0707,8.9,6.8,6.4,6.4,8.9,9.7,7.8,ISFJ,Y tế & Sức khỏe,Y học dự phòng,3.5
STU3622,5.9,4.4,4.4,6.2,7.3,4.7,6.9,ISFJ,Truyền thông & Báo chí,Công nghệ truyền thông,2.5
STU3166,5.7,9.6,10.0,6.3,6.6,5.4,7.4,INTP,Ngôn ngữ & Văn hóa,Ngôn ngữ học,4.8
STU2803,5.7,7.4,9.1,5.9,6.4,6.7,8.6,ISFP,Ngôn ngữ & Văn hóa,Quốc tế học,4.1
STU3880,6.0,8.2,8.8,6.4,5.9,5.6,7.6,ENTP,Truyền thông & Báo chí,Quan hệ công chúng,4.0
STU2967,6.1,8.2,9.6,6.1,4.9,6.2,7.7,INTP,Ngôn ngữ & Văn hóa,Ngôn ngữ học,3.6
STU3806,5.8,8.8,9.5,5.8,6.2,6.1,7.8,ENTP,Truyền thông & Báo chí,Thông tin - thư viện,4.8
STU5559,8.9,6.2,5.5,8.7,8.9,5.1,6.9,ISTP,"Kỹ thuật, Cơ khí & Ô tô",Kỹ thuật cơ khí,3.8
STU2349,7.7,9.9,8.7,4.9,5.8,5.6,8.2,ISFJ,Sư phạm & Giáo dục,Sư phạm Tiếng Anh,4.5
STU0941,7.9,5.3,6.4,6.1,9.2,9.9,5.9,ISTJ,Y tế & Sức khỏe,Kỹ thuật hình ảnh y học,4.1
STU0801,9.9,5.4,5.4,6.9,8.4,9.1,6.4,ISFP,Y tế & Sức khỏe,Kỹ thuật phục hồi chức năng,3.8
STU2579,6.9,9.9,8.3,5.0,5.0,5.5,10.0,ISFJ,Sư phạm & Giáo dục,Tâm lý học giáo dục,4.4
STU3972,5.2,7.9,8.4,6.3,5.0,4.5,9.0,ENTP,Truyền thông & Báo chí,Thông tin - thư viện,5.0
STU5670,9.4,7.7,6.7,7.5,7.7,6.3,6.3,ISTP,"Kỹ thuật, Cơ khí & Ô tô",Kỹ thuật điện tử - viễn thông,4.4
STU5719,8.9,5.0,6.2,9.8,7.7,7.2,6.4,ESTP,"Kỹ thuật, Cơ khí & Ô tô",Kỹ thuật điều khiển và tự động hóa,4.7
STU2647,6.2,9.7,9.2,5.9,5.4,6.0,9.2,ESFJ,Sư phạm & Giáo dục,Sư phạm Tiếng Anh,5.1
STU2765,5.6,8.6,9.9,6.7,7.3,5.3,6.7,INFP,Ngôn ngữ & Văn hóa,Tiếng Việt và văn hoá Việt Nam,4.0
STU3928,7.2,9.4,8.4,7.1,6.6,6.5,8.3,ESFP,Truyền thông & Báo chí,Quan hệ công chúng,4.5
STU4035,5.6,8.2,5.3,5.7,5.1,7.6,8.2,ISFP,Nghệ thuật & Thiết kế,Điêu khắc,3.7
STU4025,6.4,8.2,5.5,5.4,6.5,5.0,7.8,INFP,Nghệ thuật & Thiết kế,Điêu khắc,4.4
STU5551,9.4,5.9,7.0,8.6,7.5,5.7,5.1,ISTP,"Kỹ thuật, Cơ khí & Ô tô",Kỹ thuật điện,4.8
STU6514,6.6,6.1,7.4,5.4,10.0,9.3,6.6,INFP,Nông nghiệp & Môi trường,Nuôi trồng thủy sản,4.6
STU7338,6.5,7.4,9.1,7.4,6.3,6.5,8.3,ESTP,Du lịch & Dịch vụ,Quản trị dịch vụ du lịch và lữ hành,4.6
STU3197,6.6,8.9,8.9,6.0,5.3,6.1,6.3,ISFP,Ngôn ngữ & Văn hóa,Ngôn ngữ Nhật,3.3
STU1431,8.9,8.1,8.3,6.3,4.9,7.3,6.5,ESTJ,Kinh tế & Quản lý,Kinh tế,4.2
STU3160,7.0,8.7,9.5,6.9,4.3,6.8,8.3,ISFP,Ngôn ngữ & Văn hóa,Ngôn ngữ học,4.6
STU4914,5.6,9.1,7.3,5.8,6.8,5.8,9.6,INFJ,Luật & Xã hội,Chính trị học,3.8
STU0857,9.9,6.1,5.0,6.4,8.6,7.8,7.1,INFJ,Y tế & Sức khỏe,Kỹ thuật phục hồi chức năng,4.7
STU4528,6.5,8.1,5.3,4.8,7.2,7.1,7.5,ISFP,Nghệ thuật & Thiết kế,Thiết kế nội thất,4.6
STU1759,8.8,8.1,8.4,6.2,5.7,6.2,7.2,ENTP,Kinh tế & Quản lý,Tài chính - Ngân hàng,4.7
STU7734,6.5,8.5,7.7,5.7,5.4,6.1,7.9,ENFP,Du lịch & Dịch vụ,Quản trị nhà hàng và dịch vụ ăn uống,5.0
STU1321,9.7,6.0,4.9,7.0,9.8,9.2,6.1,ISTJ,Y tế & Sức khỏe,Y học cổ truyền,5.1
STU2252,6.6,8.6,9.3,6.5,6.2,7.0,9.4,ISFJ,Sư phạm & Giáo dục,Tâm lý học giáo dục,5.7
STU1633,9.3,7.3,9.8,6.2,5.8,5.4,6.5,ENTP,Kinh tế & Quản lý,Kế toán,4.1
STU7991,5.9,7.5,8.2,6.4,5.9,6.1,9.1,ESTP,Du lịch & Dịch vụ,Quản trị khách sạn,4.5
STU2988,5.5,8.3,9.2,5.9,7.2,5.3,9.3,INTP,Ngôn ngữ & Văn hóa,Đông phương học,4.8
STU1085,10.0,5.7,5.5,5.7,10.0,9.7,6.8,INFJ,Y tế & Sức khỏe,Y đa khoa,4.3
STU2099,6.7,8.4,9.6,5.9,7.2,5.2,8.6,INFJ,Sư phạm & Giáo dục,Giáo dục Mầm non,3.7
STU7691,5.5,7.7,8.0,5.4,6.2,5.2,8.1,ESTP,Du lịch & Dịch vụ,Quản trị dịch vụ du lịch và lữ hành,3.3
STU2167,6.0,9.7,8.2,6.0,6.1,6.6,9.0,INFJ,Sư phạm & Giáo dục,Sư phạm Ngữ văn,4.2
STU2406,5.8,10.0,9.0,5.5,5.4,6.0,9.9,ESFJ,Sư phạm & Giáo dục,Sư phạm Ngữ văn,4.2
STU6044,8.0,7.2,7.4,5.6,8.4,9.5,6.5,ISFJ,Nông nghiệp & Môi trường,Thú y,3.8
STU4560,7.0,9.0,5.2,5.3,6.8,5.7,8.5,INFJ,Nghệ thuật & Thiết kế,Thiết kế nội thất,4.9
STU5134,6.2,9.4,7.9,5.6,6.6,6.1,9.2,INTJ,Luật & Xã hội,Luật kinh tế,4.8
STU0933,8.6,6.7,6.3,4.7,9.7,7.7,5.7,ISFJ,Y tế & Sức khỏe,Răng - Hàm - Mặt,4.2
STU4891,5.3,10.0,8.5,6.0,6.1,4.5,8.9,ISTJ,Luật & Xã hội,Luật kinh tế,3.2
STU6224,7.5,5.7,5.4,5.8,8.9,9.0,6.8,ISTJ,Nông nghiệp & Môi trường,Nông nghiệp,5.3
STU2407,7.1,9.7,9.8,4.7,7.1,7.3,9.2,INFJ,Sư phạm & Giáo dục,Sư phạm Ngữ văn,5.2
STU6992,8.4,6.1,4.2,8.9,8.8,5.4,6.1,ISTJ,Xây dựng & Quy hoạch,Quản lý xây dựng,4.4
STU4964,4.7,10.0,7.1,7.1,5.5,5.4,9.0,ISTJ,Luật & Xã hội,Công tác xã hội,4.9
STU6933,9.8,6.0,5.5,8.1,6.5,5.9,5.7,ESTJ,Xây dựng & Quy hoạch,Địa kỹ thuật xây dựng,4.4
STU0430,9.2,6.1,7.8,9.7,8.4,5.6,5.2,ISTJ,Công nghệ Thông tin & Kỹ thuật Máy tính,An toàn thông tin,4.9
STU7035,8.3,6.5,6.1,8.8,7.5,6.1,6.2,ISTJ,Xây dựng & Quy hoạch,Kỹ thuật cấp thoát nước,5.0
STU3881,7.3,9.2,8.7,4.9,6.0,6.1,7.1,ENFP,Truyền thông & Báo chí,Thông tin - thư viện,4.8
STU7323,9.3,5.2,5.8,8.0,6.4,4.1,4.6,ISTJ,Xây dựng & Quy hoạch,Kỹ thuật cấp thoát nước,5.2
STU3406,6.5,8.4,8.5,6.9,6.5,4.2,8.0,ENFP,Truyền thông & Báo chí,Truyền thông đại chúng,5.3
STU2459,6.5,8.6,8.0,5.5,6.8,7.0,9.7,ESFJ,Sư phạm & Giáo dục,Sư phạm Ngữ văn,4.5
STU7397,6.6,7.5,9.3,5.3,7.6,7.3,7.8,ENFP,Du lịch & Dịch vụ,Quản trị nhà hàng và dịch vụ ăn uống,4.4
STU6775,8.6,7.2,6.2,7.9,5.6,6.8,5.0,ISTJ,Xây dựng & Quy hoạch,Địa kỹ thuật xây dựng,3.9
STU1946,7.5,8.0,9.1,5.0,6.6,5.0,5.8,ENTJ,Kinh tế & Quản lý,Quản trị kinh doanh,4.0
STU3056,5.5,7.9,9.0,6.1,6.6,5.4,7.2,ISFP,Ngôn ngữ & Văn hóa,Ngôn ngữ Anh,3.8
STU4620,4.7,7.8,5.3,6.9,6.1,4.2,8.5,ISFP,Nghệ thuật & Thiết kế,Đạo diễn Điện ảnh - Truyền hình,3.3
STU3033,6.0,8.5,9.4,6.7,6.1,5.7,7.6,ISFP,Ngôn ngữ & Văn hóa,Đông phương học,4.4
STU7424,6.8,6.0,9.3,6.8,6.7,6.4,9.2,ENFP,Du lịch & Dịch vụ,Quản trị khách sạn,5.0
STU2338,5.9,8.5,9.4,7.3,7.1,6.1,10.0,ISFJ,Sư phạm & Giáo dục,Sư phạm Tiếng Anh,4.4
STU4424,5.7,7.3,5.9,5.4,5.8,4.8,7.9,INFP,Nghệ thuật & Thiết kế,Thiết kế công nghiệp,4.3
STU0264,9.6,5.9,9.9,9.9,9.3,6.8,5.0,ENTP,Công nghệ Thông tin & Kỹ thuật Máy tính,Thiết kế vi mạch,4.1
STU7934,5.9,6.6,8.2,6.1,5.8,6.4,7.4,ESFP,Du lịch & Dịch vụ,Quản trị nhà hàng và dịch vụ ăn uống,4.1
STU4353,5.2,6.2,5.2,6.3,4.1,5.1,6.3,INTJ,Nghệ thuật & Thiết kế,Thiết kế công nghiệp,2.2
STU3300,5.8,8.9,9.3,6.3,6.6,6.8,7.1,ISFP,Ngôn ngữ & Văn hóa,Ngôn ngữ Hàn Quốc,4.4
STU2313,7.4,9.5,9.2,5.3,7.0,6.6,9.3,ISFJ,Sư phạm & Giáo dục,Tâm lý học giáo dục,5.2
STU6179,8.6,5.7,6.1,5.7,9.0,8.6,6.9,INFP,Nông nghiệp & Môi trường,Lâm nghiệp đô thị,4.6
STU3908,6.0,10.0,8.5,7.1,6.5,4.1,8.8,ENFP,Truyền thông & Báo chí,Truyền thông đại chúng,4.7
STU3255,5.2,9.3,8.6,5.9,5.9,6.4,7.5,ISFP,Ngôn ngữ & Văn hóa,Ngôn ngữ Trung Quốc,3.5
STU5837,8.0,5.8,7.3,10.0,7.5,7.5,6.4,ESTP,"Kỹ thuật, Cơ khí & Ô tô",Kỹ thuật cơ điện tử,3.8
STU1288,9.6,5.1,5.6,4.9,8.3,8.3,6.3,ISFP,Y tế & Sức khỏe,Răng - Hàm - Mặt,3.9
STU3283,5.3,8.4,8.9,5.1,6.5,4.3,8.4,ISFP,Ngôn ngữ & Văn hóa,Văn học,4.9
STU4208,5.8,9.3,6.9,5.9,6.3,6.6,6.0,INFJ,Nghệ thuật & Thiết kế,Đạo diễn Điện ảnh - Truyền hình,2.8
STU1128,9.0,7.3,4.9,6.5,8.7,8.2,4.5,ISTJ,Y tế & Sức khỏe,Răng - Hàm - Mặt,5.5
STU6919,8.9,6.7,5.5,8.8,6.4,6.0,5.3,ISTP,Xây dựng & Quy hoạch,Kỹ thuật xây dựng,5.0
STU3899,6.1,7.9,9.0,6.3,5.9,6.4,7.6,ESFP,Truyền thông & Báo chí,Truyền thông đa phương tiện,4.7
STU3215,6.4,9.9,9.5,5.4,5.1,4.5,8.1,ISFP,Ngôn ngữ & Văn hóa,Văn học,3.9
STU2760,5.5,7.2,9.7,6.9,6.9,6.0,9.1,INTP,Ngôn ngữ & Văn hóa,Đông phương học,5.1
STU3361,5.9,10.0,8.4,6.7,5.8,6.1,8.0,ENFP,Truyền thông & Báo chí,Quan hệ công chúng,6.0
STU1426,6.2,5.7,6.2,5.7,5.1,6.8,3.3,ISFP,Kinh tế & Quản lý,Marketing,2.7
STU3804,7.2,8.5,8.8,7.2,5.7,6.8,8.0,ENFP,Truyền thông & Báo chí,Thông tin - thư viện,4.5
STU7847,5.4,7.5,9.1,6.1,5.9,5.1,7.8,ESTP,Du lịch & Dịch vụ,Quản trị dịch vụ du lịch và lữ hành,5.1
STU1028,9.9,6.2,6.5,6.0,9.0,9.0,5.9,ISFP,Y tế & Sức khỏe,Y học dự phòng,4.2
STU4129,5.2,7.9,6.1,5.9,7.5,5.6,7.9,ISFP,Nghệ thuật & Thiết kế,Thiết kế đồ họa,4.3
STU3018,6.3,8.1,9.5,6.7,7.1,7.2,7.7,ISFP,Ngôn ngữ & Văn hóa,Ngôn ngữ học,4.7
STU1177,9.1,4.9,6.6,7.0,9.5,9.6,6.8,ISFJ,Y tế & Sức khỏe,Kỹ thuật phục hồi chức năng,3.5
STU3380,4.9,8.6,8.4,6.2,4.8,5.6,7.7,ENTP,Truyền thông & Báo chí,Thông tin - thư viện,4.1
STU5534,7.4,5.0,7.0,8.6,7.5,5.5,5.7,ISTP,"Kỹ thuật, Cơ khí & Ô tô",Công nghệ kỹ thuật ô tô,4.2
STU6599,8.2,5.8,6.0,6.5,8.2,9.2,6.4,ISTJ,Nông nghiệp & Môi trường,Công nghệ sau thu hoạch,4.7
STU7040,6.6,6.4,5.8,5.5,4.9,4.3,5.8,ISTJ,Xây dựng & Quy hoạch,Kỹ thuật cấp thoát nước,3.1
STU4607,5.5,9.3,5.6,5.2,6.9,5.4,6.9,INFJ,Nghệ thuật & Thiết kế,Thanh nhạc,5.0
STU6792,8.4,4.7,6.6,8.3,5.6,5.6,6.4,ESTJ,Xây dựng & Quy hoạch,Quản lý xây dựng,3.4
STU2749,5.3,8.1,9.0,6.8,5.7,5.1,7.9,ISFP,Ngôn ngữ & Văn hóa,Đông phương học,4.9
STU2771,6.3,8.1,9.2,5.3,5.8,5.5,9.1,INTP,Ngôn ngữ & Văn hóa,Ngôn ngữ Hàn Quốc,4.1
STU6740,9.6,6.3,6.2,8.8,7.8,5.1,6.2,ISTJ,Xây dựng & Quy hoạch,Kỹ thuật cấp thoát nước,4.6
STU3039,6.1,9.2,8.8,6.1,5.5,5.0,8.2,INTP,Ngôn ngữ & Văn hóa,Ngôn ngữ Anh,4.6
STU2590,6.3,9.7,10.0,5.0,5.5,6.1,9.3,INFJ,Sư phạm & Giáo dục,Sư phạm Ngữ văn,3.7
STU1075,9.7,7.4,6.8,6.8,9.3,10.0,6.6,INFJ,Y tế & Sức khỏe,Y học dự phòng,4.0
STU3423,4.7,8.0,8.7,5.4,7.1,6.9,10.0,ESFP,Truyền thông & Báo chí,Báo chí,3.3
STU2304,5.8,8.5,8.0,6.9,6.0,5.3,9.5,ISFJ,Sư phạm & Giáo dục,Giáo dục Mầm non,5.5
STU2185,8.0,9.4,8.9,6.3,6.5,5.6,9.9,ESFJ,Sư phạm & Giáo dục,Sư phạm Vật lý,4.2
STU4837,6.8,9.5,7.2,6.8,6.7,7.0,7.8,INTJ,Luật & Xã hội,Xã hội học,4.4
STU6023,8.6,7.0,5.7,6.9,7.6,8.9,6.0,INFP,Nông nghiệp & Môi trường,Công nghệ sinh học,3.5
STU0350,9.1,7.9,10.0,9.7,6.7,6.2,5.5,ISTJ,Công nghệ Thông tin & Kỹ thuật Máy tính,Khoa học Máy tính,3.4
STU5953,7.9,6.7,6.2,9.4,7.7,5.0,5.2,INTJ,"Kỹ thuật, Cơ khí & Ô tô",Kỹ thuật cơ điện tử,3.7
STU7152,8.4,5.9,5.4,8.8,7.3,6.2,7.0,ESTJ,Xây dựng & Quy hoạch,Kinh tế xây dựng,4.5
STU5596,8.2,6.3,5.2,10.0,7.8,5.9,6.0,ISTJ,"Kỹ thuật, Cơ khí & Ô tô",Kỹ thuật điện,5.2
STU0998,10.0,6.3,4.7,5.8,10.0,10.0,5.6,INFJ,Y tế & Sức khỏe,Răng - Hàm - Mặt,4.4
STU7873,7.2,9.0,8.5,6.3,5.8,6.2,7.1,ESFJ,Du lịch & Dịch vụ,Quản lý thể dục thể thao,5.0
STU2019,5.8,9.2,10.0,6.3,5.9,6.2,9.9,INFJ,Sư phạm & Giáo dục,Tâm lý học giáo dục,3.1
STU7107,9.4,6.4,5.1,9.3,6.9,5.8,5.1,ESTJ,Xây dựng & Quy hoạch,Kinh tế xây dựng,3.9
STU7536,5.3,6.7,10.0,6.3,5.7,5.4,7.8,ESFJ,Du lịch & Dịch vụ,Quản lý thể dục thể thao,4.1
STU6355,7.4,6.1,4.7,6.0,10.0,9.8,6.6,ISFJ,Nông nghiệp & Môi trường,Lâm nghiệp đô thị,5.5
STU0497,10.0,5.5,10.0,10.0,8.3,6.1,7.4,ISTJ,Công nghệ Thông tin & Kỹ thuật Máy tính,Khoa học Máy tính,4.4
STU1058,9.3,6.8,5.7,5.5,9.0,9.6,5.3,INFJ,Y tế & Sức khỏe,Răng - Hàm - Mặt,4.0
STU7918,5.3,7.4,9.6,5.0,6.9,5.2,8.9,ESTP,Du lịch & Dịch vụ,Quản trị nhà hàng và dịch vụ ăn uống,3.9
STU5710,8.0,5.3,4.7,8.4,6.8,6.9,5.1,INTJ,"Kỹ thuật, Cơ khí & Ô tô",Kỹ thuật cơ khí,4.5
STU4779,5.3,9.6,7.9,6.8,6.0,5.6,9.5,ENTJ,Luật & Xã hội,Luật kinh tế,5.5
STU0764,8.9,4.8,6.5,6.8,9.7,9.5,6.7,ISFJ,Y tế & Sức khỏe,Y học dự phòng,4.9
STU6395,7.4,5.1,6.1,5.0,7.0,9.0,7.2,ISFP,Nông nghiệp & Môi trường,Công nghệ sau thu hoạch,3.8
STU1562,8.8,9.1,9.0,6.9,4.8,6.3,7.3,ENTJ,Kinh tế & Quản lý,Tài chính - Ngân hàng,4.6
STU5055,6.3,10.0,8.1,5.9,5.0,6.2,9.2,INFJ,Luật & Xã hội,Tâm lý học,5.2
STU3465,5.5,9.4,7.9,6.8,5.5,5.9,10.0,ENFP,Truyền thông & Báo chí,Báo chí,5.1
STU5396,8.3,5.3,4.9,9.3,8.0,6.3,6.0,ESTP,"Kỹ thuật, Cơ khí & Ô tô",Kỹ thuật cơ khí,4.7
STU2500,7.0,9.6,8.5,6.1,6.0,5.3,10.0,ISFJ,Sư phạm & Giáo dục,Sư phạm Tiếng Anh,5.0
STU5273,4.9,4.7,5.7,6.3,3.7,4.8,4.3,ISFP,Luật & Xã hội,Luật kinh tế,3.3
STU3379,6.3,8.9,8.4,5.3,5.6,5.8,8.2,ENTP,Truyền thông & Báo chí,Truyền thông đa phương tiện,3.6
STU1733,8.7,7.8,8.2,5.8,4.7,5.8,6.4,ESTJ,Kinh tế & Quản lý,Hệ thống thông tin quản lý,4.2
STU5771,8.8,4.8,5.8,9.4,7.6,6.7,5.5,ISTJ,"Kỹ thuật, Cơ khí & Ô tô",Kỹ thuật cơ điện tử,3.5
STU6235,7.6,6.5,6.3,5.1,8.1,9.3,4.8,ISFP,Nông nghiệp & Môi trường,Nuôi trồng thủy sản,4.4
STU1264,10.0,6.6,4.9,7.0,8.8,10.0,7.5,ISTJ,Y tế & Sức khỏe,Y học dự phòng,3.9
STU4373,4.9,8.5,6.5,5.7,5.0,4.7,8.2,INFP,Nghệ thuật & Thiết kế,Thiết kế đồ họa,4.3
STU7053,8.5,6.6,6.4,9.8,5.9,6.3,6.9,ESTJ,Xây dựng & Quy hoạch,Kinh tế xây dựng,4.8
STU1011,9.8,5.5,5.3,5.5,9.5,9.9,5.5,ISFJ,Y tế & Sức khỏe,Điều dưỡng,6.1
STU7046,10.0,6.9,6.8,9.9,6.4,5.5,6.4,ISTP,Xây dựng & Quy hoạch,Địa kỹ thuật xây dựng,4.7
STU4055,5.2,8.1,5.9,5.6,4.7,6.1,7.1,INFJ,Nghệ thuật & Thiết kế,Hội họa,5.9
STU7010,6.6,7.2,7.3,4.9,5.2,4.2,5.7,ESTJ,Xây dựng & Quy hoạch,Kỹ thuật xây dựng,1.4
STU4764,5.5,8.9,9.1,7.4,6.0,6.8,7.9,ENTJ,Luật & Xã hội,Luật quốc tế,4.9
STU6647,8.4,6.4,6.3,5.6,9.6,9.6,6.5,ISFJ,Nông nghiệp & Môi trường,Công nghệ sau thu hoạch,4.7
STU6649,7.0,6.4,7.6,5.8,9.3,8.2,7.3,ISFJ,Nông nghiệp & Môi trường,Công nghệ sau thu hoạch,5.1
STU5921,8.6,6.2,7.1,9.6,8.7,6.5,6.1,ISTP,"Kỹ thuật, Cơ khí & Ô tô",Kỹ thuật điện,4.5
STU6858,8.5,5.9,5.6,7.6,8.9,6.6,5.6,ISTP,Xây dựng & Quy hoạch,Kinh tế xây dựng,3.9
STU2938,5.3,8.5,10.0,6.2,6.3,4.7,8.6,INFP,Ngôn ngữ & Văn hóa,Đông phương học,3.8
STU6625,6.6,5.9,5.8,7.0,8.7,9.6,4.7,INFP,Nông nghiệp & Môi trường,Công nghệ sinh học,2.8
STU1010,9.4,6.5,6.6,6.1,9.6,8.7,6.7,INFJ,Y tế & Sức khỏe,Điều dưỡng,4.0
STU1047,9.5,5.8,6.3,5.0,9.9,8.9,6.1,INFJ,Y tế & Sức khỏe,Kỹ thuật phục hồi chức năng,3.6
STU7029,8.8,5.0,6.6,8.4,6.7,6.1,5.8,ESTJ,Xây dựng & Quy hoạch,Địa kỹ thuật xây dựng,5.4
STU1194,8.7,5.8,6.3,6.1,9.7,8.9,6.7,ISFJ,Y tế & Sức khỏe,Y đa khoa,4.2
STU2603,7.3,9.5,8.3,6.8,7.4,6.5,9.9,ISFJ,Sư phạm & Giáo dục,Sư phạm Vật lý,4.9
STU0223,9.0,5.0,8.4,8.0,6.6,7.0,4.8,ISTJ,Công nghệ Thông tin & Kỹ thuật Máy tính,Công nghệ thông tin,4.6
STU5339,9.0,5.1,6.5,9.8,8.1,5.7,5.6,ISTJ,"Kỹ thuật, Cơ khí & Ô tô",Kỹ thuật cơ khí,4.2
STU2651,5.9,8.8,8.1,5.9,6.0,4.3,9.0,INFJ,Sư phạm & Giáo dục,Tâm lý học giáo dục,4.8
STU0024,9.4,6.5,9.7,8.6,7.8,5.3,6.2,ISTJ,Công nghệ Thông tin & Kỹ thuật Máy tính,Mạng máy tính và truyền thông dữ liệu,5.6
STU4128,6.3,8.0,6.7,6.8,6.2,5.4,7.5,INFJ,Nghệ thuật & Thiết kế,Đạo diễn Điện ảnh - Truyền hình,3.9
STU4938,6.5,9.6,7.1,4.9,5.1,7.2,9.4,ISTJ,Luật & Xã hội,Quản lý nhà nước,4.8
STU1331,9.6,6.1,5.4,6.1,9.7,9.8,7.2,ISFJ,Y tế & Sức khỏe,Răng - Hàm - Mặt,5.4
STU3981,6.9,8.5,8.4,6.2,6.4,7.2,7.6,ENTP,Truyền thông & Báo chí,Thông tin - thư viện,4.7
STU6685,8.2,7.1,5.4,9.4,7.8,6.0,5.2,ISTJ,Xây dựng & Quy hoạch,Kỹ thuật xây dựng,4.4
STU5558,9.8,7.4,6.2,10.0,6.8,6.3,6.2,ESTP,"Kỹ thuật, Cơ khí & Ô tô",Kỹ thuật cơ khí,4.0
STU1314,8.8,4.5,5.1,5.1,9.8,10.0,4.9,INFJ,Y tế & Sức khỏe,Y học cổ truyền,4.0
STU5164,6.8,10.0,8.6,7.5,6.8,5.2,9.5,ISTJ,Luật & Xã hội,Công tác xã hội,4.2
STU4371,6.5,8.9,6.7,5.2,5.6,5.6,7.7,INFP,Nghệ thuật & Thiết kế,Thiết kế công nghiệp,4.6
STU0066,9.5,6.4,8.2,9.2,6.7,5.0,6.1,ISTP,Công nghệ Thông tin & Kỹ thuật Máy tính,Thiết kế vi mạch,4.8
STU6613,8.5,5.8,6.1,5.0,7.3,9.2,5.4,INFP,Nông nghiệp & Môi trường,Lâm nghiệp đô thị,4.0
STU3287,5.5,8.8,9.4,6.6,5.9,6.6,8.5,INFP,Ngôn ngữ & Văn hóa,Ngôn ngữ Hàn Quốc,2.9
STU7376,6.3,7.2,7.1,7.4,6.9,6.3,8.8,ESFJ,Du lịch & Dịch vụ,Quản trị khách sạn,4.8
STU7034,8.0,5.0,4.7,9.5,5.3,5.5,4.9,ISTP,Xây dựng & Quy hoạch,Địa kỹ thuật xây dựng,4.5
STU3291,6.7,9.3,9.4,5.5,6.5,6.2,7.4,INFP,Ngôn ngữ & Văn hóa,Ngôn ngữ Hàn Quốc,4.1
STU4665,6.2,8.7,8.0,5.6,6.4,4.7,8.3,INTJ,Luật & Xã hội,Xã hội học,3.9
STU5819,8.9,6.8,5.3,10.0,7.9,7.4,5.1,ESTP,"Kỹ thuật, Cơ khí & Ô tô",Kỹ thuật điện,3.6
STU1738,8.5,6.8,9.0,5.9,7.0,4.6,7.0,ENTP,Kinh tế & Quản lý,Kinh tế quốc tế,4.2
STU7463,5.2,7.2,9.1,4.7,4.9,6.5,6.8,ESFP,Du lịch & Dịch vụ,Du lịch,5.1
STU6880,9.3,5.2,6.7,9.2,7.7,4.5,5.0,ESTJ,Xây dựng & Quy hoạch,Công nghệ kỹ thuật công trình xây dựng,4.5
STU5970,10.0,5.6,4.9,9.6,7.4,6.5,6.8,ISTP,"Kỹ thuật, Cơ khí & Ô tô",Robot và Trí tuệ nhân tạo,5.0
STU4413,5.1,8.1,6.7,4.9,6.2,6.4,8.0,INFJ,Nghệ thuật & Thiết kế,Đạo diễn Điện ảnh - Truyền hình,3.9
STU4251,7.7,7.9,6.4,5.7,6.0,5.7,8.4,INFP,Nghệ thuật & Thiết kế,Thiết kế nội thất,3.7
STU5049,5.5,8.2,8.7,5.2,6.3,6.9,10.0,INTJ,Luật & Xã hội,Quản lý nhà nước,4.8
STU4514,4.8,7.9,7.1,6.6,6.4,5.3,8.3,INFJ,Nghệ thuật & Thiết kế,Điêu khắc,5.5
STU7366,6.0,8.9,8.5,6.5,5.8,6.5,7.8,ESFP,Du lịch & Dịch vụ,Quản trị khách sạn,4.5
STU1054,9.3,7.0,6.4,6.3,9.3,7.6,7.1,ISFP,Y tế & Sức khỏe,Kỹ thuật phục hồi chức năng,3.6
STU7167,8.8,4.8,5.2,7.7,7.2,4.9,5.9,ESTJ,Xây dựng & Quy hoạch,Kinh tế xây dựng,3.2
STU2358,8.0,9.4,8.9,5.8,4.9,5.9,8.8,ENFJ,Sư phạm & Giáo dục,Sư phạm Ngữ văn,4.9
STU1702,8.7,8.2,8.8,4.7,4.7,4.9,5.4,ESTP,Kinh tế & Quản lý,Quản trị kinh doanh,4.2
STU7899,5.4,6.5,8.5,5.9,5.8,5.2,7.4,ESTP,Du lịch & Dịch vụ,Quản trị nhà hàng và dịch vụ ăn uống,4.2
STU7924,6.8,7.8,8.0,6.6,6.6,5.0,9.5,ENFP,Du lịch & Dịch vụ,Quản trị khách sạn,5.1
STU3640,6.1,8.6,8.6,5.8,6.4,6.5,8.5,ENFP,Truyền thông & Báo chí,Thông tin - thư viện,4.7
STU4374,6.2,8.4,4.9,6.1,6.5,5.6,6.7,INFJ,Nghệ thuật & Thiết kế,Thiết kế đồ họa,4.6
STU6713,9.2,5.8,6.1,8.4,6.0,6.5,5.4,ISTJ,Xây dựng & Quy hoạch,Kỹ thuật cấp thoát nước,3.9
STU5427,8.6,4.9,6.1,9.6,7.7,5.0,5.4,ISTJ,"Kỹ thuật, Cơ khí & Ô tô",Robot và Trí tuệ nhân tạo,5.4
STU0744,9.3,7.0,7.1,6.9,8.7,9.2,5.7,ISTJ,Y tế & Sức khỏe,Răng - Hàm - Mặt,4.8
STU1243,8.9,6.0,6.2,6.5,9.4,9.7,5.6,ISTJ,Y tế & Sức khỏe,Răng - Hàm - Mặt,4.1
STU6825,8.6,5.9,5.4,9.5,7.9,5.1,5.1,ISTJ,Xây dựng & Quy hoạch,Quản lý xây dựng,3.4
STU5563,7.6,6.0,6.1,8.5,9.0,5.5,7.2,INTJ,"Kỹ thuật, Cơ khí & Ô tô",Kỹ thuật cơ điện tử,3.6
STU7950,6.6,7.1,9.1,6.6,5.5,5.9,8.4,ENFP,Du lịch & Dịch vụ,Quản trị khách sạn,4.9
STU6721,8.8,5.9,5.9,9.3,8.7,6.3,5.2,ESTJ,Xây dựng & Quy hoạch,Kỹ thuật cấp thoát nước,4.8
STU1555,9.2,8.7,9.9,5.7,4.9,5.1,7.3,ENTP,Kinh tế & Quản lý,Marketing,4.2
STU0504,8.6,6.6,10.0,9.2,7.6,5.3,6.1,INTJ,Công nghệ Thông tin & Kỹ thuật Máy tính,Công nghệ thông tin,3.8
STU6475,8.1,6.4,6.2,6.2,8.5,9.4,6.4,ISFP,Nông nghiệp & Môi trường,Công nghệ sau thu hoạch,5.2
STU5437,4.9,5.2,5.9,5.7,5.2,4.8,3.4,ESTJ,"Kỹ thuật, Cơ khí & Ô tô",Kỹ thuật điều khiển và tự động hóa,2.2
STU0240,10.0,7.2,7.5,9.1,8.4,6.4,6.3,ENTP,Công nghệ Thông tin & Kỹ thuật Máy tính,Thiết kế vi mạch,5.0
STU5816,9.2,5.7,7.3,8.3,8.2,5.4,5.7,ESTP,"Kỹ thuật, Cơ khí & Ô tô",Công nghệ kỹ thuật ô tô,5.1
STU6499,8.5,6.2,6.2,4.7,8.0,8.5,5.9,INFP,Nông nghiệp & Môi trường,Lâm nghiệp đô thị,5.0
STU5310,4.9,10.0,7.3,5.4,5.6,5.9,8.9,ISTJ,Luật & Xã hội,Luật kinh tế,4.4
STU5021,7.3,8.4,7.0,7.3,6.8,5.3,10.0,INTJ,Luật & Xã hội,Luật quốc tế,5.0
STU0102,8.9,7.3,8.1,8.3,7.5,6.9,5.5,INTJ,Công nghệ Thông tin & Kỹ thuật Máy tính,Khoa học dữ liệu,5.7
STU0319,8.4,5.9,9.8,9.6,6.7,7.0,5.8,ISTP,Công nghệ Thông tin & Kỹ thuật Máy tính,Khoa học Máy tính,3.8
STU6550,7.9,5.9,5.0,5.4,8.1,9.0,5.6,ISFP,Nông nghiệp & Môi trường,Thú y,3.7
STU7454,6.2,4.3,4.8,4.7,6.2,5.9,3.5,INTJ,Du lịch & Dịch vụ,Du lịch,3.4
STU7387,5.4,9.3,8.2,5.6,4.8,6.8,7.0,ESFP,Du lịch & Dịch vụ,Quản trị khách sạn,3.7
STU1407,8.5,9.6,9.4,6.9,6.9,6.8,5.7,ESTJ,Kinh tế & Quản lý,Kế toán,5.0
STU1124,9.8,5.1,6.4,5.9,10.0,9.7,5.8,ISFP,Y tế & Sức khỏe,Y đa khoa,4.6
STU7863,5.3,7.0,8.7,5.8,6.1,4.9,9.5,ENFP,Du lịch & Dịch vụ,Quản trị dịch vụ du lịch và lữ hành,3.8
STU5264,5.6,9.3,8.7,6.7,5.6,6.5,9.3,ENTJ,Luật & Xã hội,Chính trị học,5.2
STU1173,10.0,6.5,5.0,5.9,9.4,9.8,7.1,ISFP,Y tế & Sức khỏe,Y học dự phòng,4.0
STU7986,5.4,8.0,8.9,5.8,5.1,5.5,8.7,ENFP,Du lịch & Dịch vụ,Quản trị dịch vụ du lịch và lữ hành,3.5
STU7803,5.0,8.5,8.1,6.4,5.2,5.4,7.8,ESTP,Du lịch & Dịch vụ,Quản trị nhà hàng và dịch vụ ăn uống,3.5
STU1742,8.3,7.9,9.8,5.8,6.1,5.4,5.5,ESTP,Kinh tế & Quản lý,Marketing,4.2
STU7247,9.3,5.9,6.8,8.8,7.8,7.0,5.8,ESTJ,Xây dựng & Quy hoạch,Địa kỹ thuật xây dựng,4.2
STU5785,4.5,6.4,6.9,6.5,6.3,4.2,6.5,ISTJ,"Kỹ thuật, Cơ khí & Ô tô",Kỹ thuật điện,3.4
STU7389,6.3,8.1,8.5,5.7,6.9,6.9,8.5,ENFP,Du lịch & Dịch vụ,Quản trị nhà hàng và dịch vụ ăn uống,4.4
STU4296,5.0,9.0,7.1,4.1,5.5,6.5,8.4,INFJ,Nghệ thuật & Thiết kế,Đạo diễn Điện ảnh - Truyền hình,5.1
STU1745,8.5,8.6,7.8,6.6,7.5,6.3,6.1,ENTJ,Kinh tế & Quản lý,Thương mại điện tử,4.6
STU5909,9.3,5.5,6.2,7.6,7.0,5.4,5.3,ISTJ,"Kỹ thuật, Cơ khí & Ô tô",Kỹ thuật cơ khí,3.8
STU7750,6.1,7.7,9.6,5.4,5.7,7.1,7.1,ENFP,Du lịch & Dịch vụ,Du lịch,4.0
STU5046,5.6,9.7,6.9,4.4,7.0,5.6,8.4,ISTJ,Luật & Xã hội,Luật kinh tế,4.4
STU5087,5.1,9.9,8.2,6.5,7.3,5.8,9.8,INTJ,Luật & Xã hội,Luật,4.0
STU0488,9.4,6.4,7.6,9.7,7.1,6.2,5.9,ISTP,Công nghệ Thông tin & Kỹ thuật Máy tính,Mạng máy tính và truyền thông dữ liệu,4.3
STU6774,9.2,6.7,7.6,9.2,5.7,7.2,5.0,ESTJ,Xây dựng & Quy hoạch,Kỹ thuật cấp thoát nước,3.5
STU6423,7.6,6.1,5.1,5.7,8.1,8.1,5.5,INFP,Nông nghiệp & Môi trường,Nông nghiệp,4.8
STU4114,4.9,8.7,7.3,3.9,6.9,6.6,7.8,INFP,Nghệ thuật & Thiết kế,Đạo diễn Điện ảnh - Truyền hình,3.2
STU2821,6.0,9.4,9.5,6.3,4.9,7.6,7.8,ISFP,Ngôn ngữ & Văn hóa,Tiếng Việt và văn hoá Việt Nam,4.9
STU1245,9.6,5.7,6.3,5.7,9.8,9.2,6.9,ISFP,Y tế & Sức khỏe,Kỹ thuật hình ảnh y học,5.2
STU0335,9.2,6.4,9.4,8.6,7.2,5.6,6.0,INTP,Công nghệ Thông tin & Kỹ thuật Máy tính,Thiết kế vi mạch,4.2
STU6115,7.9,7.4,6.9,6.2,8.9,8.8,5.3,ISFP,Nông nghiệp & Môi trường,Lâm nghiệp đô thị,3.3
STU2575,7.5,9.6,9.3,6.7,5.6,4.8,9.4,INFJ,Sư phạm & Giáo dục,Sư phạm Tiếng Anh,3.4
STU5784,9.5,5.8,6.1,8.5,7.8,5.7,6.7,INTJ,"Kỹ thuật, Cơ khí & Ô tô",Kỹ thuật điện,3.9
STU2269,6.5,9.0,8.9,5.8,5.9,5.9,9.5,ESFJ,Sư phạm & Giáo dục,Sư phạm Toán học,5.0
STU7694,5.3,7.4,8.2,6.7,6.2,5.3,8.3,ENFP,Du lịch & Dịch vụ,Quản lý thể dục thể thao,5.0
STU4039,4.2,9.2,5.4,6.1,7.2,6.1,8.5,INFP,Nghệ thuật & Thiết kế,Điêu khắc,4.5
STU4585,5.4,8.1,4.9,6.0,6.1,5.5,7.2,INFJ,Nghệ thuật & Thiết kế,Đạo diễn Điện ảnh - Truyền hình,4.8
STU0133,9.9,5.1,7.6,8.1,6.6,5.4,6.4,INTP,Công nghệ Thông tin & Kỹ thuật Máy tính,Kỹ thuật phần mềm,3.6
STU7105,4.7,6.5,5.8,4.6,3.6,4.8,6.3,ISTP,Xây dựng & Quy hoạch,Kỹ thuật cấp thoát nước,2.1
STU3863,6.3,8.5,9.4,6.7,5.5,6.1,8.3,ENTP,Truyền thông & Báo chí,Quan hệ công chúng,4.1
STU2885,4.2,4.8,7.0,5.7,6.7,5.2,5.1,ESFJ,Ngôn ngữ & Văn hóa,Văn học,2.7
STU2228,6.2,9.8,9.4,5.3,6.8,6.2,10.0,INFJ,Sư phạm & Giáo dục,Tâm lý học giáo dục,3.9
STU1386,9.4,8.9,8.4,5.0,6.3,6.0,6.6,ENTP,Kinh tế & Quản lý,Kinh tế,3.8
STU2025,5.7,8.6,9.8,6.3,6.8,7.6,9.8,ESFJ,Sư phạm & Giáo dục,Sư phạm Tiếng Anh,3.8
STU0038,8.3,5.1,10.0,8.8,6.3,6.8,5.2,INTP,Công nghệ Thông tin & Kỹ thuật Máy tính,Khoa học Máy tính,4.7
STU5058,7.4,9.5,8.4,6.7,6.5,6.2,9.4,INTJ,Luật & Xã hội,Chính trị học,4.0
STU3378,7.4,9.9,9.8,5.6,6.7,5.7,8.9,ENFP,Truyền thông & Báo chí,Quan hệ công chúng,3.8
STU5866,9.5,5.4,6.4,9.6,8.2,6.0,6.9,INTJ,"Kỹ thuật, Cơ khí & Ô tô",Kỹ thuật điện,4.8
STU6223,7.7,6.0,7.5,6.3,7.9,8.7,6.4,INFP,Nông nghiệp & Môi trường,Nuôi trồng thủy sản,4.0
STU1833,9.4,8.3,8.9,7.2,5.7,6.4,5.1,ESTP,Kinh tế & Quản lý,Hệ thống thông tin quản lý,4.4
STU3780,5.7,9.6,7.9,6.3,4.5,5.5,7.8,ENTP,Truyền thông & Báo chí,Quan hệ công chúng,3.9
STU7539,5.7,8.0,8.7,4.8,6.5,7.1,8.5,ESFJ,Du lịch & Dịch vụ,Quản trị dịch vụ du lịch và lữ hành,4.6
STU0458,8.6,7.3,9.5,10.0,6.0,6.0,7.1,ENTP,Công nghệ Thông tin & Kỹ thuật Máy tính,Thiết kế vi mạch,3.6
STU5129,5.2,9.6,9.1,5.5,4.7,6.6,8.7,INFJ,Luật & Xã hội,Quản lý nhà nước,3.5
STU5587,9.0,6.0,7.2,8.4,7.6,6.1,4.7,ISTJ,"Kỹ thuật, Cơ khí & Ô tô",Kỹ thuật điện,4.3
STU0096,10.0,5.4,9.6,9.4,7.7,7.3,6.3,INTP,Công nghệ Thông tin & Kỹ thuật Máy tính,Mạng máy tính và truyền thông dữ liệu,5.4
STU6246,6.9,6.2,6.6,5.4,9.1,8.0,6.2,INFP,Nông nghiệp & Môi trường,Lâm nghiệp đô thị,3.6
STU5506,9.2,5.1,5.4,10.0,7.0,5.1,5.6,INTJ,"Kỹ thuật, Cơ khí & Ô tô",Kỹ thuật cơ khí,4.6
STU4744,5.5,9.0,7.7,4.7,6.7,5.7,7.9,ISTJ,Luật & Xã hội,Tâm lý học,3.7
STU0587,9.9,4.6,9.3,7.7,6.2,5.3,5.1,ISTP,Công nghệ Thông tin & Kỹ thuật Máy tính,Mạng máy tính và truyền thông dữ liệu,4.1
STU2183,7.6,10.0,8.8,5.4,5.2,6.1,9.4,ENFJ,Sư phạm & Giáo dục,Sư phạm Ngữ văn,5.0
STU7469,6.2,6.5,9.4,5.5,6.6,5.8,8.6,ESFJ,Du lịch & Dịch vụ,Quản trị dịch vụ du lịch và lữ hành,4.2
STU5949,8.4,7.1,7.5,10.0,7.6,6.0,6.8,ISTJ,"Kỹ thuật, Cơ khí & Ô tô",Kỹ thuật điện tử - viễn thông,4.1
STU5370,7.7,7.1,4.4,9.7,8.6,4.2,5.2,ESTP,"Kỹ thuật, Cơ khí & Ô tô",Kỹ thuật cơ điện tử,4.5
STU0484,9.0,5.7,7.8,8.5,6.9,6.2,4.9,ENTP,Công nghệ Thông tin & Kỹ thuật Máy tính,Khoa học dữ liệu,3.2
STU5786,7.7,5.8,6.9,9.4,7.4,5.9,6.4,ISTP,"Kỹ thuật, Cơ khí & Ô tô",Kỹ thuật điện,4.1
STU1143,8.7,5.3,6.8,5.8,9.2,9.4,6.1,ISTJ,Y tế & Sức khỏe,Y đa khoa,4.1
STU6556,9.4,5.3,5.0,5.3,7.8,10.0,5.9,INFP,Nông nghiệp & Môi trường,Công nghệ sau thu hoạch,5.7
STU0252,9.8,5.2,9.0,10.0,8.1,5.2,5.5,ISTJ,Công nghệ Thông tin & Kỹ thuật Máy tính,Công nghệ thông tin,4.0
STU7078,8.2,4.9,5.6,8.2,7.7,7.2,6.9,ISTJ,Xây dựng & Quy hoạch,Kỹ thuật cấp thoát nước,4.4
STU6863,7.9,4.7,5.5,9.3,7.1,5.7,4.4,ISTJ,Xây dựng & Quy hoạch,Địa kỹ thuật xây dựng,5.2
STU6152,7.0,6.6,5.5,5.6,9.1,9.6,5.9,ISFJ,Nông nghiệp & Môi trường,Khoa học môi trường,4.7
STU2433,6.8,8.6,9.0,5.5,6.5,7.1,9.3,ENFJ,Sư phạm & Giáo dục,Giáo dục Mầm non,5.4
STU6259,8.0,5.3,6.4,5.5,8.4,8.2,6.6,ISFP,Nông nghiệp & Môi trường,Công nghệ thực phẩm,4.2
STU5849,9.5,4.9,6.1,10.0,8.7,6.9,7.1,ISTP,"Kỹ thuật, Cơ khí & Ô tô",Kỹ thuật cơ khí,5.3
STU0555,9.6,6.3,9.4,8.7,8.6,7.2,6.9,ISTP,Công nghệ Thông tin & Kỹ thuật Máy tính,Khoa học dữ liệu,3.2
STU1481,10.0,7.6,8.3,6.7,7.4,6.1,6.0,ESTJ,Kinh tế & Quản lý,Hệ thống thông tin quản lý,4.1
STU4529,7.2,8.2,6.1,6.8,4.9,6.5,7.6,INFP,Nghệ thuật & Thiết kế,Thiết kế công nghiệp,3.8
STU5270,4.8,9.3,7.4,6.6,6.8,6.4,8.6,INTJ,Luật & Xã hội,Luật,5.1
STU5720,5.6,5.1,4.5,6.4,3.9,6.6,6.2,ESTP,"Kỹ thuật, Cơ khí & Ô tô",Kỹ thuật điện,2.5
STU1558,10.0,7.5,9.3,5.4,7.5,6.8,6.1,ENTP,Kinh tế & Quản lý,Quản trị kinh doanh,4.0
STU6210,4.9,6.6,4.6,3.9,6.6,5.5,5.8,ESTJ,Nông nghiệp & Môi trường,Nông nghiệp,2.1
STU1323,9.3,6.2,5.2,5.8,9.2,9.5,5.6,ISFJ,Y tế & Sức khỏe,Y học cổ truyền,4.4
STU0466,9.5,3.8,9.0,9.8,7.1,6.1,6.2,INTJ,Công nghệ Thông tin & Kỹ thuật Máy tính,Thiết kế vi mạch,5.0
STU1303,9.9,5.9,6.6,6.7,9.3,9.4,5.0,ISFP,Y tế & Sức khỏe,Y học cổ truyền,4.1
STU2230,6.8,8.8,8.9,5.9,5.4,5.6,9.3,ENFJ,Sư phạm & Giáo dục,Sư phạm Tiếng Anh,3.3
STU0880,9.5,6.3,6.7,4.7,8.8,9.6,6.0,ISTJ,Y tế & Sức khỏe,Răng - Hàm - Mặt,3.7
STU3923,5.7,9.1,9.2,6.6,5.6,6.0,7.8,ENFP,Truyền thông & Báo chí,Thông tin - thư viện,3.9
STU0158,9.0,5.7,8.1,7.0,7.2,6.5,7.7,ISTP,Công nghệ Thông tin & Kỹ thuật Máy tính,Khoa học dữ liệu,4.1
STU4304,5.6,8.6,5.6,6.6,6.5,6.0,7.8,INFJ,Nghệ thuật & Thiết kế,Thiết kế công nghiệp,4.8
STU6019,7.1,5.5,5.5,6.1,9.6,8.8,6.5,ISFP,Nông nghiệp & Môi trường,Khoa học môi trường,4.3
STU2318,7.7,10.0,8.5,5.1,5.7,5.6,10.0,ESFJ,Sư phạm & Giáo dục,Sư phạm Vật lý,4.2
STU6134,7.4,6.7,7.3,7.1,7.9,8.6,5.5,INFP,Nông nghiệp & Môi trường,Thú y,4.2
STU7786,5.1,7.4,8.0,7.5,4.9,5.6,8.3,ESFP,Du lịch & Dịch vụ,Quản lý thể dục thể thao,4.3
STU0713,9.0,5.4,5.4,6.5,10.0,9.2,5.5,ISFJ,Y tế & Sức khỏe,Y học dự phòng,4.5
STU0316,10.0,7.2,9.6,8.5,8.9,5.6,5.4,INTJ,Công nghệ Thông tin & Kỹ thuật Máy tính,Kỹ thuật phần mềm,4.0
STU6155,8.0,5.2,5.5,6.0,7.6,8.5,6.1,ISFJ,Nông nghiệp & Môi trường,Công nghệ sau thu hoạch,3.8
STU3654,4.7,9.0,9.1,6.5,5.1,5.7,8.0,ENTP,Truyền thông & Báo chí,Truyền thông đa phương tiện,4.1
STU1408,8.7,8.2,9.0,5.5,6.4,5.9,5.1,ENTJ,Kinh tế & Quản lý,Kinh tế,4.1
STU6793,8.7,6.9,5.7,9.1,6.7,5.4,5.6,ISTJ,Xây dựng & Quy hoạch,Kỹ thuật cấp thoát nước,5.4
STU5467,8.6,6.1,5.5,9.8,7.2,6.3,5.5,INTJ,"Kỹ thuật, Cơ khí & Ô tô",Robot và Trí tuệ nhân tạo,4.0
STU1347,9.2,8.1,8.2,5.4,7.8,6.0,6.0,ESTJ,Kinh tế & Quản lý,Kinh tế quốc tế,4.0
STU2685,4.9,9.4,9.4,5.4,6.0,6.4,8.4,INTP,Ngôn ngữ & Văn hóa,Ngôn ngữ Hàn Quốc,4.5
STU1488,9.1,7.3,8.9,6.7,5.1,6.3,7.0,ENTP,Kinh tế & Quản lý,Kinh tế,4.6
STU5024,6.8,3.3,5.3,3.4,6.1,5.7,6.1,ISFP,Luật & Xã hội,Quản lý nhà nước,2.0
STU0320,9.1,6.2,9.6,9.6,7.5,6.2,6.1,INTP,Công nghệ Thông tin & Kỹ thuật Máy tính,Công nghệ thông tin,4.0
STU0602,9.4,7.3,10.0,7.9,6.2,4.1,6.6,INTJ,Công nghệ Thông tin & Kỹ thuật Máy tính,Mạng máy tính và truyền thông dữ liệu,4.8
STU5447,8.2,6.5,6.9,9.1,8.4,4.6,6.0,ISTP,"Kỹ thuật, Cơ khí & Ô tô",Kỹ thuật cơ điện tử,4.1
STU3949,6.4,9.8,8.8,5.5,7.2,5.2,6.6,ESFP,Truyền thông & Báo chí,Công nghệ truyền thông,4.1
STU4005,4.2,6.4,5.8,5.7,4.9,4.2,6.1,ESFJ,Nghệ thuật & Thiết kế,Đạo diễn Điện ảnh - Truyền hình,2.9
STU7640,5.9,7.5,9.0,4.9,5.9,5.7,9.8,ESFJ,Du lịch & Dịch vụ,Quản trị nhà hàng và dịch vụ ăn uống,5.7
STU6141,8.5,6.0,6.2,5.1,9.0,8.5,6.2,INFP,Nông nghiệp & Môi trường,Lâm nghiệp đô thị,4.1
STU2466,6.8,9.3,10.0,7.5,7.3,6.1,9.2,ISFJ,Sư phạm & Giáo dục,Giáo dục Mầm non,4.5
STU3329,4.2,8.5,10.0,6.4,5.6,6.3,7.9,INFP,Ngôn ngữ & Văn hóa,Ngôn ngữ Trung Quốc,4.3
STU6598,6.4,6.2,6.2,4.8,9.4,9.1,6.2,ISFJ,Nông nghiệp & Môi trường,Lâm nghiệp đô thị,4.7
STU7496,5.0,7.2,8.9,6.4,5.6,6.8,7.6,ESFP,Du lịch & Dịch vụ,Quản trị nhà hàng và dịch vụ ăn uống,3.4
STU1993,7.8,7.3,8.4,5.5,5.9,6.6,6.7,ESTJ,Kinh tế & Quản lý,Kiểm toán,4.1
STU7599,5.8,8.7,8.6,5.8,6.0,6.5,7.9,ESFJ,Du lịch & Dịch vụ,Quản trị dịch vụ du lịch và lữ hành,4.4
STU4316,5.4,9.2,7.4,6.9,7.3,6.6,8.4,ISFP,Nghệ thuật & Thiết kế,Đạo diễn Điện ảnh - Truyền hình,4.6
STU2200,6.8,8.6,9.5,6.2,5.9,5.2,9.8,INFJ,Sư phạm & Giáo dục,Giáo dục Tiểu học,4.0
STU6417,8.6,5.5,5.7,6.4,8.6,10.0,6.5,ISFJ,Nông nghiệp & Môi trường,Nông nghiệp,4.3
STU1439,8.3,8.8,8.0,5.4,5.8,4.7,5.4,ENTP,Kinh tế & Quản lý,Kinh doanh quốc tế,4.0
STU2421,6.9,8.6,8.6,5.2,5.7,6.7,8.4,ESFJ,Sư phạm & Giáo dục,Sư phạm Vật lý,4.2
STU2906,5.1,7.9,9.3,7.9,5.4,4.9,7.6,ISFP,Ngôn ngữ & Văn hóa,Ngôn ngữ Nhật,4.7
STU0859,8.1,5.2,5.9,7.2,9.9,10.0,6.2,ISFP,Y tế & Sức khỏe,Kỹ thuật phục hồi chức năng,3.5
STU2998,5.3,7.7,9.7,5.2,5.1,5.0,8.8,INFP,Ngôn ngữ & Văn hóa,Ngôn ngữ Nhật,5.2
STU5455,8.8,5.2,5.0,9.5,8.4,5.1,7.2,ESTP,"Kỹ thuật, Cơ khí & Ô tô",Kỹ thuật điện,4.6
STU7508,5.4,7.6,9.1,5.7,6.8,6.1,8.2,ESFP,Du lịch & Dịch vụ,Quản trị khách sạn,4.9
STU6991,6.1,4.6,6.2,4.7,7.2,6.9,6.2,INTP,Xây dựng & Quy hoạch,Quản lý xây dựng,2.3
STU7839,5.7,9.1,7.7,5.3,6.7,7.7,9.1,ESTP,Du lịch & Dịch vụ,Quản trị dịch vụ du lịch và lữ hành,4.4
STU3579,4.7,8.8,9.0,6.4,6.2,5.7,8.7,ESFP,Truyền thông & Báo chí,Thông tin - thư viện,4.5
STU2551,6.0,8.8,9.4,6.0,5.2,7.0,9.2,ESFJ,Sư phạm & Giáo dục,Giáo dục Mầm non,4.2
STU5295,7.4,9.9,6.9,7.0,5.3,7.4,9.8,INTJ,Luật & Xã hội,Chính trị học,4.0
STU2573,7.6,8.8,8.6,7.1,4.1,5.5,9.2,ENFJ,Sư phạm & Giáo dục,Giáo dục Mầm non,5.0
STU3297,5.7,9.2,9.9,4.6,5.3,6.1,7.6,INTP,Ngôn ngữ & Văn hóa,Ngôn ngữ học,5.0
STU4160,6.7,8.4,5.7,5.5,6.4,6.1,8.4,ISFP,Nghệ thuật & Thiết kế,Đạo diễn Điện ảnh - Truyền hình,4.7
STU1490,9.7,7.9,7.7,5.4,6.3,6.5,5.8,ESTP,Kinh tế & Quản lý,Marketing,5.7
STU2376,7.0,9.5,10.0,6.2,5.6,4.9,9.7,ESFJ,Sư phạm & Giáo dục,Sư phạm Ngữ văn,3.8
STU4252,5.7,8.4,6.1,5.6,4.0,5.8,6.9,INFJ,Nghệ thuật & Thiết kế,Thiết kế nội thất,4.1
STU0534,8.8,5.9,9.3,7.9,5.4,5.8,5.5,INTP,Công nghệ Thông tin & Kỹ thuật Máy tính,Khoa học Máy tính,3.9
STU0743,9.5,5.4,7.1,5.8,9.2,9.3,6.7,ISTJ,Y tế & Sức khỏe,Y đa khoa,4.3
STU2289,8.1,8.9,9.4,5.5,5.3,5.6,9.5,ENFJ,Sư phạm & Giáo dục,Sư phạm Tiếng Anh,5.1
STU4162,5.7,9.0,5.5,7.1,7.7,6.6,7.5,INFJ,Nghệ thuật & Thiết kế,Hội họa,4.3
STU5333,8.5,7.0,6.7,8.8,7.5,6.0,5.5,ISTP,"Kỹ thuật, Cơ khí & Ô tô",Kỹ thuật điều khiển và tự động hóa,4.3
STU6241,7.5,6.6,5.8,5.4,8.3,8.7,7.7,ISTJ,Nông nghiệp & Môi trường,Công nghệ sau thu hoạch,4.0
STU3788,5.6,9.4,8.2,6.9,5.3,6.0,7.4,ESFP,Truyền thông & Báo chí,Lưu trữ học,4.9
STU4623,6.2,8.4,6.7,6.2,6.4,7.9,6.8,INFP,Nghệ thuật & Thiết kế,Thiết kế công nghiệp,4.8
STU0995,8.8,5.5,5.6,5.8,8.9,9.5,7.0,INFJ,Y tế & Sức khỏe,Y đa khoa,4.3
STU2226,7.8,9.3,9.8,4.6,7.2,6.0,9.4,ESFJ,Sư phạm & Giáo dục,Sư phạm Toán học,5.6
STU3681,5.1,9.0,9.1,6.3,6.1,5.9,7.4,ESFP,Truyền thông & Báo chí,Thông tin - thư viện,5.7
STU5289,6.0,8.9,8.0,6.5,6.2,5.9,8.7,ISTJ,Luật & Xã hội,Chính trị học,5.1
STU2865,7.4,7.2,8.8,6.4,5.8,4.5,8.1,INFP,Ngôn ngữ & Văn hóa,Ngôn ngữ Trung Quốc,4.2
STU6577,7.0,5.1,6.6,5.0,8.0,10.0,6.2,INFP,Nông nghiệp & Môi trường,Khoa học môi trường,5.0
STU4272,5.8,7.6,6.7,5.5,5.9,6.8,9.0,ISFP,Nghệ thuật & Thiết kế,Thiết kế công nghiệp,4.8
STU7130,8.8,5.6,4.7,7.9,7.5,6.1,7.5,ISTJ,Xây dựng & Quy hoạch,Kỹ thuật cấp thoát nước,4.2
STU3310,5.6,8.7,8.8,4.6,6.8,6.7,9.2,INFP,Ngôn ngữ & Văn hóa,Ngôn ngữ Hàn Quốc,4.0
STU1019,9.9,6.2,6.0,7.3,10.0,10.0,5.3,ISFJ,Y tế & Sức khỏe,Quản lý bệnh viện,3.9
STU7459,6.7,8.4,7.8,6.1,6.4,7.3,8.2,ESFJ,Du lịch & Dịch vụ,Quản trị khách sạn,4.0
STU6148,7.1,5.7,5.3,5.6,7.6,8.4,5.1,ISFJ,Nông nghiệp & Môi trường,Công nghệ sau thu hoạch,5.1
STU2302,5.8,10.0,8.8,6.1,6.1,5.7,9.7,INFJ,Sư phạm & Giáo dục,Sư phạm Tiếng Anh,3.9
STU0812,4.5,4.4,4.5,6.2,5.8,4.9,6.1,ENTP,Y tế & Sức khỏe,Quản lý bệnh viện,2.4
STU5695,9.3,5.7,5.2,9.3,7.0,6.8,5.4,ISTP,"Kỹ thuật, Cơ khí & Ô tô",Kỹ thuật điện,5.3
STU1740,8.9,8.3,9.1,5.9,6.2,6.6,4.4,ESTJ,Kinh tế & Quản lý,Kinh tế quốc tế,3.5
STU1282,8.9,6.5,4.9,6.3,9.0,8.6,6.2,ISTJ,Y tế & Sức khỏe,Quản lý bệnh viện,4.5
STU2841,6.3,8.5,8.6,5.9,4.9,5.0,8.1,ISFP,Ngôn ngữ & Văn hóa,Tiếng Việt và văn hoá Việt Nam,5.5
STU2447,6.1,9.9,9.1,7.5,6.4,7.3,9.5,ESFJ,Sư phạm & Giáo dục,Giáo dục Mầm non,4.1
STU6655,8.5,6.6,6.2,5.3,8.0,9.0,5.9,INFP,Nông nghiệp & Môi trường,Lâm nghiệp đô thị,4.3
STU0454,8.3,4.8,7.5,8.7,4.8,7.0,5.4,ISTP,Công nghệ Thông tin & Kỹ thuật Máy tính,Khoa học dữ liệu,4.8
STU7774,4.6,4.3,7.1,6.3,4.0,4.6,4.6,ISTJ,Du lịch & Dịch vụ,Quản trị khách sạn,2.4
STU4383,6.3,8.0,6.3,5.1,7.0,6.6,7.8,ISFP,Nghệ thuật & Thiết kế,Điêu khắc,4.7
STU1973,9.1,8.0,7.8,6.2,5.6,4.9,6.1,ENTP,Kinh tế & Quản lý,Kinh tế,4.6
STU5822,7.7,4.7,5.3,9.5,8.4,6.6,6.4,INTJ,"Kỹ thuật, Cơ khí & Ô tô",Robot và Trí tuệ nhân tạo,5.0
STU1791,8.4,7.1,9.0,6.1,7.2,7.5,6.3,ENTP,Kinh tế & Quản lý,Marketing,4.9
STU1406,7.2,8.5,8.9,6.6,5.6,4.9,6.6,ENTP,Kinh tế & Quản lý,Quản trị kinh doanh,3.8
STU7123,8.1,7.0,5.9,7.8,7.0,6.8,6.6,ISTJ,Xây dựng & Quy hoạch,Kinh tế xây dựng,4.2
STU6895,8.9,6.2,5.9,10.0,7.9,6.5,5.3,ISTJ,Xây dựng & Quy hoạch,Kinh tế xây dựng,5.0
STU4307,4.9,8.5,7.0,7.0,6.6,6.3,8.4,INFJ,Nghệ thuật & Thiết kế,Hội họa,4.4
STU5630,8.1,6.1,6.5,10.0,8.5,5.9,5.8,ESTP,"Kỹ thuật, Cơ khí & Ô tô",Kỹ thuật điện,5.2
STU0519,9.1,5.8,8.9,9.4,7.3,6.4,6.0,ISTP,Công nghệ Thông tin & Kỹ thuật Máy tính,Kỹ thuật phần mềm,5.4
STU3348,4.9,10.0,9.7,6.0,5.0,5.9,7.5,ENFP,Truyền thông & Báo chí,Truyền thông đa phương tiện,4.8
STU2150,6.8,10.0,9.1,4.7,4.8,5.6,9.8,ESFJ,Sư phạm & Giáo dục,Giáo dục Tiểu học,4.6
STU6237,7.6,6.5,7.4,5.5,8.0,9.8,5.8,ISFP,Nông nghiệp & Môi trường,Lâm nghiệp đô thị,5.7
STU6048,8.4,5.7,5.9,5.2,9.1,9.8,5.6,ISFP,Nông nghiệp & Môi trường,Lâm nghiệp đô thị,5.0
STU5121,6.5,9.3,7.0,5.9,6.4,5.9,10.0,INFJ,Luật & Xã hội,Công tác xã hội,5.2
STU4011,7.2,8.7,7.1,6.3,4.8,5.8,6.9,INFJ,Nghệ thuật & Thiết kế,Kiến trúc,4.2
STU1841,9.6,6.7,9.3,5.6,6.4,7.1,6.1,ESTJ,Kinh tế & Quản lý,Kế toán,4.3
STU7632,5.5,7.0,8.7,4.6,6.9,5.5,7.3,ESFP,Du lịch & Dịch vụ,Quản trị khách sạn,5.2
STU0394,10.0,5.9,9.3,9.0,8.4,4.1,6.3,ENTP,Công nghệ Thông tin & Kỹ thuật Máy tính,Kỹ thuật phần mềm,4.5
STU0683,7.8,4.2,5.6,7.3,10.0,8.6,6.2,ISFJ,Y tế & Sức khỏe,Quản lý bệnh viện,4.6
STU0231,9.2,6.5,8.8,9.3,7.9,6.1,6.1,INTJ,Công nghệ Thông tin & Kỹ thuật Máy tính,An toàn thông tin,3.3
STU2274,6.6,10.0,10.0,6.5,6.5,6.5,9.7,INFJ,Sư phạm & Giáo dục,Sư phạm Vật lý,4.6
STU0545,10.0,6.0,9.8,9.7,6.6,5.3,6.6,ISTP,Công nghệ Thông tin & Kỹ thuật Máy tính,Kỹ thuật phần mềm,3.4
STU7805,5.8,7.5,8.4,4.8,5.2,5.4,8.3,ESFP,Du lịch & Dịch vụ,Quản trị khách sạn,4.7
STU7892,5.3,7.5,8.1,6.6,6.2,5.8,8.0,ENFP,Du lịch & Dịch vụ,Quản lý thể dục thể thao,3.1
STU7713,6.5,8.6,8.5,4.9,4.8,6.0,8.1,ENFP,Du lịch & Dịch vụ,Quản trị dịch vụ du lịch và lữ hành,3.2
STU5360,9.6,4.8,6.2,7.9,6.9,7.4,6.3,ESTP,"Kỹ thuật, Cơ khí & Ô tô",Kỹ thuật cơ khí,4.8
STU0034,9.5,6.4,7.6,7.5,8.3,6.9,6.2,ISTJ,Công nghệ Thông tin & Kỹ thuật Máy tính,Khoa học dữ liệu,4.3
STU0677,8.7,7.7,6.3,3.5,8.4,8.8,6.4,ISFJ,Y tế & Sức khỏe,Y học dự phòng,5.0
STU1455,8.8,7.6,8.3,7.0,5.8,5.9,7.8,ESTJ,Kinh tế & Quản lý,Kinh tế quốc tế,4.4
STU4324,4.7,6.5,6.9,6.1,6.2,5.1,5.9,ENTJ,Nghệ thuật & Thiết kế,Kiến trúc,3.9
STU3483,5.2,8.4,9.0,6.5,3.9,6.8,7.9,ENTP,Truyền thông & Báo chí,Báo chí,4.5
STU6958,9.2,6.1,4.9,8.6,8.5,6.5,5.1,ISTP,Xây dựng & Quy hoạch,Kỹ thuật cấp thoát nước,4.1
STU1942,9.7,8.2,7.9,5.2,6.0,7.2,6.0,ESTJ,Kinh tế & Quản lý,Quản trị kinh doanh,4.4
STU5538,9.0,6.2,5.9,8.7,7.5,6.2,6.0,INTJ,"Kỹ thuật, Cơ khí & Ô tô",Công nghệ kỹ thuật ô tô,3.6
STU3414,6.7,8.6,8.6,5.0,5.8,5.8,8.3,ENFP,Truyền thông & Báo chí,Truyền thông đa phương tiện,3.9
STU0795,8.7,7.4,6.8,6.1,9.4,10.0,6.5,INFJ,Y tế & Sức khỏe,Quản lý bệnh viện,3.0
STU0062,8.7,6.4,9.3,8.7,6.3,6.3,4.9,ISTP,Công nghệ Thông tin & Kỹ thuật Máy tính,Công nghệ thông tin,3.5
STU7949,6.2,7.0,9.0,6.1,6.0,4.6,7.9,ESFP,Du lịch & Dịch vụ,Quản trị khách sạn,5.3
STU6850,8.6,6.5,6.9,8.7,6.8,5.2,5.9,ISTJ,Xây dựng & Quy hoạch,Kỹ thuật cấp thoát nước,4.2
STU1057,10.0,4.9,5.2,5.2,9.6,9.7,6.3,ISTJ,Y tế & Sức khỏe,Kỹ thuật phục hồi chức năng,3.9
STU7410,5.6,6.8,4.6,6.5,3.8,6.3,4.6,ENFP,Du lịch & Dịch vụ,Quản trị dịch vụ du lịch và lữ hành,1.5
STU7669,5.9,7.9,7.9,5.5,7.6,5.6,8.8,ESTP,Du lịch & Dịch vụ,Quản trị dịch vụ du lịch và lữ hành,4.3
STU0333,9.2,6.3,9.9,10.0,8.5,6.4,5.1,INTP,Công nghệ Thông tin & Kỹ thuật Máy tính,Khoa học dữ liệu,4.4
STU6067,4.7,5.8,7.5,5.2,4.6,5.1,4.6,ESTP,Nông nghiệp & Môi trường,Công nghệ sinh học,2.2
STU7881,5.3,6.6,8.9,6.3,5.1,5.4,8.4,ESFP,Du lịch & Dịch vụ,Du lịch,3.9
STU5828,8.5,5.9,5.5,9.6,7.6,6.8,5.8,ISTJ,"Kỹ thuật, Cơ khí & Ô tô",Robot và Trí tuệ nhân tạo,5.3
STU1260,9.0,4.5,6.1,5.9,9.9,9.1,6.2,ISFJ,Y tế & Sức khỏe,Răng - Hàm - Mặt,4.5
STU3318,5.2,9.0,9.2,6.0,6.3,6.1,8.4,ISFP,Ngôn ngữ & Văn hóa,Ngôn ngữ Nhật,3.1
STU2945,5.6,9.3,9.3,6.6,5.5,6.0,8.5,INFP,Ngôn ngữ & Văn hóa,Ngôn ngữ Anh,4.1
STU7656,5.6,7.9,9.9,8.7,5.6,5.9,8.7,ENFP,Du lịch & Dịch vụ,Quản lý thể dục thể thao,5.1
STU1035,8.4,7.1,7.1,6.9,8.5,9.9,5.1,INFJ,Y tế & Sức khỏe,Y học cổ truyền,5.2
STU5804,8.5,6.2,7.4,8.4,7.5,7.0,5.5,ISTJ,"Kỹ thuật, Cơ khí & Ô tô",Kỹ thuật điện,4.4
STU1560,5.2,5.1,4.2,6.8,3.7,5.1,5.4,INTP,Kinh tế & Quản lý,Kế toán,3.2
STU1967,6.3,4.4,5.3,5.0,5.3,5.1,4.2,ISTJ,Kinh tế & Quản lý,Kinh tế quốc tế,3.0
STU4901,5.8,10.0,7.1,6.1,5.6,6.2,10.0,ISTJ,Luật & Xã hội,Luật quốc tế,4.1
STU0473,9.4,4.3,8.9,8.2,7.1,6.5,6.6,ENTP,Công nghệ Thông tin & Kỹ thuật Máy tính,Khoa học Máy tính,4.0
STU3072,6.8,7.8,9.6,6.5,6.5,5.6,8.7,INTP,Ngôn ngữ & Văn hóa,Tiếng Việt và văn hoá Việt Nam,3.9
STU5358,4.8,4.3,4.3,5.2,5.2,6.8,7.1,INTP,"Kỹ thuật, Cơ khí & Ô tô",Robot và Trí tuệ nhân tạo,1.8
STU5232,6.3,9.5,7.6,6.6,6.3,6.0,9.4,ISTJ,Luật & Xã hội,Luật,4.0
STU3800,6.7,9.6,9.1,8.0,7.1,6.5,8.8,ENTP,Truyền thông & Báo chí,Báo chí,4.8
STU4505,5.9,6.8,6.3,5.5,5.6,6.5,8.8,ISFP,Nghệ thuật & Thiết kế,Thiết kế nội thất,4.5
STU1043,9.8,7.7,5.3,7.3,8.3,8.7,6.4,ISTJ,Y tế & Sức khỏe,Dược học,4.7
STU2795,6.5,8.6,8.2,6.4,5.5,5.9,9.1,INTP,Ngôn ngữ & Văn hóa,Ngôn ngữ Anh,4.0
STU6754,8.2,5.6,6.5,8.9,7.1,4.9,6.9,ISTJ,Xây dựng & Quy hoạch,Kinh tế xây dựng,5.4
STU0697,8.9,4.9,5.3,6.1,9.0,8.6,4.7,INFJ,Y tế & Sức khỏe,Y học dự phòng,4.3
STU3934,6.5,8.7,8.7,5.3,4.9,5.8,7.9,ESFP,Truyền thông & Báo chí,Thông tin - thư viện,3.8
STU3289,7.6,8.5,9.0,7.3,4.9,6.2,7.7,INTP,Ngôn ngữ & Văn hóa,Ngôn ngữ Anh,4.2
STU4509,6.3,9.1,5.3,4.7,6.9,5.5,8.0,INFJ,Nghệ thuật & Thiết kế,Điêu khắc,4.1
STU2723,6.5,8.1,9.9,7.1,5.8,5.4,7.4,INTP,Ngôn ngữ & Văn hóa,Ngôn ngữ Trung Quốc,4.9
STU2070,7.6,8.4,8.3,6.7,7.3,5.5,9.2,INFJ,Sư phạm & Giáo dục,Sư phạm Toán học,4.0
STU1006,9.1,5.0,5.0,4.9,9.5,9.8,6.8,INFJ,Y tế & Sức khỏe,Kỹ thuật phục hồi chức năng,4.4
STU5575,9.7,7.4,6.5,9.5,8.3,5.9,5.0,INTJ,"Kỹ thuật, Cơ khí & Ô tô",Kỹ thuật điện,4.9
STU5588,8.4,4.7,5.7,8.9,8.1,5.8,6.2,INTJ,"Kỹ thuật, Cơ khí & Ô tô",Kỹ thuật điện tử - viễn thông,4.7
STU1672,9.2,8.1,9.0,6.0,6.1,5.5,7.2,ENTJ,Kinh tế & Quản lý,Thương mại điện tử,4.0
STU6866,6.4,4.1,6.8,5.1,4.3,5.6,3.6,INFJ,Xây dựng & Quy hoạch,Kỹ thuật xây dựng,3.8
STU5181,7.5,9.0,8.4,6.1,5.8,6.5,8.0,ENTJ,Luật & Xã hội,Xã hội học,4.0
STU3542,6.0,8.8,7.5,5.6,5.5,7.1,6.0,ENFP,Truyền thông & Báo chí,Quan hệ công chúng,4.1
STU4752,7.6,8.5,8.1,6.0,5.5,5.3,9.4,INFJ,Luật & Xã hội,Chính trị học,4.7
STU0080,9.1,6.0,9.3,7.9,6.9,5.1,6.9,ISTJ,Công nghệ Thông tin & Kỹ thuật Máy tính,Công nghệ thông tin,4.2
STU1619,9.9,7.8,9.0,7.4,5.7,5.9,6.0,ESTJ,Kinh tế & Quản lý,Quản trị kinh doanh,5.6
STU5063,5.9,8.2,7.9,5.3,5.7,5.2,8.3,INFJ,Luật & Xã hội,Xã hội học,4.0
STU7385,5.8,6.8,8.6,6.0,8.0,6.0,8.9,ENFP,Du lịch & Dịch vụ,Du lịch,4.6
STU5003,6.2,9.7,7.3,5.9,5.9,6.6,9.6,ENTJ,Luật & Xã hội,Luật quốc tế,4.8
STU4845,6.6,10.0,7.6,6.6,5.9,7.3,9.7,INFJ,Luật & Xã hội,Xã hội học,5.3
STU1941,8.8,7.5,9.8,7.7,5.4,4.7,4.2,ENTJ,Kinh tế & Quản lý,Kế toán,3.2
STU1484,8.0,6.8,10.0,7.5,7.5,6.2,6.3,ESTJ,Kinh tế & Quản lý,Kinh tế,5.1
STU4092,6.7,8.4,5.6,6.5,5.8,5.1,7.3,ISFP,Nghệ thuật & Thiết kế,Thanh nhạc,3.8
STU6959,9.8,5.7,6.2,8.7,6.8,6.3,4.9,ISTJ,Xây dựng & Quy hoạch,Địa kỹ thuật xây dựng,3.9
STU1567,7.1,7.2,8.0,6.0,6.0,6.7,4.9,ESTJ,Kinh tế & Quản lý,Quản trị kinh doanh,4.3
STU7196,9.4,4.2,7.3,9.6,7.0,7.2,5.1,ESTJ,Xây dựng & Quy hoạch,Kỹ thuật cấp thoát nước,4.8
STU5170,6.1,4.1,6.9,7.4,5.4,4.2,5.0,ESTJ,Luật & Xã hội,Tâm lý học,1.2
STU6854,8.9,6.4,7.0,7.3,7.2,5.6,5.0,ISTJ,Xây dựng & Quy hoạch,Địa kỹ thuật xây dựng,4.7
STU4668,5.4,8.7,8.0,6.7,4.3,6.1,8.3,ISTJ,Luật & Xã hội,Luật kinh tế,4.4
STU7013,9.4,7.3,5.4,9.2,7.4,6.8,5.4,ESTJ,Xây dựng & Quy hoạch,Địa kỹ thuật xây dựng,3.5
STU6094,8.2,7.4,6.9,5.2,9.6,8.6,7.8,ISFP,Nông nghiệp & Môi trường,Nuôi trồng thủy sản,4.5
STU1650,9.6,6.5,9.7,5.5,4.5,4.6,4.6,ESTP,Kinh tế & Quản lý,Kinh doanh quốc tế,4.9
STU4707,6.0,9.7,8.3,5.7,7.9,5.6,9.5,INFJ,Luật & Xã hội,Chính trị học,5.0
STU1430,8.0,8.3,9.1,6.9,7.2,4.8,6.5,ESTP,Kinh tế & Quản lý,Kiểm toán,3.6
STU2037,6.3,8.6,9.5,7.0,5.9,8.0,9.1,ESFJ,Sư phạm & Giáo dục,Sư phạm Vật lý,4.3
STU1329,8.8,5.0,6.2,6.8,9.6,8.7,7.2,ISTJ,Y tế & Sức khỏe,Kỹ thuật hình ảnh y học,3.9
STU7138,9.4,7.0,5.8,8.4,5.8,6.2,7.0,ISTJ,Xây dựng & Quy hoạch,Kinh tế xây dựng,4.0
STU4966,5.7,5.5,6.5,4.5,4.5,6.1,6.7,ESFJ,Luật & Xã hội,Luật,1.2
STU4394,5.8,9.1,5.3,7.2,4.7,6.4,7.4,INFJ,Nghệ thuật & Thiết kế,Điêu khắc,4.6
STU4315,5.5,8.9,6.6,6.6,6.4,5.5,6.4,INFJ,Nghệ thuật & Thiết kế,Thiết kế thời trang,4.1
STU0150,8.4,6.6,8.9,9.8,8.1,6.7,6.9,INTJ,Công nghệ Thông tin & Kỹ thuật Máy tính,Công nghệ thông tin,4.5
STU2518,3.7,7.2,6.2,5.9,5.2,6.8,5.3,INFP,Sư phạm & Giáo dục,Sư phạm Tin học,2.4
STU2424,6.4,9.4,9.5,6.7,6.4,5.9,10.0,ISFJ,Sư phạm & Giáo dục,Sư phạm Vật lý,3.5
STU0684,10.0,6.7,8.2,7.0,9.5,8.5,6.6,INFJ,Y tế & Sức khỏe,Kỹ thuật hình ảnh y học,4.7
STU5460,9.0,7.2,6.3,7.8,9.1,5.4,5.3,ISTP,"Kỹ thuật, Cơ khí & Ô tô",Robot và Trí tuệ nhân tạo,4.1
STU4076,4.9,7.9,6.7,6.6,6.1,5.8,6.6,INFP,Nghệ thuật & Thiết kế,Đạo diễn Điện ảnh - Truyền hình,4.7
STU2334,6.6,10.0,9.4,6.1,6.5,3.9,8.3,ESFJ,Sư phạm & Giáo dục,Sư phạm Tin học,4.8
STU6505,8.1,5.1,7.2,6.5,7.8,9.9,6.2,ISFP,Nông nghiệp & Môi trường,Thú y,4.6
STU0170,10.0,5.6,9.6,10.0,7.1,6.5,6.2,ENTP,Công nghệ Thông tin & Kỹ thuật Máy tính,Khoa học dữ liệu,4.9
STU4546,5.8,7.9,6.3,5.4,6.3,6.6,7.8,INFJ,Nghệ thuật & Thiết kế,Thiết kế đồ họa,3.7
STU4302,7.0,8.7,5.9,7.6,5.2,6.5,7.3,INFJ,Nghệ thuật & Thiết kế,Đạo diễn Điện ảnh - Truyền hình,5.6
STU7627,6.0,7.5,9.0,6.2,6.1,4.3,8.1,ESTP,Du lịch & Dịch vụ,Quản trị dịch vụ du lịch và lữ hành,3.7
STU4355,6.5,7.0,7.1,5.5,5.5,5.8,9.1,INFJ,Nghệ thuật & Thiết kế,Thiết kế nội thất,5.0
STU4729,6.9,8.6,7.0,6.4,6.4,4.6,8.3,ENTJ,Luật & Xã hội,Luật,3.2
STU4533,4.7,9.5,6.3,6.7,5.0,4.8,7.2,ISFP,Nghệ thuật & Thiết kế,Kiến trúc,5.2
STU7985,6.7,6.5,8.6,5.4,4.6,5.5,7.6,ESTP,Du lịch & Dịch vụ,Du lịch,3.8
STU5862,8.4,6.2,5.7,9.5,7.4,5.9,5.4,ISTJ,"Kỹ thuật, Cơ khí & Ô tô",Robot và Trí tuệ nhân tạo,4.3
STU4654,5.5,8.1,6.5,6.1,5.0,6.6,7.2,INFJ,Nghệ thuật & Thiết kế,Kiến trúc,4.7
STU3693,7.2,9.2,10.0,5.6,5.2,5.9,8.4,ENFP,Truyền thông & Báo chí,Quan hệ công chúng,4.8
STU4835,6.2,9.7,7.5,6.7,5.9,7.1,9.6,ISTJ,Luật & Xã hội,Luật quốc tế,4.6
STU0234,9.3,5.5,8.5,8.7,5.5,4.7,5.7,INTP,Công nghệ Thông tin & Kỹ thuật Máy tính,Công nghệ thông tin,3.3
STU0354,7.9,5.6,10.0,7.6,5.5,5.8,5.5,ISTP,Công nghệ Thông tin & Kỹ thuật Máy tính,Công nghệ thông tin,4.1
STU5142,6.3,8.9,8.1,5.3,7.0,6.3,9.1,ISTJ,Luật & Xã hội,Quản lý nhà nước,4.2
STU2058,5.8,9.7,9.3,5.1,5.1,5.5,9.4,ISFJ,Sư phạm & Giáo dục,Sư phạm Tin học,5.5
STU1536,10.0,9.4,9.5,4.9,6.9,6.3,5.2,ENTJ,Kinh tế & Quản lý,Kiểm toán,4.1
STU6575,7.3,6.5,6.0,6.2,8.3,9.5,6.4,ISTJ,Nông nghiệp & Môi trường,Khoa học cây trồng,4.2
STU2182,7.6,9.2,7.8,5.5,5.8,6.7,9.3,ISFJ,Sư phạm & Giáo dục,Sư phạm Tiếng Anh,4.4
STU6797,9.5,6.4,4.8,9.0,8.2,5.5,6.1,ISTJ,Xây dựng & Quy hoạch,Kỹ thuật cấp thoát nước,4.8
STU5622,8.8,5.4,6.5,8.3,8.5,6.0,5.9,INTJ,"Kỹ thuật, Cơ khí & Ô tô",Kỹ thuật điện tử - viễn thông,3.2
STU4127,6.7,9.8,6.7,6.6,5.6,6.6,8.9,INFJ,Nghệ thuật & Thiết kế,Thanh nhạc,4.6
STU4766,5.2,9.6,7.5,7.0,6.4,6.5,8.3,ENTJ,Luật & Xã hội,Quản lý nhà nước,3.5
STU4487,6.3,7.8,4.0,5.5,5.4,5.2,7.1,ISFP,Nghệ thuật & Thiết kế,Thiết kế đồ họa,4.2
STU0541,8.6,5.6,9.4,7.9,6.7,7.1,6.1,ISTJ,Công nghệ Thông tin & Kỹ thuật Máy tính,An toàn thông tin,3.4
STU7932,6.4,8.1,8.6,7.0,5.5,5.9,8.0,ESTP,Du lịch & Dịch vụ,Quản trị dịch vụ du lịch và lữ hành,5.0
STU7391,6.5,7.5,8.2,5.2,5.3,6.4,8.2,ESFP,Du lịch & Dịch vụ,Quản trị dịch vụ du lịch và lữ hành,3.5
STU0510,7.7,5.2,9.6,10.0,7.8,7.4,5.9,INTP,Công nghệ Thông tin & Kỹ thuật Máy tính,Mạng máy tính và truyền thông dữ liệu,4.7
STU4418,5.8,8.6,7.0,5.5,6.4,6.5,7.0,INFJ,Nghệ thuật & Thiết kế,Kiến trúc,4.1
STU4335,5.1,8.0,4.7,6.1,6.7,6.9,6.5,INFP,Nghệ thuật & Thiết kế,Thiết kế đồ họa,4.5
STU0539,10.0,6.9,8.4,9.6,6.7,6.3,6.4,ISTJ,Công nghệ Thông tin & Kỹ thuật Máy tính,Mạng máy tính và truyền thông dữ liệu,4.8
STU2035,7.0,9.8,10.0,6.1,5.9,6.4,10.0,ENFJ,Sư phạm & Giáo dục,Giáo dục Tiểu học,5.7
STU3092,4.8,10.0,9.1,5.7,6.1,5.0,8.5,INFP,Ngôn ngữ & Văn hóa,Ngôn ngữ Anh,3.1
STU5996,8.8,6.6,6.7,4.8,9.0,9.8,6.4,INFP,Nông nghiệp & Môi trường,Công nghệ sinh học,3.1
STU6783,7.8,6.4,5.3,8.2,6.4,5.2,4.6,ISTP,Xây dựng & Quy hoạch,Công nghệ kỹ thuật công trình xây dựng,4.1
STU7244,9.3,6.8,6.6,9.0,6.7,6.7,7.3,ISTP,Xây dựng & Quy hoạch,Quản lý xây dựng,4.2
STU0711,9.1,6.0,6.3,5.2,9.2,9.7,5.5,INFJ,Y tế & Sức khỏe,Kỹ thuật phục hồi chức năng,4.2
STU3657,4.3,8.9,8.8,5.9,6.5,5.1,7.7,ENTP,Truyền thông & Báo chí,Lưu trữ học,4.8
STU2860,6.9,8.4,10.0,5.1,6.5,6.1,8.7,ISFP,Ngôn ngữ & Văn hóa,Quốc tế học,4.1
STU2472,6.3,9.5,9.6,5.0,6.3,4.7,9.6,INFJ,Sư phạm & Giáo dục,Sư phạm Vật lý,5.0
STU4950,5.2,8.7,8.9,4.6,5.5,5.1,9.8,INTJ,Luật & Xã hội,Chính trị học,4.2
STU1785,10.0,8.2,9.1,4.8,6.7,6.0,6.3,ENTJ,Kinh tế & Quản lý,Hệ thống thông tin quản lý,4.8
STU1415,7.2,5.3,6.0,5.6,4.1,5.8,5.6,INTP,Kinh tế & Quản lý,Kinh doanh quốc tế,2.1
STU6524,7.8,5.1,6.6,6.3,8.5,9.0,5.8,ISFP,Nông nghiệp & Môi trường,Nông nghiệp,4.4
STU0867,10.0,7.4,6.0,6.9,9.3,9.1,6.2,INFJ,Y tế & Sức khỏe,Quản lý bệnh viện,3.6
STU5034,6.7,10.0,6.5,7.0,5.3,5.4,9.3,INFJ,Luật & Xã hội,Công tác xã hội,4.8
STU6860,8.6,6.8,5.6,8.2,5.9,6.6,4.9,ISTJ,Xây dựng & Quy hoạch,Công nghệ kỹ thuật công trình xây dựng,3.9
STU6661,8.5,5.3,6.4,9.1,5.9,5.9,5.9,ISTP,Xây dựng & Quy hoạch,Quản lý xây dựng,4.0
STU3520,5.6,5.5,6.1,5.6,5.5,8.0,4.3,ISTJ,Truyền thông & Báo chí,Thông tin - thư viện,1.6
STU0626,9.5,6.9,9.7,8.9,6.2,6.3,7.0,INTJ,Công nghệ Thông tin & Kỹ thuật Máy tính,Kỹ thuật phần mềm,4.7
STU4946,6.1,8.9,7.7,5.7,6.3,5.7,10.0,INFJ,Luật & Xã hội,Luật kinh tế,4.8
STU2883,5.2,8.5,9.7,5.3,6.6,6.7,8.6,INTP,Ngôn ngữ & Văn hóa,Ngôn ngữ học,3.5
STU5094,4.9,8.4,8.1,7.1,5.8,5.8,8.1,INTJ,Luật & Xã hội,Luật quốc tế,5.2
STU2311,7.2,8.8,9.7,5.5,4.7,5.8,9.7,ENFJ,Sư phạm & Giáo dục,Sư phạm Ngữ văn,3.9
STU6299,7.5,7.0,7.1,6.5,9.3,9.8,5.7,ISFP,Nông nghiệp & Môi trường,Khoa học môi trường,4.0
STU4113,3.6,5.9,5.1,5.5,6.7,4.3,6.3,ESTP,Nghệ thuật & Thiết kế,Thanh nhạc,2.1
STU7601,6.5,7.7,8.4,6.9,6.5,6.1,8.4,ESFP,Du lịch & Dịch vụ,Quản trị dịch vụ du lịch và lữ hành,4.6
STU5764,9.2,4.8,5.9,9.2,8.0,5.6,6.4,ESTP,"Kỹ thuật, Cơ khí & Ô tô",Kỹ thuật cơ khí,3.8
STU1003,9.3,5.8,5.5,6.3,9.3,8.1,6.2,ISTJ,Y tế & Sức khỏe,Y học dự phòng,5.7
STU4142,5.3,8.5,7.3,6.3,6.3,6.6,9.0,INFJ,Nghệ thuật & Thiết kế,Thanh nhạc,4.3
STU5831,8.2,5.8,5.0,9.2,6.8,5.2,5.6,ISTP,"Kỹ thuật, Cơ khí & Ô tô",Kỹ thuật cơ điện tử,4.0
STU5756,4.5,4.7,4.6,6.1,6.7,6.0,6.6,ISFJ,"Kỹ thuật, Cơ khí & Ô tô",Công nghệ kỹ thuật ô tô,3.3
STU6528,7.3,7.1,5.7,7.1,9.4,8.2,5.5,ISTJ,Nông nghiệp & Môi trường,Khoa học môi trường,4.5
STU4181,6.0,8.0,6.8,6.2,7.0,7.0,7.1,ISFP,Nghệ thuật & Thiết kế,Thiết kế công nghiệp,4.6
STU5618,8.7,5.2,6.7,8.9,7.9,6.0,5.4,ISTP,"Kỹ thuật, Cơ khí & Ô tô",Kỹ thuật cơ khí,3.6
STU0409,9.1,5.1,8.8,8.8,6.1,7.0,5.0,ISTP,Công nghệ Thông tin & Kỹ thuật Máy tính,Thiết kế vi mạch,5.3
STU3892,5.6,9.7,9.5,6.8,5.5,5.4,8.0,ESFP,Truyền thông & Báo chí,Truyền thông đa phương tiện,4.9
STU7169,8.7,6.2,6.6,8.2,6.4,5.9,6.4,ISTP,Xây dựng & Quy hoạch,Kinh tế xây dựng,4.3
STU5979,8.0,6.4,5.4,9.0,7.7,5.7,7.3,ISTJ,"Kỹ thuật, Cơ khí & Ô tô",Kỹ thuật cơ khí,5.5
STU1181,9.3,6.5,6.6,6.9,9.6,9.6,6.4,ISFJ,Y tế & Sức khỏe,Kỹ thuật phục hồi chức năng,4.9
STU3758,5.4,10.0,8.4,5.7,5.5,7.1,7.2,ESFP,Truyền thông & Báo chí,Truyền thông đại chúng,5.2
STU2373,6.6,10.0,8.5,6.7,5.5,6.5,9.2,ISFJ,Sư phạm & Giáo dục,Giáo dục Mầm non,4.3
STU3913,6.4,9.5,9.3,5.4,6.7,6.8,6.9,ENTP,Truyền thông & Báo chí,Truyền thông đại chúng,4.6
STU3694,5.4,8.4,8.3,5.9,5.2,6.4,6.9,ENFP,Truyền thông & Báo chí,Lưu trữ học,3.7
STU3096,6.7,8.4,9.1,5.8,6.7,5.4,8.2,INFP,Ngôn ngữ & Văn hóa,Ngôn ngữ Trung Quốc,3.7
STU1996,9.0,8.5,8.3,5.4,5.8,4.5,6.5,ENTJ,Kinh tế & Quản lý,Hệ thống thông tin quản lý,3.5
STU6654,7.7,4.4,5.4,5.2,9.7,9.8,5.2,INFP,Nông nghiệp & Môi trường,Lâm nghiệp đô thị,4.4
STU2023,7.1,8.8,8.8,5.1,6.9,5.9,8.4,ISFJ,Sư phạm & Giáo dục,Tâm lý học giáo dục,4.3
STU3762,5.2,8.6,8.8,5.8,5.5,5.4,8.8,ESFP,Truyền thông & Báo chí,Báo chí,4.4
STU4507,7.0,8.7,5.2,5.8,5.3,5.2,7.6,INFJ,Nghệ thuật & Thiết kế,Thiết kế thời trang,4.5
STU6202,8.9,7.2,6.1,6.3,9.7,8.9,6.1,ISFJ,Nông nghiệp & Môi trường,Công nghệ sau thu hoạch,4.9
STU0577,9.7,6.1,10.0,8.9,7.4,7.7,6.2,ISTP,Công nghệ Thông tin & Kỹ thuật Máy tính,Thiết kế vi mạch,5.3
STU4399,7.0,8.2,6.0,6.2,5.4,5.5,7.3,INFP,Nghệ thuật & Thiết kế,Thiết kế đồ họa,4.1
STU2580,7.5,8.1,9.8,5.3,6.8,5.1,9.3,ENFJ,Sư phạm & Giáo dục,Sư phạm Toán học,4.8
STU7168,8.7,4.8,5.7,8.0,5.8,7.4,5.6,ISTJ,Xây dựng & Quy hoạch,Kỹ thuật cấp thoát nước,4.8
STU4428,6.3,9.1,5.4,5.7,5.9,6.8,7.5,INFJ,Nghệ thuật & Thiết kế,Đạo diễn Điện ảnh - Truyền hình,5.0
STU2974,7.5,9.1,10.0,5.3,5.9,6.7,8.5,ISFP,Ngôn ngữ & Văn hóa,Ngôn ngữ Anh,3.7
STU5042,6.8,10.0,7.2,7.0,5.7,6.2,9.8,INTJ,Luật & Xã hội,Luật,4.9
STU0178,8.1,6.0,8.4,8.7,6.3,7.3,7.1,INTP,Công nghệ Thông tin & Kỹ thuật Máy tính,Thiết kế vi mạch,4.6
STU0971,9.5,5.9,5.7,4.6,8.5,8.5,5.2,ISFJ,Y tế & Sức khỏe,Y học cổ truyền,4.4
STU7799,7.3,7.7,9.4,5.6,5.6,7.2,7.8,ESFJ,Du lịch & Dịch vụ,Du lịch,3.6
STU1045,9.7,5.8,5.8,5.7,9.7,10.0,6.4,ISFP,Y tế & Sức khỏe,Y học cổ truyền,5.1
STU4057,7.1,9.4,5.5,6.1,6.2,3.9,6.5,INFJ,Nghệ thuật & Thiết kế,Đạo diễn Điện ảnh - Truyền hình,4.5
STU3590,5.4,9.3,7.8,7.2,5.0,6.2,7.5,ENFP,Truyền thông & Báo chí,Quan hệ công chúng,5.1
STU0737,9.1,6.4,5.1,4.4,8.8,9.3,6.6,ISFP,Y tế & Sức khỏe,Kỹ thuật hình ảnh y học,4.0
STU5152,6.8,10.0,6.9,4.9,6.2,5.8,9.9,ISTJ,Luật & Xã hội,Công tác xã hội,4.9
STU0329,9.9,4.7,8.1,9.3,6.8,5.0,6.2,INTP,Công nghệ Thông tin & Kỹ thuật Máy tính,Công nghệ thông tin,4.1
STU5706,8.0,6.1,6.6,9.1,7.4,6.8,6.5,ISTP,"Kỹ thuật, Cơ khí & Ô tô",Kỹ thuật điều khiển và tự động hóa,5.2
STU4920,6.2,9.1,7.7,4.5,5.0,4.7,8.7,ISTJ,Luật & Xã hội,Luật quốc tế,4.1
STU7006,8.5,5.7,6.5,8.5,6.8,6.1,6.4,ESTJ,Xây dựng & Quy hoạch,Kinh tế xây dựng,4.0
STU7804,7.0,8.3,8.2,6.1,6.2,7.0,8.6,ENFP,Du lịch & Dịch vụ,Quản trị khách sạn,4.2
STU3003,5.4,7.5,9.4,5.4,4.5,5.7,7.5,INTP,Ngôn ngữ & Văn hóa,Văn học,4.6
STU4594,6.1,7.4,4.9,5.1,5.6,5.7,8.0,ISFP,Nghệ thuật & Thiết kế,Thiết kế đồ họa,4.2
STU0829,9.1,6.4,6.1,6.5,9.4,8.8,7.1,ISFP,Y tế & Sức khỏe,Kỹ thuật hình ảnh y học,3.8
STU2955,5.9,7.4,9.4,5.7,5.0,5.3,7.1,INTP,Ngôn ngữ & Văn hóa,Ngôn ngữ Nhật,3.5
STU6997,8.9,6.0,6.8,8.7,7.3,5.1,7.1,ISTJ,Xây dựng & Quy hoạch,Kinh tế xây dựng,3.5
STU2374,7.2,8.4,8.7,6.2,5.5,6.7,10.0,INFJ,Sư phạm & Giáo dục,Sư phạm Tiếng Anh,4.5
STU6476,7.5,6.7,6.5,5.8,9.1,9.0,6.4,INFP,Nông nghiệp & Môi trường,Khoa học môi trường,3.9
STU5122,6.9,9.0,7.8,6.4,4.4,5.9,7.9,ISTJ,Luật & Xã hội,Chính trị học,4.4
STU5660,8.5,6.7,5.4,7.8,7.2,7.3,6.0,INTJ,"Kỹ thuật, Cơ khí & Ô tô",Kỹ thuật điện tử - viễn thông,4.6
STU2654,5.8,9.0,10.0,6.1,5.0,5.6,9.3,ISFJ,Sư phạm & Giáo dục,Sư phạm Toán học,5.4
STU5516,9.2,5.3,5.5,8.3,8.7,4.6,6.1,ESTP,"Kỹ thuật, Cơ khí & Ô tô",Kỹ thuật điều khiển và tự động hóa,4.5
STU4713,4.7,9.4,7.6,5.8,5.5,5.2,9.6,ENTJ,Luật & Xã hội,Luật kinh tế,4.1
STU3775,6.8,8.7,7.8,6.9,6.0,5.6,7.8,ENTP,Truyền thông & Báo chí,Quan hệ công chúng,4.3
STU3342,6.8,8.7,8.8,4.1,5.4,5.7,7.4,ESFP,Truyền thông & Báo chí,Công nghệ truyền thông,5.3
STU2756,6.2,8.0,10.0,5.2,5.8,6.9,8.7,INTP,Ngôn ngữ & Văn hóa,Ngôn ngữ học,4.3
STU0182,9.0,7.2,8.9,9.0,6.8,5.7,7.3,ISTP,Công nghệ Thông tin & Kỹ thuật Máy tính,Thiết kế vi mạch,4.2
STU4292,6.0,8.6,6.4,6.0,5.5,6.8,7.3,ISFP,Nghệ thuật & Thiết kế,Thiết kế đồ họa,4.4
STU5436,9.0,5.7,6.6,9.8,7.1,5.5,7.9,INTJ,"Kỹ thuật, Cơ khí & Ô tô",Kỹ thuật điều khiển và tự động hóa,4.6
STU7435,6.8,7.9,8.3,5.1,5.9,6.0,8.4,ESFP,Du lịch & Dịch vụ,Quản lý thể dục thể thao,3.8
STU7936,6.0,8.0,10.0,6.5,5.2,5.4,7.6,ENFP,Du lịch & Dịch vụ,Quản lý thể dục thể thao,4.1
STU3222,5.4,8.9,9.7,6.9,6.1,6.9,8.2,INFP,Ngôn ngữ & Văn hóa,Ngôn ngữ Trung Quốc,5.8
STU0648,9.0,6.0,9.7,9.0,6.4,6.5,5.9,ENTP,Công nghệ Thông tin & Kỹ thuật Máy tính,Công nghệ thông tin,3.7
STU4372,6.3,8.1,7.0,5.6,5.3,6.8,8.3,INFJ,Nghệ thuật & Thiết kế,Thiết kế đồ họa,4.0
STU5503,9.1,7.0,7.0,9.4,7.3,6.1,5.9,INTJ,"Kỹ thuật, Cơ khí & Ô tô",Kỹ thuật điện tử - viễn thông,4.7
STU2307,6.0,8.9,8.8,5.3,6.9,6.3,9.0,ISFJ,Sư phạm & Giáo dục,Giáo dục Mầm non,3.9
STU7017,8.4,6.0,7.6,10.0,7.2,7.0,6.2,ISTP,Xây dựng & Quy hoạch,Kỹ thuật xây dựng,3.7
STU4238,6.7,7.9,4.8,5.7,5.6,6.1,7.0,INFJ,Nghệ thuật & Thiết kế,Thanh nhạc,4.7
STU5678,10.0,5.2,4.8,8.8,8.2,6.5,5.1,INTJ,"Kỹ thuật, Cơ khí & Ô tô",Robot và Trí tuệ nhân tạo,5.2
STU3152,5.4,8.6,9.3,6.1,5.8,6.6,9.1,INFP,Ngôn ngữ & Văn hóa,Ngôn ngữ Trung Quốc,4.3
STU0042,8.9,5.8,8.3,7.6,6.6,5.2,5.7,ISTP,Công nghệ Thông tin & Kỹ thuật Máy tính,Mạng máy tính và truyền thông dữ liệu,4.0
STU4937,6.0,8.3,8.1,4.8,6.4,5.8,9.0,ISTJ,Luật & Xã hội,Công tác xã hội,5.2
STU5560,7.9,6.0,5.8,9.7,8.1,6.1,4.9,ESTP,"Kỹ thuật, Cơ khí & Ô tô",Kỹ thuật điện,5.3
STU2281,5.7,9.0,8.7,6.6,6.6,5.4,10.0,ESFJ,Sư phạm & Giáo dục,Tâm lý học giáo dục,4.4
STU5749,8.3,6.3,6.2,8.7,7.6,4.3,6.5,ISTP,"Kỹ thuật, Cơ khí & Ô tô",Kỹ thuật điện tử - viễn thông,4.1
STU0218,9.5,6.6,7.4,8.5,8.5,6.3,5.8,ENTP,Công nghệ Thông tin & Kỹ thuật Máy tính,An toàn thông tin,4.5
STU0186,8.8,4.4,6.6,10.0,6.3,7.1,4.9,ENTP,Công nghệ Thông tin & Kỹ thuật Máy tính,Khoa học Máy tính,4.8
STU3132,6.1,7.9,8.5,7.0,4.3,5.5,7.7,ISFP,Ngôn ngữ & Văn hóa,Ngôn ngữ Nhật,3.8
STU5191,4.8,8.2,7.5,5.9,5.5,7.0,9.2,INFJ,Luật & Xã hội,Tâm lý học,3.7
STU7214,7.2,5.5,5.6,8.3,6.8,5.0,5.1,ISTJ,Xây dựng & Quy hoạch,Kinh tế xây dựng,4.3
STU5272,6.0,8.1,8.5,6.6,7.0,5.8,9.7,ISTJ,Luật & Xã hội,Xã hội học,4.4
STU2132,4.8,9.4,7.3,6.3,6.8,7.5,9.9,ESFJ,Sư phạm & Giáo dục,Giáo dục Tiểu học,4.3
STU2992,5.5,8.6,10.0,6.8,5.8,6.7,6.9,INFP,Ngôn ngữ & Văn hóa,Tiếng Việt và văn hoá Việt Nam,3.9
STU1413,6.9,9.0,10.0,6.8,4.5,6.8,7.0,ENTJ,Kinh tế & Quản lý,Kế toán,4.5
STU2796,5.4,8.8,9.1,6.0,5.1,6.5,8.4,INTP,Ngôn ngữ & Văn hóa,Ngôn ngữ Trung Quốc,4.4
STU0088,5.0,5.8,5.4,4.7,5.7,5.2,5.0,ESFP,Công nghệ Thông tin & Kỹ thuật Máy tính,Khoa học Máy tính,2.5
STU7494,6.2,8.6,8.1,6.9,6.5,6.6,8.3,ESTP,Du lịch & Dịch vụ,Quản trị dịch vụ du lịch và lữ hành,3.8
STU2292,6.9,9.7,9.9,7.2,6.9,6.2,9.2,ENFJ,Sư phạm & Giáo dục,Giáo dục Mầm non,4.0
STU5814,9.5,6.3,6.3,9.5,7.3,5.4,6.2,INTJ,"Kỹ thuật, Cơ khí & Ô tô",Robot và Trí tuệ nhân tạo,4.7
STU1079,9.6,4.9,6.2,5.4,8.9,8.8,6.5,ISFJ,Y tế & Sức khỏe,Răng - Hàm - Mặt,5.2
STU1026,9.3,5.9,5.3,6.4,9.1,8.8,5.7,ISTJ,Y tế & Sức khỏe,Quản lý bệnh viện,3.3
STU0966,9.4,6.3,5.5,5.8,8.8,10.0,4.1,ISFP,Y tế & Sức khỏe,Điều dưỡng,4.5
STU1783,8.4,8.9,9.6,6.6,5.1,5.5,6.3,ENTP,Kinh tế & Quản lý,Hệ thống thông tin quản lý,5.1
STU0258,9.0,6.1,7.5,8.4,5.9,6.5,6.7,INTP,Công nghệ Thông tin & Kỹ thuật Máy tính,Thiết kế vi mạch,3.4
STU3743,5.1,8.4,8.2,4.6,5.8,5.9,8.1,ENTP,Truyền thông & Báo chí,Truyền thông đa phương tiện,4.0
STU3239,6.4,8.8,9.9,5.6,6.4,6.5,8.4,INFP,Ngôn ngữ & Văn hóa,Tiếng Việt và văn hoá Việt Nam,4.1
STU1346,7.7,7.7,8.8,5.4,5.7,4.4,6.5,ENTJ,Kinh tế & Quản lý,Tài chính - Ngân hàng,3.7
STU7217,8.2,6.5,7.8,9.2,8.0,5.8,8.0,ISTJ,Xây dựng & Quy hoạch,Quản lý xây dựng,4.3
STU1836,6.6,5.0,3.9,3.6,5.2,7.1,5.8,ENFP,Kinh tế & Quản lý,Kiểm toán,1.4
STU2003,7.0,9.9,9.4,6.3,6.5,6.1,9.0,ISFJ,Sư phạm & Giáo dục,Sư phạm Tin học,4.1
STU1466,8.6,7.4,8.3,6.0,5.9,5.7,7.0,ESTP,Kinh tế & Quản lý,Quản trị kinh doanh,4.9
STU1316,9.4,6.7,7.0,5.6,9.4,9.2,5.0,ISFJ,Y tế & Sức khỏe,Kỹ thuật phục hồi chức năng,4.4
STU1516,10.0,7.5,8.6,6.2,5.8,6.5,5.9,ENTP,Kinh tế & Quản lý,Hệ thống thông tin quản lý,5.0
STU4884,4.9,9.2,7.9,7.8,6.2,6.9,8.1,ENTJ,Luật & Xã hội,Chính trị học,4.0
STU3468,6.7,8.9,7.4,6.8,7.9,7.1,7.0,ESFP,Truyền thông & Báo chí,Truyền thông đại chúng,3.7
STU0544,8.8,7.2,8.4,9.0,8.1,5.1,6.0,INTP,Công nghệ Thông tin & Kỹ thuật Máy tính,An toàn thông tin,4.5
STU5739,8.4,4.4,6.7,10.0,8.1,6.3,5.2,ISTJ,"Kỹ thuật, Cơ khí & Ô tô",Kỹ thuật cơ khí,4.1
STU4196,6.5,4.4,6.4,4.4,3.9,5.6,7.5,ESFP,Nghệ thuật & Thiết kế,Thanh nhạc,3.2
STU2837,5.4,8.4,9.5,6.4,5.8,5.2,7.1,INTP,Ngôn ngữ & Văn hóa,Ngôn ngữ Hàn Quốc,5.6
STU4422,6.5,8.5,6.4,5.5,6.1,5.3,7.5,INFJ,Nghệ thuật & Thiết kế,Kiến trúc,4.7
STU2125,7.4,8.9,8.4,5.8,5.6,6.8,9.6,ENFJ,Sư phạm & Giáo dục,Giáo dục Tiểu học,5.0
STU2759,7.7,7.6,9.0,6.1,6.0,6.2,7.9,INTP,Ngôn ngữ & Văn hóa,Ngôn ngữ Nhật,4.8
STU6211,7.3,6.1,5.6,6.7,8.5,8.5,4.7,ISFJ,Nông nghiệp & Môi trường,Công nghệ sinh học,4.9
STU4923,4.5,9.4,8.1,4.5,6.2,6.2,8.7,INTJ,Luật & Xã hội,Chính trị học,3.4
STU7504,5.1,8.7,9.2,6.0,6.7,5.0,7.0,ESTP,Du lịch & Dịch vụ,Du lịch,4.0
STU0382,9.3,5.7,6.9,7.0,7.3,4.6,6.9,ISTP,Công nghệ Thông tin & Kỹ thuật Máy tính,Khoa học Máy tính,4.9
STU0057,9.5,6.7,9.3,7.9,6.9,6.1,7.0,INTP,Công nghệ Thông tin & Kỹ thuật Máy tính,Khoa học dữ liệu,4.2
STU0070,9.4,4.6,9.3,8.1,7.1,5.2,6.9,INTP,Công nghệ Thông tin & Kỹ thuật Máy tính,Khoa học Máy tính,4.9
STU1298,9.9,6.4,6.8,7.3,9.0,9.0,5.1,ISFP,Y tế & Sức khỏe,Y học dự phòng,5.2
STU7955,7.2,7.1,9.1,6.1,5.9,6.9,7.9,ENFP,Du lịch & Dịch vụ,Quản trị dịch vụ du lịch và lữ hành,4.0
STU6480,7.8,5.9,6.3,5.5,8.4,9.9,4.7,INFP,Nông nghiệp & Môi trường,Công nghệ sau thu hoạch,4.4
STU3528,7.1,9.2,8.8,5.7,5.5,5.9,8.7,ESFP,Truyền thông & Báo chí,Truyền thông đại chúng,3.7
STU1262,9.4,4.7,4.8,6.2,9.2,9.2,5.6,ISFP,Y tế & Sức khỏe,Y đa khoa,3.3
STU3313,6.5,10.0,9.0,5.9,6.2,5.6,8.5,INTP,Ngôn ngữ & Văn hóa,Tiếng Việt và văn hoá Việt Nam,5.0
STU4429,5.3,7.4,7.2,5.8,6.5,6.8,6.4,ISFP,Nghệ thuật & Thiết kế,Đạo diễn Điện ảnh - Truyền hình,4.8
STU0738,9.8,6.4,7.4,5.5,9.5,9.6,5.6,ISFP,Y tế & Sức khỏe,Dược học,3.8
STU1747,9.0,8.2,10.0,5.5,6.1,6.3,6.4,ESTP,Kinh tế & Quản lý,Quản trị kinh doanh,4.8
STU3102,6.8,8.7,9.8,6.9,5.1,6.1,9.8,ISFP,Ngôn ngữ & Văn hóa,Ngôn ngữ Nhật,5.2
STU0446,9.7,5.9,9.2,9.9,6.5,6.2,7.2,INTP,Công nghệ Thông tin & Kỹ thuật Máy tính,Khoa học Máy tính,3.7
STU7586,6.3,7.7,8.2,5.3,5.3,6.7,8.5,ESTP,Du lịch & Dịch vụ,Du lịch,4.3
STU7670,5.7,7.2,9.1,6.8,5.7,4.5,8.1,ESFP,Du lịch & Dịch vụ,Quản trị dịch vụ du lịch và lữ hành,4.5
STU3950,5.2,8.9,8.9,6.4,6.2,5.5,8.8,ENFP,Truyền thông & Báo chí,Lưu trữ học,4.5
STU4288,5.7,7.6,4.7,6.7,6.3,6.4,8.9,INFJ,Nghệ thuật & Thiết kế,Kiến trúc,3.3
STU2095,5.8,8.4,8.5,5.3,5.4,7.3,10.0,ENFJ,Sư phạm & Giáo dục,Giáo dục Mầm non,4.6
STU2624,8.1,8.4,8.8,6.8,6.0,7.3,8.7,INFJ,Sư phạm & Giáo dục,Sư phạm Tin học,4.5
STU7969,6.0,7.9,9.3,6.9,6.4,6.2,7.1,ESFP,Du lịch & Dịch vụ,Quản trị nhà hàng và dịch vụ ăn uống,4.7
STU7266,9.8,6.7,6.5,8.5,8.8,5.3,5.4,ESTJ,Xây dựng & Quy hoạch,Kỹ thuật cấp thoát nước,5.3
STU1730,9.7,8.3,9.8,6.9,5.6,6.7,6.6,ENTP,Kinh tế & Quản lý,Marketing,4.2
STU6467,8.9,5.8,5.3,5.4,7.9,9.3,7.1,ISFP,Nông nghiệp & Môi trường,Thú y,3.7
STU2081,7.1,9.8,9.1,6.1,5.0,6.0,9.9,ISFJ,Sư phạm & Giáo dục,Sư phạm Toán học,3.6
STU0020,10.0,5.9,8.3,7.7,6.6,6.8,4.9,ISTP,Công nghệ Thông tin & Kỹ thuật Máy tính,Kỹ thuật phần mềm,4.8
STU6106,7.2,6.6,6.5,4.7,8.8,9.8,4.6,ISTJ,Nông nghiệp & Môi trường,Nông nghiệp,4.3
STU6565,7.9,4.6,4.8,5.8,9.8,9.4,6.1,ISFJ,Nông nghiệp & Môi trường,Nông nghiệp,4.5
STU2727,5.3,9.5,9.7,7.0,5.8,6.5,8.0,ISFP,Ngôn ngữ & Văn hóa,Ngôn ngữ học,4.5
STU5231,6.6,9.4,8.1,7.1,5.5,6.4,7.6,ENTJ,Luật & Xã hội,Quản lý nhà nước,5.0
STU6588,7.8,5.8,6.0,5.2,10.0,10.0,5.9,ISTJ,Nông nghiệp & Môi trường,Công nghệ sinh học,4.5
STU1062,8.3,6.5,7.2,6.9,10.0,9.8,6.1,INFJ,Y tế & Sức khỏe,Y học dự phòng,5.5
STU0749,10.0,6.6,5.5,5.6,10.0,10.0,7.3,INFJ,Y tế & Sức khỏe,Quản lý bệnh viện,4.5
STU7935,7.0,8.1,8.0,6.0,6.1,7.7,7.8,ESTP,Du lịch & Dịch vụ,Quản trị nhà hàng và dịch vụ ăn uống,4.2
STU2522,7.8,8.6,8.9,6.4,5.8,7.1,8.9,ESFJ,Sư phạm & Giáo dục,Tâm lý học giáo dục,4.5
STU0477,9.3,6.2,8.5,7.8,9.5,6.6,6.8,ENTP,Công nghệ Thông tin & Kỹ thuật Máy tính,An toàn thông tin,5.2
STU4140,6.7,7.9,6.1,4.2,6.6,6.1,7.0,INFJ,Nghệ thuật & Thiết kế,Thiết kế đồ họa,4.2
STU7820,6.1,8.5,8.1,6.1,6.4,5.2,7.5,ESFP,Du lịch & Dịch vụ,Du lịch,3.8
STU4351,6.4,6.1,6.4,4.9,7.7,6.9,3.8,INTP,Nghệ thuật & Thiết kế,Thanh nhạc,1.2
STU0469,8.3,7.0,9.2,9.0,6.9,4.5,6.2,ENTP,Công nghệ Thông tin & Kỹ thuật Máy tính,Công nghệ thông tin,4.8
STU5850,9.0,5.4,6.8,10.0,7.1,6.3,6.2,ISTJ,"Kỹ thuật, Cơ khí & Ô tô",Kỹ thuật điện,3.1
STU0309,9.4,6.3,9.7,8.9,7.3,6.9,7.1,INTJ,Công nghệ Thông tin & Kỹ thuật Máy tính,An toàn thông tin,3.7
STU7421,4.9,8.4,9.6,6.7,7.4,5.3,8.2,ENFP,Du lịch & Dịch vụ,Du lịch,3.6
STU2918,5.1,8.7,10.0,5.8,5.4,5.1,7.8,INTP,Ngôn ngữ & Văn hóa,Đông phương học,4.8
STU7757,4.1,7.1,8.8,4.9,5.5,5.8,7.7,ESFP,Du lịch & Dịch vụ,Quản trị dịch vụ du lịch và lữ hành,4.8
STU5350,9.1,5.7,4.9,9.6,8.3,5.5,6.1,ESTP,"Kỹ thuật, Cơ khí & Ô tô",Kỹ thuật cơ khí,4.5
STU1607,8.7,8.9,7.4,7.5,6.4,6.8,5.1,ESTP,Kinh tế & Quản lý,Kinh tế,4.5
STU7634,4.8,8.2,8.9,6.2,6.2,4.8,8.4,ESFJ,Du lịch & Dịch vụ,Du lịch,3.3
STU5271,5.9,10.0,7.0,6.9,6.0,6.4,9.0,ISTJ,Luật & Xã hội,Xã hội học,5.0
STU7657,5.9,8.0,7.9,6.0,6.2,5.6,8.2,ENFP,Du lịch & Dịch vụ,Du lịch,4.1
STU5769,9.3,5.3,7.2,8.9,7.2,5.6,5.4,INTJ,"Kỹ thuật, Cơ khí & Ô tô",Kỹ thuật cơ điện tử,4.5
STU7289,8.4,5.5,5.3,8.7,5.9,5.7,5.6,ISTP,Xây dựng & Quy hoạch,Kỹ thuật cấp thoát nước,3.0
STU2352,5.9,8.3,9.0,6.6,5.7,6.3,10.0,ESFJ,Sư phạm & Giáo dục,Sư phạm Toán học,4.2
STU4746,6.2,10.0,7.7,5.6,5.1,6.6,9.3,ENTJ,Luật & Xã hội,Luật quốc tế,4.9
STU0081,8.9,4.9,7.5,9.7,6.9,5.7,6.0,INTJ,Công nghệ Thông tin & Kỹ thuật Máy tính,Khoa học Máy tính,4.5
STU1617,10.0,7.6,9.3,6.5,5.4,5.9,4.8,ESTJ,Kinh tế & Quản lý,Kiểm toán,3.7
STU0642,9.1,6.0,9.5,9.2,6.3,6.3,5.6,INTP,Công nghệ Thông tin & Kỹ thuật Máy tính,Kỹ thuật phần mềm,3.7
STU5028,7.4,8.6,8.2,4.9,5.0,6.3,9.1,INFJ,Luật & Xã hội,Quản lý nhà nước,4.8
STU4853,5.0,9.2,8.1,7.2,6.1,4.8,8.8,INFJ,Luật & Xã hội,Chính trị học,3.9
STU0928,8.5,5.2,5.1,6.6,8.5,9.2,6.4,ISFJ,Y tế & Sức khỏe,Dược học,5.3
STU6215,7.5,6.2,5.9,6.3,8.5,9.3,4.7,INFP,Nông nghiệp & Môi trường,Công nghệ thực phẩm,3.0
STU3218,4.9,8.4,9.5,5.0,5.2,6.4,7.7,ISFP,Ngôn ngữ & Văn hóa,Tiếng Việt và văn hoá Việt Nam,4.3
STU1881,9.6,8.9,8.3,4.9,5.0,5.4,5.0,ESTJ,Kinh tế & Quản lý,Tài chính - Ngân hàng,3.5
STU7465,6.5,6.6,8.8,6.1,7.1,7.3,7.7,ESFJ,Du lịch & Dịch vụ,Quản trị nhà hàng và dịch vụ ăn uống,3.1
STU4195,5.8,8.3,5.0,6.6,5.0,5.8,8.6,INFJ,Nghệ thuật & Thiết kế,Kiến trúc,5.3
STU4980,5.4,10.0,7.7,5.1,5.3,7.0,9.4,INTJ,Luật & Xã hội,Quản lý nhà nước,4.3
STU6988,5.0,4.3,6.6,4.7,6.3,6.7,6.1,ISFP,Xây dựng & Quy hoạch,Quản lý xây dựng,2.4
STU2544,4.9,8.8,8.8,6.7,6.5,6.0,10.0,ESFJ,Sư phạm & Giáo dục,Sư phạm Vật lý,4.2
STU6553,7.1,4.5,5.8,5.6,9.1,8.1,5.7,ISFJ,Nông nghiệp & Môi trường,Lâm nghiệp đô thị,5.2
STU7049,8.6,7.0,6.5,7.9,7.5,6.3,5.4,ISTJ,Xây dựng & Quy hoạch,Địa kỹ thuật xây dựng,3.8
STU7242,8.7,5.1,7.4,9.0,7.9,6.0,7.0,ESTJ,Xây dựng & Quy hoạch,Quản lý xây dựng,3.9
STU4989,5.2,10.0,8.3,6.8,6.0,6.4,8.1,ISTJ,Luật & Xã hội,Luật,3.4
STU4833,5.3,8.7,7.6,5.4,5.1,6.3,8.4,INTJ,Luật & Xã hội,Luật kinh tế,3.8
STU0119,10.0,6.3,8.1,9.2,8.4,6.7,6.5,INTP,Công nghệ Thông tin & Kỹ thuật Máy tính,Khoa học dữ liệu,5.2
STU6367,7.4,5.3,5.1,5.6,9.2,8.9,7.0,ISFP,Nông nghiệp & Môi trường,Nông nghiệp,4.8
STU1427,7.9,8.4,9.1,6.8,6.4,6.5,5.5,ENTP,Kinh tế & Quản lý,Kế toán,4.2
STU2190,6.3,9.0,9.6,5.5,4.9,6.1,9.9,INFJ,Sư phạm & Giáo dục,Tâm lý học giáo dục,3.5
STU1200,8.5,7.0,4.7,5.9,9.6,9.1,5.4,ISFJ,Y tế & Sức khỏe,Quản lý bệnh viện,4.1
STU5835,8.2,5.9,7.3,9.8,6.8,6.3,4.4,ISTP,"Kỹ thuật, Cơ khí & Ô tô",Robot và Trí tuệ nhân tạo,4.7
STU6607,7.5,6.5,5.8,4.4,7.9,10.0,6.7,ISFP,Nông nghiệp & Môi trường,Công nghệ sinh học,4.3
STU5323,4.5,10.0,7.6,5.6,5.5,6.1,9.3,ENTJ,Luật & Xã hội,Chính trị học,5.1
STU6262,6.7,5.1,6.0,5.7,8.7,8.7,6.5,ISFP,Nông nghiệp & Môi trường,Khoa học môi trường,5.5
STU1840,10.0,6.5,8.4,5.9,4.8,5.4,5.6,ENTJ,Kinh tế & Quản lý,Hệ thống thông tin quản lý,4.5
STU6046,8.1,6.3,5.4,6.6,8.4,9.3,4.4,ISTJ,Nông nghiệp & Môi trường,Lâm nghiệp đô thị,4.8
STU1375,4.7,5.3,5.1,6.3,5.9,4.8,3.7,INFP,Kinh tế & Quản lý,Kinh tế quốc tế,3.4
STU2888,6.7,8.3,10.0,7.0,5.1,6.2,9.4,ISFP,Ngôn ngữ & Văn hóa,Tiếng Việt và văn hoá Việt Nam,4.4
STU1727,7.9,8.5,8.2,6.7,6.7,5.7,6.1,ENTP,Kinh tế & Quản lý,Quản trị kinh doanh,4.4
STU0909,10.0,6.0,5.3,4.8,9.6,9.2,6.2,ISTJ,Y tế & Sức khỏe,Điều dưỡng,5.2
STU4664,5.3,9.3,6.8,6.8,6.4,4.7,8.9,INTJ,Luật & Xã hội,Công tác xã hội,4.4
STU2878,5.4,8.4,10.0,5.9,5.0,6.3,7.5,INTP,Ngôn ngữ & Văn hóa,Ngôn ngữ Anh,5.1
STU7719,5.7,7.4,8.5,6.9,6.9,5.7,8.5,ENFP,Du lịch & Dịch vụ,Quản lý thể dục thể thao,4.4
STU6187,8.6,5.5,5.3,5.7,7.3,8.8,6.6,ISFP,Nông nghiệp & Môi trường,Nông nghiệp,3.9
STU3195,7.2,9.4,8.8,5.6,5.1,5.0,8.4,INFP,Ngôn ngữ & Văn hóa,Văn học,4.3
STU3883,5.3,9.0,8.3,6.3,6.1,5.8,6.5,ENFP,Truyền thông & Báo chí,Báo chí,4.0
STU4348,5.3,9.0,6.1,6.2,6.4,5.3,6.3,INFJ,Nghệ thuật & Thiết kế,Thiết kế công nghiệp,3.4
STU1056,8.6,6.2,6.1,5.2,10.0,9.9,6.1,ISTJ,Y tế & Sức khỏe,Kỹ thuật phục hồi chức năng,3.8
STU3796,6.5,8.5,7.8,5.6,5.7,6.7,7.8,ENTP,Truyền thông & Báo chí,Thông tin - thư viện,4.3
STU3535,7.1,8.7,10.0,7.5,7.5,4.9,7.5,ENTP,Truyền thông & Báo chí,Thông tin - thư viện,4.9
STU4392,6.0,7.5,4.6,5.5,7.1,5.4,7.8,INFP,Nghệ thuật & Thiết kế,Điêu khắc,4.1
STU2550,7.5,10.0,7.1,6.5,7.0,5.9,9.6,ESFJ,Sư phạm & Giáo dục,Sư phạm Ngữ văn,5.2
STU4756,5.0,9.4,7.6,6.0,6.1,7.2,9.8,INTJ,Luật & Xã hội,Công tác xã hội,4.1
STU7706,6.8,8.4,8.8,6.1,6.2,5.4,8.8,ESFJ,Du lịch & Dịch vụ,Quản lý thể dục thể thao,4.4
STU7733,6.0,7.3,8.7,5.7,7.3,5.2,8.1,ESFP,Du lịch & Dịch vụ,Quản trị nhà hàng và dịch vụ ăn uống,3.7
STU2465,7.1,9.4,8.8,5.5,6.2,6.3,8.5,ISFJ,Sư phạm & Giáo dục,Sư phạm Toán học,3.3
STU5076,5.7,9.5,8.0,5.9,5.7,6.0,9.0,ENTJ,Luật & Xã hội,Xã hội học,3.6
STU3995,6.6,9.1,7.8,7.1,6.2,5.0,7.2,ENTP,Truyền thông & Báo chí,Báo chí,5.1
STU3976,4.9,4.0,5.2,6.7,4.7,4.6,4.7,INTJ,Truyền thông & Báo chí,Thông tin - thư viện,2.4
STU5737,8.5,4.4,5.6,8.6,7.5,6.6,6.0,ESTP,"Kỹ thuật, Cơ khí & Ô tô",Kỹ thuật điều khiển và tự động hóa,4.4
STU1023,9.9,5.4,5.4,5.8,9.1,10.0,5.6,INFJ,Y tế & Sức khỏe,Kỹ thuật phục hồi chức năng,4.2
STU3838,7.0,9.9,9.0,6.9,5.6,6.2,8.4,ENTP,Truyền thông & Báo chí,Báo chí,5.2
STU0774,9.2,6.8,5.1,6.6,8.6,8.5,4.9,ISTJ,Y tế & Sức khỏe,Y đa khoa,3.3
STU1741,8.9,8.3,7.8,5.1,4.8,6.3,7.1,ESTJ,Kinh tế & Quản lý,Kế toán,4.0
STU3476,6.3,10.0,8.9,5.0,6.5,5.8,8.5,ESFP,Truyền thông & Báo chí,Công nghệ truyền thông,3.3
STU1673,9.6,8.9,9.9,5.9,6.0,5.4,7.5,ESTP,Kinh tế & Quản lý,Kinh tế quốc tế,3.7
STU7801,5.7,7.3,8.6,5.6,6.4,7.0,8.9,ESFP,Du lịch & Dịch vụ,Du lịch,5.4
STU0051,9.6,6.3,8.4,9.1,5.9,6.3,6.0,INTJ,Công nghệ Thông tin & Kỹ thuật Máy tính,Khoa học dữ liệu,5.5
STU5495,4.3,5.5,6.1,5.8,5.8,5.1,4.0,INTJ,"Kỹ thuật, Cơ khí & Ô tô",Kỹ thuật điều khiển và tự động hóa,2.3
STU0734,9.6,5.4,7.4,6.8,8.8,9.2,5.8,ISFP,Y tế & Sức khỏe,Dược học,4.3
STU0246,8.7,6.2,7.8,9.2,7.8,6.9,6.9,ENTP,Công nghệ Thông tin & Kỹ thuật Máy tính,An toàn thông tin,3.3
STU7402,6.6,7.5,7.8,6.9,4.3,5.2,8.4,ESTP,Du lịch & Dịch vụ,Quản lý thể dục thể thao,5.0
STU0180,9.1,6.9,8.2,8.4,8.0,6.6,6.1,ISTJ,Công nghệ Thông tin & Kỹ thuật Máy tính,Thiết kế vi mạch,3.7
STU6907,8.7,5.4,6.1,9.0,7.9,6.0,4.9,ISTP,Xây dựng & Quy hoạch,Địa kỹ thuật xây dựng,4.1
STU0018,10.0,8.2,8.3,9.4,6.2,6.3,5.1,ISTJ,Công nghệ Thông tin & Kỹ thuật Máy tính,Khoa học dữ liệu,5.2
STU2179,6.3,7.7,7.8,5.8,6.3,5.2,9.7,ISFJ,Sư phạm & Giáo dục,Sư phạm Tiếng Anh,4.0
STU7125,10.0,6.1,5.0,8.5,7.4,5.8,6.4,ISTJ,Xây dựng & Quy hoạch,Kinh tế xây dựng,3.9
STU2471,8.2,10.0,8.6,6.1,4.8,5.7,9.4,ESFJ,Sư phạm & Giáo dục,Sư phạm Toán học,4.2
STU3795,5.4,9.3,9.1,5.6,6.8,6.3,9.2,ENTP,Truyền thông & Báo chí,Lưu trữ học,4.0
STU5286,7.3,5.2,4.8,5.5,4.7,6.4,6.5,ESTP,Luật & Xã hội,Tâm lý học,3.3
STU4557,7.0,7.9,6.1,6.7,6.5,5.0,8.0,INFP,Nghệ thuật & Thiết kế,Thanh nhạc,5.0
STU7545,5.4,7.0,9.5,6.2,7.1,5.6,8.0,ESFJ,Du lịch & Dịch vụ,Quản trị nhà hàng và dịch vụ ăn uống,4.1
STU1184,9.4,5.4,6.9,6.5,8.2,8.7,7.3,ISFP,Y tế & Sức khỏe,Quản lý bệnh viện,4.8
STU7688,5.7,7.0,9.0,6.9,5.9,6.9,7.7,ESTP,Du lịch & Dịch vụ,Quản trị khách sạn,4.1
STU7392,7.3,8.6,8.5,4.7,5.5,5.2,7.5,ESFP,Du lịch & Dịch vụ,Quản trị khách sạn,4.8
STU1616,10.0,6.7,8.8,7.1,6.4,5.4,5.1,ESTP,Kinh tế & Quản lý,Kế toán,5.2
STU4604,5.4,8.3,7.1,6.9,6.5,4.5,6.3,ISFP,Nghệ thuật & Thiết kế,Thiết kế thời trang,4.5
STU6359,8.5,8.0,6.4,5.3,9.0,9.4,6.6,INFP,Nông nghiệp & Môi trường,Công nghệ sau thu hoạch,3.9
STU0322,8.2,6.6,7.7,9.8,8.0,6.0,4.7,ISTP,Công nghệ Thông tin & Kỹ thuật Máy tính,An toàn thông tin,5.1
STU6274,7.6,6.1,5.1,5.2,9.4,8.6,5.6,INFP,Nông nghiệp & Môi trường,Nuôi trồng thủy sản,3.9
STU7992,5.5,7.9,8.4,5.7,7.0,5.9,7.9,ESTP,Du lịch & Dịch vụ,Du lịch,5.4
STU6057,8.1,5.0,6.4,6.8,8.6,9.1,5.1,ISTJ,Nông nghiệp & Môi trường,Nông nghiệp,4.9
STU4506,6.3,9.0,6.1,5.1,5.3,5.5,7.4,INFP,Nghệ thuật & Thiết kế,Thiết kế công nghiệp,3.8
STU1534,8.4,6.7,8.3,6.2,6.1,6.8,6.5,ENTP,Kinh tế & Quản lý,Kinh doanh quốc tế,3.7
STU2583,7.6,9.0,9.6,6.5,6.6,6.3,9.6,ESFJ,Sư phạm & Giáo dục,Giáo dục Tiểu học,4.1
STU5607,8.0,7.1,4.4,10.0,6.4,6.4,6.0,ESTP,"Kỹ thuật, Cơ khí & Ô tô",Kỹ thuật điện,4.4
STU3306,5.4,8.8,8.8,6.5,7.0,6.8,6.8,INTP,Ngôn ngữ & Văn hóa,Đông phương học,4.2
STU7866,6.7,4.5,6.1,5.0,3.9,6.0,5.8,INFP,Du lịch & Dịch vụ,Quản trị nhà hàng và dịch vụ ăn uống,3.6
STU2843,6.4,8.7,10.0,6.4,5.7,4.8,8.5,INFP,Ngôn ngữ & Văn hóa,Ngôn ngữ Trung Quốc,4.0
STU3729,6.2,9.9,7.9,5.5,5.0,5.6,6.0,ENTP,Truyền thông & Báo chí,Lưu trữ học,4.9
STU0958,8.0,5.7,6.4,6.7,9.0,8.8,5.1,INFJ,Y tế & Sức khỏe,Kỹ thuật phục hồi chức năng,5.1
STU6318,7.2,6.2,6.4,5.3,8.2,10.0,6.4,ISFP,Nông nghiệp & Môi trường,Công nghệ sinh học,4.4
STU1145,9.2,5.2,6.1,6.5,9.1,8.0,5.9,ISTJ,Y tế & Sức khỏe,Kỹ thuật phục hồi chức năng,4.5
STU2887,6.1,7.7,9.7,7.4,7.0,7.1,7.3,INTP,Ngôn ngữ & Văn hóa,Ngôn ngữ Hàn Quốc,5.3
STU2514,6.2,10.0,8.8,6.9,5.1,8.0,10.0,INFJ,Sư phạm & Giáo dục,Sư phạm Tin học,4.5
STU1966,8.9,7.1,9.4,6.2,6.4,6.6,6.4,ENTJ,Kinh tế & Quản lý,Kiểm toán,4.6
STU3299,4.7,8.4,9.8,5.4,5.3,5.9,7.6,INFP,Ngôn ngữ & Văn hóa,Quốc tế học,4.6
STU7501,6.7,7.8,8.1,6.0,7.2,6.6,8.9,ESFJ,Du lịch & Dịch vụ,Quản lý thể dục thể thao,3.6
STU7547,7.2,7.1,8.3,6.2,6.6,6.6,7.7,ENFP,Du lịch & Dịch vụ,Quản trị khách sạn,5.0
STU4240,4.6,5.8,6.2,6.0,5.7,5.1,5.6,ISTJ,Nghệ thuật & Thiết kế,Kiến trúc,2.1
STU6010,6.7,6.7,5.6,6.1,8.1,9.9,6.5,ISFP,Nông nghiệp & Môi trường,Nuôi trồng thủy sản,4.1
STU2690,5.9,8.3,10.0,4.5,5.3,6.9,8.4,INFP,Ngôn ngữ & Văn hóa,Đông phương học,3.9
STU3298,6.6,9.4,9.2,6.8,7.1,6.1,7.5,INFP,Ngôn ngữ & Văn hóa,Ngôn ngữ Nhật,4.7
STU5781,8.5,6.9,6.6,7.7,8.8,5.5,5.3,ISTJ,"Kỹ thuật, Cơ khí & Ô tô",Kỹ thuật cơ điện tử,5.2
STU1076,9.0,4.9,5.5,6.3,10.0,9.9,7.7,ISTJ,Y tế & Sức khỏe,Răng - Hàm - Mặt,5.0
STU5008,6.2,8.4,7.2,6.6,5.7,6.1,10.0,ISTJ,Luật & Xã hội,Chính trị học,4.5
STU2689,5.5,9.2,9.0,7.2,6.9,6.8,7.7,ISFP,Ngôn ngữ & Văn hóa,Ngôn ngữ Trung Quốc,4.0
STU2273,6.2,10.0,9.3,6.9,6.1,5.9,9.0,INFJ,Sư phạm & Giáo dục,Sư phạm Toán học,4.4
STU2516,7.2,9.2,9.5,6.2,6.1,5.9,9.3,ESFJ,Sư phạm & Giáo dục,Tâm lý học giáo dục,4.9
STU7680,5.5,8.6,8.8,6.2,5.7,6.3,9.0,ENFP,Du lịch & Dịch vụ,Quản trị dịch vụ du lịch và lữ hành,4.2
STU7277,8.5,5.7,5.3,7.7,7.6,5.2,5.6,ESTJ,Xây dựng & Quy hoạch,Quản lý xây dựng,4.5
STU2670,5.9,9.7,10.0,5.2,6.5,7.6,8.2,INFP,Ngôn ngữ & Văn hóa,Quốc tế học,4.6
STU1104,9.3,5.0,5.7,5.5,10.0,10.0,4.9,INFJ,Y tế & Sức khỏe,Điều dưỡng,4.6
STU6412,7.6,6.6,6.6,5.7,9.3,9.9,6.6,INFP,Nông nghiệp & Môi trường,Công nghệ sinh học,3.7
STU7947,7.1,7.7,8.8,7.4,6.4,6.8,8.1,ESTP,Du lịch & Dịch vụ,Quản trị dịch vụ du lịch và lữ hành,3.4
STU1222,9.5,5.1,6.1,6.8,8.5,8.7,4.8,ISTJ,Y tế & Sức khỏe,Dược học,4.0
STU2930,5.2,8.6,9.3,5.8,6.6,7.0,6.9,INTP,Ngôn ngữ & Văn hóa,Ngôn ngữ Hàn Quốc,4.8
STU0436,8.6,7.1,10.0,9.9,8.3,5.4,6.4,INTP,Công nghệ Thông tin & Kỹ thuật Máy tính,Thiết kế vi mạch,4.1
STU2115,8.1,10.0,8.5,7.1,6.4,5.5,10.0,INFJ,Sư phạm & Giáo dục,Sư phạm Toán học,4.1
STU6329,6.9,6.7,6.3,5.3,8.2,9.6,5.9,ISFJ,Nông nghiệp & Môi trường,Công nghệ sinh học,4.3
STU7841,6.1,8.2,9.3,6.4,6.1,4.7,8.2,ESTP,Du lịch & Dịch vụ,Quản lý thể dục thể thao,4.3
STU4743,5.7,8.5,7.5,6.3,6.0,6.1,8.6,INFJ,Luật & Xã hội,Quản lý nhà nước,4.7
STU2108,6.3,8.6,10.0,6.7,7.0,6.4,9.7,ESFJ,Sư phạm & Giáo dục,Giáo dục Tiểu học,3.3
STU1169,9.4,5.5,7.1,6.7,8.4,8.6,5.9,ISFP,Y tế & Sức khỏe,Quản lý bệnh viện,5.8
STU4234,5.3,8.6,7.5,6.2,6.8,6.0,7.5,ISFP,Nghệ thuật & Thiết kế,Thanh nhạc,4.1
STU4547,5.9,7.4,7.3,5.4,5.7,6.7,8.7,INFJ,Nghệ thuật & Thiết kế,Thiết kế thời trang,4.9
STU6217,8.5,6.5,6.2,6.6,7.4,9.5,4.7,ISFP,Nông nghiệp & Môi trường,Công nghệ sinh học,5.1
STU7364,6.9,7.5,8.0,5.5,5.0,5.5,7.8,ESFP,Du lịch & Dịch vụ,Du lịch,4.7
STU3051,5.6,8.7,8.6,5.4,6.0,6.4,8.0,ISFP,Ngôn ngữ & Văn hóa,Ngôn ngữ học,4.4
STU4656,6.5,5.1,6.0,5.7,5.3,4.9,6.0,ISTJ,Nghệ thuật & Thiết kế,Thiết kế thời trang,2.6
STU1545,8.4,7.0,9.4,6.5,6.3,6.2,5.2,ENTP,Kinh tế & Quản lý,Kinh doanh quốc tế,3.8
STU7522,6.1,7.2,8.8,6.5,6.3,6.4,8.0,ESFP,Du lịch & Dịch vụ,Quản lý thể dục thể thao,4.6
STU3026,4.5,8.9,9.4,4.8,5.0,4.9,8.4,INFP,Ngôn ngữ & Văn hóa,Ngôn ngữ Trung Quốc,4.0
STU1570,7.8,7.3,8.5,6.7,6.5,6.0,5.7,ESTJ,Kinh tế & Quản lý,Kinh tế,4.1
STU4398,5.1,7.8,5.4,6.0,6.3,6.1,7.7,INFP,Nghệ thuật & Thiết kế,Thiết kế nội thất,4.9
STU3430,4.5,10.0,9.6,6.3,5.8,5.6,8.3,ENFP,Truyền thông & Báo chí,Truyền thông đa phương tiện,4.7
STU0487,8.6,7.0,8.6,6.8,7.3,6.0,5.8,ISTJ,Công nghệ Thông tin & Kỹ thuật Máy tính,Khoa học dữ liệu,3.8
STU1508,9.2,7.9,9.4,5.4,6.0,5.6,7.1,ESTJ,Kinh tế & Quản lý,Kinh doanh quốc tế,4.1
STU0200,8.8,5.7,9.5,8.5,6.7,7.0,6.2,INTP,Công nghệ Thông tin & Kỹ thuật Máy tính,Thiết kế vi mạch,3.1
STU0997,9.8,6.5,5.9,5.1,8.6,8.0,4.9,ISTJ,Y tế & Sức khỏe,Điều dưỡng,4.7
STU5061,6.9,7.9,8.2,5.4,5.1,5.3,9.9,INTJ,Luật & Xã hội,Quản lý nhà nước,5.6
STU7568,4.5,7.8,8.1,4.7,6.5,6.3,8.6,ESFJ,Du lịch & Dịch vụ,Quản lý thể dục thể thao,3.9
STU1887,10.0,8.8,7.8,6.4,5.2,7.2,6.4,ESTP,Kinh tế & Quản lý,Kinh tế,4.3
STU6352,7.2,5.4,7.6,5.9,7.5,8.8,5.5,ISTJ,Nông nghiệp & Môi trường,Khoa học môi trường,4.9
STU4739,5.4,8.3,7.3,5.7,7.0,4.9,9.0,ISTJ,Luật & Xã hội,Luật kinh tế,3.8
STU6081,8.0,6.4,6.0,5.4,8.2,8.6,6.4,ISFP,Nông nghiệp & Môi trường,Công nghệ sinh học,4.6
STU1769,8.0,8.2,9.7,5.9,7.0,4.7,6.2,ENTJ,Kinh tế & Quản lý,Kinh doanh quốc tế,4.3
STU5293,5.5,9.0,8.4,7.4,7.7,5.2,9.8,INFJ,Luật & Xã hội,Xã hội học,4.3
STU2586,6.9,9.1,10.0,6.3,6.7,6.9,8.1,ENFJ,Sư phạm & Giáo dục,Tâm lý học giáo dục,3.8
STU7352,5.2,9.2,8.9,5.4,6.5,7.2,8.4,ESTP,Du lịch & Dịch vụ,Quản trị khách sạn,5.3
STU5158,5.3,8.6,7.6,6.0,6.5,4.8,10.0,INTJ,Luật & Xã hội,Công tác xã hội,5.2
STU2822,5.2,4.5,7.7,5.2,5.5,5.3,4.3,INTJ,Ngôn ngữ & Văn hóa,Ngôn ngữ Trung Quốc,3.5
STU5077,6.1,8.6,6.9,5.8,4.8,6.2,8.8,ISTJ,Luật & Xã hội,Chính trị học,3.9
STU4792,5.1,9.3,9.2,6.0,6.5,6.7,8.8,ISTJ,Luật & Xã hội,Công tác xã hội,3.4
STU6422,7.8,7.8,5.9,6.0,8.5,9.1,6.5,ISFP,Nông nghiệp & Môi trường,Khoa học môi trường,3.7
STU3205,5.2,9.1,10.0,5.2,5.8,6.1,9.0,INTP,Ngôn ngữ & Văn hóa,Tiếng Việt và văn hoá Việt Nam,3.6
STU7203,9.1,5.2,6.3,8.3,6.9,5.4,5.5,ISTP,Xây dựng & Quy hoạch,Kỹ thuật xây dựng,4.2
STU3321,6.9,8.9,8.5,6.5,5.9,7.2,8.8,INTP,Ngôn ngữ & Văn hóa,Văn học,4.1
STU0712,9.9,4.6,4.9,5.7,9.8,8.4,7.0,INFJ,Y tế & Sức khỏe,Dược học,4.8
STU0355,9.8,6.6,9.3,9.1,7.9,5.4,5.9,INTP,Công nghệ Thông tin & Kỹ thuật Máy tính,Khoa học Máy tính,3.5
STU1927,9.4,7.3,9.8,6.8,5.6,4.5,4.9,ENTJ,Kinh tế & Quản lý,Quản trị kinh doanh,3.9
STU5994,9.2,4.8,6.0,9.5,8.2,5.8,5.6,ESTP,"Kỹ thuật, Cơ khí & Ô tô",Kỹ thuật điện,4.6
STU0049,9.3,5.1,8.0,9.5,6.9,6.0,6.9,ISTJ,Công nghệ Thông tin & Kỹ thuật Máy tính,Công nghệ thông tin,4.2
STU2488,7.7,9.4,9.9,5.8,6.6,6.8,10.0,ENFJ,Sư phạm & Giáo dục,Tâm lý học giáo dục,4.9
STU0643,8.3,5.3,7.3,7.6,8.0,6.7,5.5,INTJ,Công nghệ Thông tin & Kỹ thuật Máy tính,Công nghệ thông tin,3.6
STU6247,7.5,4.5,6.1,5.5,7.9,9.8,6.2,ISFP,Nông nghiệp & Môi trường,Lâm nghiệp đô thị,4.4
STU4320,5.7,7.7,4.9,6.6,5.4,4.1,9.2,INFJ,Nghệ thuật & Thiết kế,Điêu khắc,4.6
STU0177,10.0,5.5,7.5,8.2,6.0,5.8,6.4,INTJ,Công nghệ Thông tin & Kỹ thuật Máy tính,Khoa học Máy tính,5.4
STU3104,6.8,8.7,9.5,5.1,7.2,6.2,8.4,ISFP,Ngôn ngữ & Văn hóa,Ngôn ngữ Anh,5.7
STU6338,7.7,5.5,6.0,4.9,7.9,9.4,5.7,ISFJ,Nông nghiệp & Môi trường,Khoa học môi trường,4.1
STU0787,9.2,5.7,5.6,5.3,8.1,8.9,6.4,ISFP,Y tế & Sức khỏe,Dược học,4.8
STU2264,6.2,10.0,9.7,6.8,6.1,5.6,9.0,ESFJ,Sư phạm & Giáo dục,Sư phạm Vật lý,4.6
STU3247,4.5,9.1,9.6,6.1,5.9,4.7,8.1,INFP,Ngôn ngữ & Văn hóa,Đông phương học,4.5
STU2178,5.7,2.9,5.8,6.2,4.3,4.7,4.1,ISTJ,Sư phạm & Giáo dục,Sư phạm Ngữ văn,3.2
STU4998,7.4,9.8,7.4,4.5,6.1,5.0,10.0,INFJ,Luật & Xã hội,Luật kinh tế,5.5
STU1671,10.0,8.6,9.0,6.6,5.7,7.3,5.8,ESTJ,Kinh tế & Quản lý,Kinh tế quốc tế,4.1
STU6978,6.4,4.3,6.1,5.0,4.9,5.6,4.3,ESTP,Xây dựng & Quy hoạch,Địa kỹ thuật xây dựng,3.5
STU4727,6.0,9.3,8.6,4.6,5.2,6.6,10.0,INTJ,Luật & Xã hội,Chính trị học,4.3
STU0092,9.7,6.3,8.6,9.7,6.8,6.7,5.2,ISTJ,Công nghệ Thông tin & Kỹ thuật Máy tính,Kỹ thuật phần mềm,4.0
STU5463,10.0,5.5,6.9,8.8,9.5,4.5,4.7,ISTJ,"Kỹ thuật, Cơ khí & Ô tô",Công nghệ kỹ thuật ô tô,2.8
STU7797,6.2,8.1,9.2,7.2,6.3,6.3,9.1,ESFJ,Du lịch & Dịch vụ,Du lịch,3.8
STU2719,4.9,8.8,8.9,4.1,7.1,5.8,7.5,INFP,Ngôn ngữ & Văn hóa,Ngôn ngữ Anh,4.4
STU5857,9.3,6.9,6.0,9.4,7.5,5.9,6.1,ESTP,"Kỹ thuật, Cơ khí & Ô tô",Kỹ thuật cơ điện tử,4.3
STU1088,9.4,5.5,4.8,6.2,10.0,8.7,6.9,INFJ,Y tế & Sức khỏe,Dược học,4.7
STU2904,5.2,8.8,9.2,5.2,4.5,6.7,7.9,ISFP,Ngôn ngữ & Văn hóa,Ngôn ngữ học,4.5
STU0531,9.2,7.4,7.1,9.4,6.8,5.7,6.1,ISTP,Công nghệ Thông tin & Kỹ thuật Máy tính,Kỹ thuật phần mềm,4.5
STU2485,6.6,10.0,9.1,5.7,6.3,5.6,8.1,ISFJ,Sư phạm & Giáo dục,Tâm lý học giáo dục,3.9
STU2800,5.8,9.0,10.0,5.0,6.4,5.3,6.5,ISFP,Ngôn ngữ & Văn hóa,Ngôn ngữ Hàn Quốc,3.9
STU1731,9.2,8.1,8.4,5.7,6.2,6.2,6.6,ENTP,Kinh tế & Quản lý,Kinh tế quốc tế,4.2
STU7213,7.6,5.5,4.9,5.6,5.0,4.5,7.1,ESFP,Xây dựng & Quy hoạch,Công nghệ kỹ thuật công trình xây dựng,2.7
STU5186,5.0,9.5,8.8,6.1,5.2,6.1,8.7,INFJ,Luật & Xã hội,Tâm lý học,5.7
STU2523,6.3,6.6,6.2,5.6,5.1,6.7,6.1,INFP,Sư phạm & Giáo dục,Sư phạm Vật lý,2.9
STU3983,6.5,10.0,9.2,8.0,6.4,5.6,8.7,ENFP,Truyền thông & Báo chí,Truyền thông đại chúng,4.3
STU0107,10.0,6.7,7.7,9.5,7.5,6.7,5.7,INTJ,Công nghệ Thông tin & Kỹ thuật Máy tính,Công nghệ thông tin,4.9
STU2319,6.5,8.7,8.7,5.3,6.3,5.8,10.0,INFJ,Sư phạm & Giáo dục,Giáo dục Tiểu học,5.1
STU3943,5.1,9.0,8.1,6.6,7.0,5.5,8.9,ENFP,Truyền thông & Báo chí,Truyền thông đại chúng,3.4
STU7098,9.0,6.7,5.9,8.7,6.0,5.8,6.3,ISTJ,Xây dựng & Quy hoạch,Địa kỹ thuật xây dựng,4.8
STU5748,9.0,5.2,6.0,8.3,8.3,6.2,6.1,ISTP,"Kỹ thuật, Cơ khí & Ô tô",Kỹ thuật cơ khí,4.5
STU3397,6.3,7.1,7.1,5.9,5.4,5.5,7.8,INTJ,Truyền thông & Báo chí,Truyền thông đại chúng,2.5
STU0132,10.0,6.7,9.6,9.1,7.0,5.6,5.3,INTP,Công nghệ Thông tin & Kỹ thuật Máy tính,Khoa học Máy tính,3.5
STU7474,5.3,8.2,8.9,5.2,5.7,4.1,9.4,ESFJ,Du lịch & Dịch vụ,Quản trị nhà hàng và dịch vụ ăn uống,4.9
STU2265,6.8,8.3,9.9,6.5,5.6,6.5,9.9,ESFJ,Sư phạm & Giáo dục,Sư phạm Tiếng Anh,5.2
STU7179,8.7,7.5,6.5,8.8,7.8,5.9,5.3,ISTP,Xây dựng & Quy hoạch,Kỹ thuật cấp thoát nước,3.0
STU3323,6.8,8.2,10.0,4.6,6.4,5.8,7.3,INTP,Ngôn ngữ & Văn hóa,Ngôn ngữ Anh,3.7
STU4907,7.2,9.1,9.0,5.4,6.8,6.8,10.0,ENTJ,Luật & Xã hội,Luật,4.6
STU2419,6.3,9.6,8.6,5.3,5.1,4.3,9.7,ISFJ,Sư phạm & Giáo dục,Sư phạm Vật lý,5.3
STU6948,8.1,6.8,6.2,7.8,6.4,7.0,4.3,ISTJ,Xây dựng & Quy hoạch,Địa kỹ thuật xây dựng,5.0
STU7436,5.1,7.5,8.5,5.3,5.3,6.6,8.4,ESTP,Du lịch & Dịch vụ,Du lịch,5.4
STU3906,5.2,8.9,8.7,6.5,6.9,6.0,8.6,ENTP,Truyền thông & Báo chí,Quan hệ công chúng,3.9
STU4865,6.2,9.2,7.4,5.8,5.5,5.1,9.7,ISTJ,Luật & Xã hội,Tâm lý học,4.5
STU2413,6.5,8.9,9.5,5.0,7.3,6.5,9.8,ENFJ,Sư phạm & Giáo dục,Sư phạm Ngữ văn,4.4
STU1955,6.5,6.7,9.7,5.9,6.2,7.6,5.9,ESTJ,Kinh tế & Quản lý,Thương mại điện tử,2.8
STU7766,6.1,8.6,9.7,4.4,6.3,4.9,7.3,ESFJ,Du lịch & Dịch vụ,Quản lý thể dục thể thao,4.1
STU3170,6.9,7.4,9.4,7.2,5.9,5.5,8.7,INFP,Ngôn ngữ & Văn hóa,Quốc tế học,4.0
STU6026,8.1,6.0,6.4,5.2,8.5,10.0,6.0,ISTJ,Nông nghiệp & Môi trường,Công nghệ sau thu hoạch,5.1
STU4820,5.9,10.0,7.6,5.1,7.0,5.0,9.0,INTJ,Luật & Xã hội,Xã hội học,4.2
STU5002,5.4,8.9,7.5,6.2,5.8,5.7,10.0,INTJ,Luật & Xã hội,Tâm lý học,5.4
STU1666,8.6,8.8,9.3,5.2,6.5,7.3,6.7,ESTP,Kinh tế & Quản lý,Kinh doanh quốc tế,4.4
STU0695,9.3,5.5,6.5,7.0,9.3,10.0,5.9,ISFJ,Y tế & Sức khỏe,Quản lý bệnh viện,4.1
STU5284,6.5,8.4,7.0,5.5,5.5,4.9,9.6,ENTJ,Luật & Xã hội,Luật kinh tế,4.8
STU2482,6.5,9.9,9.2,5.5,4.7,5.6,9.7,ISFJ,Sư phạm & Giáo dục,Giáo dục Tiểu học,4.4
STU5717,8.5,6.0,5.9,9.1,7.3,5.1,6.8,INTJ,"Kỹ thuật, Cơ khí & Ô tô",Robot và Trí tuệ nhân tạo,4.3
STU0983,4.2,5.7,4.8,5.4,5.4,3.8,7.9,INFP,Y tế & Sức khỏe,Điều dưỡng,2.9
STU0168,9.5,5.1,8.9,9.6,7.8,5.7,5.1,ENTP,Công nghệ Thông tin & Kỹ thuật Máy tính,An toàn thông tin,4.0
STU0094,5.2,6.1,5.5,6.6,4.5,5.2,6.8,INTJ,Công nghệ Thông tin & Kỹ thuật Máy tính,Khoa học dữ liệu,2.1
STU0368,9.1,7.5,9.6,9.4,8.1,7.1,6.6,ENTP,Công nghệ Thông tin & Kỹ thuật Máy tính,Công nghệ thông tin,5.6
STU2834,5.4,9.4,8.8,6.0,7.0,5.7,7.4,INTP,Ngôn ngữ & Văn hóa,Ngôn ngữ Nhật,4.7
STU7679,6.2,7.8,8.9,6.4,5.6,6.3,8.0,ESTP,Du lịch & Dịch vụ,Quản trị nhà hàng và dịch vụ ăn uống,4.0
STU3707,6.4,9.3,8.4,7.2,6.6,6.9,8.4,ESFP,Truyền thông & Báo chí,Lưu trữ học,2.3
STU5693,9.1,6.0,5.2,8.8,7.9,7.0,6.1,ESTP,"Kỹ thuật, Cơ khí & Ô tô",Kỹ thuật cơ khí,4.1
STU0836,8.5,6.9,5.8,6.3,8.5,9.0,6.9,INFJ,Y tế & Sức khỏe,Y học cổ truyền,4.3
STU1979,8.5,7.1,10.0,6.0,5.4,5.8,5.9,ENTP,Kinh tế & Quản lý,Quản trị kinh doanh,3.8
STU1164,8.6,5.2,5.9,4.9,9.0,8.8,7.1,INFJ,Y tế & Sức khỏe,Y học cổ truyền,3.8
STU6826,10.0,5.4,6.4,9.7,7.1,4.7,5.5,ISTP,Xây dựng & Quy hoạch,Địa kỹ thuật xây dựng,3.6
STU2119,6.5,9.1,8.4,7.4,6.1,5.2,9.9,ESFJ,Sư phạm & Giáo dục,Giáo dục Tiểu học,3.8
STU7886,5.9,7.4,8.3,5.5,5.6,6.9,7.0,ESTP,Du lịch & Dịch vụ,Quản lý thể dục thể thao,5.4
STU3817,6.1,9.0,9.0,5.6,5.9,7.1,8.8,ENTP,Truyền thông & Báo chí,Lưu trữ học,4.9
STU7096,8.7,6.6,6.3,8.2,7.6,4.9,5.1,ISTP,Xây dựng & Quy hoạch,Địa kỹ thuật xây dựng,4.5
STU4829,5.8,8.4,8.4,6.0,6.1,4.5,10.0,INTJ,Luật & Xã hội,Công tác xã hội,4.5
STU2511,6.9,8.8,8.1,5.0,8.2,5.6,10.0,ENFJ,Sư phạm & Giáo dục,Giáo dục Tiểu học,5.7
STU5243,6.1,8.8,7.2,4.7,6.9,5.8,8.9,ISTJ,Luật & Xã hội,Tâm lý học,4.5
STU7416,6.1,8.3,8.1,6.7,7.7,7.3,9.2,ESTP,Du lịch & Dịch vụ,Quản trị nhà hàng và dịch vụ ăn uống,3.7
STU5833,6.3,4.5,5.1,6.2,7.0,5.6,4.4,ENTP,"Kỹ thuật, Cơ khí & Ô tô",Robot và Trí tuệ nhân tạo,2.7
STU5163,5.7,7.8,9.0,5.8,5.3,6.0,9.3,ISTJ,Luật & Xã hội,Luật kinh tế,4.6
STU6208,7.4,5.5,5.7,5.7,9.7,10.0,6.8,INFP,Nông nghiệp & Môi trường,Nuôi trồng thủy sản,4.1
STU3502,7.7,9.2,9.0,5.2,5.9,6.4,8.7,ESFP,Truyền thông & Báo chí,Báo chí,4.4
STU4652,6.1,8.1,5.3,5.3,6.1,5.8,7.5,ISFP,Nghệ thuật & Thiết kế,Thiết kế công nghiệp,4.3
STU3506,6.8,8.7,9.0,6.3,6.0,4.9,7.5,ENFP,Truyền thông & Báo chí,Lưu trữ học,5.0
STU5877,9.4,6.4,5.3,8.8,8.4,7.2,5.6,ISTP,"Kỹ thuật, Cơ khí & Ô tô",Công nghệ kỹ thuật ô tô,4.3
STU1804,8.5,7.4,9.5,6.4,6.6,6.1,6.0,ENTJ,Kinh tế & Quản lý,Kế toán,4.8
STU6812,9.5,6.0,5.6,8.5,8.1,4.6,7.1,ISTJ,Xây dựng & Quy hoạch,Công nghệ kỹ thuật công trình xây dựng,4.1
STU1596,9.3,8.3,7.6,7.8,5.4,6.5,7.1,ENTP,Kinh tế & Quản lý,Marketing,4.5
STU2535,7.0,8.9,9.8,6.3,5.7,5.5,9.5,ISFJ,Sư phạm & Giáo dục,Sư phạm Vật lý,2.8
STU1018,9.7,5.4,6.2,6.7,9.1,9.0,5.1,ISFJ,Y tế & Sức khỏe,Y học dự phòng,4.2
STU5175,5.7,9.9,7.4,5.9,5.3,4.9,9.4,INTJ,Luật & Xã hội,Chính trị học,4.0
STU7930,4.9,7.5,7.6,7.0,7.1,6.4,9.0,ESTP,Du lịch & Dịch vụ,Quản trị khách sạn,5.6
STU0512,9.0,4.8,9.5,9.6,7.7,4.9,7.0,INTP,Công nghệ Thông tin & Kỹ thuật Máy tính,Khoa học Máy tính,4.2
STU0790,10.0,5.8,5.6,6.2,8.9,8.7,5.5,ISFJ,Y tế & Sức khỏe,Quản lý bệnh viện,4.5
STU1512,7.7,8.5,8.6,4.7,7.1,5.3,5.2,ENTP,Kinh tế & Quản lý,Kiểm toán,4.3
STU4956,6.3,9.3,7.2,5.7,5.1,5.9,10.0,ISTJ,Luật & Xã hội,Công tác xã hội,4.9
STU1889,8.9,7.3,8.6,5.4,5.8,7.8,5.9,ENTJ,Kinh tế & Quản lý,Kiểm toán,3.9
STU5788,9.0,7.2,7.3,9.5,7.3,5.3,6.9,ESTP,"Kỹ thuật, Cơ khí & Ô tô",Kỹ thuật điện,4.6
STU6746,9.4,5.0,6.4,7.4,5.8,6.8,6.8,ESTJ,Xây dựng & Quy hoạch,Địa kỹ thuật xây dựng,4.2
STU4553,7.0,7.0,5.0,6.1,5.9,5.2,6.8,ISFP,Nghệ thuật & Thiết kế,Thanh nhạc,5.2
STU2996,4.9,9.0,9.6,6.8,6.4,5.5,8.9,ISFP,Ngôn ngữ & Văn hóa,Ngôn ngữ Anh,3.9
STU2234,7.1,8.8,10.0,8.3,5.4,5.9,10.0,INFJ,Sư phạm & Giáo dục,Sư phạm Ngữ văn,4.5
STU6878,9.2,6.6,7.2,9.3,8.1,6.1,6.4,ISTP,Xây dựng & Quy hoạch,Kinh tế xây dựng,4.4
STU5603,6.0,4.9,3.6,5.9,6.3,4.8,6.3,ISTP,"Kỹ thuật, Cơ khí & Ô tô",Kỹ thuật điện tử - viễn thông,2.3
STU1670,9.4,9.0,7.7,7.3,7.7,5.9,6.2,ENTP,Kinh tế & Quản lý,Tài chính - Ngân hàng,4.7
STU5426,7.6,6.7,6.0,9.5,8.4,5.4,6.0,ISTP,"Kỹ thuật, Cơ khí & Ô tô",Kỹ thuật điều khiển và tự động hóa,4.5
STU6753,9.0,7.0,6.2,8.5,8.7,5.6,6.0,ESTJ,Xây dựng & Quy hoạch,Công nghệ kỹ thuật công trình xây dựng,5.3
STU4425,5.7,7.3,4.9,5.1,8.0,6.5,7.8,ISFP,Nghệ thuật & Thiết kế,Đạo diễn Điện ảnh - Truyền hình,4.4
STU2458,7.1,9.0,10.0,4.8,5.8,5.1,8.4,INFJ,Sư phạm & Giáo dục,Giáo dục Tiểu học,4.2
STU4193,5.6,8.2,7.0,7.0,5.9,6.7,6.8,ISFP,Nghệ thuật & Thiết kế,Thiết kế thời trang,5.1
STU6681,9.4,5.8,5.5,8.0,8.1,5.9,6.1,ESTJ,Xây dựng & Quy hoạch,Kinh tế xây dựng,5.0
STU3916,5.3,10.0,8.1,6.1,7.1,5.3,7.7,ENFP,Truyền thông & Báo chí,Công nghệ truyền thông,5.2
STU5045,5.4,8.8,8.5,5.1,6.1,6.7,8.8,ENTJ,Luật & Xã hội,Luật quốc tế,3.5
STU2089,6.0,9.9,8.8,6.1,5.4,5.5,8.5,INFJ,Sư phạm & Giáo dục,Giáo dục Tiểu học,3.8
STU7537,5.5,7.6,8.5,5.7,6.6,5.2,7.9,ENFP,Du lịch & Dịch vụ,Du lịch,3.5
STU6881,9.7,6.1,4.5,10.0,6.1,6.6,5.1,ISTP,Xây dựng & Quy hoạch,Công nghệ kỹ thuật công trình xây dựng,3.8
STU1851,4.6,4.5,5.2,6.0,7.6,6.3,7.2,INTP,Kinh tế & Quản lý,Quản trị kinh doanh,2.0
STU6877,8.9,5.1,5.1,8.4,5.4,7.0,7.7,ISTJ,Xây dựng & Quy hoạch,Quản lý xây dựng,3.6
STU5811,8.9,6.9,5.2,8.9,8.0,7.0,5.5,ISTJ,"Kỹ thuật, Cơ khí & Ô tô",Kỹ thuật điều khiển và tự động hóa,3.6
STU2448,6.3,9.2,9.1,5.1,7.0,4.5,9.6,ISFJ,Sư phạm & Giáo dục,Sư phạm Tin học,4.5
STU4849,6.4,9.3,7.6,6.2,5.7,6.6,9.3,ISTJ,Luật & Xã hội,Xã hội học,5.0
STU3572,6.2,10.0,7.6,4.9,5.8,6.2,8.6,ESFP,Truyền thông & Báo chí,Lưu trữ học,5.5
STU6418,7.6,7.1,5.5,6.4,7.9,9.1,6.4,ISTJ,Nông nghiệp & Môi trường,Thú y,4.3
STU2674,7.4,8.5,9.9,4.7,5.8,5.9,9.7,INTP,Ngôn ngữ & Văn hóa,Đông phương học,4.7
STU6227,6.4,5.8,5.2,6.2,8.8,9.0,5.8,ISFJ,Nông nghiệp & Môi trường,Công nghệ sinh học,4.5
STU0074,8.6,6.6,10.0,9.5,7.2,6.3,6.3,ISTP,Công nghệ Thông tin & Kỹ thuật Máy tính,Khoa học Máy tính,4.2
STU2922,6.9,8.0,9.3,6.6,6.6,4.5,7.4,INTP,Ngôn ngữ & Văn hóa,Văn học,4.2
STU4728,6.8,9.8,6.8,6.9,5.2,6.1,8.6,INTJ,Luật & Xã hội,Quản lý nhà nước,4.6
STU7531,6.2,7.3,9.1,5.1,6.1,4.9,8.3,ENFP,Du lịch & Dịch vụ,Quản trị dịch vụ du lịch và lữ hành,4.9
STU4048,5.8,7.8,5.9,8.3,5.4,7.2,8.7,INFJ,Nghệ thuật & Thiết kế,Thiết kế đồ họa,3.6
STU6160,6.8,5.4,6.2,5.5,9.4,9.7,5.7,INFP,Nông nghiệp & Môi trường,Khoa học môi trường,4.9
STU4318,4.9,5.6,6.6,6.8,7.1,5.5,4.9,ISTP,Nghệ thuật & Thiết kế,Thiết kế nội thất,1.4
STU5153,6.3,8.6,8.0,5.5,5.4,5.2,8.5,ISTJ,Luật & Xã hội,Luật,3.4
STU4511,6.3,8.9,6.4,6.1,5.1,6.5,8.0,INFP,Nghệ thuật & Thiết kế,Điêu khắc,5.1
STU7257,8.9,5.6,6.2,7.8,6.8,6.6,7.1,ISTJ,Xây dựng & Quy hoạch,Công nghệ kỹ thuật công trình xây dựng,4.3
STU1787,7.7,7.3,9.7,4.9,5.8,6.5,6.1,ESTP,Kinh tế & Quản lý,Hệ thống thông tin quản lý,4.9
STU1324,9.0,6.1,6.5,6.8,9.3,9.0,6.3,ISFJ,Y tế & Sức khỏe,Quản lý bệnh viện,3.8
STU3434,5.8,10.0,8.7,6.2,5.7,5.9,8.1,ENTP,Truyền thông & Báo chí,Công nghệ truyền thông,4.3
STU5240,6.1,9.2,7.4,6.5,6.6,7.1,9.3,ENTJ,Luật & Xã hội,Chính trị học,4.9
STU1340,9.4,7.3,8.0,6.2,5.3,7.3,5.4,ESTP,Kinh tế & Quản lý,Kinh tế,4.4
STU5274,7.6,7.9,8.7,6.9,6.6,6.6,9.0,INTJ,Luật & Xã hội,Công tác xã hội,4.6
STU0032,10.0,5.6,8.4,9.1,6.7,5.2,5.6,ISTJ,Công nghệ Thông tin & Kỹ thuật Máy tính,Khoa học dữ liệu,5.7
STU6583,9.0,6.2,6.6,5.7,8.4,10.0,6.6,INFP,Nông nghiệp & Môi trường,Lâm nghiệp đô thị,3.5
STU6526,8.9,5.8,6.8,5.1,8.8,9.3,6.2,INFP,Nông nghiệp & Môi trường,Nuôi trồng thủy sản,4.5
STU7589,5.9,7.5,8.4,5.3,6.7,6.1,7.6,ENFP,Du lịch & Dịch vụ,Quản trị nhà hàng và dịch vụ ăn uống,4.1
STU0169,9.3,6.1,9.4,9.0,8.1,4.7,6.2,ENTP,Công nghệ Thông tin & Kỹ thuật Máy tính,Công nghệ thông tin,4.0
STU4551,4.6,9.4,6.1,7.2,4.8,5.2,6.4,INFP,Nghệ thuật & Thiết kế,Thiết kế nội thất,5.4
STU7109,8.6,6.7,7.0,8.2,8.1,5.9,6.6,ISTP,Xây dựng & Quy hoạch,Công nghệ kỹ thuật công trình xây dựng,4.7
STU4608,6.9,4.0,5.3,5.7,4.6,6.0,5.8,ISTJ,Nghệ thuật & Thiết kế,Điêu khắc,2.8
STU1972,9.4,8.2,10.0,5.9,5.9,7.0,6.2,ESTJ,Kinh tế & Quản lý,Quản trị kinh doanh,4.7
STU1923,9.9,8.4,8.2,7.2,5.2,5.6,5.7,ESTP,Kinh tế & Quản lý,Thương mại điện tử,4.7
STU6790,8.7,6.6,6.2,8.8,7.2,5.8,5.2,ISTP,Xây dựng & Quy hoạch,Địa kỹ thuật xây dựng,3.7
STU7859,6.4,9.0,7.2,5.5,7.2,6.3,7.7,ESFP,Du lịch & Dịch vụ,Quản lý thể dục thể thao,5.2
STU4818,5.6,8.8,7.4,6.2,5.9,6.2,10.0,INFJ,Luật & Xã hội,Chính trị học,4.0
STU4575,5.8,9.7,5.7,7.4,7.1,5.9,7.8,INFP,Nghệ thuật & Thiết kế,Hội họa,4.1
STU5303,7.3,8.7,7.5,5.2,5.0,5.8,10.0,ISTJ,Luật & Xã hội,Luật,3.8
STU1401,10.0,7.7,9.2,5.8,6.6,6.2,5.2,ESTP,Kinh tế & Quản lý,Tài chính - Ngân hàng,4.6
STU6975,9.7,6.4,6.9,8.6,6.3,5.6,7.4,ESTJ,Xây dựng & Quy hoạch,Kỹ thuật xây dựng,3.6
STU3937,6.4,10.0,8.8,5.9,6.9,6.7,7.6,ENFP,Truyền thông & Báo chí,Truyền thông đa phương tiện,4.0
STU6908,8.3,5.5,5.1,9.1,6.7,5.8,5.9,ESTJ,Xây dựng & Quy hoạch,Công nghệ kỹ thuật công trình xây dựng,4.6
STU0027,9.9,5.6,9.9,9.2,7.1,5.9,6.2,ENTP,Công nghệ Thông tin & Kỹ thuật Máy tính,Thiết kế vi mạch,4.5
STU3444,5.6,9.5,8.9,6.2,6.8,5.1,8.4,ENTP,Truyền thông & Báo chí,Truyền thông đại chúng,3.6
STU2211,6.6,9.8,8.5,5.5,8.0,6.6,9.5,ENFJ,Sư phạm & Giáo dục,Sư phạm Toán học,4.5
STU7155,8.5,6.2,5.1,9.3,6.8,6.9,7.5,ISTJ,Xây dựng & Quy hoạch,Công nghệ kỹ thuật công trình xây dựng,5.2
STU1422,8.7,9.5,7.5,5.7,5.2,6.9,5.3,ESTJ,Kinh tế & Quản lý,Kinh doanh quốc tế,4.8
STU1453,9.5,7.2,9.4,6.0,7.9,5.2,5.1,ENTP,Kinh tế & Quản lý,Kinh tế,3.5
STU1935,8.4,8.5,9.7,6.2,5.1,5.8,6.3,ESTP,Kinh tế & Quản lý,Hệ thống thông tin quản lý,3.7
STU0501,10.0,5.8,8.1,9.0,5.9,6.0,6.0,INTP,Công nghệ Thông tin & Kỹ thuật Máy tính,Khoa học dữ liệu,4.7
STU7331,7.3,6.9,8.1,5.8,5.8,7.2,7.4,ESTP,Du lịch & Dịch vụ,Quản lý thể dục thể thao,3.7
STU0438,8.4,6.2,9.6,9.8,7.1,5.4,7.2,ENTP,Công nghệ Thông tin & Kỹ thuật Máy tính,An toàn thông tin,4.3
STU3540,5.4,10.0,8.3,6.2,5.7,6.0,6.7,ENFP,Truyền thông & Báo chí,Truyền thông đại chúng,4.1
STU6156,7.3,4.8,6.5,6.3,8.5,9.9,6.8,ISFP,Nông nghiệp & Môi trường,Lâm nghiệp đô thị,4.2
STU5841,9.7,4.2,5.6,9.0,7.8,6.2,5.2,ISTP,"Kỹ thuật, Cơ khí & Ô tô",Robot và Trí tuệ nhân tạo,4.9
STU1898,8.3,9.2,9.1,5.8,7.2,7.2,5.4,ESTP,Kinh tế & Quản lý,Hệ thống thông tin quản lý,5.6
STU1374,9.5,6.9,9.3,6.6,6.2,6.5,6.2,ENTJ,Kinh tế & Quản lý,Kế toán,4.2
STU6354,7.2,7.1,6.5,6.1,9.1,9.1,5.1,ISTJ,Nông nghiệp & Môi trường,Lâm nghiệp đô thị,4.9
STU2517,7.4,8.4,9.0,5.6,5.1,6.2,10.0,ESFJ,Sư phạm & Giáo dục,Giáo dục Tiểu học,5.0
STU6513,7.4,4.8,5.2,6.3,8.8,8.7,4.9,INFP,Nông nghiệp & Môi trường,Thú y,4.2
STU5712,9.6,6.8,6.4,9.7,7.8,4.6,7.3,ISTJ,"Kỹ thuật, Cơ khí & Ô tô",Công nghệ kỹ thuật ô tô,4.2
STU5522,9.9,6.8,7.0,8.9,8.5,7.6,7.0,INTJ,"Kỹ thuật, Cơ khí & Ô tô",Công nghệ kỹ thuật ô tô,5.0
STU3210,5.3,7.7,9.6,5.2,6.2,5.7,8.5,ISFP,Ngôn ngữ & Văn hóa,Ngôn ngữ Nhật,4.8
STU6221,8.4,6.1,7.2,5.4,7.9,8.6,7.3,ISTJ,Nông nghiệp & Môi trường,Lâm nghiệp đô thị,4.2
STU6841,10.0,5.7,6.5,8.5,7.4,5.8,6.4,ESTJ,Xây dựng & Quy hoạch,Kinh tế xây dựng,4.2
STU4356,5.5,8.8,6.0,6.2,6.3,6.6,7.5,INFP,Nghệ thuật & Thiết kế,Kiến trúc,4.0
STU6521,7.1,5.7,6.4,5.6,8.7,9.9,5.7,ISTJ,Nông nghiệp & Môi trường,Khoa học cây trồng,4.7
STU7195,7.5,5.5,5.4,9.5,6.9,6.0,6.0,ISTP,Xây dựng & Quy hoạch,Địa kỹ thuật xây dựng,4.1
STU3140,6.4,8.4,9.7,6.5,6.5,6.8,9.1,INFP,Ngôn ngữ & Văn hóa,Ngôn ngữ Nhật,3.7
STU6539,8.3,5.0,5.3,5.1,10.0,8.7,5.9,ISFJ,Nông nghiệp & Môi trường,Công nghệ sinh học,4.0
STU1756,8.5,7.6,8.4,5.7,5.0,5.2,6.3,ENTP,Kinh tế & Quản lý,Thương mại điện tử,4.4
STU0535,9.2,6.8,10.0,9.4,8.2,6.2,5.2,INTJ,Công nghệ Thông tin & Kỹ thuật Máy tính,Khoa học dữ liệu,3.6
STU4957,5.7,9.3,8.9,6.1,5.8,5.8,7.7,ENTJ,Luật & Xã hội,Luật quốc tế,4.3
STU0586,9.6,5.3,8.7,8.0,7.4,6.4,6.2,ENTP,Công nghệ Thông tin & Kỹ thuật Máy tính,Mạng máy tính và truyền thông dữ liệu,3.6
STU1503,8.7,7.2,8.7,5.8,5.5,5.9,7.0,ESTJ,Kinh tế & Quản lý,Kinh tế quốc tế,4.5
STU6432,9.1,5.5,7.4,5.3,7.6,10.0,6.9,ISFJ,Nông nghiệp & Môi trường,Thú y,4.2
STU6776,8.8,6.3,7.0,8.2,7.9,6.2,6.8,ISTP,Xây dựng & Quy hoạch,Kinh tế xây dựng,3.9
STU1551,9.8,8.1,9.7,6.6,5.0,6.8,7.2,ESTP,Kinh tế & Quản lý,Marketing,3.7
STU1863,10.0,7.2,7.9,4.4,5.9,6.4,6.2,ESTP,Kinh tế & Quản lý,Kinh tế quốc tế,4.1
STU3296,6.2,8.6,9.9,6.4,4.9,7.9,8.3,INFP,Ngôn ngữ & Văn hóa,Ngôn ngữ học,3.4
STU0492,8.2,5.6,8.0,10.0,7.1,5.4,6.8,INTP,Công nghệ Thông tin & Kỹ thuật Máy tính,Khoa học Máy tính,3.6
STU7577,6.1,7.4,9.1,5.5,6.1,6.0,8.2,ESTP,Du lịch & Dịch vụ,Quản trị nhà hàng và dịch vụ ăn uống,4.1
STU4632,5.5,7.7,6.9,6.1,4.6,6.3,7.7,INFJ,Nghệ thuật & Thiết kế,Thiết kế đồ họa,4.9
STU7394,6.3,7.4,10.0,7.1,6.9,6.8,7.9,ESFJ,Du lịch & Dịch vụ,Quản trị nhà hàng và dịch vụ ăn uống,5.0
STU4747,6.0,8.3,8.0,6.8,6.9,5.9,9.1,ENTJ,Luật & Xã hội,Quản lý nhà nước,4.1
STU6784,6.3,4.4,3.9,7.1,4.0,4.8,5.5,ISFJ,Xây dựng & Quy hoạch,Công nghệ kỹ thuật công trình xây dựng,3.1
STU7933,4.9,7.3,9.0,6.6,7.3,4.1,7.9,ENFP,Du lịch & Dịch vụ,Quản lý thể dục thể thao,4.9
STU0853,8.5,5.3,5.4,4.0,9.6,10.0,6.6,ISFJ,Y tế & Sức khỏe,Kỹ thuật hình ảnh y học,4.2
STU2021,5.4,9.1,9.3,5.8,5.8,5.1,10.0,ENFJ,Sư phạm & Giáo dục,Giáo dục Tiểu học,4.9
STU2665,4.6,7.7,10.0,4.7,6.1,6.9,7.2,INFP,Ngôn ngữ & Văn hóa,Văn học,4.8
STU4857,7.1,9.9,8.7,6.6,4.6,6.6,8.7,INFJ,Luật & Xã hội,Tâm lý học,4.0
STU3258,5.6,10.0,9.7,5.2,6.9,6.7,8.7,ISFP,Ngôn ngữ & Văn hóa,Văn học,4.6
STU5457,9.4,6.0,4.7,8.5,7.5,5.4,5.0,ISTP,"Kỹ thuật, Cơ khí & Ô tô",Kỹ thuật cơ điện tử,4.6
STU0398,8.0,5.1,8.5,9.2,8.1,5.6,6.2,ENTP,Công nghệ Thông tin & Kỹ thuật Máy tính,Công nghệ thông tin,4.8
STU7128,8.5,5.3,6.6,9.5,7.3,6.3,4.9,ISTJ,Xây dựng & Quy hoạch,Công nghệ kỹ thuật công trình xây dựng,3.8
STU5703,8.6,7.1,3.8,9.0,6.7,5.1,5.6,ISTJ,"Kỹ thuật, Cơ khí & Ô tô",Công nghệ kỹ thuật ô tô,4.1
STU0402,10.0,7.5,10.0,8.1,8.1,4.5,4.7,INTJ,Công nghệ Thông tin & Kỹ thuật Máy tính,Mạng máy tính và truyền thông dữ liệu,4.0
STU7838,6.2,9.1,8.7,5.4,6.3,5.8,8.5,ESFJ,Du lịch & Dịch vụ,Quản lý thể dục thể thao,3.7
STU3371,6.7,8.5,9.0,5.7,6.5,7.2,6.2,ENFP,Truyền thông & Báo chí,Công nghệ truyền thông,5.1
STU2489,7.8,9.2,8.9,6.5,6.2,4.9,8.9,INFJ,Sư phạm & Giáo dục,Sư phạm Ngữ văn,4.0
STU4354,6.4,8.3,5.5,6.2,4.8,5.9,7.7,ISFP,Nghệ thuật & Thiết kế,Đạo diễn Điện ảnh - Truyền hình,3.6
STU5628,8.5,5.3,6.1,9.1,7.9,6.9,6.8,ESTP,"Kỹ thuật, Cơ khí & Ô tô",Robot và Trí tuệ nhân tạo,4.9
STU5800,9.8,5.4,6.2,10.0,8.2,6.9,5.7,INTJ,"Kỹ thuật, Cơ khí & Ô tô",Robot và Trí tuệ nhân tạo,5.2
STU5929,8.6,5.1,6.4,9.8,8.5,6.4,6.1,ISTP,"Kỹ thuật, Cơ khí & Ô tô",Kỹ thuật điện tử - viễn thông,4.5
STU7727,6.0,8.5,9.7,5.1,6.7,6.7,7.4,ENFP,Du lịch & Dịch vụ,Quản trị dịch vụ du lịch và lữ hành,3.2
STU0574,9.5,6.5,8.0,8.1,6.4,6.2,6.2,ENTP,Công nghệ Thông tin & Kỹ thuật Máy tính,Khoa học Máy tính,4.9
STU7937,5.0,7.9,9.6,6.1,4.8,6.5,7.8,ESFP,Du lịch & Dịch vụ,Quản trị dịch vụ du lịch và lữ hành,5.0
STU3784,5.7,9.2,10.0,6.0,6.7,7.1,8.4,ENTP,Truyền thông & Báo chí,Truyền thông đa phương tiện,5.1
STU2400,6.8,9.4,9.6,6.4,4.3,5.5,10.0,ESFJ,Sư phạm & Giáo dục,Sư phạm Tin học,2.6
STU7472,6.5,8.0,10.0,4.6,5.8,5.8,8.9,ESTP,Du lịch & Dịch vụ,Du lịch,3.8
STU0536,9.1,5.2,9.3,8.3,8.6,7.4,5.5,INTP,Công nghệ Thông tin & Kỹ thuật Máy tính,Khoa học Máy tính,3.7
STU5763,8.8,5.6,5.9,8.9,7.5,5.9,5.9,ISTJ,"Kỹ thuật, Cơ khí & Ô tô",Công nghệ kỹ thuật ô tô,5.0
STU6965,7.9,4.8,6.0,8.2,8.2,5.5,7.0,ESTJ,Xây dựng & Quy hoạch,Kỹ thuật xây dựng,4.8
STU1510,10.0,8.2,8.9,6.2,5.5,5.4,6.0,ESTP,Kinh tế & Quản lý,Kiểm toán,4.1
STU4569,6.2,8.7,5.7,7.1,5.3,5.3,7.6,INFP,Nghệ thuật & Thiết kế,Hội họa,3.7
STU3376,6.5,8.2,8.4,6.7,5.3,5.7,7.4,ENFP,Truyền thông & Báo chí,Lưu trữ học,4.6
STU3200,6.1,7.7,9.9,6.9,6.0,6.4,7.9,ISFP,Ngôn ngữ & Văn hóa,Văn học,4.4
STU0474,8.9,6.3,7.6,8.3,7.7,6.6,5.5,INTJ,Công nghệ Thông tin & Kỹ thuật Máy tính,Thiết kế vi mạch,4.2
STU5547,7.7,6.3,7.3,9.0,8.1,4.9,5.2,INTJ,"Kỹ thuật, Cơ khí & Ô tô",Kỹ thuật điều khiển và tự động hóa,5.2
STU3356,6.9,9.3,10.0,7.3,6.5,5.5,9.2,ESFP,Truyền thông & Báo chí,Báo chí,4.3
STU0882,9.1,6.8,6.7,5.5,8.2,9.4,5.0,INFJ,Y tế & Sức khỏe,Răng - Hàm - Mặt,5.1
STU6855,8.5,6.0,4.9,8.4,5.5,6.5,5.7,ESTJ,Xây dựng & Quy hoạch,Địa kỹ thuật xây dựng,5.4
STU2813,5.2,9.0,9.6,6.7,5.0,5.4,7.1,INTP,Ngôn ngữ & Văn hóa,Ngôn ngữ học,3.9
STU5133,6.6,9.3,8.1,6.2,6.2,5.5,9.5,ISTJ,Luật & Xã hội,Chính trị học,3.5
STU3383,6.7,9.3,9.6,6.9,6.7,6.4,7.2,ENTP,Truyền thông & Báo chí,Quan hệ công chúng,3.7
STU0470,9.7,5.1,9.2,9.3,7.5,6.3,5.7,ISTJ,Công nghệ Thông tin & Kỹ thuật Máy tính,Thiết kế vi mạch,3.6
STU3650,6.6,10.0,9.7,5.3,5.5,6.0,8.0,ESFP,Truyền thông & Báo chí,Lưu trữ học,3.7
STU2700,5.3,8.0,9.5,5.8,5.6,6.2,7.6,INTP,Ngôn ngữ & Văn hóa,Đông phương học,4.5
STU0248,8.5,7.1,9.6,8.0,9.0,6.8,4.8,ISTJ,Công nghệ Thông tin & Kỹ thuật Máy tính,Khoa học dữ liệu,4.4
STU6204,8.5,5.3,6.1,5.8,9.0,9.3,5.9,ISFJ,Nông nghiệp & Môi trường,Công nghệ sau thu hoạch,4.2
STU6028,7.6,6.6,4.8,5.5,10.0,10.0,5.7,ISTJ,Nông nghiệp & Môi trường,Công nghệ thực phẩm,4.9
STU0866,9.4,4.4,6.8,6.6,8.4,9.2,5.2,ISTJ,Y tế & Sức khỏe,Dược học,4.2
STU0762,9.2,4.8,6.2,6.7,9.5,10.0,5.7,INFJ,Y tế & Sức khỏe,Kỹ thuật phục hồi chức năng,4.3
STU2587,6.4,9.3,9.9,5.1,5.0,6.0,10.0,INFJ,Sư phạm & Giáo dục,Sư phạm Ngữ văn,4.9
STU2993,6.9,8.6,10.0,5.0,6.5,5.8,8.2,INTP,Ngôn ngữ & Văn hóa,Ngôn ngữ Nhật,4.6
STU3551,6.5,8.6,7.7,5.3,6.0,6.4,7.8,ENTP,Truyền thông & Báo chí,Truyền thông đại chúng,4.0
STU1913,7.4,7.7,8.3,5.9,5.6,5.1,6.0,ESTP,Kinh tế & Quản lý,Kinh doanh quốc tế,3.9
STU6707,9.1,5.9,6.2,8.8,7.9,6.9,6.5,ISTP,Xây dựng & Quy hoạch,Kỹ thuật xây dựng,3.3
STU0426,9.0,5.4,9.5,9.2,6.9,5.5,6.4,INTP,Công nghệ Thông tin & Kỹ thuật Máy tính,Thiết kế vi mạch,6.0
STU7674,5.8,4.5,5.4,6.2,6.4,7.1,4.6,INTJ,Du lịch & Dịch vụ,Quản trị nhà hàng và dịch vụ ăn uống,1.6
STU3186,5.2,8.9,10.0,6.3,5.8,6.1,7.8,INFP,Ngôn ngữ & Văn hóa,Ngôn ngữ Anh,4.4
STU1609,8.1,7.1,8.3,6.4,4.8,5.1,4.8,ESTJ,Kinh tế & Quản lý,Marketing,4.0
STU0229,8.9,5.4,8.8,9.7,6.4,6.3,6.6,ENTP,Công nghệ Thông tin & Kỹ thuật Máy tính,Thiết kế vi mạch,4.0
STU7425,6.0,7.9,9.2,5.8,5.9,6.8,7.1,ESFP,Du lịch & Dịch vụ,Quản trị nhà hàng và dịch vụ ăn uống,3.5
STU2729,6.2,9.8,9.0,5.5,6.2,5.9,7.1,ISFP,Ngôn ngữ & Văn hóa,Đông phương học,4.9
STU0694,9.3,5.5,7.6,5.9,9.6,9.4,5.7,ISFJ,Y tế & Sức khỏe,Dược học,4.6
STU1042,9.7,5.1,5.8,5.8,9.7,9.3,5.5,ISFJ,Y tế & Sức khỏe,Điều dưỡng,4.2
STU2639,6.7,9.0,8.8,6.3,6.4,5.0,9.9,ENFJ,Sư phạm & Giáo dục,Giáo dục Tiểu học,4.4
STU1204,9.0,5.5,5.7,6.2,9.7,9.3,6.5,ISTJ,Y tế & Sức khỏe,Kỹ thuật hình ảnh y học,4.9
STU6144,7.9,7.4,5.6,6.8,9.7,9.6,6.2,ISTJ,Nông nghiệp & Môi trường,Thú y,5.5
STU2543,6.8,10.0,9.7,4.7,6.3,5.8,9.8,INFJ,Sư phạm & Giáo dục,Sư phạm Vật lý,5.0
STU3839,7.0,9.9,9.5,6.4,5.8,6.5,8.2,ENFP,Truyền thông & Báo chí,Quan hệ công chúng,4.9
STU3407,6.1,7.7,9.1,5.3,6.3,6.0,8.3,ENFP,Truyền thông & Báo chí,Công nghệ truyền thông,5.0
STU6056,6.6,6.1,4.6,6.1,9.0,8.7,5.5,ISFP,Nông nghiệp & Môi trường,Công nghệ sinh học,4.8
STU5663,10.0,7.4,6.4,9.1,8.0,4.3,5.1,ISTJ,"Kỹ thuật, Cơ khí & Ô tô",Kỹ thuật cơ điện tử,4.8
STU1129,8.2,6.4,5.6,7.1,8.9,9.1,6.6,ISTJ,Y tế & Sức khỏe,Kỹ thuật hình ảnh y học,4.6
STU5489,8.4,6.5,6.7,9.3,8.3,5.2,5.8,ISTJ,"Kỹ thuật, Cơ khí & Ô tô",Kỹ thuật điện tử - viễn thông,5.7
STU7280,8.8,6.0,6.6,8.3,8.4,5.4,6.2,ISTJ,Xây dựng & Quy hoạch,Địa kỹ thuật xây dựng,5.0
STU3002,4.8,9.0,9.2,5.1,4.9,6.0,7.5,INFP,Ngôn ngữ & Văn hóa,Ngôn ngữ Anh,4.9
STU0059,10.0,7.1,9.1,9.5,6.3,6.2,5.2,ISTJ,Công nghệ Thông tin & Kỹ thuật Máy tính,Khoa học dữ liệu,4.7
STU1278,8.3,6.4,5.8,5.6,8.7,7.9,6.7,ISTJ,Y tế & Sức khỏe,Dược học,2.9
STU7407,6.3,8.7,9.3,5.4,5.5,7.3,8.4,ENFP,Du lịch & Dịch vụ,Quản trị dịch vụ du lịch và lữ hành,3.7
STU1198,9.8,5.3,6.6,5.8,8.0,9.5,4.6,ISTJ,Y tế & Sức khỏe,Y đa khoa,4.7
STU7546,6.8,7.9,9.8,5.4,7.1,6.0,8.2,ESTP,Du lịch & Dịch vụ,Quản trị dịch vụ du lịch và lữ hành,4.8
STU1812,9.0,6.0,9.0,6.6,5.1,6.2,7.4,ENTP,Kinh tế & Quản lý,Tài chính - Ngân hàng,4.8
STU0097,8.0,5.5,8.2,8.5,7.1,5.8,6.0,ENTP,Công nghệ Thông tin & Kỹ thuật Máy tính,Mạng máy tính và truyền thông dữ liệu,4.5
STU3705,6.1,9.7,9.8,6.8,5.6,5.7,7.5,ESFP,Truyền thông & Báo chí,Công nghệ truyền thông,5.4
STU0961,4.4,5.6,4.7,5.5,5.9,6.5,5.7,ENFJ,Y tế & Sức khỏe,Dược học,3.7
STU7343,7.1,8.4,8.3,5.1,6.8,5.9,8.3,ESFJ,Du lịch & Dịch vụ,Quản trị nhà hàng và dịch vụ ăn uống,3.8
STU4479,6.1,8.0,5.3,5.7,6.7,7.1,7.1,INFJ,Nghệ thuật & Thiết kế,Thiết kế công nghiệp,3.8
STU0878,9.5,6.2,6.9,4.9,8.9,8.8,5.4,ISTJ,Y tế & Sức khỏe,Điều dưỡng,4.6
STU7153,7.9,6.3,5.5,9.2,6.8,6.9,5.3,ISTP,Xây dựng & Quy hoạch,Địa kỹ thuật xây dựng,3.8
STU0157,9.3,5.8,7.7,9.0,8.1,6.9,7.0,ISTP,Công nghệ Thông tin & Kỹ thuật Máy tính,An toàn thông tin,5.2
STU2084,7.0,8.8,8.0,6.4,5.5,6.6,8.2,ISFJ,Sư phạm & Giáo dục,Sư phạm Tiếng Anh,3.7
STU3188,7.8,7.1,9.6,7.1,5.6,6.3,7.8,ISFP,Ngôn ngữ & Văn hóa,Tiếng Việt và văn hoá Việt Nam,4.4
STU0612,9.1,6.7,8.3,9.0,7.4,6.4,5.6,INTP,Công nghệ Thông tin & Kỹ thuật Máy tính,Mạng máy tính và truyền thông dữ liệu,4.5
STU5352,8.4,4.6,5.7,9.5,7.4,5.0,7.5,ESTP,"Kỹ thuật, Cơ khí & Ô tô",Robot và Trí tuệ nhân tạo,4.2
STU4904,5.9,8.2,9.1,5.3,4.9,7.0,9.2,INFJ,Luật & Xã hội,Xã hội học,4.1
STU1189,10.0,5.7,6.8,7.1,9.6,8.9,6.1,INFJ,Y tế & Sức khỏe,Y học cổ truyền,3.4
STU4230,6.4,8.5,6.3,5.6,7.4,6.1,9.1,INFJ,Nghệ thuật & Thiết kế,Hội họa,4.6
STU0448,8.9,5.7,8.8,8.0,8.1,4.8,5.9,ENTP,Công nghệ Thông tin & Kỹ thuật Máy tính,Thiết kế vi mạch,4.4
STU2581,6.6,8.5,9.1,5.6,6.2,6.2,9.5,ISFJ,Sư phạm & Giáo dục,Sư phạm Toán học,3.4
STU1336,9.2,8.3,9.1,6.2,6.9,5.6,7.1,ESTJ,Kinh tế & Quản lý,Kiểm toán,4.9
STU4903,5.6,8.0,8.0,5.6,5.3,4.9,10.0,INTJ,Luật & Xã hội,Luật quốc tế,3.2
STU0593,9.3,6.8,8.9,9.7,7.6,5.5,4.6,ISTP,Công nghệ Thông tin & Kỹ thuật Máy tính,Khoa học Máy tính,4.6
STU1732,8.7,9.3,8.5,6.3,4.5,6.8,5.2,ESTP,Kinh tế & Quản lý,Marketing,4.4
STU2405,5.9,8.5,7.9,5.2,5.9,5.9,10.0,ESFJ,Sư phạm & Giáo dục,Sư phạm Vật lý,4.9
STU7175,7.4,6.0,6.4,7.7,5.5,6.4,7.1,ESTJ,Xây dựng & Quy hoạch,Kinh tế xây dựng,4.0
STU2454,7.4,9.1,8.5,6.4,6.5,5.2,9.3,ESFJ,Sư phạm & Giáo dục,Sư phạm Vật lý,4.3
STU3574,5.0,10.0,8.7,6.4,5.9,6.0,7.2,ENFP,Truyền thông & Báo chí,Lưu trữ học,4.0
STU2880,7.1,8.9,9.3,7.4,5.6,6.1,7.8,INFP,Ngôn ngữ & Văn hóa,Ngôn ngữ Anh,5.4
STU0848,9.3,5.9,6.7,6.0,8.6,9.2,5.5,ISFP,Y tế & Sức khỏe,Kỹ thuật phục hồi chức năng,4.5
STU6064,8.1,5.2,5.6,5.3,8.1,9.3,5.2,ISTJ,Nông nghiệp & Môi trường,Thú y,4.7
STU0625,8.5,7.0,7.8,9.4,8.7,6.2,5.9,ISTP,Công nghệ Thông tin & Kỹ thuật Máy tính,Khoa học dữ liệu,4.1
STU7304,9.1,6.0,6.6,8.4,7.7,5.2,6.6,ESTJ,Xây dựng & Quy hoạch,Công nghệ kỹ thuật công trình xây dựng,4.5
STU5572,8.5,6.6,6.6,8.3,7.6,6.6,7.0,INTJ,"Kỹ thuật, Cơ khí & Ô tô",Công nghệ kỹ thuật ô tô,3.9
STU1618,8.5,6.4,8.4,5.8,5.2,6.9,5.9,ENTJ,Kinh tế & Quản lý,Thương mại điện tử,3.5
STU1794,8.9,8.1,7.2,6.6,5.4,6.9,6.1,ENTJ,Kinh tế & Quản lý,Quản trị kinh doanh,3.8
STU5809,8.8,7.6,6.6,8.6,7.2,4.9,5.9,ISTP,"Kỹ thuật, Cơ khí & Ô tô",Công nghệ kỹ thuật ô tô,5.0
STU0757,8.6,6.5,6.2,5.9,8.5,8.6,6.5,ISFP,Y tế & Sức khỏe,Y đa khoa,4.3
STU1644,8.2,7.6,8.2,6.2,6.4,6.7,5.1,ENTJ,Kinh tế & Quản lý,Kinh tế,3.9
STU6312,7.8,5.3,6.5,6.4,8.7,9.6,5.4,ISFP,Nông nghiệp & Môi trường,Khoa học cây trồng,4.6
STU5747,9.6,6.5,6.8,10.0,6.4,6.3,5.0,ISTP,"Kỹ thuật, Cơ khí & Ô tô",Kỹ thuật điều khiển và tự động hóa,5.0
STU5130,6.2,9.3,7.0,5.2,4.6,6.2,9.8,ISTJ,Luật & Xã hội,Luật,3.6
STU4635,5.6,7.6,6.3,4.8,4.9,7.3,8.6,INFJ,Nghệ thuật & Thiết kế,Hội họa,3.9
STU6538,8.3,6.0,5.4,6.6,8.8,10.0,5.5,ISFJ,Nông nghiệp & Môi trường,Công nghệ sinh học,3.9
STU6481,7.9,6.9,6.0,5.5,8.5,9.5,6.0,ISFP,Nông nghiệp & Môi trường,Khoa học cây trồng,4.1
STU3001,4.7,8.2,9.8,5.2,6.8,6.2,7.3,INTP,Ngôn ngữ & Văn hóa,Ngôn ngữ học,3.4
STU5702,8.4,4.5,5.5,9.4,7.5,5.3,6.3,ESTP,"Kỹ thuật, Cơ khí & Ô tô",Công nghệ kỹ thuật ô tô,3.9
STU5951,8.7,6.3,5.3,9.4,7.4,7.5,6.9,ISTP,"Kỹ thuật, Cơ khí & Ô tô",Kỹ thuật điện,4.3
STU4343,6.5,7.3,7.2,6.6,6.2,6.0,9.1,INFP,Nghệ thuật & Thiết kế,Thiết kế công nghiệp,5.2
STU0765,9.5,5.4,5.7,6.9,8.6,8.9,5.8,ISFP,Y tế & Sức khỏe,Dược học,5.1
STU5775,8.2,5.7,4.5,9.4,7.7,5.2,7.2,ISTP,"Kỹ thuật, Cơ khí & Ô tô",Kỹ thuật điện tử - viễn thông,4.7
STU7505,6.1,8.0,9.2,5.8,6.9,6.1,8.6,ESFJ,Du lịch & Dịch vụ,Quản trị khách sạn,5.7
STU1700,8.9,8.6,8.4,5.4,5.4,5.0,6.1,ESTJ,Kinh tế & Quản lý,Quản trị kinh doanh,3.5
STU2284,6.3,8.6,8.8,6.1,6.3,5.8,9.6,ISFJ,Sư phạm & Giáo dục,Giáo dục Tiểu học,4.2
STU1635,7.8,8.8,9.0,5.5,5.9,6.2,6.2,ESTJ,Kinh tế & Quản lý,Kiểm toán,4.9
STU5314,8.2,10.0,7.7,7.1,6.2,5.6,8.9,INTJ,Luật & Xã hội,Tâm lý học,4.7
STU3341,5.3,9.9,9.5,6.5,6.4,6.2,8.2,ESFP,Truyền thông & Báo chí,Thông tin - thư viện,4.4
STU1025,10.0,5.8,6.2,6.5,8.9,10.0,5.4,ISFP,Y tế & Sức khỏe,Y học cổ truyền,5.4
STU2648,7.9,9.1,7.7,6.1,5.9,6.3,9.3,INFJ,Sư phạm & Giáo dục,Giáo dục Tiểu học,5.1
STU0753,8.9,6.3,5.4,5.3,9.1,8.5,5.0,ISTJ,Y tế & Sức khỏe,Y học dự phòng,3.9
STU0352,8.2,5.0,9.5,9.5,7.1,6.7,5.4,INTJ,Công nghệ Thông tin & Kỹ thuật Máy tính,An toàn thông tin,4.7
STU4339,4.7,8.1,5.8,5.2,4.9,4.9,8.1,INFP,Nghệ thuật & Thiết kế,Đạo diễn Điện ảnh - Truyền hình,3.3
STU2184,6.0,6.3,6.6,4.0,6.5,6.0,5.3,ISTP,Sư phạm & Giáo dục,Sư phạm Tin học,1.9
STU7069,5.3,5.3,4.9,5.3,6.4,4.3,5.0,INTP,Xây dựng & Quy hoạch,Quản lý xây dựng,2.2
STU5685,8.4,5.7,7.4,10.0,8.3,6.1,6.6,ESTP,"Kỹ thuật, Cơ khí & Ô tô",Kỹ thuật cơ khí,3.7
STU3128,5.2,8.5,8.7,6.8,5.8,7.1,8.8,ISFP,Ngôn ngữ & Văn hóa,Ngôn ngữ Hàn Quốc,5.3
STU1563,9.7,6.9,9.2,5.8,6.1,5.9,6.9,ESTJ,Kinh tế & Quản lý,Kinh tế quốc tế,4.1
STU6477,8.6,6.9,5.3,6.6,9.7,8.1,7.0,ISFJ,Nông nghiệp & Môi trường,Nông nghiệp,4.2
STU0562,7.9,7.7,8.9,9.3,8.0,6.1,6.3,ISTJ,Công nghệ Thông tin & Kỹ thuật Máy tính,Thiết kế vi mạch,4.1
STU1721,9.2,7.8,9.2,5.0,6.4,6.6,6.9,ESTP,Kinh tế & Quản lý,Quản trị kinh doanh,3.6
STU4267,5.4,9.1,7.1,6.3,6.2,6.2,6.8,INFP,Nghệ thuật & Thiết kế,Thanh nhạc,4.8
STU4111,6.5,7.4,6.1,4.9,5.9,6.6,8.2,INFJ,Nghệ thuật & Thiết kế,Đạo diễn Điện ảnh - Truyền hình,3.4
STU7724,6.8,8.5,8.6,5.8,4.9,6.7,7.6,ENFP,Du lịch & Dịch vụ,Quản trị dịch vụ du lịch và lữ hành,4.0
STU1480,9.8,7.8,9.2,4.8,5.5,6.6,6.1,ENTJ,Kinh tế & Quản lý,Kiểm toán,4.2
STU1502,9.0,7.1,10.0,6.0,7.6,6.3,6.5,ESTP,Kinh tế & Quản lý,Kinh tế,5.4
STU1048,8.6,6.3,5.7,6.4,9.1,9.6,6.2,ISTJ,Y tế & Sức khỏe,Điều dưỡng,4.5
STU2900,6.1,9.4,8.8,4.8,6.4,6.2,7.1,INFP,Ngôn ngữ & Văn hóa,Ngôn ngữ Trung Quốc,4.6
STU1384,8.6,7.6,8.8,6.5,7.2,6.7,7.3,ENTJ,Kinh tế & Quản lý,Kiểm toán,4.4
STU0415,8.9,5.9,10.0,9.5,7.1,6.2,6.7,ISTJ,Công nghệ Thông tin & Kỹ thuật Máy tính,Khoa học dữ liệu,3.3
STU2317,5.7,8.6,8.4,7.6,5.5,6.4,9.3,INFJ,Sư phạm & Giáo dục,Sư phạm Toán học,4.2
STU2222,6.8,8.5,8.9,6.7,5.6,5.9,8.8,INFJ,Sư phạm & Giáo dục,Giáo dục Tiểu học,4.4
STU6665,9.3,6.1,4.8,9.5,8.1,6.6,5.0,ISTJ,Xây dựng & Quy hoạch,Kỹ thuật cấp thoát nước,3.9
STU4029,5.2,8.5,6.0,6.4,5.2,5.9,7.1,INFP,Nghệ thuật & Thiết kế,Hội họa,3.6
STU3107,7.0,8.7,9.1,6.6,5.3,7.5,7.9,ISFP,Ngôn ngữ & Văn hóa,Quốc tế học,3.9
STU4081,5.6,8.0,5.6,5.7,5.6,6.8,8.6,INFP,Nghệ thuật & Thiết kế,Kiến trúc,4.5
STU5730,8.7,6.8,6.0,8.9,7.5,6.4,4.8,INTJ,"Kỹ thuật, Cơ khí & Ô tô",Kỹ thuật điều khiển và tự động hóa,5.4
STU3847,5.2,10.0,8.6,6.7,5.9,4.8,7.2,ENTP,Truyền thông & Báo chí,Lưu trữ học,5.0
STU6430,7.3,5.3,6.8,5.8,8.4,10.0,5.8,ISFP,Nông nghiệp & Môi trường,Nông nghiệp,4.6
STU7760,7.4,7.2,8.7,5.0,6.7,6.5,8.1,ESTP,Du lịch & Dịch vụ,Quản trị dịch vụ du lịch và lữ hành,3.2
STU2989,5.4,7.9,10.0,5.9,5.2,7.3,9.3,INFP,Ngôn ngữ & Văn hóa,Văn học,5.3
STU0843,9.0,7.2,6.6,5.2,9.7,9.2,4.9,ISFP,Y tế & Sức khỏe,Dược học,4.1
STU1147,8.9,5.2,4.6,5.6,9.4,8.7,5.2,ISFP,Y tế & Sức khỏe,Kỹ thuật phục hồi chức năng,4.3
STU4455,6.3,7.8,5.9,5.4,6.9,6.4,7.5,ISFP,Nghệ thuật & Thiết kế,Thiết kế đồ họa,4.4
STU4526,6.6,8.3,7.5,4.9,4.7,6.3,7.6,INFJ,Nghệ thuật & Thiết kế,Thanh nhạc,4.2
STU6509,8.1,5.7,5.7,6.0,9.1,10.0,5.8,ISFJ,Nông nghiệp & Môi trường,Khoa học cây trồng,4.4
STU1254,8.1,7.1,6.5,4.8,7.5,9.2,6.1,ISFP,Y tế & Sức khỏe,Quản lý bệnh viện,3.7
STU3602,6.7,9.2,8.7,5.7,5.8,6.4,8.9,ESFP,Truyền thông & Báo chí,Truyền thông đại chúng,4.9
STU4410,7.0,8.4,5.7,5.3,5.4,5.4,8.4,INFP,Nghệ thuật & Thiết kế,Thiết kế đồ họa,3.6
STU6175,8.2,5.2,5.2,5.9,8.6,9.3,5.8,INFP,Nông nghiệp & Môi trường,Khoa học cây trồng,5.7
STU7636,6.2,7.1,8.6,6.5,6.4,4.9,7.3,ESFP,Du lịch & Dịch vụ,Quản trị nhà hàng và dịch vụ ăn uống,5.3
STU6845,9.9,4.7,5.8,8.5,7.5,7.1,5.3,ISTP,Xây dựng & Quy hoạch,Quản lý xây dựng,4.2
STU2681,5.1,9.9,9.3,5.6,6.8,5.5,8.5,INTP,Ngôn ngữ & Văn hóa,Đông phương học,3.4
STU0379,9.6,6.5,10.0,10.0,5.6,7.5,5.9,ISTP,Công nghệ Thông tin & Kỹ thuật Máy tính,Khoa học Máy tính,3.5
STU7984,6.5,8.9,9.3,5.8,4.4,5.5,8.0,ESTP,Du lịch & Dịch vụ,Quản lý thể dục thể thao,4.4
STU5397,8.0,6.3,6.0,9.2,7.6,5.7,5.9,ISTP,"Kỹ thuật, Cơ khí & Ô tô",Kỹ thuật cơ điện tử,4.0
STU5598,7.7,6.9,5.3,8.5,7.6,6.0,4.7,ISTJ,"Kỹ thuật, Cơ khí & Ô tô",Công nghệ kỹ thuật ô tô,3.5
STU4123,6.8,4.4,5.2,5.7,5.4,5.9,6.6,ENFP,Nghệ thuật & Thiết kế,Thiết kế công nghiệp,1.6
STU3516,7.0,8.6,9.2,5.9,6.6,6.0,8.5,ESFP,Truyền thông & Báo chí,Truyền thông đại chúng,4.5
STU1729,9.4,8.3,9.1,7.4,6.8,6.0,6.1,ESTJ,Kinh tế & Quản lý,Hệ thống thông tin quản lý,5.3
STU5398,7.9,6.3,6.1,7.9,6.8,6.0,5.6,INTJ,"Kỹ thuật, Cơ khí & Ô tô",Kỹ thuật điện,3.8
STU7780,6.5,6.9,9.2,6.1,7.1,5.8,7.1,ENFP,Du lịch & Dịch vụ,Du lịch,4.6
STU2276,6.6,8.7,8.5,6.4,7.1,5.5,9.3,ESFJ,Sư phạm & Giáo dục,Sư phạm Toán học,3.6
STU3208,6.5,9.0,8.5,6.8,5.4,5.9,8.0,INTP,Ngôn ngữ & Văn hóa,Ngôn ngữ Hàn Quốc,4.0
STU5988,7.8,7.0,5.9,10.0,7.5,6.5,7.5,INTJ,"Kỹ thuật, Cơ khí & Ô tô",Kỹ thuật điện,5.2
STU4680,6.3,9.5,7.8,5.1,4.8,5.8,9.2,INTJ,Luật & Xã hội,Công tác xã hội,2.9
STU2442,6.9,8.7,9.4,6.1,8.0,6.5,9.7,ESFJ,Sư phạm & Giáo dục,Tâm lý học giáo dục,4.2
STU1421,8.5,7.8,9.4,5.5,6.2,6.2,6.2,ESTJ,Kinh tế & Quản lý,Kinh tế quốc tế,3.9
STU2747,6.8,8.2,8.9,6.7,5.7,6.1,8.1,INTP,Ngôn ngữ & Văn hóa,Ngôn ngữ Hàn Quốc,4.8
STU5313,6.3,8.9,7.6,6.2,6.0,7.1,8.9,ISTJ,Luật & Xã hội,Công tác xã hội,5.1
STU3652,7.3,8.6,10.0,7.5,5.0,5.9,7.5,ENFP,Truyền thông & Báo chí,Quan hệ công chúng,4.7
STU3822,6.7,7.8,7.3,4.8,6.7,6.8,8.9,ESFP,Truyền thông & Báo chí,Thông tin - thư viện,4.6
STU3616,6.2,8.7,8.8,6.8,7.2,6.0,6.4,ESFP,Truyền thông & Báo chí,Lưu trữ học,5.2
STU1546,10.0,8.3,8.7,6.2,6.9,6.7,5.9,ENTJ,Kinh tế & Quản lý,Thương mại điện tử,4.3
STU4886,6.2,8.8,8.2,5.0,5.4,5.6,8.1,INTJ,Luật & Xã hội,Công tác xã hội,3.9
STU7987,7.1,8.5,7.3,5.6,6.4,6.7,8.6,ENFP,Du lịch & Dịch vụ,Quản lý thể dục thể thao,3.5
STU4697,6.0,8.8,8.2,6.1,6.7,6.4,10.0,INTJ,Luật & Xã hội,Luật,3.9
STU4311,6.7,7.9,5.3,5.9,5.1,4.6,6.3,INFP,Nghệ thuật & Thiết kế,Đạo diễn Điện ảnh - Truyền hình,4.4
STU1176,8.4,5.9,6.6,6.5,8.7,9.2,7.1,INFJ,Y tế & Sức khỏe,Dược học,4.7
STU6459,7.0,6.8,7.7,4.4,8.5,8.0,5.3,ISTJ,Nông nghiệp & Môi trường,Công nghệ sau thu hoạch,4.4
STU7972,5.8,7.7,8.4,4.4,5.7,5.8,7.4,ESTP,Du lịch & Dịch vụ,Quản trị nhà hàng và dịch vụ ăn uống,4.2
STU2345,7.0,9.4,8.7,6.1,6.7,5.9,9.8,ESFJ,Sư phạm & Giáo dục,Giáo dục Tiểu học,4.3
STU5482,8.5,6.8,5.8,9.5,8.8,5.8,4.7,INTJ,"Kỹ thuật, Cơ khí & Ô tô",Kỹ thuật điện,5.0
STU3568,5.2,10.0,7.7,6.0,6.9,5.8,8.2,ENFP,Truyền thông & Báo chí,Truyền thông đại chúng,4.0
STU4462,7.2,7.6,6.1,5.1,6.2,6.5,7.2,INFP,Nghệ thuật & Thiết kế,Thiết kế đồ họa,4.6
STU3545,6.9,8.8,9.3,6.3,5.6,5.4,8.5,ENFP,Truyền thông & Báo chí,Thông tin - thư viện,4.3
STU0548,9.4,5.5,7.0,8.5,8.9,5.3,5.1,ISTP,Công nghệ Thông tin & Kỹ thuật Máy tính,Mạng máy tính và truyền thông dữ liệu,3.9
STU5199,7.1,8.9,8.3,5.4,7.9,6.1,7.3,ISTJ,Luật & Xã hội,Luật kinh tế,4.4
STU3915,6.2,10.0,7.5,7.0,8.1,7.8,9.3,ENFP,Truyền thông & Báo chí,Lưu trữ học,5.2
STU6579,8.2,7.6,6.1,4.7,9.3,8.6,4.9,ISFJ,Nông nghiệp & Môi trường,Nuôi trồng thủy sản,4.0
STU1559,9.2,7.1,10.0,5.4,6.3,6.7,6.1,ESTP,Kinh tế & Quản lý,Kế toán,5.3
STU0173,10.0,5.6,9.3,8.5,8.0,7.1,5.8,ISTJ,Công nghệ Thông tin & Kỹ thuật Máy tính,Mạng máy tính và truyền thông dữ liệu,4.0
STU5161,6.2,10.0,8.3,4.8,6.1,7.3,9.0,INTJ,Luật & Xã hội,Xã hội học,5.5
STU3606,7.3,9.9,9.5,5.1,6.1,4.8,8.6,ESFP,Truyền thông & Báo chí,Lưu trữ học,3.8
STU6346,7.9,7.3,5.7,6.1,8.9,9.0,5.3,ISTJ,Nông nghiệp & Môi trường,Lâm nghiệp đô thị,4.4
STU5007,5.7,7.9,7.8,5.5,5.6,7.2,9.9,INTJ,Luật & Xã hội,Xã hội học,5.3
STU5683,7.1,7.2,6.1,9.4,8.6,6.5,7.6,ISTP,"Kỹ thuật, Cơ khí & Ô tô",Kỹ thuật cơ khí,3.6
STU2846,6.8,9.4,10.0,7.8,6.6,5.7,7.8,ISFP,Ngôn ngữ & Văn hóa,Ngôn ngữ Trung Quốc,4.1
STU2772,7.5,9.6,8.6,5.4,5.5,7.6,7.1,INTP,Ngôn ngữ & Văn hóa,Quốc tế học,4.8
STU7982,6.5,8.2,9.2,6.5,5.0,5.9,9.2,ESFJ,Du lịch & Dịch vụ,Quản trị nhà hàng và dịch vụ ăn uống,4.9
STU2463,6.9,8.7,10.0,7.4,5.4,6.2,9.6,ESFJ,Sư phạm & Giáo dục,Sư phạm Tiếng Anh,6.1
STU2816,5.2,5.0,6.5,5.8,5.8,5.8,5.0,INFP,Ngôn ngữ & Văn hóa,Ngôn ngữ học,1.1
STU5664,9.2,6.8,5.9,9.4,8.1,5.8,6.1,ESTP,"Kỹ thuật, Cơ khí & Ô tô",Kỹ thuật điều khiển và tự động hóa,4.9
STU4255,6.0,8.3,6.5,6.3,6.3,5.6,6.5,INFJ,Nghệ thuật & Thiết kế,Thiết kế thời trang,5.6
STU6640,6.5,6.0,6.7,5.7,9.8,8.2,5.2,ISTJ,Nông nghiệp & Môi trường,Công nghệ thực phẩm,4.3
STU2958,5.3,8.7,10.0,6.5,6.3,5.2,8.5,INTP,Ngôn ngữ & Văn hóa,Đông phương học,4.1
STU1039,9.0,6.8,5.5,5.7,9.8,10.0,6.8,ISFP,Y tế & Sức khỏe,Dược học,3.8
STU0324,9.4,6.9,8.8,7.8,6.7,7.3,4.9,ISTJ,Công nghệ Thông tin & Kỹ thuật Máy tính,Khoa học dữ liệu,5.0
STU4072,6.9,8.4,7.3,6.1,5.8,6.5,8.6,INFP,Nghệ thuật & Thiết kế,Thiết kế công nghiệp,4.4
STU2699,4.2,8.8,9.0,6.1,5.4,5.8,7.7,ISFP,Ngôn ngữ & Văn hóa,Văn học,5.0
STU2479,6.3,8.7,9.2,6.8,6.2,5.4,10.0,ENFJ,Sư phạm & Giáo dục,Giáo dục Tiểu học,3.7
STU0894,8.5,6.6,5.5,6.8,9.5,9.8,6.4,INFJ,Y tế & Sức khỏe,Y học dự phòng,3.3
STU4281,5.2,8.9,6.2,6.1,5.6,5.8,7.5,ISFP,Nghệ thuật & Thiết kế,Thanh nhạc,5.0
STU6924,7.7,5.9,6.4,9.1,6.6,5.2,7.1,ISTP,Xây dựng & Quy hoạch,Công nghệ kỹ thuật công trình xây dựng,5.0
STU0325,9.6,6.3,8.7,8.9,6.7,6.3,5.7,ISTP,Công nghệ Thông tin & Kỹ thuật Máy tính,Công nghệ thông tin,3.8
STU1216,10.0,7.7,7.3,6.7,10.0,9.4,4.7,INFJ,Y tế & Sức khỏe,Y đa khoa,4.3
STU6995,7.4,6.6,6.5,9.7,7.5,6.8,5.3,ESTJ,Xây dựng & Quy hoạch,Kinh tế xây dựng,3.5
STU7581,6.3,7.4,8.0,4.3,6.6,5.4,7.8,ESFJ,Du lịch & Dịch vụ,Quản trị dịch vụ du lịch và lữ hành,5.4
STU4535,4.7,9.6,5.3,6.7,5.8,5.2,6.1,INFP,Nghệ thuật & Thiết kế,Thiết kế nội thất,4.1
STU7274,8.7,5.4,5.6,8.2,6.2,5.6,6.2,ESTJ,Xây dựng & Quy hoạch,Kỹ thuật xây dựng,4.9
STU5012,4.9,5.8,6.8,4.7,5.0,5.1,4.3,ENFJ,Luật & Xã hội,Tâm lý học,3.1
STU1130,9.5,7.0,6.6,6.4,10.0,10.0,5.1,ISTJ,Y tế & Sức khỏe,Điều dưỡng,3.9
STU2909,6.8,9.2,10.0,5.4,4.6,5.1,7.6,INFP,Ngôn ngữ & Văn hóa,Ngôn ngữ Anh,4.8
STU2088,6.6,8.8,10.0,6.3,5.4,6.2,10.0,INFJ,Sư phạm & Giáo dục,Tâm lý học giáo dục,5.3
STU2779,6.0,6.2,6.6,5.3,7.4,6.6,5.6,ENTJ,Ngôn ngữ & Văn hóa,Ngôn ngữ học,0.4
STU0665,9.8,6.1,8.9,9.2,7.5,5.2,6.5,ISTP,Công nghệ Thông tin & Kỹ thuật Máy tính,Thiết kế vi mạch,5.1
STU1663,9.7,7.4,9.5,6.0,4.9,6.6,6.5,ESTJ,Kinh tế & Quản lý,Kế toán,4.7
STU3621,7.0,10.0,7.6,5.8,6.4,5.4,7.8,ESFP,Truyền thông & Báo chí,Báo chí,4.5
STU0209,4.3,6.3,5.5,4.2,5.7,6.3,5.6,ENTJ,Công nghệ Thông tin & Kỹ thuật Máy tính,An toàn thông tin,2.7
STU4968,6.4,9.0,7.8,4.5,5.4,6.0,10.0,ENTJ,Luật & Xã hội,Tâm lý học,4.7
STU0748,9.4,6.9,6.3,4.4,9.1,9.0,7.3,ISFJ,Y tế & Sức khỏe,Y đa khoa,4.0
STU5157,7.2,9.0,9.7,6.4,6.5,5.6,9.5,INTJ,Luật & Xã hội,Quản lý nhà nước,4.4
STU0799,9.2,5.9,7.3,6.2,9.8,9.2,5.0,ISFP,Y tế & Sức khỏe,Y đa khoa,4.7
STU0089,9.4,5.7,9.0,9.1,6.2,6.0,6.0,ISTJ,Công nghệ Thông tin & Kỹ thuật Máy tính,An toàn thông tin,4.4
STU0735,9.2,5.9,6.3,6.9,9.5,10.0,4.9,ISTJ,Y tế & Sức khỏe,Y đa khoa,3.9
STU5304,5.6,8.1,7.4,5.5,5.5,5.8,9.2,ENTJ,Luật & Xã hội,Quản lý nhà nước,5.2
STU1594,8.1,8.4,10.0,7.1,5.7,6.2,4.9,ESTP,Kinh tế & Quản lý,Hệ thống thông tin quản lý,4.2
STU6088,6.1,5.7,5.7,6.6,8.2,8.3,5.8,ISFP,Nông nghiệp & Môi trường,Công nghệ sinh học,4.1
STU1175,9.0,6.3,4.9,6.0,7.7,9.7,5.2,INFJ,Y tế & Sức khỏe,Y đa khoa,4.7
STU1871,9.0,9.0,8.5,6.4,6.9,5.5,6.2,ESTJ,Kinh tế & Quản lý,Kiểm toán,4.2
STU6501,6.6,6.6,6.6,5.8,9.0,8.3,5.8,ISFJ,Nông nghiệp & Môi trường,Khoa học môi trường,4.1
STU1154,10.0,6.1,4.6,5.5,9.5,10.0,6.6,ISFJ,Y tế & Sức khỏe,Điều dưỡng,4.7
STU0199,10.0,7.3,9.0,8.8,6.6,6.3,5.9,INTP,Công nghệ Thông tin & Kỹ thuật Máy tính,Khoa học Máy tính,3.6
STU3035,6.4,8.2,8.5,5.9,5.2,6.7,7.3,INTP,Ngôn ngữ & Văn hóa,Ngôn ngữ học,5.7
STU5671,5.6,6.0,4.7,8.2,5.8,7.1,4.4,INTJ,"Kỹ thuật, Cơ khí & Ô tô",Kỹ thuật điện,2.6
STU1098,8.4,6.5,6.7,6.9,9.1,9.6,6.0,ISTJ,Y tế & Sức khỏe,Dược học,4.2
STU0549,8.6,4.8,8.7,9.4,8.5,6.0,6.3,INTP,Công nghệ Thông tin & Kỹ thuật Máy tính,Thiết kế vi mạch,3.4
STU2606,7.6,8.9,9.1,6.7,5.8,6.2,9.5,ESFJ,Sư phạm & Giáo dục,Giáo dục Mầm non,5.2
STU4161,6.1,6.2,5.1,6.8,6.4,7.4,5.8,ESTJ,Nghệ thuật & Thiết kế,Hội họa,2.9
STU1906,9.9,7.8,8.8,6.2,6.6,6.3,6.5,ESTJ,Kinh tế & Quản lý,Kinh tế quốc tế,4.9
STU1859,8.5,8.0,9.1,6.0,5.6,5.8,4.1,ENTP,Kinh tế & Quản lý,Kinh tế,3.4
STU1322,10.0,6.3,6.2,6.8,9.1,10.0,5.0,ISFP,Y tế & Sức khỏe,Răng - Hàm - Mặt,5.7
STU3246,5.0,4.3,5.3,4.7,4.7,5.5,5.7,INFP,Ngôn ngữ & Văn hóa,Tiếng Việt và văn hoá Việt Nam,3.7
STU2305,7.5,8.6,9.4,5.7,4.8,5.2,9.9,ISFJ,Sư phạm & Giáo dục,Sư phạm Tin học,4.6
STU1722,8.1,7.2,10.0,5.6,5.6,5.2,6.8,ENTJ,Kinh tế & Quản lý,Thương mại điện tử,3.9
STU6717,8.7,6.3,6.3,8.9,6.0,6.0,7.3,ESTJ,Xây dựng & Quy hoạch,Địa kỹ thuật xây dựng,5.3
STU5041,6.2,8.7,7.5,5.9,6.9,4.7,9.3,INTJ,Luật & Xã hội,Công tác xã hội,5.4
STU5230,7.6,9.1,7.7,6.5,6.4,6.8,9.8,INTJ,Luật & Xã hội,Công tác xã hội,4.2
STU1403,9.4,6.3,8.4,5.9,6.6,5.8,7.5,ESTJ,Kinh tế & Quản lý,Kinh tế quốc tế,4.5
STU5386,7.9,5.7,5.7,9.2,8.8,6.9,5.7,ESTP,"Kỹ thuật, Cơ khí & Ô tô",Kỹ thuật điều khiển và tự động hóa,4.2
STU5165,4.6,8.7,6.9,4.9,5.6,5.0,9.6,ISTJ,Luật & Xã hội,Luật,3.8
STU7293,10.0,5.7,4.9,9.2,6.6,6.7,6.0,ESTJ,Xây dựng & Quy hoạch,Công nghệ kỹ thuật công trình xây dựng,4.6
STU6720,9.8,5.9,5.6,8.0,6.1,6.6,5.8,ESTJ,Xây dựng & Quy hoạch,Kỹ thuật cấp thoát nước,4.3
STU2165,5.7,9.7,9.3,6.3,6.1,6.3,9.3,INFJ,Sư phạm & Giáo dục,Sư phạm Tin học,4.2
STU7856,5.7,7.3,9.8,6.3,6.1,6.6,7.8,ESFP,Du lịch & Dịch vụ,Quản trị nhà hàng và dịch vụ ăn uống,3.7
STU0938,10.0,5.6,6.4,7.2,9.6,9.0,6.8,ISFP,Y tế & Sức khỏe,Quản lý bệnh viện,4.3
STU4609,5.8,8.5,6.0,5.7,7.0,6.7,6.5,INFJ,Nghệ thuật & Thiết kế,Thiết kế công nghiệp,3.9
STU2664,6.0,10.0,8.9,6.8,6.1,6.5,8.6,ISFJ,Sư phạm & Giáo dục,Sư phạm Ngữ văn,4.3
STU1784,9.2,8.6,7.3,6.3,5.2,5.2,5.3,ESTJ,Kinh tế & Quản lý,Kinh doanh quốc tế,4.4
STU5000,4.7,8.0,7.2,4.6,7.1,5.2,9.1,ENTJ,Luật & Xã hội,Tâm lý học,5.0
STU6472,8.7,4.7,4.8,5.5,7.7,9.3,6.5,ISFP,Nông nghiệp & Môi trường,Khoa học cây trồng,3.6
STU5040,6.4,10.0,7.6,5.8,6.3,7.4,8.2,INTJ,Luật & Xã hội,Luật quốc tế,4.4
STU4767,5.7,9.3,7.9,7.1,6.8,6.2,9.8,INTJ,Luật & Xã hội,Luật kinh tế,5.0
STU7666,4.8,7.8,9.3,4.6,5.8,7.1,9.5,ENFP,Du lịch & Dịch vụ,Quản trị khách sạn,3.7
STU2629,6.3,9.6,9.8,5.2,6.5,6.6,10.0,ISFJ,Sư phạm & Giáo dục,Sư phạm Vật lý,5.1
STU5103,5.8,10.0,8.4,5.2,5.9,5.5,10.0,INTJ,Luật & Xã hội,Quản lý nhà nước,5.4
STU6268,8.3,6.6,5.0,5.9,8.6,8.3,4.6,INFP,Nông nghiệp & Môi trường,Công nghệ sau thu hoạch,3.7
STU3521,5.9,9.3,8.6,7.2,6.3,7.4,7.5,ENFP,Truyền thông & Báo chí,Truyền thông đa phương tiện,3.8
STU6796,8.0,6.4,5.8,9.5,6.8,7.1,5.7,ISTP,Xây dựng & Quy hoạch,Quản lý xây dựng,3.9
STU0621,8.2,6.0,7.9,10.0,6.4,5.1,5.4,ISTP,Công nghệ Thông tin & Kỹ thuật Máy tính,Kỹ thuật phần mềm,3.9
STU6219,6.4,5.2,5.1,6.4,8.3,9.2,4.4,ISFP,Nông nghiệp & Môi trường,Khoa học cây trồng,4.6
STU7521,5.7,6.6,9.0,7.1,5.5,6.3,8.7,ENFP,Du lịch & Dịch vụ,Quản trị khách sạn,4.6
STU4109,4.8,6.8,3.4,4.8,5.6,5.6,4.6,INFP,Nghệ thuật & Thiết kế,Thiết kế thời trang,2.6
STU7703,5.2,8.1,8.7,6.0,5.6,5.7,7.0,ESTP,Du lịch & Dịch vụ,Quản trị dịch vụ du lịch và lữ hành,4.7
STU0479,10.0,5.3,7.9,9.3,6.9,6.2,6.8,INTP,Công nghệ Thông tin & Kỹ thuật Máy tính,Thiết kế vi mạch,6.2
STU1353,9.0,8.3,9.3,7.1,6.3,6.6,4.9,ESTP,Kinh tế & Quản lý,Kinh tế,4.5
STU7511,6.3,8.3,7.4,6.2,6.2,6.1,6.9,ESFJ,Du lịch & Dịch vụ,Du lịch,3.8
STU6670,8.7,5.2,6.1,8.3,5.6,7.1,4.7,ESTJ,Xây dựng & Quy hoạch,Kinh tế xây dựng,4.9
STU6652,7.2,5.7,6.5,5.4,9.4,8.4,6.0,ISFJ,Nông nghiệp & Môi trường,Lâm nghiệp đô thị,3.2
STU1719,8.3,8.2,8.0,4.7,6.6,6.7,5.5,ESTJ,Kinh tế & Quản lý,Thương mại điện tử,4.7
STU5195,5.6,10.0,7.4,5.2,5.4,7.2,9.4,ENTJ,Luật & Xã hội,Luật,5.1
STU1766,8.5,8.6,9.6,6.4,4.7,6.2,6.7,ESTP,Kinh tế & Quản lý,Kế toán,5.0
STU1034,9.7,6.4,6.9,4.4,8.7,8.8,5.4,ISFJ,Y tế & Sức khỏe,Điều dưỡng,4.6
STU2339,7.2,9.4,9.5,7.0,6.9,5.2,9.6,ISFJ,Sư phạm & Giáo dục,Giáo dục Mầm non,4.0
STU0287,10.0,5.1,9.6,10.0,7.5,6.0,6.3,INTJ,Công nghệ Thông tin & Kỹ thuật Máy tính,Kỹ thuật phần mềm,4.8
STU0551,9.0,6.3,8.7,8.7,5.8,5.6,6.6,ISTJ,Công nghệ Thông tin & Kỹ thuật Máy tính,Thiết kế vi mạch,4.2
STU7022,8.2,5.3,6.9,8.8,6.7,7.2,7.5,ESTJ,Xây dựng & Quy hoạch,Kỹ thuật cấp thoát nước,5.4
STU6699,9.6,6.0,5.2,9.0,6.3,6.4,7.4,ISTP,Xây dựng & Quy hoạch,Kỹ thuật cấp thoát nước,4.1
STU2997,6.4,8.9,9.0,6.2,6.9,7.1,8.9,ISFP,Ngôn ngữ & Văn hóa,Ngôn ngữ Hàn Quốc,4.1
STU5853,8.7,6.7,6.3,8.5,7.3,6.3,7.2,ESTP,"Kỹ thuật, Cơ khí & Ô tô",Công nghệ kỹ thuật ô tô,5.4
STU7962,5.6,6.8,9.1,7.0,6.4,5.0,8.0,ENFP,Du lịch & Dịch vụ,Quản trị khách sạn,5.4
STU3530,6.1,9.6,9.0,5.3,5.8,6.6,9.4,ESFP,Truyền thông & Báo chí,Quan hệ công chúng,4.2
STU6766,8.3,4.4,5.6,9.7,6.5,6.0,5.3,ISTJ,Xây dựng & Quy hoạch,Địa kỹ thuật xây dựng,4.7
STU1808,9.5,8.4,7.7,6.6,5.9,4.9,4.6,ENTP,Kinh tế & Quản lý,Quản trị kinh doanh,5.0
STU7533,6.1,7.9,9.6,5.6,7.5,4.1,6.7,ESTP,Du lịch & Dịch vụ,Du lịch,4.7
STU3066,5.8,9.6,8.7,7.0,6.0,4.6,7.6,INFP,Ngôn ngữ & Văn hóa,Ngôn ngữ học,4.1
STU4229,6.0,8.3,6.4,6.1,5.4,6.1,6.8,ISFP,Nghệ thuật & Thiết kế,Thiết kế đồ họa,4.6
STU7929,6.4,8.6,8.6,6.6,7.2,6.9,7.8,ESFP,Du lịch & Dịch vụ,Quản trị khách sạn,4.0
STU3155,6.0,8.6,9.2,7.1,6.0,6.7,8.6,ISFP,Ngôn ngữ & Văn hóa,Ngôn ngữ Nhật,4.3
STU6719,8.4,6.2,7.6,8.4,7.2,7.2,5.8,ISTJ,Xây dựng & Quy hoạch,Địa kỹ thuật xây dựng,3.2
STU7641,6.4,8.3,8.7,5.8,5.7,5.7,8.4,ESFP,Du lịch & Dịch vụ,Quản trị khách sạn,3.6
STU6050,8.2,5.2,5.1,5.7,9.9,9.3,5.0,INFP,Nông nghiệp & Môi trường,Công nghệ thực phẩm,3.4
STU5600,8.3,5.7,5.5,9.2,7.3,6.0,5.7,ISTP,"Kỹ thuật, Cơ khí & Ô tô",Kỹ thuật điện tử - viễn thông,3.7
STU4459,7.0,8.5,6.0,7.3,5.4,6.4,7.6,ISFP,Nghệ thuật & Thiết kế,Thiết kế công nghiệp,5.0
STU7580,6.3,7.7,10.0,6.8,6.1,6.2,7.9,ESFJ,Du lịch & Dịch vụ,Du lịch,4.8
STU4763,6.5,9.7,8.6,6.3,5.7,6.3,9.2,ISTJ,Luật & Xã hội,Luật kinh tế,4.8
STU3347,5.4,8.9,10.0,5.2,7.2,5.1,8.4,ENFP,Truyền thông & Báo chí,Thông tin - thư viện,4.6
STU7895,6.6,8.3,9.1,6.2,6.4,5.5,7.6,ESFJ,Du lịch & Dịch vụ,Quản trị nhà hàng và dịch vụ ăn uống,4.3
STU1624,9.9,8.2,9.3,5.4,5.6,7.3,5.7,ENTJ,Kinh tế & Quản lý,Kiểm toán,5.4
STU0702,8.8,5.6,6.7,6.3,10.0,9.9,7.1,ISFJ,Y tế & Sức khỏe,Dược học,4.6
STU4631,6.4,8.7,6.0,6.8,6.6,6.4,7.8,INFP,Nghệ thuật & Thiết kế,Thanh nhạc,4.6
STU5381,8.9,5.1,5.4,9.7,7.7,5.2,6.3,ISTP,"Kỹ thuật, Cơ khí & Ô tô",Kỹ thuật điều khiển và tự động hóa,4.7
STU3750,7.0,10.0,8.3,6.7,6.6,5.5,8.0,ENTP,Truyền thông & Báo chí,Truyền thông đại chúng,4.9
STU4242,4.5,8.0,6.6,6.2,5.1,5.3,5.7,INFJ,Nghệ thuật & Thiết kế,Hội họa,3.8
STU5445,8.6,7.4,5.6,8.6,7.4,4.9,5.1,ISTP,"Kỹ thuật, Cơ khí & Ô tô",Công nghệ kỹ thuật ô tô,3.6
STU5066,5.2,9.2,7.1,6.1,6.4,6.2,9.1,ISTJ,Luật & Xã hội,Xã hội học,4.5
STU2064,6.2,9.2,8.2,6.1,7.4,5.5,10.0,ISFJ,Sư phạm & Giáo dục,Sư phạm Tin học,4.8
STU4033,7.1,8.2,6.8,5.0,6.2,6.4,7.6,ISFP,Nghệ thuật & Thiết kế,Hội họa,5.3
STU1870,8.4,7.6,8.5,6.6,7.3,6.3,7.2,ENTP,Kinh tế & Quản lý,Thương mại điện tử,4.2
STU0834,9.0,7.3,6.9,6.0,10.0,9.2,5.5,ISFP,Y tế & Sức khỏe,Quản lý bệnh viện,3.5
STU4846,5.9,8.2,6.8,5.1,5.0,6.0,9.6,INFJ,Luật & Xã hội,Luật,3.8
STU7299,8.4,5.8,5.4,8.8,7.5,5.4,6.1,ESTJ,Xây dựng & Quy hoạch,Kỹ thuật cấp thoát nước,4.6
STU0550,9.9,6.2,7.9,7.4,6.6,6.8,5.7,ENTP,Công nghệ Thông tin & Kỹ thuật Máy tính,Công nghệ thông tin,4.7
STU1021,10.0,7.2,6.1,6.2,9.5,9.5,5.7,INFJ,Y tế & Sức khỏe,Dược học,4.9
STU0249,8.9,5.8,9.2,8.5,7.5,6.6,5.6,ENTP,Công nghệ Thông tin & Kỹ thuật Máy tính,Công nghệ thông tin,4.4
STU2261,7.3,9.5,9.3,4.8,7.1,5.8,9.1,ISFJ,Sư phạm & Giáo dục,Tâm lý học giáo dục,4.8
STU7414,6.1,7.9,9.4,4.6,6.5,6.4,9.4,ESFJ,Du lịch & Dịch vụ,Quản trị khách sạn,4.2
STU0297,9.2,5.9,8.1,9.8,6.2,6.2,7.0,ISTJ,Công nghệ Thông tin & Kỹ thuật Máy tính,Khoa học Máy tính,3.4
STU6684,9.0,6.9,5.6,9.2,7.1,5.8,6.6,ESTJ,Xây dựng & Quy hoạch,Kỹ thuật cấp thoát nước,4.7
STU2437,7.0,8.6,8.0,6.0,5.2,5.9,9.9,ENFJ,Sư phạm & Giáo dục,Giáo dục Tiểu học,4.5
STU7076,9.1,6.2,5.7,7.0,8.1,4.9,7.3,ISTJ,Xây dựng & Quy hoạch,Kỹ thuật cấp thoát nước,4.2
STU3482,6.0,8.8,8.7,6.1,6.0,6.8,7.8,ENFP,Truyền thông & Báo chí,Thông tin - thư viện,4.7
STU3904,6.6,10.0,8.7,5.5,5.3,5.8,7.0,ENTP,Truyền thông & Báo chí,Truyền thông đại chúng,3.6
STU0101,10.0,5.3,9.2,8.5,7.2,5.8,6.3,ISTP,Công nghệ Thông tin & Kỹ thuật Máy tính,Kỹ thuật phần mềm,4.3
STU6309,9.1,6.6,4.8,6.4,8.5,7.6,6.4,ISFJ,Nông nghiệp & Môi trường,Nông nghiệp,4.4
STU7320,9.4,7.7,7.8,7.6,6.7,7.0,6.3,ISTP,Xây dựng & Quy hoạch,Kinh tế xây dựng,5.2
STU5329,10.0,5.5,6.9,8.9,8.5,7.4,4.9,ISTJ,"Kỹ thuật, Cơ khí & Ô tô",Kỹ thuật cơ điện tử,3.6
STU2852,6.4,9.1,8.8,5.4,7.2,6.9,7.3,ISFP,Ngôn ngữ & Văn hóa,Đông phương học,4.4
STU7693,6.7,8.3,7.2,6.5,6.5,6.3,6.9,ESTP,Du lịch & Dịch vụ,Du lịch,3.9
STU0533,8.4,5.8,9.4,9.7,5.8,5.7,6.9,ISTP,Công nghệ Thông tin & Kỹ thuật Máy tính,Khoa học Máy tính,4.5
STU3910,6.2,9.3,8.3,6.1,6.4,4.4,8.7,ENTP,Truyền thông & Báo chí,Quan hệ công chúng,5.2
STU7428,6.4,7.6,9.2,5.4,5.0,6.4,9.3,ESFJ,Du lịch & Dịch vụ,Quản trị dịch vụ du lịch và lữ hành,5.3
STU3363,7.4,9.3,9.9,6.0,6.8,6.2,7.3,ENFP,Truyền thông & Báo chí,Lưu trữ học,4.4
STU1371,9.1,8.5,8.7,6.7,5.3,4.3,6.3,ESTJ,Kinh tế & Quản lý,Kinh doanh quốc tế,5.1
STU3245,6.4,8.6,10.0,5.1,5.5,6.5,9.4,INFP,Ngôn ngữ & Văn hóa,Ngôn ngữ học,4.3
STU0347,9.5,6.7,7.8,9.5,6.4,7.1,6.9,ISTP,Công nghệ Thông tin & Kỹ thuật Máy tính,Mạng máy tính và truyền thông dữ liệu,3.7
STU5395,8.1,5.4,6.4,10.0,8.6,6.2,5.8,ISTJ,"Kỹ thuật, Cơ khí & Ô tô",Kỹ thuật điện tử - viễn thông,3.8
STU1576,8.2,8.7,8.3,5.8,6.9,6.3,6.0,ESTJ,Kinh tế & Quản lý,Quản trị kinh doanh,4.9
STU3546,3.1,6.1,5.7,5.1,7.1,4.6,5.8,ISFP,Truyền thông & Báo chí,Truyền thông đại chúng,2.3
STU5808,9.7,6.0,6.1,10.0,8.9,5.3,7.3,ISTJ,"Kỹ thuật, Cơ khí & Ô tô",Kỹ thuật cơ điện tử,4.2
STU0682,10.0,5.0,6.6,6.3,9.1,9.6,6.1,ISTJ,Y tế & Sức khỏe,Kỹ thuật hình ảnh y học,4.1
STU4867,4.9,9.0,6.9,5.9,6.0,6.5,10.0,ENTJ,Luật & Xã hội,Luật,3.8
STU3351,6.6,8.8,8.0,6.0,6.7,6.5,7.3,ENTP,Truyền thông & Báo chí,Thông tin - thư viện,4.7
STU2969,5.8,8.7,9.5,5.1,6.1,6.4,7.4,INFP,Ngôn ngữ & Văn hóa,Ngôn ngữ Trung Quốc,4.6
STU3704,5.9,7.5,9.7,6.5,5.7,6.3,7.5,ESFP,Truyền thông & Báo chí,Thông tin - thư viện,3.2
STU5215,6.5,9.2,8.8,5.9,6.7,6.5,10.0,ENTJ,Luật & Xã hội,Luật quốc tế,5.0
STU5368,7.9,6.0,5.3,8.7,8.0,5.5,6.4,ISTP,"Kỹ thuật, Cơ khí & Ô tô",Kỹ thuật điện,3.4
STU2645,5.5,9.4,9.3,5.6,4.6,6.4,9.7,ISFJ,Sư phạm & Giáo dục,Giáo dục Tiểu học,4.3
STU5205,6.3,9.0,7.3,6.5,5.0,6.5,9.0,ENTJ,Luật & Xã hội,Chính trị học,4.6
STU6632,7.0,5.3,6.1,5.3,9.3,9.4,5.7,ISFP,Nông nghiệp & Môi trường,Nuôi trồng thủy sản,3.6
STU7785,6.7,8.0,8.8,5.0,5.8,5.5,7.9,ESFP,Du lịch & Dịch vụ,Du lịch,3.7
STU5060,7.1,9.8,7.6,6.0,5.4,5.7,10.0,INTJ,Luật & Xã hội,Luật quốc tế,4.9
STU2250,6.2,8.9,9.5,5.5,6.2,7.5,10.0,ESFJ,Sư phạm & Giáo dục,Tâm lý học giáo dục,5.0
STU1182,9.9,6.2,6.3,5.5,9.4,10.0,5.6,ISFP,Y tế & Sức khỏe,Y học cổ truyền,4.1
STU1376,10.0,7.1,9.7,5.1,6.9,5.5,5.8,ENTP,Kinh tế & Quản lý,Kế toán,4.5
STU5621,8.2,5.8,6.7,9.7,7.7,7.5,6.3,ISTJ,"Kỹ thuật, Cơ khí & Ô tô",Kỹ thuật cơ khí,4.1
STU2111,6.9,9.2,10.0,5.5,6.5,6.6,9.8,ENFJ,Sư phạm & Giáo dục,Sư phạm Tiếng Anh,4.3
STU6818,7.9,6.1,5.6,9.0,6.4,5.8,6.3,ESTJ,Xây dựng & Quy hoạch,Kinh tế xây dựng,4.3
STU2209,5.6,8.0,10.0,5.2,7.0,6.5,9.3,ENFJ,Sư phạm & Giáo dục,Tâm lý học giáo dục,4.0
STU4826,7.1,4.6,4.6,4.8,7.1,6.2,4.9,ESTP,Luật & Xã hội,Xã hội học,2.4
STU6074,7.7,6.8,6.3,5.7,7.9,8.7,5.6,INFP,Nông nghiệp & Môi trường,Nuôi trồng thủy sản,4.0
STU3667,6.4,8.3,8.6,4.8,5.0,5.5,8.6,ESFP,Truyền thông & Báo chí,Truyền thông đa phương tiện,4.0
STU3086,5.2,8.9,9.5,5.5,5.4,5.6,8.4,INFP,Ngôn ngữ & Văn hóa,Ngôn ngữ Hàn Quốc,5.1
STU6611,7.2,5.3,7.3,6.6,8.9,9.8,6.4,INFP,Nông nghiệp & Môi trường,Khoa học môi trường,4.9
STU0085,9.3,6.2,8.2,9.4,6.3,6.4,6.8,ENTP,Công nghệ Thông tin & Kỹ thuật Máy tính,Thiết kế vi mạch,4.2
STU5851,9.2,6.5,5.6,9.7,8.5,6.8,5.0,INTJ,"Kỹ thuật, Cơ khí & Ô tô",Kỹ thuật điện,4.2
STU2657,8.1,10.0,8.8,6.7,4.9,6.4,10.0,ENFJ,Sư phạm & Giáo dục,Giáo dục Mầm non,4.6
STU5615,9.4,6.7,5.8,9.0,8.5,6.0,4.5,ISTP,"Kỹ thuật, Cơ khí & Ô tô",Kỹ thuật điện,3.5
STU3612,7.7,10.0,9.1,5.7,7.3,6.5,8.7,ENTP,Truyền thông & Báo chí,Báo chí,4.4
STU6532,7.9,6.5,5.3,5.0,9.8,9.0,5.1,ISFP,Nông nghiệp & Môi trường,Công nghệ sau thu hoạch,6.1
STU4948,6.2,5.7,6.6,5.2,6.2,3.0,5.4,ENFJ,Luật & Xã hội,Luật quốc tế,4.2
STU0419,9.7,6.6,9.3,9.6,7.0,6.2,4.6,INTJ,Công nghệ Thông tin & Kỹ thuật Máy tính,An toàn thông tin,3.1
STU5073,6.5,8.6,6.5,5.7,7.3,7.1,10.0,INFJ,Luật & Xã hội,Chính trị học,4.6
STU7139,9.3,6.0,6.5,8.8,7.5,5.9,6.5,ISTP,Xây dựng & Quy hoạch,Kỹ thuật cấp thoát nước,3.5
STU3766,6.4,8.9,7.7,7.0,6.3,7.3,7.0,ENTP,Truyền thông & Báo chí,Truyền thông đại chúng,5.1
STU3136,5.7,7.5,9.5,7.1,4.6,6.5,7.8,INFP,Ngôn ngữ & Văn hóa,Ngôn ngữ Hàn Quốc,5.3
STU5672,9.7,6.3,6.3,9.5,7.5,7.7,5.2,ESTP,"Kỹ thuật, Cơ khí & Ô tô",Kỹ thuật cơ điện tử,3.2
STU7429,6.9,8.4,8.8,7.4,5.8,6.9,7.8,ESFJ,Du lịch & Dịch vụ,Quản trị dịch vụ du lịch và lữ hành,4.7
STU0294,8.8,5.9,10.0,9.4,8.3,6.4,5.4,ISTJ,Công nghệ Thông tin & Kỹ thuật Máy tính,Công nghệ thông tin,3.9
STU5843,8.4,6.0,6.5,8.7,7.0,5.4,7.5,ISTJ,"Kỹ thuật, Cơ khí & Ô tô",Kỹ thuật điện,5.2
STU4329,7.3,8.1,6.9,5.7,6.3,7.6,7.4,ISFP,Nghệ thuật & Thiết kế,Thanh nhạc,3.8
STU3627,5.8,9.7,8.3,4.8,6.7,4.3,6.8,ESFP,Truyền thông & Báo chí,Truyền thông đa phương tiện,4.8
STU6580,8.0,7.1,5.8,6.5,8.4,9.6,6.6,ISFP,Nông nghiệp & Môi trường,Nuôi trồng thủy sản,4.3
STU5793,8.0,5.2,6.3,8.0,7.1,5.8,6.3,INTJ,"Kỹ thuật, Cơ khí & Ô tô",Kỹ thuật điện,4.6
STU7532,5.9,6.4,10.0,6.8,5.7,5.7,9.0,ENFP,Du lịch & Dịch vụ,Quản trị nhà hàng và dịch vụ ăn uống,5.1
STU3149,5.8,9.1,9.2,6.0,6.7,5.3,8.6,ISFP,Ngôn ngữ & Văn hóa,Ngôn ngữ Anh,5.2
STU1150,9.3,5.4,6.6,6.6,10.0,9.2,6.3,ISTJ,Y tế & Sức khỏe,Điều dưỡng,4.8
STU3709,5.6,5.2,5.5,7.6,5.9,6.6,6.3,ESFP,Truyền thông & Báo chí,Báo chí,1.5
STU2192,7.2,8.8,9.7,7.3,5.6,5.2,10.0,ISFJ,Sư phạm & Giáo dục,Giáo dục Mầm non,3.6
STU1704,8.3,7.9,8.7,6.5,6.1,6.0,6.8,ENTP,Kinh tế & Quản lý,Kinh doanh quốc tế,4.4
STU6416,7.8,7.5,5.8,6.0,8.6,8.8,6.4,ISTJ,Nông nghiệp & Môi trường,Thú y,4.7
STU6045,8.0,5.2,7.3,7.1,9.0,8.0,7.2,ISFP,Nông nghiệp & Môi trường,Khoa học môi trường,5.3
STU6727,8.0,5.7,5.8,8.3,8.2,5.6,5.9,ISTJ,Xây dựng & Quy hoạch,Kỹ thuật xây dựng,5.6
STU1929,8.5,9.2,8.2,6.2,5.9,6.4,5.2,ESTP,Kinh tế & Quản lý,Thương mại điện tử,5.1
STU4672,6.2,9.6,6.8,7.2,6.4,5.5,8.4,ENTJ,Luật & Xã hội,Công tác xã hội,4.1
STU1920,8.0,6.9,9.0,6.5,6.8,5.2,6.3,ESTJ,Kinh tế & Quản lý,Kinh tế,4.8
STU5705,9.7,4.8,6.9,9.3,8.0,5.8,5.2,ISTP,"Kỹ thuật, Cơ khí & Ô tô",Kỹ thuật cơ điện tử,4.5
STU4450,6.1,8.1,5.7,5.5,5.9,5.2,7.4,INFP,Nghệ thuật & Thiết kế,Thiết kế nội thất,4.8
STU4247,4.8,8.4,6.1,5.8,5.9,5.0,7.8,ISFP,Nghệ thuật & Thiết kế,Thiết kế công nghiệp,5.0
STU2777,6.5,8.3,10.0,5.4,7.1,5.9,8.3,INFP,Ngôn ngữ & Văn hóa,Ngôn ngữ học,5.1
STU6143,7.5,4.9,5.8,6.2,8.3,9.4,6.3,ISFP,Nông nghiệp & Môi trường,Công nghệ sau thu hoạch,4.3
STU5145,5.0,8.4,8.8,7.2,6.2,6.5,9.1,INTJ,Luật & Xã hội,Luật kinh tế,4.1
STU6153,8.4,5.2,7.1,5.0,8.8,9.6,5.6,ISFJ,Nông nghiệp & Môi trường,Nuôi trồng thủy sản,5.1
STU4099,5.4,8.6,4.6,6.1,5.5,6.7,7.4,ISFP,Nghệ thuật & Thiết kế,Thiết kế thời trang,4.8
STU7923,5.9,6.2,4.6,5.3,7.0,5.7,4.4,ESTJ,Du lịch & Dịch vụ,Quản trị khách sạn,2.1
STU5484,3.9,6.1,6.7,6.6,4.9,4.4,4.5,ISFP,"Kỹ thuật, Cơ khí & Ô tô",Kỹ thuật điều khiển và tự động hóa,1.2
STU0374,10.0,5.4,8.9,8.1,7.1,6.7,6.1,INTJ,Công nghệ Thông tin & Kỹ thuật Máy tính,Thiết kế vi mạch,4.1
STU6604,7.1,6.6,6.0,6.7,8.3,10.0,5.6,ISTJ,Nông nghiệp & Môi trường,Nuôi trồng thủy sản,4.1
STU5778,7.8,5.6,6.9,8.8,8.3,6.5,5.4,ESTP,"Kỹ thuật, Cơ khí & Ô tô",Kỹ thuật cơ khí,4.5
STU1865,8.2,8.7,10.0,5.6,6.0,6.6,7.5,ENTJ,Kinh tế & Quản lý,Kiểm toán,4.8
STU3358,5.9,10.0,8.9,5.3,5.6,6.9,7.3,ESFP,Truyền thông & Báo chí,Lưu trữ học,4.6
STU4388,5.6,8.9,6.6,5.9,4.9,7.2,8.9,INFJ,Nghệ thuật & Thiết kế,Điêu khắc,3.9
STU6176,7.7,7.2,6.7,6.4,7.7,9.0,5.3,ISFP,Nông nghiệp & Môi trường,Công nghệ thực phẩm,3.8
STU1651,8.5,7.1,9.6,6.5,5.5,7.0,6.4,ENTJ,Kinh tế & Quản lý,Tài chính - Ngân hàng,5.2
STU3384,7.4,8.6,9.3,6.5,6.4,5.8,8.1,ENFP,Truyền thông & Báo chí,Công nghệ truyền thông,3.5
STU5767,8.3,6.3,5.9,10.0,7.9,6.7,5.6,ESTP,"Kỹ thuật, Cơ khí & Ô tô",Kỹ thuật điều khiển và tự động hóa,3.6
STU4334,6.4,8.2,6.1,6.3,6.8,6.0,7.9,INFJ,Nghệ thuật & Thiết kế,Thiết kế đồ họa,5.9
STU2303,5.7,10.0,10.0,6.7,7.9,5.4,10.0,ESFJ,Sư phạm & Giáo dục,Giáo dục Tiểu học,3.2
STU4417,6.9,8.5,5.7,5.3,5.2,6.2,9.0,INFJ,Nghệ thuật & Thiết kế,Hội họa,3.3
STU4994,6.2,9.2,7.7,6.1,4.8,4.9,8.2,INFJ,Luật & Xã hội,Xã hội học,4.9
STU4669,5.4,8.9,7.3,5.7,5.4,6.0,8.9,ENTJ,Luật & Xã hội,Xã hội học,3.6
STU1394,8.7,7.5,9.2,5.6,4.9,5.8,5.2,ESTP,Kinh tế & Quản lý,Kinh tế quốc tế,4.3
STU0813,8.3,7.2,6.2,6.6,8.6,9.5,5.4,ISFJ,Y tế & Sức khỏe,Kỹ thuật phục hồi chức năng,5.0
STU6819,9.5,6.3,6.4,9.1,6.7,6.6,5.3,ISTP,Xây dựng & Quy hoạch,Quản lý xây dựng,4.7
STU6305,8.4,7.6,5.3,4.3,8.1,10.0,6.5,INFP,Nông nghiệp & Môi trường,Công nghệ thực phẩm,3.9
STU6337,7.9,6.7,5.4,5.0,9.5,9.9,6.5,ISFJ,Nông nghiệp & Môi trường,Nuôi trồng thủy sản,3.0
STU6105,7.0,6.4,5.6,5.9,8.8,10.0,6.2,ISTJ,Nông nghiệp & Môi trường,Thú y,4.7
STU2868,7.0,9.4,9.6,6.6,5.9,6.0,6.9,INTP,Ngôn ngữ & Văn hóa,Ngôn ngữ Nhật,4.6
STU4478,5.6,9.2,6.4,6.4,5.3,7.3,7.7,ISFP,Nghệ thuật & Thiết kế,Thiết kế thời trang,5.7
STU4765,6.3,7.5,5.0,5.2,7.3,4.7,6.4,ESTP,Luật & Xã hội,Chính trị học,3.9
STU4484,4.8,8.0,7.5,4.7,5.4,5.7,7.2,INFP,Nghệ thuật & Thiết kế,Kiến trúc,4.0
STU1678,9.4,7.2,8.0,5.2,7.3,6.0,4.7,ENTP,Kinh tế & Quản lý,Kế toán,3.3
STU5177,5.7,4.7,3.8,4.0,6.8,5.5,6.3,ISFP,Luật & Xã hội,Luật,2.2
STU3071,6.2,8.6,9.0,7.0,4.8,5.4,8.2,ISFP,Ngôn ngữ & Văn hóa,Ngôn ngữ Hàn Quốc,3.7
STU5098,5.8,7.5,7.9,6.3,5.4,6.0,8.6,ENTJ,Luật & Xã hội,Luật kinh tế,5.4
STU1657,9.0,8.1,8.2,5.3,6.6,6.4,5.2,ESTP,Kinh tế & Quản lý,Kinh tế quốc tế,4.2
STU7611,5.5,7.5,9.0,5.6,6.6,4.1,8.3,ESFP,Du lịch & Dịch vụ,Quản trị khách sạn,5.4
STU0922,9.3,5.2,5.6,6.4,8.5,8.4,4.6,ISFP,Y tế & Sức khỏe,Điều dưỡng,4.9
STU0323,9.2,7.2,9.0,8.3,6.6,6.5,6.4,ENTP,Công nghệ Thông tin & Kỹ thuật Máy tính,Mạng máy tính và truyền thông dữ liệu,4.5
STU3015,6.1,7.6,8.8,5.8,5.6,6.9,8.0,INTP,Ngôn ngữ & Văn hóa,Quốc tế học,5.5
STU2389,7.0,9.2,8.4,7.3,6.5,6.7,10.0,INFJ,Sư phạm & Giáo dục,Sư phạm Ngữ văn,4.1
STU6183,7.0,6.5,7.0,6.2,7.7,9.5,5.4,ISTJ,Nông nghiệp & Môi trường,Công nghệ thực phẩm,4.1
STU6554,7.2,6.1,7.1,6.6,9.2,8.2,5.8,INFP,Nông nghiệp & Môi trường,Nuôi trồng thủy sản,5.1
STU4565,5.4,7.2,5.5,5.2,5.5,7.3,6.4,INFJ,Nghệ thuật & Thiết kế,Thiết kế công nghiệp,4.3
STU3990,5.5,9.6,9.4,6.0,5.9,6.5,7.0,ESFP,Truyền thông & Báo chí,Truyền thông đa phương tiện,3.5
STU2113,6.6,9.5,10.0,5.6,4.8,5.4,8.3,INFJ,Sư phạm & Giáo dục,Sư phạm Toán học,3.8
STU2940,6.1,8.9,8.7,6.4,5.2,6.4,7.8,ISFP,Ngôn ngữ & Văn hóa,Tiếng Việt và văn hoá Việt Nam,3.9
STU0232,10.0,4.1,8.1,8.9,8.2,4.3,6.4,ISTP,Công nghệ Thông tin & Kỹ thuật Máy tính,Thiết kế vi mạch,4.3
STU4922,5.2,9.6,8.0,5.8,6.2,5.6,9.6,ENTJ,Luật & Xã hội,Quản lý nhà nước,4.2
STU3474,6.1,9.7,8.8,6.9,6.1,4.7,7.3,ENFP,Truyền thông & Báo chí,Lưu trữ học,4.4
STU5591,9.0,5.7,6.3,9.5,5.8,6.2,6.7,INTJ,"Kỹ thuật, Cơ khí & Ô tô",Robot và Trí tuệ nhân tạo,5.2
STU1080,9.1,6.0,6.1,5.3,8.6,9.4,5.7,ISFJ,Y tế & Sức khỏe,Kỹ thuật hình ảnh y học,3.9
STU5924,8.5,7.7,7.2,10.0,7.3,4.7,6.1,ISTP,"Kỹ thuật, Cơ khí & Ô tô",Kỹ thuật điều khiển và tự động hóa,4.7
STU1116,8.3,6.0,5.5,5.4,7.8,10.0,6.8,INFJ,Y tế & Sức khỏe,Kỹ thuật phục hồi chức năng,4.3
STU7470,5.0,8.7,9.2,5.8,5.5,5.5,10.0,ENFP,Du lịch & Dịch vụ,Quản trị dịch vụ du lịch và lữ hành,3.6
STU6731,9.0,6.5,6.4,7.2,7.6,5.0,6.1,ISTP,Xây dựng & Quy hoạch,Kỹ thuật cấp thoát nước,4.8
STU1468,9.0,8.2,9.4,5.6,5.7,6.7,6.6,ESTJ,Kinh tế & Quản lý,Kế toán,4.5
STU4040,6.3,8.5,6.4,6.0,5.5,5.0,7.7,INFJ,Nghệ thuật & Thiết kế,Thiết kế nội thất,5.0
STU5770,8.1,7.5,5.5,9.3,8.7,5.7,4.7,ISTJ,"Kỹ thuật, Cơ khí & Ô tô",Công nghệ kỹ thuật ô tô,3.5
STU1579,8.4,8.6,9.6,6.8,5.1,6.3,6.6,ENTP,Kinh tế & Quản lý,Tài chính - Ngân hàng,4.3
STU3571,6.1,9.8,8.2,5.8,5.0,7.0,7.9,ENTP,Truyền thông & Báo chí,Lưu trữ học,3.9
STU5772,8.8,6.4,4.8,10.0,8.7,6.4,7.0,ISTP,"Kỹ thuật, Cơ khí & Ô tô",Kỹ thuật điều khiển và tự động hóa,4.6
STU7855,6.7,7.2,9.9,6.1,6.7,6.5,8.0,ENFP,Du lịch & Dịch vụ,Quản trị nhà hàng và dịch vụ ăn uống,3.9
STU4012,7.2,8.5,5.4,6.2,6.9,5.2,6.9,ISFP,Nghệ thuật & Thiết kế,Đạo diễn Điện ảnh - Truyền hình,4.1
STU1451,10.0,7.8,9.5,5.5,6.1,5.6,6.2,ENTJ,Kinh tế & Quản lý,Kinh tế quốc tế,4.3
STU3183,5.3,8.5,8.7,7.5,5.6,5.7,9.5,INTP,Ngôn ngữ & Văn hóa,Ngôn ngữ học,4.4
STU5930,8.8,4.7,6.0,9.0,8.6,4.8,5.8,ISTP,"Kỹ thuật, Cơ khí & Ô tô",Robot và Trí tuệ nhân tạo,2.5
STU5194,6.2,8.7,7.1,6.8,5.1,7.1,8.9,INFJ,Luật & Xã hội,Chính trị học,5.2
STU6675,8.8,7.0,7.5,8.0,6.4,4.2,4.2,ISTP,Xây dựng & Quy hoạch,Công nghệ kỹ thuật công trình xây dựng,4.5
STU3768,4.9,8.8,9.5,5.8,6.5,5.2,8.2,ENFP,Truyền thông & Báo chí,Báo chí,5.0
STU6300,7.6,5.6,5.9,6.1,8.0,8.9,5.7,INFP,Nông nghiệp & Môi trường,Khoa học cây trồng,4.1
STU4909,5.5,9.8,8.2,5.5,7.3,5.8,8.8,ENTJ,Luật & Xã hội,Luật quốc tế,4.3
STU5200,4.6,9.0,7.7,5.3,5.3,6.7,8.9,ISTJ,Luật & Xã hội,Chính trị học,5.1
STU1489,8.2,9.0,7.6,6.5,6.3,5.4,6.2,ESTJ,Kinh tế & Quản lý,Quản trị kinh doanh,4.9
STU6061,7.0,4.9,6.3,6.7,9.1,10.0,6.7,INFP,Nông nghiệp & Môi trường,Công nghệ thực phẩm,4.8
STU2134,6.0,9.4,8.4,6.5,5.2,4.6,9.8,ISFJ,Sư phạm & Giáo dục,Sư phạm Tin học,5.1
STU3280,4.9,9.3,10.0,6.3,4.7,6.8,6.7,ISFP,Ngôn ngữ & Văn hóa,Ngôn ngữ Hàn Quốc,3.9
STU5938,8.4,5.0,4.7,9.7,8.2,5.8,5.9,ISTP,"Kỹ thuật, Cơ khí & Ô tô",Công nghệ kỹ thuật ô tô,4.2
STU3930,4.9,8.8,7.2,5.9,5.3,5.5,8.0,ENFP,Truyền thông & Báo chí,Truyền thông đa phương tiện,4.5
STU5111,6.0,8.7,6.4,6.0,5.6,6.2,9.4,ISTJ,Luật & Xã hội,Chính trị học,4.3
STU1515,9.4,8.8,9.3,6.1,5.6,5.9,5.4,ESTJ,Kinh tế & Quản lý,Marketing,6.0
STU0266,10.0,5.1,9.6,8.6,7.9,4.5,5.2,INTJ,Công nghệ Thông tin & Kỹ thuật Máy tính,Khoa học Máy tính,5.2
STU0001,8.6,5.6,7.3,9.3,6.3,7.0,5.4,INTJ,Công nghệ Thông tin & Kỹ thuật Máy tính,Khoa học Máy tính,4.9
STU1452,9.5,9.1,9.3,6.7,5.8,5.3,6.2,ESTJ,Kinh tế & Quản lý,Kế toán,4.2
STU3746,6.8,9.2,9.6,6.4,6.3,6.4,9.3,ENFP,Truyền thông & Báo chí,Truyền thông đa phương tiện,3.9
STU7792,5.6,7.8,8.0,7.0,4.5,6.0,8.7,ESFJ,Du lịch & Dịch vụ,Du lịch,3.3
STU6002,7.2,6.6,5.5,6.1,8.6,7.4,5.0,ISTJ,Nông nghiệp & Môi trường,Khoa học cây trồng,3.5
STU4075,6.8,8.3,6.6,5.7,4.7,4.6,7.4,ISFP,Nghệ thuật & Thiết kế,Điêu khắc,4.4
STU0839,9.9,6.4,6.5,5.7,10.0,8.3,7.2,ISFP,Y tế & Sức khỏe,Dược học,4.4
STU0015,10.0,5.2,7.5,9.3,6.0,6.3,6.3,ENTP,Công nghệ Thông tin & Kỹ thuật Máy tính,An toàn thông tin,4.5
STU3909,5.4,9.3,8.4,5.2,6.4,5.7,8.2,ENFP,Truyền thông & Báo chí,Lưu trữ học,4.3
STU7077,8.7,6.0,6.1,9.2,6.2,5.6,5.7,ISTJ,Xây dựng & Quy hoạch,Công nghệ kỹ thuật công trình xây dựng,4.4
STU3782,7.0,8.3,7.9,5.8,5.6,6.0,8.1,ESFP,Truyền thông & Báo chí,Báo chí,4.4
STU3711,7.1,8.8,9.0,5.3,5.9,6.1,7.5,ENFP,Truyền thông & Báo chí,Truyền thông đa phương tiện,4.6
STU0009,8.6,6.5,10.0,8.9,8.1,4.8,5.2,INTJ,Công nghệ Thông tin & Kỹ thuật Máy tính,Công nghệ thông tin,4.7
STU1818,9.7,7.8,9.6,6.5,4.9,7.5,6.2,ESTP,Kinh tế & Quản lý,Kinh doanh quốc tế,4.5
STU7471,4.9,6.7,7.9,5.6,7.0,4.4,7.7,ESFP,Du lịch & Dịch vụ,Quản lý thể dục thể thao,4.0
STU2246,5.5,9.3,9.1,7.2,5.3,6.8,10.0,ISFJ,Sư phạm & Giáo dục,Giáo dục Tiểu học,3.7
STU1040,9.1,5.3,6.2,5.7,7.9,9.3,6.3,ISFJ,Y tế & Sức khỏe,Y học cổ truyền,6.0
STU3081,6.6,7.5,9.7,6.8,7.1,6.7,8.1,INFP,Ngôn ngữ & Văn hóa,Đông phương học,5.7
STU6628,8.1,5.8,5.6,6.2,8.0,9.7,5.3,ISFJ,Nông nghiệp & Môi trường,Thú y,4.5
STU3807,5.2,9.3,10.0,5.9,5.9,5.7,6.6,ESFP,Truyền thông & Báo chí,Quan hệ công chúng,4.3
STU4731,6.7,8.3,7.5,6.3,6.4,6.2,10.0,INFJ,Luật & Xã hội,Chính trị học,4.5
STU4873,6.2,10.0,8.0,5.4,7.2,7.2,9.7,INTJ,Luật & Xã hội,Luật kinh tế,4.4
STU0340,9.5,7.4,8.5,9.1,7.0,6.6,6.8,ISTP,Công nghệ Thông tin & Kỹ thuật Máy tính,Kỹ thuật phần mềm,4.4
STU0122,9.7,5.5,8.0,9.8,6.3,7.7,6.8,ISTJ,Công nghệ Thông tin & Kỹ thuật Máy tính,Thiết kế vi mạch,4.7
STU2227,7.3,9.9,8.1,6.7,6.5,5.5,9.0,ESFJ,Sư phạm & Giáo dục,Sư phạm Tiếng Anh,3.5
STU7275,8.3,5.4,7.0,8.6,6.9,6.4,7.5,ISTP,Xây dựng & Quy hoạch,Công nghệ kỹ thuật công trình xây dựng,4.7
STU1091,9.2,7.4,6.5,5.7,8.8,9.1,6.8,ISTJ,Y tế & Sức khỏe,Y học dự phòng,3.8
STU6409,7.6,6.1,5.7,5.2,8.9,9.3,6.6,ISFP,Nông nghiệp & Môi trường,Lâm nghiệp đô thị,4.7
STU1373,8.2,8.4,8.6,4.7,6.2,6.4,5.1,ESTJ,Kinh tế & Quản lý,Kinh tế,4.8
STU7579,7.0,7.5,7.6,5.7,7.5,6.1,8.2,ESFP,Du lịch & Dịch vụ,Quản trị nhà hàng và dịch vụ ăn uống,3.3
STU1318,8.2,5.9,6.7,6.2,9.2,8.7,7.5,ISFJ,Y tế & Sức khỏe,Y học dự phòng,4.4
STU0623,8.8,5.8,9.0,10.0,9.1,7.3,4.7,ENTP,Công nghệ Thông tin & Kỹ thuật Máy tính,Khoa học dữ liệu,4.2
STU1420,10.0,6.9,8.5,6.6,5.9,7.7,5.5,ENTJ,Kinh tế & Quản lý,Quản trị kinh doanh,5.0
STU5171,6.6,9.4,8.0,6.6,5.5,5.4,9.2,ISTJ,Luật & Xã hội,Xã hội học,4.6
STU7907,5.6,8.3,8.6,6.5,6.2,5.7,8.7,ENFP,Du lịch & Dịch vụ,Quản trị nhà hàng và dịch vụ ăn uống,4.2
STU2493,7.1,9.5,8.2,6.1,4.6,6.2,9.7,ISFJ,Sư phạm & Giáo dục,Giáo dục Tiểu học,3.8
STU7768,5.7,8.8,9.2,6.3,6.2,7.2,8.5,ESTP,Du lịch & Dịch vụ,Quản lý thể dục thể thao,4.7
STU2686,6.6,8.2,9.4,5.6,4.6,6.0,8.2,ISFP,Ngôn ngữ & Văn hóa,Đông phương học,4.5
STU2127,7.2,8.2,9.9,5.3,6.4,5.5,9.5,ISFJ,Sư phạm & Giáo dục,Sư phạm Toán học,5.4
STU6917,9.5,6.8,5.3,9.1,7.9,7.1,6.5,ISTP,Xây dựng & Quy hoạch,Công nghệ kỹ thuật công trình xây dựng,6.0
STU1411,8.2,8.3,8.3,6.9,6.0,5.0,6.2,ESTJ,Kinh tế & Quản lý,Kinh tế,4.8
STU6530,7.6,6.6,6.5,6.4,9.1,8.6,5.3,ISFJ,Nông nghiệp & Môi trường,Khoa học môi trường,4.4
STU5419,9.3,5.3,6.1,9.6,7.4,6.2,4.9,ESTP,"Kỹ thuật, Cơ khí & Ô tô",Kỹ thuật điều khiển và tự động hóa,4.9
STU0890,8.0,5.7,5.5,6.4,9.4,8.1,5.0,ISFP,Y tế & Sức khỏe,Kỹ thuật phục hồi chức năng,4.6
STU5653,8.3,6.4,7.4,8.9,8.3,6.9,6.2,ISTJ,"Kỹ thuật, Cơ khí & Ô tô",Kỹ thuật cơ khí,4.3
STU7101,8.8,6.4,6.0,8.7,5.9,7.1,6.4,ESTJ,Xây dựng & Quy hoạch,Kỹ thuật xây dựng,4.3
STU1916,10.0,8.4,9.4,5.3,6.6,5.7,6.3,ENTJ,Kinh tế & Quản lý,Hệ thống thông tin quản lý,4.7
STU4095,6.2,9.7,5.7,5.9,6.8,6.7,6.2,ISFP,Nghệ thuật & Thiết kế,Thiết kế công nghiệp,4.7
STU7872,5.7,7.1,7.8,6.0,6.9,6.2,8.1,ESFP,Du lịch & Dịch vụ,Quản trị dịch vụ du lịch và lữ hành,4.9
STU4814,5.9,10.0,8.1,6.2,4.9,5.2,9.5,ENTJ,Luật & Xã hội,Tâm lý học,6.0
STU0197,9.4,4.6,7.8,8.5,7.0,5.4,4.9,ISTP,Công nghệ Thông tin & Kỹ thuật Máy tính,Mạng máy tính và truyền thông dữ liệu,4.5
STU4819,6.7,9.8,9.3,6.2,7.2,6.5,8.9,INFJ,Luật & Xã hội,Quản lý nhà nước,4.5
STU4439,6.1,8.6,6.8,5.3,5.1,6.0,7.1,INFP,Nghệ thuật & Thiết kế,Thiết kế công nghiệp,5.3
STU0416,10.0,7.0,8.8,8.6,7.9,6.3,7.0,ENTP,Công nghệ Thông tin & Kỹ thuật Máy tính,Mạng máy tính và truyền thông dữ liệu,4.4
STU1872,7.4,9.0,9.5,6.9,6.4,5.6,4.8,ESTJ,Kinh tế & Quản lý,Hệ thống thông tin quản lý,5.5
STU7205,10.0,6.0,5.8,9.4,7.0,6.0,7.3,ISTJ,Xây dựng & Quy hoạch,Kỹ thuật xây dựng,4.7
STU7940,6.9,7.5,9.6,7.4,5.8,5.8,8.7,ENFP,Du lịch & Dịch vụ,Du lịch,4.9
STU0433,10.0,6.0,7.9,8.6,5.9,5.2,7.1,INTJ,Công nghệ Thông tin & Kỹ thuật Máy tính,An toàn thông tin,4.0
STU7342,7.5,9.0,8.9,5.0,5.1,6.7,9.5,ENFP,Du lịch & Dịch vụ,Quản lý thể dục thể thao,5.9
STU5521,10.0,5.4,4.7,8.4,8.3,6.7,6.2,ISTJ,"Kỹ thuật, Cơ khí & Ô tô",Kỹ thuật cơ điện tử,4.3
STU2698,6.8,6.2,5.5,6.3,4.3,4.6,6.9,ENTJ,Ngôn ngữ & Văn hóa,Ngôn ngữ học,1.3
STU6119,6.6,4.0,5.7,5.0,9.2,9.7,6.3,INFP,Nông nghiệp & Môi trường,Công nghệ sinh học,4.2
STU3543,6.1,8.6,10.0,5.4,6.7,7.8,9.5,ESFP,Truyền thông & Báo chí,Truyền thông đa phương tiện,5.1
STU2898,4.4,10.0,9.9,6.4,6.2,6.4,8.8,ISFP,Ngôn ngữ & Văn hóa,Ngôn ngữ Anh,4.6
STU4995,6.5,8.2,6.8,5.2,5.6,4.9,8.9,ISTJ,Luật & Xã hội,Chính trị học,5.1
STU1109,8.4,5.0,7.6,7.0,10.0,9.6,5.0,INFJ,Y tế & Sức khỏe,Y học dự phòng,3.8
STU5624,9.4,5.8,7.3,9.4,7.8,5.9,5.7,ISTJ,"Kỹ thuật, Cơ khí & Ô tô",Kỹ thuật cơ khí,6.0
STU7814,5.8,8.4,9.0,5.1,7.6,6.2,8.5,ESTP,Du lịch & Dịch vụ,Quản trị khách sạn,4.0
STU2277,6.6,9.2,9.8,5.2,5.5,5.7,9.5,ISFJ,Sư phạm & Giáo dục,Giáo dục Mầm non,4.9
STU5810,8.0,5.3,6.2,10.0,8.0,7.3,5.5,ISTJ,"Kỹ thuật, Cơ khí & Ô tô",Kỹ thuật điện tử - viễn thông,4.8
STU5301,4.8,5.4,6.8,5.2,6.4,5.8,4.6,INFP,Luật & Xã hội,Luật quốc tế,2.2
STU2288,8.4,10.0,9.8,5.0,5.7,5.3,9.7,ESFJ,Sư phạm & Giáo dục,Sư phạm Tiếng Anh,4.5
STU1196,8.5,6.8,6.9,5.5,9.9,9.5,5.6,ISFJ,Y tế & Sức khỏe,Y đa khoa,3.6
STU2578,6.8,9.6,8.5,5.5,4.8,6.3,8.6,INFJ,Sư phạm & Giáo dục,Sư phạm Tin học,4.4
STU5904,9.3,6.8,6.5,9.2,7.8,6.1,6.4,ISTP,"Kỹ thuật, Cơ khí & Ô tô",Kỹ thuật điện,3.8
STU0605,9.8,6.2,8.2,9.9,8.2,6.2,6.7,INTJ,Công nghệ Thông tin & Kỹ thuật Máy tính,Công nghệ thông tin,4.1
STU2615,6.4,8.5,9.9,7.3,5.2,6.2,8.7,ENFJ,Sư phạm & Giáo dục,Sư phạm Ngữ văn,3.4
STU0881,9.8,7.2,5.3,5.9,8.8,9.2,5.7,INFJ,Y tế & Sức khỏe,Y học cổ truyền,4.0
STU1220,9.5,6.2,6.1,6.5,8.5,9.3,6.4,ISTJ,Y tế & Sức khỏe,Điều dưỡng,4.2
STU2642,7.5,9.7,8.0,6.9,5.8,7.1,9.3,ISFJ,Sư phạm & Giáo dục,Giáo dục Tiểu học,4.6
STU3853,4.7,9.8,9.2,5.4,6.4,5.7,7.9,ENTP,Truyền thông & Báo chí,Truyền thông đại chúng,4.1
STU7236,9.2,6.5,5.1,8.3,6.3,6.7,4.5,ESTJ,Xây dựng & Quy hoạch,Quản lý xây dựng,4.2
STU6287,6.3,6.5,5.8,6.2,4.7,4.9,6.6,ENTP,Nông nghiệp & Môi trường,Công nghệ sinh học,2.3
STU5119,7.1,8.9,8.0,5.8,6.3,5.6,8.5,ISTJ,Luật & Xã hội,Luật quốc tế,4.4
STU4488,5.1,8.9,6.3,6.0,6.9,6.7,7.6,INFP,Nghệ thuật & Thiết kế,Điêu khắc,4.2
STU5346,8.3,6.1,5.9,10.0,8.9,6.0,6.2,ESTP,"Kỹ thuật, Cơ khí & Ô tô",Kỹ thuật điện tử - viễn thông,5.2
STU5420,9.4,5.6,6.4,9.3,8.7,6.6,6.6,ISTP,"Kỹ thuật, Cơ khí & Ô tô",Kỹ thuật điện tử - viễn thông,4.4
STU1895,9.4,8.1,9.3,6.1,5.0,6.3,5.2,ENTJ,Kinh tế & Quản lý,Marketing,3.9
STU2797,5.1,8.4,10.0,7.4,4.4,5.3,6.7,INFP,Ngôn ngữ & Văn hóa,Tiếng Việt và văn hoá Việt Nam,3.9
STU1707,9.5,7.5,9.7,6.0,7.1,6.2,4.9,ENTJ,Kinh tế & Quản lý,Kinh tế,5.1
STU1159,8.6,6.3,6.7,6.4,9.3,7.8,6.5,ISFP,Y tế & Sức khỏe,Y đa khoa,2.7
STU4794,6.0,9.3,8.2,5.5,5.8,7.5,8.6,INFJ,Luật & Xã hội,Luật kinh tế,4.0
STU6269,8.7,6.1,5.5,6.3,8.0,8.3,5.6,ISFP,Nông nghiệp & Môi trường,Nông nghiệp,4.5
STU6281,7.3,5.6,6.6,5.6,8.3,9.2,6.2,ISTJ,Nông nghiệp & Môi trường,Lâm nghiệp đô thị,4.7
STU4369,7.0,8.0,7.1,6.0,6.5,4.3,7.7,ISFP,Nghệ thuật & Thiết kế,Kiến trúc,4.6
STU3559,6.6,9.9,8.9,5.7,6.3,6.5,8.4,ENFP,Truyền thông & Báo chí,Thông tin - thư viện,4.3
STU5112,6.6,9.5,7.6,6.7,6.4,4.4,9.7,ISTJ,Luật & Xã hội,Luật kinh tế,4.3
STU2524,7.3,9.4,8.0,4.6,5.2,4.6,9.6,ENFJ,Sư phạm & Giáo dục,Sư phạm Toán học,3.4
STU4378,7.5,8.8,5.3,5.2,5.5,6.8,7.3,INFJ,Nghệ thuật & Thiết kế,Hội họa,4.4
STU1868,9.2,8.9,8.7,5.4,7.0,5.6,4.9,ESTP,Kinh tế & Quản lý,Kiểm toán,4.4
STU3400,5.2,9.8,8.9,4.5,7.3,6.8,7.8,ENFP,Truyền thông & Báo chí,Truyền thông đa phương tiện,4.1
STU6664,8.5,5.7,5.7,8.0,6.4,5.6,4.7,ESTJ,Xây dựng & Quy hoạch,Kỹ thuật cấp thoát nước,4.4
STU7957,6.4,8.9,7.7,4.4,6.7,5.3,8.0,ESTP,Du lịch & Dịch vụ,Quản trị khách sạn,3.9
STU2819,5.2,8.7,9.5,5.6,6.7,6.5,7.3,INFP,Ngôn ngữ & Văn hóa,Ngôn ngữ Anh,4.1
STU7292,8.9,5.1,5.3,8.7,6.8,4.8,5.9,ISTJ,Xây dựng & Quy hoạch,Kỹ thuật cấp thoát nước,4.5
STU0905,7.9,5.6,6.1,7.2,9.2,9.2,5.7,INFJ,Y tế & Sức khỏe,Kỹ thuật phục hồi chức năng,4.3
STU1447,7.6,9.1,9.4,5.7,6.1,5.9,5.7,ESTJ,Kinh tế & Quản lý,Kế toán,3.9
STU7497,6.2,8.6,9.3,6.5,5.6,6.0,9.2,ESFP,Du lịch & Dịch vụ,Quản lý thể dục thể thao,3.5
STU3413,5.0,9.9,8.6,6.7,6.1,6.9,8.2,ESFP,Truyền thông & Báo chí,Báo chí,5.0
STU1884,9.4,9.4,8.6,7.0,6.3,6.1,6.2,ENTP,Kinh tế & Quản lý,Kinh tế quốc tế,3.4
STU6014,7.2,6.6,6.0,5.7,8.7,8.5,5.5,INFP,Nông nghiệp & Môi trường,Nuôi trồng thủy sản,4.9
STU4513,5.6,7.2,5.3,5.7,6.0,5.7,7.4,INFP,Nghệ thuật & Thiết kế,Kiến trúc,3.5
STU5405,9.1,7.4,7.4,10.0,8.0,6.0,6.9,ISTP,"Kỹ thuật, Cơ khí & Ô tô",Kỹ thuật điện,4.4
STU1566,5.8,5.0,6.3,5.7,5.8,5.0,6.5,ISTP,Kinh tế & Quản lý,Kinh tế quốc tế,2.8
STU3786,6.0,7.7,7.2,5.7,7.0,6.1,8.5,ESFP,Truyền thông & Báo chí,Thông tin - thư viện,4.2
STU7526,4.9,7.0,8.9,6.7,5.8,7.0,7.5,ENFP,Du lịch & Dịch vụ,Quản trị khách sạn,4.8
STU4206,5.6,9.0,6.4,7.7,5.9,7.3,6.4,INFP,Nghệ thuật & Thiết kế,Thiết kế công nghiệp,4.0
STU3539,6.1,9.8,9.3,6.6,7.5,4.6,8.0,ESFP,Truyền thông & Báo chí,Thông tin - thư viện,4.5
STU4863,5.4,9.3,7.3,5.5,5.0,4.8,9.4,INFJ,Luật & Xã hội,Chính trị học,3.5
STU3214,6.5,8.9,9.6,7.1,5.7,6.2,7.6,ISFP,Ngôn ngữ & Văn hóa,Ngôn ngữ Trung Quốc,4.4
STU7451,5.9,5.3,5.6,6.4,4.4,4.1,6.7,ESTP,Du lịch & Dịch vụ,Quản trị nhà hàng và dịch vụ ăn uống,1.7
STU4848,6.8,8.8,7.6,5.5,6.2,5.6,9.7,INFJ,Luật & Xã hội,Luật,4.9
STU7712,5.8,7.2,9.0,5.5,5.6,5.7,9.8,ESTP,Du lịch & Dịch vụ,Quản lý thể dục thể thao,5.5
STU4603,5.9,8.9,5.0,7.3,6.1,6.3,8.9,ISFP,Nghệ thuật & Thiết kế,Kiến trúc,4.3
STU7848,6.1,7.3,8.9,4.9,5.1,7.4,9.3,ESTP,Du lịch & Dịch vụ,Quản trị khách sạn,4.3
STU2299,6.6,8.8,9.6,6.9,6.9,6.2,10.0,INFJ,Sư phạm & Giáo dục,Giáo dục Tiểu học,4.2
STU4709,5.2,9.2,7.7,5.7,5.9,5.1,9.5,INFJ,Luật & Xã hội,Chính trị học,3.2
STU5362,8.6,5.6,5.2,8.7,7.5,5.5,5.2,ISTP,"Kỹ thuật, Cơ khí & Ô tô",Kỹ thuật điều khiển và tự động hóa,3.4
STU7888,6.7,7.6,8.3,6.7,4.8,4.9,9.0,ESFP,Du lịch & Dịch vụ,Quản trị nhà hàng và dịch vụ ăn uống,4.4
STU3685,6.8,8.4,9.6,5.8,5.1,7.0,8.2,ENFP,Truyền thông & Báo chí,Thông tin - thư viện,4.1
STU4611,6.3,8.9,5.8,4.4,5.2,5.4,7.1,ISFP,Nghệ thuật & Thiết kế,Thiết kế thời trang,4.4
STU0255,9.6,6.7,9.3,9.8,6.3,7.7,6.8,ISTP,Công nghệ Thông tin & Kỹ thuật Máy tính,Công nghệ thông tin,4.8
STU3890,5.5,8.6,7.9,5.5,7.0,6.1,9.7,ESFP,Truyền thông & Báo chí,Quan hệ công chúng,4.2
STU1114,8.8,6.6,5.6,5.4,8.8,8.4,4.9,ISFJ,Y tế & Sức khỏe,Y đa khoa,4.5
STU5020,6.4,9.6,8.6,5.9,6.0,7.1,9.6,ISTJ,Luật & Xã hội,Quản lý nhà nước,3.6
STU0222,9.5,6.2,10.0,10.0,8.6,6.8,6.3,INTJ,Công nghệ Thông tin & Kỹ thuật Máy tính,Mạng máy tính và truyền thông dữ liệu,4.5
STU0268,9.8,7.1,9.5,9.3,8.4,5.9,6.0,ENTP,Công nghệ Thông tin & Kỹ thuật Máy tính,Công nghệ thông tin,4.1
STU0108,9.4,6.1,8.3,8.8,5.8,7.4,7.1,ENTP,Công nghệ Thông tin & Kỹ thuật Máy tính,Công nghệ thông tin,3.8
STU4723,5.5,9.8,7.9,5.5,5.9,5.5,8.7,ISTJ,Luật & Xã hội,Luật,3.8
STU1227,8.8,6.4,7.1,5.5,8.1,9.3,5.1,ISTJ,Y tế & Sức khỏe,Y đa khoa,4.2
STU7260,9.0,7.0,6.2,9.0,8.2,6.2,6.3,ISTJ,Xây dựng & Quy hoạch,Kỹ thuật cấp thoát nước,4.0
STU7967,6.5,8.9,8.2,5.1,5.9,5.2,8.5,ENFP,Du lịch & Dịch vụ,Quản trị khách sạn,5.1
STU5322,6.3,9.0,7.1,5.6,6.3,6.5,8.7,INFJ,Luật & Xã hội,Chính trị học,4.7
STU7012,8.5,4.8,5.8,8.2,7.2,5.8,6.6,ISTJ,Xây dựng & Quy hoạch,Kỹ thuật xây dựng,3.5
STU1513,9.2,8.1,8.8,5.3,7.2,6.2,6.2,ENTP,Kinh tế & Quản lý,Kiểm toán,5.7
STU5470,8.1,5.6,4.8,9.3,8.7,5.4,6.4,ISTJ,"Kỹ thuật, Cơ khí & Ô tô",Công nghệ kỹ thuật ô tô,4.4
STU1917,10.0,8.1,9.3,6.3,6.1,5.1,5.1,ESTJ,Kinh tế & Quản lý,Kinh tế quốc tế,5.0
STU0304,10.0,5.8,9.0,9.3,9.2,6.3,6.8,INTJ,Công nghệ Thông tin & Kỹ thuật Máy tính,Kỹ thuật phần mềm,4.1
STU3781,5.0,9.8,9.7,4.9,5.5,6.9,8.3,ENFP,Truyền thông & Báo chí,Truyền thông đại chúng,4.9
STU7234,8.2,5.4,7.4,8.7,7.6,5.8,6.1,ISTP,Xây dựng & Quy hoạch,Kinh tế xây dựng,4.9
STU6609,7.9,5.9,6.8,5.8,7.9,8.5,5.6,INFP,Nông nghiệp & Môi trường,Nuôi trồng thủy sản,3.5
STU1883,9.5,10.0,10.0,5.2,6.9,6.4,4.1,ESTJ,Kinh tế & Quản lý,Marketing,5.2
STU4448,6.5,7.6,6.3,5.4,6.8,5.3,6.9,ISFP,Nghệ thuật & Thiết kế,Điêu khắc,4.9
STU1211,8.0,4.9,7.0,5.3,9.8,9.4,7.1,ISFP,Y tế & Sức khỏe,Dược học,4.6
STU3951,6.1,9.5,8.9,6.0,5.2,6.4,6.7,ENFP,Truyền thông & Báo chí,Truyền thông đại chúng,4.4
STU5697,8.6,6.7,6.3,9.9,7.8,5.9,7.3,ESTP,"Kỹ thuật, Cơ khí & Ô tô",Robot và Trí tuệ nhân tạo,4.7
STU6821,8.1,7.6,6.8,9.2,7.3,7.6,6.4,ISTJ,Xây dựng & Quy hoạch,Kinh tế xây dựng,3.6
STU1437,9.3,7.1,8.5,5.6,6.0,4.8,6.7,ENTP,Kinh tế & Quản lý,Kinh tế,4.6
STU4190,5.9,8.7,6.2,7.8,6.0,5.6,6.8,ISFP,Nghệ thuật & Thiết kế,Thiết kế thời trang,5.0
STU5248,4.3,9.1,6.6,5.9,5.9,6.4,8.2,ENTJ,Luật & Xã hội,Luật quốc tế,4.0
STU5488,9.1,5.8,5.5,9.3,8.1,6.9,6.6,ESTP,"Kỹ thuật, Cơ khí & Ô tô",Kỹ thuật cơ khí,5.2
STU0377,10.0,5.6,8.9,8.1,7.7,5.4,5.3,ISTP,Công nghệ Thông tin & Kỹ thuật Máy tính,Khoa học dữ liệu,3.9
STU6335,6.9,4.5,6.6,6.9,5.2,6.0,5.9,INTJ,Nông nghiệp & Môi trường,Công nghệ sau thu hoạch,2.1
STU2112,5.7,9.3,9.0,6.7,4.5,6.9,9.2,ESFJ,Sư phạm & Giáo dục,Giáo dục Tiểu học,3.5
STU3716,5.7,8.2,9.0,5.9,6.8,6.2,9.1,ENTP,Truyền thông & Báo chí,Quan hệ công chúng,5.5
STU0756,9.7,4.9,6.7,6.1,10.0,10.0,7.5,INFJ,Y tế & Sức khỏe,Y đa khoa,3.6
STU0292,7.7,6.1,8.2,8.2,6.6,5.8,7.4,ENTP,Công nghệ Thông tin & Kỹ thuật Máy tính,An toàn thông tin,4.7
STU2942,6.2,9.6,9.7,6.4,6.3,5.7,9.5,INFP,Ngôn ngữ & Văn hóa,Ngôn ngữ Nhật,5.4
STU2496,7.3,9.8,9.1,8.6,6.4,5.2,9.6,ENFJ,Sư phạm & Giáo dục,Sư phạm Tin học,5.3
STU1544,9.7,8.0,7.9,5.6,4.4,5.2,6.4,ESTJ,Kinh tế & Quản lý,Kế toán,5.0
STU2216,6.7,9.7,9.0,4.9,6.0,6.7,9.4,ISFJ,Sư phạm & Giáo dục,Tâm lý học giáo dục,4.8
STU0189,9.0,6.5,7.9,8.3,7.0,6.4,5.8,INTP,Công nghệ Thông tin & Kỹ thuật Máy tính,Công nghệ thông tin,4.1
STU3993,6.1,9.3,9.4,5.5,5.2,5.8,9.2,ESFP,Truyền thông & Báo chí,Truyền thông đại chúng,4.3
STU1202,8.1,6.1,4.6,5.0,9.4,8.8,6.6,INFJ,Y tế & Sức khỏe,Y học cổ truyền,4.3
STU6648,6.8,6.3,5.8,5.6,8.4,9.2,6.0,ISFP,Nông nghiệp & Môi trường,Công nghệ sau thu hoạch,4.6
STU3182,5.7,8.0,9.1,4.3,5.5,5.9,6.4,INTP,Ngôn ngữ & Văn hóa,Ngôn ngữ Anh,4.7
STU1537,9.7,6.8,8.6,6.4,6.1,6.4,5.0,ENTJ,Kinh tế & Quản lý,Kiểm toán,4.2
STU5016,5.8,8.7,7.6,6.4,6.7,6.2,9.3,ISTJ,Luật & Xã hội,Quản lý nhà nước,2.9
STU5207,5.6,5.3,5.1,5.0,6.0,4.2,3.2,ISTJ,Luật & Xã hội,Quản lý nhà nước,2.6
STU0502,10.0,7.0,10.0,9.9,7.9,4.6,5.8,ISTJ,Công nghệ Thông tin & Kỹ thuật Máy tính,Kỹ thuật phần mềm,4.6
STU6533,8.3,4.5,4.2,7.0,8.3,8.5,6.5,ISTJ,Nông nghiệp & Môi trường,Thú y,4.8
STU3099,4.6,9.4,8.7,6.8,5.3,5.8,8.6,INFP,Ngôn ngữ & Văn hóa,Đông phương học,4.1
STU4924,5.1,8.6,8.5,6.5,5.4,6.8,8.5,INTJ,Luật & Xã hội,Chính trị học,5.3
STU1540,8.5,9.1,8.9,6.0,5.7,5.9,6.6,ESTJ,Kinh tế & Quản lý,Tài chính - Ngân hàng,4.6
STU4817,6.2,9.0,7.7,6.6,7.6,6.0,8.2,INFJ,Luật & Xã hội,Tâm lý học,4.1
STU3354,6.2,8.4,9.3,6.6,6.1,6.6,7.8,ENFP,Truyền thông & Báo chí,Lưu trữ học,4.8
STU4705,6.3,8.5,7.1,4.8,6.0,6.0,10.0,INTJ,Luật & Xã hội,Tâm lý học,4.6
STU6172,7.2,5.9,4.9,5.6,8.7,9.5,5.1,ISTJ,Nông nghiệp & Môi trường,Công nghệ thực phẩm,4.0
STU7399,4.4,7.4,8.2,5.7,6.7,5.5,9.1,ESTP,Du lịch & Dịch vụ,Quản trị khách sạn,3.4
STU0673,8.7,5.6,5.3,5.3,8.8,9.8,5.2,ISTJ,Y tế & Sức khỏe,Điều dưỡng,4.2
STU5236,6.2,9.0,7.6,4.4,5.5,5.5,8.5,ENTJ,Luật & Xã hội,Chính trị học,4.2
STU6755,8.5,6.2,6.5,7.4,7.2,6.8,6.5,ISTJ,Xây dựng & Quy hoạch,Quản lý xây dựng,5.2
STU6974,9.6,5.4,5.4,9.3,6.1,6.0,6.8,ESTJ,Xây dựng & Quy hoạch,Quản lý xây dựng,4.6
STU4598,6.4,8.2,5.4,7.5,7.6,4.3,8.8,INFJ,Nghệ thuật & Thiết kế,Thiết kế đồ họa,4.0
STU6484,6.6,5.4,5.6,5.5,6.6,6.1,6.2,INFJ,Nông nghiệp & Môi trường,Lâm nghiệp đô thị,2.0
STU7915,5.9,8.0,9.5,6.4,5.2,6.6,8.5,ESTP,Du lịch & Dịch vụ,Quản trị nhà hàng và dịch vụ ăn uống,3.7
STU6544,7.0,6.6,5.5,5.6,9.4,9.6,5.6,ISTJ,Nông nghiệp & Môi trường,Lâm nghiệp đô thị,4.2
STU5825,8.8,6.0,5.4,9.0,8.1,6.2,6.6,ESTP,"Kỹ thuật, Cơ khí & Ô tô",Kỹ thuật cơ khí,4.6
STU6271,7.7,5.6,6.3,4.9,8.1,8.1,6.4,ISFP,Nông nghiệp & Môi trường,Công nghệ sau thu hoạch,5.6
STU1193,9.0,6.4,6.8,7.0,8.5,8.4,5.9,ISFP,Y tế & Sức khỏe,Điều dưỡng,4.7
STU2474,6.9,9.8,9.4,6.0,5.3,5.3,10.0,ENFJ,Sư phạm & Giáo dục,Sư phạm Tiếng Anh,3.8
STU5932,8.8,6.1,6.1,9.7,7.9,5.3,7.2,INTJ,"Kỹ thuật, Cơ khí & Ô tô",Kỹ thuật điện tử - viễn thông,4.1
STU4421,5.9,8.6,6.1,7.0,5.9,6.7,8.3,ISFP,Nghệ thuật & Thiết kế,Đạo diễn Điện ảnh - Truyền hình,3.1
STU7200,8.9,6.3,7.4,8.2,6.9,6.3,5.9,ISTP,Xây dựng & Quy hoạch,Địa kỹ thuật xây dựng,4.1
STU1514,9.0,8.1,8.9,6.7,5.6,6.8,7.0,ENTP,Kinh tế & Quản lý,Kinh tế,4.2
STU0217,9.0,7.0,8.1,7.9,7.9,7.5,5.5,ISTP,Công nghệ Thông tin & Kỹ thuật Máy tính,An toàn thông tin,5.7
STU5701,8.7,5.3,5.5,9.6,7.5,7.4,6.1,ISTJ,"Kỹ thuật, Cơ khí & Ô tô",Kỹ thuật cơ điện tử,4.1
STU5782,8.4,6.7,6.6,9.9,6.3,6.6,5.1,ISTP,"Kỹ thuật, Cơ khí & Ô tô",Kỹ thuật cơ điện tử,4.2
STU0422,9.3,7.3,9.3,8.6,5.4,6.2,6.9,ISTP,Công nghệ Thông tin & Kỹ thuật Máy tính,Mạng máy tính và truyền thông dữ liệu,5.0
STU0506,4.0,5.1,4.1,4.5,6.0,4.7,4.1,INTJ,Công nghệ Thông tin & Kỹ thuật Máy tính,Khoa học dữ liệu,1.7
STU6853,9.8,5.7,5.4,9.2,8.3,7.2,5.7,ISTJ,Xây dựng & Quy hoạch,Kỹ thuật xây dựng,4.1
STU2116,5.6,8.4,8.5,6.4,6.7,7.1,9.2,ESFJ,Sư phạm & Giáo dục,Tâm lý học giáo dục,4.5
STU4454,6.0,8.6,6.7,7.1,5.9,5.4,6.8,INFP,Nghệ thuật & Thiết kế,Thanh nhạc,3.5
STU5886,9.2,5.6,6.5,9.1,7.8,6.2,5.1,ISTP,"Kỹ thuật, Cơ khí & Ô tô",Công nghệ kỹ thuật ô tô,3.8
STU1583,8.7,7.1,9.1,6.3,5.6,6.6,6.2,ESTP,Kinh tế & Quản lý,Kinh tế quốc tế,4.2
STU0507,9.7,5.6,8.3,8.3,7.8,7.0,5.7,ENTP,Công nghệ Thông tin & Kỹ thuật Máy tính,An toàn thông tin,3.9
STU2174,6.8,9.3,9.6,6.4,7.1,6.7,8.5,INFJ,Sư phạm & Giáo dục,Giáo dục Tiểu học,3.4
STU6429,8.1,6.8,4.9,5.7,8.5,8.9,4.9,ISFP,Nông nghiệp & Môi trường,Khoa học môi trường,3.9
STU1980,9.0,8.6,8.9,6.8,7.4,3.8,6.2,ESTJ,Kinh tế & Quản lý,Tài chính - Ngân hàng,4.5
STU2987,6.7,8.0,8.5,5.7,6.6,6.1,7.4,INFP,Ngôn ngữ & Văn hóa,Văn học,5.0
STU3338,4.4,9.8,8.4,5.6,4.8,6.2,7.3,ESFP,Truyền thông & Báo chí,Báo chí,4.1
STU5169,7.5,9.2,8.7,6.5,5.8,5.5,9.7,INTJ,Luật & Xã hội,Quản lý nhà nước,3.9
STU3514,5.6,9.6,8.3,6.5,7.2,6.5,7.7,ESFP,Truyền thông & Báo chí,Công nghệ truyền thông,5.5
STU5332,9.8,5.6,5.2,9.7,9.1,6.6,5.4,ESTP,"Kỹ thuật, Cơ khí & Ô tô",Kỹ thuật cơ khí,5.0
STU5411,8.2,6.4,5.8,10.0,8.3,5.8,5.7,INTJ,"Kỹ thuật, Cơ khí & Ô tô",Kỹ thuật điều khiển và tự động hóa,3.1
STU3505,6.0,8.5,8.7,6.9,5.0,6.8,7.1,ESFP,Truyền thông & Báo chí,Thông tin - thư viện,4.7
STU3025,5.6,8.5,9.8,5.7,4.8,6.4,8.3,INTP,Ngôn ngữ & Văn hóa,Ngôn ngữ Nhật,5.0
STU4711,4.8,9.8,7.9,7.3,6.6,5.5,9.7,INTJ,Luật & Xã hội,Quản lý nhà nước,5.1
STU5126,5.9,8.3,8.3,5.9,5.4,5.7,8.7,INTJ,Luật & Xã hội,Luật kinh tế,4.6
STU2571,5.9,8.2,8.6,6.5,5.9,6.7,9.5,ISFJ,Sư phạm & Giáo dục,Sư phạm Tin học,4.6
STU0348,9.3,7.2,9.9,7.6,7.7,6.3,6.5,ENTP,Công nghệ Thông tin & Kỹ thuật Máy tính,Công nghệ thông tin,5.3
STU7058,9.5,6.4,5.9,8.8,7.3,6.4,6.0,ISTP,Xây dựng & Quy hoạch,Kinh tế xây dựng,4.8
STU6708,8.4,6.1,6.4,8.3,7.7,6.0,5.5,ISTP,Xây dựng & Quy hoạch,Công nghệ kỹ thuật công trình xây dựng,5.5
STU0334,7.1,6.5,5.7,6.5,5.3,6.6,5.7,ENFP,Công nghệ Thông tin & Kỹ thuật Máy tính,Kỹ thuật phần mềm,2.6
STU6228,7.8,6.0,6.6,4.7,9.3,10.0,5.3,ISFJ,Nông nghiệp & Môi trường,Công nghệ sau thu hoạch,5.0
STU2836,6.2,9.3,9.6,6.3,5.2,7.6,8.9,INTP,Ngôn ngữ & Văn hóa,Quốc tế học,4.8
STU2499,5.7,9.3,9.1,5.8,5.4,6.3,10.0,INFJ,Sư phạm & Giáo dục,Sư phạm Ngữ văn,5.4
STU2630,5.7,9.9,10.0,5.6,7.5,6.0,9.7,INFJ,Sư phạm & Giáo dục,Sư phạm Toán học,3.9
STU2928,5.4,7.7,9.1,5.5,5.2,5.4,7.4,INFP,Ngôn ngữ & Văn hóa,Ngôn ngữ học,5.7
STU6994,8.4,6.3,5.9,9.0,8.3,5.9,6.2,ISTJ,Xây dựng & Quy hoạch,Kỹ thuật xây dựng,4.6
STU6168,7.4,5.0,5.7,4.1,9.8,8.9,5.8,INFP,Nông nghiệp & Môi trường,Công nghệ sinh học,5.0
STU7485,5.6,8.1,9.4,5.9,6.9,5.8,7.7,ESFJ,Du lịch & Dịch vụ,Quản lý thể dục thể thao,5.5
STU3613,6.8,8.3,9.5,6.9,5.9,6.5,7.2,ENFP,Truyền thông & Báo chí,Công nghệ truyền thông,4.8
STU6434,6.9,6.0,6.9,6.4,9.3,8.9,5.8,ISTJ,Nông nghiệp & Môi trường,Nông nghiệp,4.9
STU0747,8.9,6.0,5.7,6.4,9.5,10.0,6.7,INFJ,Y tế & Sức khỏe,Y học dự phòng,4.4
STU1564,9.9,6.7,8.5,6.6,6.2,7.0,6.5,ESTJ,Kinh tế & Quản lý,Marketing,5.0
STU6844,7.7,6.0,5.1,8.7,6.8,5.9,6.2,ISTJ,Xây dựng & Quy hoạch,Kỹ thuật cấp thoát nước,3.5
STU4122,6.0,7.5,6.5,6.1,6.8,6.7,7.8,ISFP,Nghệ thuật & Thiết kế,Kiến trúc,3.2
STU2355,7.8,9.6,10.0,6.0,5.3,4.6,10.0,ESFJ,Sư phạm & Giáo dục,Sư phạm Tiếng Anh,3.9
STU4270,5.8,7.8,4.8,5.5,6.2,5.7,7.6,INFJ,Nghệ thuật & Thiết kế,Hội họa,4.7
STU2446,6.5,8.8,8.8,5.2,6.3,6.4,9.5,ISFJ,Sư phạm & Giáo dục,Sư phạm Ngữ văn,5.0
STU2143,7.0,9.9,8.4,6.1,6.9,5.8,8.7,ESFJ,Sư phạm & Giáo dục,Giáo dục Mầm non,4.5
STU4211,4.9,8.9,4.2,5.7,5.3,6.3,8.4,INFJ,Nghệ thuật & Thiết kế,Thiết kế thời trang,4.6
STU2329,7.9,9.5,9.2,6.2,6.0,6.2,8.3,ENFJ,Sư phạm & Giáo dục,Tâm lý học giáo dục,4.5
STU2985,6.0,9.1,9.1,4.9,6.3,6.2,9.2,INTP,Ngôn ngữ & Văn hóa,Tiếng Việt và văn hoá Việt Nam,6.4
STU7094,8.2,6.3,6.2,8.2,8.3,5.0,6.8,ISTJ,Xây dựng & Quy hoạch,Kỹ thuật cấp thoát nước,5.8
STU5665,8.3,6.5,4.8,10.0,8.5,8.1,6.2,ESTP,"Kỹ thuật, Cơ khí & Ô tô",Robot và Trí tuệ nhân tạo,3.4
STU5868,9.3,5.3,5.5,10.0,7.2,6.5,6.7,ESTP,"Kỹ thuật, Cơ khí & Ô tô",Kỹ thuật điện,4.7
STU2895,5.9,7.9,9.2,5.2,7.1,6.6,9.3,INFP,Ngôn ngữ & Văn hóa,Đông phương học,4.6
STU0260,8.5,6.7,8.5,8.4,7.4,5.3,6.5,ISTP,Công nghệ Thông tin & Kỹ thuật Máy tính,Thiết kế vi mạch,4.2
STU5474,8.0,5.3,4.8,9.1,7.7,6.7,6.9,INTJ,"Kỹ thuật, Cơ khí & Ô tô",Công nghệ kỹ thuật ô tô,4.7
STU5968,7.7,6.5,4.7,9.8,7.4,5.5,6.6,ESTP,"Kỹ thuật, Cơ khí & Ô tô",Robot và Trí tuệ nhân tạo,4.7
STU4054,5.6,9.1,6.2,5.5,5.6,6.2,7.2,INFJ,Nghệ thuật & Thiết kế,Thiết kế thời trang,2.7
STU6780,10.0,5.7,5.5,9.3,7.0,6.3,6.0,ESTJ,Xây dựng & Quy hoạch,Quản lý xây dựng,5.1
STU0381,9.9,5.0,8.2,9.4,7.0,7.2,6.4,ISTJ,Công nghệ Thông tin & Kỹ thuật Máy tính,Mạng máy tính và truyền thông dữ liệu,3.2
STU3911,4.9,9.4,8.4,5.5,5.0,5.6,9.1,ENTP,Truyền thông & Báo chí,Thông tin - thư viện,4.0
STU5995,8.2,6.0,6.2,6.0,8.8,8.7,7.2,INFP,Nông nghiệp & Môi trường,Nông nghiệp,5.6
STU2224,6.9,9.5,8.5,5.0,5.9,5.9,9.2,ENFJ,Sư phạm & Giáo dục,Tâm lý học giáo dục,5.4
STU0600,9.0,6.4,8.4,8.0,7.5,6.4,6.5,ISTJ,Công nghệ Thông tin & Kỹ thuật Máy tính,Kỹ thuật phần mềm,4.8
STU1845,8.3,6.9,7.9,6.8,5.9,6.0,6.3,ESTP,Kinh tế & Quản lý,Marketing,5.0
STU0046,9.5,6.5,8.6,8.6,7.3,5.9,5.6,ENTP,Công nghệ Thông tin & Kỹ thuật Máy tính,Thiết kế vi mạch,4.3
STU1445,10.0,7.8,8.1,5.1,5.8,5.8,5.2,ESTP,Kinh tế & Quản lý,Tài chính - Ngân hàng,5.0
STU1653,7.9,7.1,8.8,6.2,6.6,5.5,6.1,ESTP,Kinh tế & Quản lý,Kế toán,3.9
STU1587,9.5,6.8,9.1,6.6,6.6,5.3,5.7,ESTP,Kinh tế & Quản lý,Marketing,4.0
STU5113,7.0,8.7,7.7,6.5,6.0,6.6,10.0,INFJ,Luật & Xã hội,Luật quốc tế,4.1
STU1894,10.0,8.2,9.9,6.8,5.0,5.8,5.8,ENTP,Kinh tế & Quản lý,Kế toán,4.2
STU6254,8.9,5.7,5.5,6.0,8.7,9.6,5.6,INFP,Nông nghiệp & Môi trường,Thú y,4.1
STU7585,5.6,4.0,5.1,7.1,4.9,3.9,5.2,ISTP,Du lịch & Dịch vụ,Quản trị nhà hàng và dịch vụ ăn uống,2.6
STU3887,6.0,8.1,10.0,5.8,5.6,6.4,7.8,ESFP,Truyền thông & Báo chí,Công nghệ truyền thông,5.1
STU4402,5.8,8.2,6.7,6.1,5.8,5.0,7.6,ISFP,Nghệ thuật & Thiết kế,Thiết kế nội thất,4.7
STU4377,6.7,8.4,5.7,7.0,6.4,6.2,6.5,INFJ,Nghệ thuật & Thiết kế,Thiết kế công nghiệp,4.8
STU7948,5.8,8.1,7.8,5.6,6.7,6.3,8.2,ESTP,Du lịch & Dịch vụ,Quản lý thể dục thể thao,3.9
STU2752,4.9,9.2,9.9,6.4,6.2,6.2,8.4,INFP,Ngôn ngữ & Văn hóa,Ngôn ngữ Hàn Quốc,4.6
STU1953,9.6,8.1,8.9,5.5,6.3,4.0,6.8,ESTJ,Kinh tế & Quản lý,Kế toán,5.0
STU3492,6.2,9.0,8.6,5.0,5.6,5.5,8.5,ENFP,Truyền thông & Báo chí,Truyền thông đại chúng,3.4
STU2652,7.5,8.8,9.6,5.2,5.7,4.5,9.4,INFJ,Sư phạm & Giáo dục,Giáo dục Tiểu học,4.7
STU4626,7.1,9.0,5.4,7.3,6.6,4.7,6.5,INFJ,Nghệ thuật & Thiết kế,Thiết kế công nghiệp,4.2
STU6667,9.7,7.0,5.8,9.8,6.6,4.4,7.7,ESTJ,Xây dựng & Quy hoạch,Địa kỹ thuật xây dựng,5.5
STU1601,8.9,7.6,9.6,5.1,7.1,5.8,4.5,ESTJ,Kinh tế & Quản lý,Tài chính - Ngân hàng,5.0
STU4906,6.5,8.9,7.7,6.9,5.3,5.1,9.2,ISTJ,Luật & Xã hội,Công tác xã hội,4.2
STU3028,7.6,8.5,9.7,5.5,7.2,6.4,7.8,ISFP,Ngôn ngữ & Văn hóa,Tiếng Việt và văn hoá Việt Nam,4.2
STU3353,6.1,9.1,7.5,6.0,7.0,4.7,8.7,ENFP,Truyền thông & Báo chí,Truyền thông đại chúng,3.3
STU2158,6.2,9.2,10.0,7.0,5.6,6.0,8.3,ENFJ,Sư phạm & Giáo dục,Sư phạm Vật lý,4.8
STU5644,9.1,5.0,6.3,10.0,8.8,6.5,5.5,ESTP,"Kỹ thuật, Cơ khí & Ô tô",Kỹ thuật cơ điện tử,5.4
STU6943,9.1,6.3,6.2,9.3,5.9,5.4,7.3,ISTJ,Xây dựng & Quy hoạch,Công nghệ kỹ thuật công trình xây dựng,2.7
STU2267,6.7,8.6,9.0,5.2,5.7,4.7,10.0,ENFJ,Sư phạm & Giáo dục,Tâm lý học giáo dục,3.4
STU1299,8.9,6.5,6.3,6.4,9.3,8.9,7.0,INFJ,Y tế & Sức khỏe,Quản lý bệnh viện,4.1
STU0427,7.9,4.7,8.7,9.3,6.8,7.4,5.9,ISTP,Công nghệ Thông tin & Kỹ thuật Máy tính,Kỹ thuật phần mềm,3.7
STU5383,9.0,5.9,5.3,9.1,8.5,5.9,7.6,ISTJ,"Kỹ thuật, Cơ khí & Ô tô",Công nghệ kỹ thuật ô tô,4.3
STU0806,6.3,4.5,6.9,7.1,4.5,4.9,4.4,ESFJ,Y tế & Sức khỏe,Răng - Hàm - Mặt,2.5
STU4653,6.0,9.3,6.3,6.2,6.1,7.3,8.1,INFP,Nghệ thuật & Thiết kế,Kiến trúc,3.9
STU0411,10.0,5.3,9.0,8.5,7.3,5.7,6.4,INTJ,Công nghệ Thông tin & Kỹ thuật Máy tính,Mạng máy tính và truyền thông dữ liệu,4.4
STU6686,9.6,6.6,6.7,9.8,7.0,6.7,7.6,ESTJ,Xây dựng & Quy hoạch,Địa kỹ thuật xây dựng,3.9
STU0666,9.1,6.1,8.8,9.7,6.9,6.8,6.8,INTJ,Công nghệ Thông tin & Kỹ thuật Máy tính,An toàn thông tin,4.3
STU7481,6.0,8.6,9.8,7.5,5.8,6.0,8.2,ESFJ,Du lịch & Dịch vụ,Quản trị nhà hàng và dịch vụ ăn uống,4.6
STU0439,10.0,5.5,7.6,9.4,6.4,6.9,6.9,ISTP,Công nghệ Thông tin & Kỹ thuật Máy tính,Khoa học dữ liệu,4.1
STU5389,8.2,4.9,6.8,8.9,8.4,5.1,5.0,ISTP,"Kỹ thuật, Cơ khí & Ô tô",Công nghệ kỹ thuật ô tô,4.2
STU7593,5.4,7.5,8.3,5.2,7.2,6.6,8.5,ESFJ,Du lịch & Dịch vụ,Du lịch,4.7
STU0435,8.5,6.6,9.2,8.7,8.4,6.2,7.1,ENTP,Công nghệ Thông tin & Kỹ thuật Máy tính,An toàn thông tin,3.6
STU7104,9.2,7.4,5.6,8.5,8.1,6.7,5.0,ISTJ,Xây dựng & Quy hoạch,Kỹ thuật cấp thoát nước,3.5
STU0752,9.8,5.6,5.8,5.8,9.8,8.1,6.8,INFJ,Y tế & Sức khỏe,Y đa khoa,4.1
STU6205,8.5,5.9,5.9,6.7,8.9,9.3,7.1,ISTJ,Nông nghiệp & Môi trường,Công nghệ thực phẩm,3.8
STU6055,7.2,5.7,6.9,6.0,7.5,9.5,6.1,ISFJ,Nông nghiệp & Môi trường,Thú y,3.8
STU5009,5.8,8.6,7.9,4.7,5.2,4.8,8.6,INTJ,Luật & Xã hội,Chính trị học,5.0
STU4878,5.4,9.3,7.2,4.8,4.4,5.0,8.8,INFJ,Luật & Xã hội,Xã hội học,4.1
STU6001,7.2,6.1,6.0,5.3,8.7,9.9,7.2,ISFP,Nông nghiệp & Môi trường,Thú y,4.2
STU5821,8.8,4.8,6.1,9.2,8.0,5.6,6.0,ISTJ,"Kỹ thuật, Cơ khí & Ô tô",Kỹ thuật điện tử - viễn thông,4.8
STU2971,7.3,9.6,10.0,4.9,7.1,5.7,8.7,ISFP,Ngôn ngữ & Văn hóa,Ngôn ngữ Hàn Quốc,4.4
STU1050,9.6,7.0,6.4,6.9,9.7,8.3,5.5,INFJ,Y tế & Sức khỏe,Quản lý bệnh viện,5.0
STU0627,8.9,5.4,9.3,9.5,7.3,6.9,6.3,ISTJ,Công nghệ Thông tin & Kỹ thuật Máy tính,Khoa học Máy tính,3.9
STU1776,9.5,6.6,9.6,6.1,6.4,5.7,7.3,ENTJ,Kinh tế & Quản lý,Hệ thống thông tin quản lý,5.1
STU6949,8.4,6.2,7.1,8.9,5.0,5.5,7.0,ISTJ,Xây dựng & Quy hoạch,Công nghệ kỹ thuật công trình xây dựng,5.1
STU4562,7.5,7.7,5.9,5.9,6.1,6.4,6.6,INFP,Nghệ thuật & Thiết kế,Kiến trúc,4.5
STU1224,8.4,6.5,5.5,5.8,9.9,9.5,5.0,ISFJ,Y tế & Sức khỏe,Y học cổ truyền,4.5
STU0211,9.1,5.1,7.9,8.8,6.1,5.6,5.6,ENTP,Công nghệ Thông tin & Kỹ thuật Máy tính,An toàn thông tin,3.9
STU4276,6.2,8.5,5.8,5.3,5.3,6.0,6.9,ISFP,Nghệ thuật & Thiết kế,Thiết kế công nghiệp,4.5
STU3952,6.9,9.7,8.1,5.6,7.0,4.5,8.1,ENTP,Truyền thông & Báo chí,Truyền thông đại chúng,4.8
STU6815,8.4,5.7,5.0,8.2,6.0,7.7,5.8,ESTJ,Xây dựng & Quy hoạch,Kinh tế xây dựng,4.6
STU0111,8.5,6.9,8.5,9.3,6.9,6.6,6.0,INTJ,Công nghệ Thông tin & Kỹ thuật Máy tính,Công nghệ thông tin,4.9
STU0052,10.0,7.6,8.3,8.8,8.1,5.6,5.7,ISTP,Công nghệ Thông tin & Kỹ thuật Máy tính,An toàn thông tin,4.9
STU1500,8.7,6.5,7.8,6.2,6.8,5.1,4.1,ENTJ,Kinh tế & Quản lý,Kinh tế,4.2
STU1110,9.2,7.3,7.7,6.8,8.1,8.3,6.8,ISFP,Y tế & Sức khỏe,Răng - Hàm - Mặt,3.9
STU1465,8.2,8.8,8.9,5.7,5.7,6.7,6.3,ESTP,Kinh tế & Quản lý,Kế toán,4.2
STU6847,10.0,6.4,5.9,10.0,7.2,5.5,5.4,ISTJ,Xây dựng & Quy hoạch,Địa kỹ thuật xây dựng,4.1
STU2032,6.6,9.2,8.1,6.5,6.1,5.9,9.6,ESFJ,Sư phạm & Giáo dục,Sư phạm Vật lý,3.8
STU0653,9.1,5.5,7.6,10.0,6.9,6.6,7.3,INTJ,Công nghệ Thông tin & Kỹ thuật Máy tính,Mạng máy tính và truyền thông dữ liệu,4.1
STU6486,8.3,5.7,5.8,5.4,8.5,10.0,5.5,ISTJ,Nông nghiệp & Môi trường,Công nghệ sau thu hoạch,4.5
STU6326,7.3,5.7,4.7,5.9,8.1,10.0,4.5,ISFP,Nông nghiệp & Môi trường,Công nghệ sinh học,3.9
STU7602,5.1,8.3,7.7,5.5,5.1,6.0,6.9,ESTP,Du lịch & Dịch vụ,Du lịch,3.9
STU4770,4.8,9.5,7.5,5.5,4.7,5.2,10.0,INFJ,Luật & Xã hội,Luật quốc tế,4.1
STU3488,5.1,10.0,8.3,6.1,5.4,7.4,7.6,ENTP,Truyền thông & Báo chí,Truyền thông đại chúng,4.5
STU6794,8.0,4.6,6.4,7.6,8.0,7.2,7.0,ESTJ,Xây dựng & Quy hoạch,Địa kỹ thuật xây dựng,4.6
STU1796,8.3,8.7,8.7,6.4,6.6,6.3,4.0,ESTJ,Kinh tế & Quản lý,Tài chính - Ngân hàng,4.6
STU1703,8.1,6.6,10.0,5.9,7.4,5.7,4.9,ESTP,Kinh tế & Quản lý,Kinh tế quốc tế,3.0
STU2532,7.8,9.2,9.3,7.0,6.6,5.8,10.0,ISFJ,Sư phạm & Giáo dục,Sư phạm Tiếng Anh,4.8
STU2663,6.6,8.4,10.0,6.6,5.0,6.8,8.9,ESFJ,Sư phạm & Giáo dục,Sư phạm Vật lý,4.8
STU4587,4.0,5.1,5.5,4.6,5.4,4.9,5.4,ISTP,Nghệ thuật & Thiết kế,Hội họa,2.6
STU7594,6.6,7.2,7.7,5.7,6.5,5.9,7.9,ESTP,Du lịch & Dịch vụ,Quản trị nhà hàng và dịch vụ ăn uống,4.2
STU4323,5.9,7.7,5.5,5.8,5.0,6.3,8.1,INFJ,Nghệ thuật & Thiết kế,Thiết kế nội thất,4.7
STU3405,5.2,8.6,8.5,5.5,6.2,6.5,7.5,ENTP,Truyền thông & Báo chí,Lưu trữ học,4.6
STU1499,7.7,7.6,9.1,5.0,6.0,5.8,5.1,ESTP,Kinh tế & Quản lý,Hệ thống thông tin quản lý,4.3
STU7124,8.4,5.5,7.1,9.7,6.2,6.1,3.9,ISTP,Xây dựng & Quy hoạch,Kinh tế xây dựng,3.9
STU3207,6.9,8.2,8.2,5.0,5.2,6.2,8.9,INFP,Ngôn ngữ & Văn hóa,Ngôn ngữ Trung Quốc,3.1
STU4285,5.1,7.3,6.3,5.0,5.1,6.4,9.0,INFP,Nghệ thuật & Thiết kế,Hội họa,4.0
STU6212,8.3,5.9,6.1,6.2,8.9,9.7,4.9,ISFP,Nông nghiệp & Môi trường,Công nghệ sau thu hoạch,4.2
STU7906,6.8,8.2,8.4,7.0,6.2,7.6,9.3,ESFP,Du lịch & Dịch vụ,Quản lý thể dục thể thao,4.0
STU3858,5.3,8.4,8.9,6.7,6.3,7.3,7.4,ENTP,Truyền thông & Báo chí,Thông tin - thư viện,4.3
STU4442,7.1,7.8,7.2,5.3,6.6,6.3,6.8,INFP,Nghệ thuật & Thiết kế,Kiến trúc,4.7
STU6581,7.8,5.8,7.3,4.9,8.8,9.2,5.2,ISTJ,Nông nghiệp & Môi trường,Lâm nghiệp đô thị,3.7
STU4268,5.1,8.3,5.4,5.9,6.0,5.8,7.3,ISFP,Nghệ thuật & Thiết kế,Điêu khắc,5.1
STU3876,6.4,9.4,9.9,5.9,6.5,5.5,8.4,ESFP,Truyền thông & Báo chí,Công nghệ truyền thông,4.3
STU3933,6.2,8.5,7.5,5.8,6.8,5.3,7.7,ESFP,Truyền thông & Báo chí,Lưu trữ học,4.2
STU4933,7.0,9.2,8.3,6.7,8.0,5.8,9.8,INFJ,Luật & Xã hội,Công tác xã hội,4.8
STU0706,9.8,5.8,4.9,5.4,10.0,8.4,5.5,ISFP,Y tế & Sức khỏe,Quản lý bệnh viện,5.2
STU1873,8.8,8.5,8.3,4.9,6.3,6.5,6.7,ENTJ,Kinh tế & Quản lý,Quản trị kinh doanh,3.6
STU3942,6.7,9.1,10.0,4.8,6.1,5.4,8.4,ENTP,Truyền thông & Báo chí,Truyền thông đa phương tiện,3.8
STU2649,7.2,9.0,9.0,5.8,5.5,6.3,9.6,ISFJ,Sư phạm & Giáo dục,Giáo dục Mầm non,4.5
STU6555,6.5,5.4,5.6,6.5,6.2,6.5,3.0,INTJ,Nông nghiệp & Môi trường,Công nghệ thực phẩm,3.1
STU0058,9.5,6.7,8.4,9.0,7.4,6.8,4.9,ISTJ,Công nghệ Thông tin & Kỹ thuật Máy tính,Khoa học dữ liệu,5.1
STU1919,9.4,8.5,9.1,5.9,6.3,6.0,7.7,ENTP,Kinh tế & Quản lý,Hệ thống thông tin quản lý,3.9
STU3173,6.5,8.5,9.4,6.5,6.4,6.5,8.0,ISFP,Ngôn ngữ & Văn hóa,Ngôn ngữ Trung Quốc,4.9
STU2477,5.6,9.5,8.0,5.2,5.4,5.4,10.0,ESFJ,Sư phạm & Giáo dục,Sư phạm Tin học,5.5
STU3827,6.1,8.4,9.7,6.4,6.9,6.8,8.3,ENFP,Truyền thông & Báo chí,Quan hệ công chúng,4.6
STU7334,7.9,7.5,9.0,4.7,4.7,6.1,9.0,ENFP,Du lịch & Dịch vụ,Quản lý thể dục thể thao,3.5
STU5036,5.5,9.6,8.0,7.3,6.8,6.1,8.9,ENTJ,Luật & Xã hội,Tâm lý học,5.4
STU0528,9.8,4.5,9.4,8.3,6.3,6.0,5.6,ISTJ,Công nghệ Thông tin & Kỹ thuật Máy tính,An toàn thông tin,4.0
STU4872,4.6,9.7,7.2,5.0,6.4,6.7,9.0,INTJ,Luật & Xã hội,Luật kinh tế,5.3
STU3050,6.7,7.5,9.3,5.5,5.4,6.6,7.7,ISFP,Ngôn ngữ & Văn hóa,Quốc tế học,5.2
STU7110,8.1,5.2,6.6,9.1,6.6,5.2,5.9,ISTJ,Xây dựng & Quy hoạch,Địa kỹ thuật xây dựng,4.9
STU4782,5.9,9.2,6.7,7.3,6.7,6.3,9.8,INTJ,Luật & Xã hội,Tâm lý học,5.0
STU5557,9.7,6.1,7.1,7.9,8.0,5.9,6.0,ISTJ,"Kỹ thuật, Cơ khí & Ô tô",Kỹ thuật điện tử - viễn thông,4.5
STU0566,8.5,6.6,8.7,9.1,7.9,7.8,6.6,ISTP,Công nghệ Thông tin & Kỹ thuật Máy tính,Khoa học dữ liệu,4.1
STU4717,6.4,8.8,7.5,5.2,5.4,5.5,8.9,ISTJ,Luật & Xã hội,Quản lý nhà nước,4.1
STU2856,5.8,8.3,9.8,5.0,5.7,6.9,7.0,INTP,Ngôn ngữ & Văn hóa,Ngôn ngữ Anh,4.5
STU6277,7.9,5.4,6.4,4.2,8.2,9.0,5.5,ISTJ,Nông nghiệp & Môi trường,Công nghệ sinh học,3.9
STU7817,5.2,8.2,8.4,5.3,5.7,6.6,7.9,ESFJ,Du lịch & Dịch vụ,Quản trị khách sạn,5.3
STU2893,5.4,8.6,10.0,5.1,7.0,7.1,8.5,INTP,Ngôn ngữ & Văn hóa,Tiếng Việt và văn hoá Việt Nam,5.3
STU2030,7.7,9.6,8.0,5.3,5.3,6.4,10.0,ESFJ,Sư phạm & Giáo dục,Sư phạm Toán học,3.8
STU0641,10.0,5.6,8.9,9.8,6.4,6.0,6.9,INTP,Công nghệ Thông tin & Kỹ thuật Máy tính,Khoa học Máy tính,3.7
STU5541,8.4,5.1,6.2,9.8,8.8,4.9,6.7,INTJ,"Kỹ thuật, Cơ khí & Ô tô",Robot và Trí tuệ nhân tạo,4.8
STU2408,7.3,9.4,8.8,5.2,6.0,5.4,10.0,ENFJ,Sư phạm & Giáo dục,Tâm lý học giáo dục,4.5
STU6249,7.9,5.9,4.3,5.3,9.2,8.7,6.9,ISFP,Nông nghiệp & Môi trường,Khoa học cây trồng,4.6
STU0731,8.7,6.4,4.6,6.4,9.6,9.2,5.7,ISFP,Y tế & Sức khỏe,Y đa khoa,5.3
STU2949,4.6,9.4,8.9,6.7,5.4,5.7,8.1,INFP,Ngôn ngữ & Văn hóa,Quốc tế học,4.6
STU4943,5.2,8.1,7.4,5.1,6.1,5.2,9.3,INFJ,Luật & Xã hội,Quản lý nhà nước,3.8
STU1965,8.5,6.7,9.7,6.0,6.7,5.1,6.8,ESTP,Kinh tế & Quản lý,Thương mại điện tử,4.3
STU5379,8.6,6.4,5.1,9.5,8.2,6.4,5.5,ISTP,"Kỹ thuật, Cơ khí & Ô tô",Công nghệ kỹ thuật ô tô,4.5
STU4899,7.4,9.1,7.5,6.0,6.8,7.2,8.9,ENTJ,Luật & Xã hội,Công tác xã hội,5.3
STU6054,8.2,6.4,5.8,6.1,8.5,9.6,7.0,ISTJ,Nông nghiệp & Môi trường,Công nghệ thực phẩm,4.3
STU3438,6.7,9.5,8.8,5.3,5.6,5.7,8.4,ENTP,Truyền thông & Báo chí,Truyền thông đa phương tiện,4.8
STU3721,5.1,8.9,9.4,7.7,7.0,6.0,9.4,ESFP,Truyền thông & Báo chí,Báo chí,5.3
STU0326,9.8,5.9,9.4,8.4,7.8,6.0,7.8,ISTJ,Công nghệ Thông tin & Kỹ thuật Máy tính,Khoa học dữ liệu,4.3
STU1821,9.8,7.8,9.9,5.2,6.8,6.3,5.3,ENTP,Kinh tế & Quản lý,Kế toán,3.8
STU2628,7.4,9.4,8.2,6.2,5.0,4.7,9.3,ISFJ,Sư phạm & Giáo dục,Giáo dục Tiểu học,3.1
STU5155,4.9,10.0,8.5,5.9,5.7,5.6,9.0,INFJ,Luật & Xã hội,Luật kinh tế,4.3
STU0291,9.2,7.3,10.0,9.1,7.3,6.8,6.8,ISTP,Công nghệ Thông tin & Kỹ thuật Máy tính,Mạng máy tính và truyền thông dữ liệu,5.4
STU1748,10.0,9.2,9.7,5.0,6.9,6.2,5.4,ENTJ,Kinh tế & Quản lý,Kinh tế,4.8
STU3591,5.3,8.7,9.9,5.1,5.7,6.6,7.8,ENTP,Truyền thông & Báo chí,Quan hệ công chúng,4.3
STU6487,8.3,4.3,5.8,6.3,8.9,10.0,6.2,ISFP,Nông nghiệp & Môi trường,Công nghệ sau thu hoạch,4.4
STU4003,5.6,8.9,6.2,6.6,4.7,6.6,7.2,ISFP,Nghệ thuật & Thiết kế,Điêu khắc,4.6
STU4327,7.4,7.3,5.2,6.0,5.4,6.8,7.9,INFP,Nghệ thuật & Thiết kế,Thanh nhạc,4.4
STU6240,8.3,6.4,6.0,5.5,9.3,8.9,5.7,INFP,Nông nghiệp & Môi trường,Thú y,4.0
STU4740,7.2,9.7,6.8,6.3,5.9,5.8,7.8,INTJ,Luật & Xã hội,Luật kinh tế,5.1
STU6977,8.9,6.1,6.5,8.0,6.4,5.1,5.8,ISTP,Xây dựng & Quy hoạch,Địa kỹ thuật xây dựng,5.0
STU6735,5.7,6.2,6.6,5.1,6.4,4.7,6.9,ISTJ,Xây dựng & Quy hoạch,Địa kỹ thuật xây dựng,2.6
STU6910,8.2,5.6,5.4,9.2,8.1,5.3,6.2,ISTJ,Xây dựng & Quy hoạch,Kỹ thuật xây dựng,3.7
STU4368,5.0,7.9,6.7,7.0,6.0,6.5,6.0,INFJ,Nghệ thuật & Thiết kế,Thanh nhạc,4.2
STU7493,5.4,7.7,9.3,6.5,6.0,6.7,9.1,ESTP,Du lịch & Dịch vụ,Quản trị dịch vụ du lịch và lữ hành,5.7
STU4691,5.7,9.9,7.6,6.6,7.1,6.3,8.9,INTJ,Luật & Xã hội,Xã hội học,3.6
STU3752,5.6,8.3,8.7,5.4,6.0,7.1,8.6,ENFP,Truyền thông & Báo chí,Thông tin - thư viện,4.2
STU4926,5.6,10.0,7.7,7.2,6.0,5.7,8.5,ENTJ,Luật & Xã hội,Công tác xã hội,4.9
STU0865,10.0,6.7,6.1,4.4,8.6,10.0,5.9,ISFJ,Y tế & Sức khỏe,Kỹ thuật hình ảnh y học,3.4
STU3429,6.1,8.4,8.1,6.1,6.4,7.4,7.4,ESFP,Truyền thông & Báo chí,Truyền thông đa phương tiện,4.1
STU6771,9.2,4.9,7.3,9.7,6.8,6.8,6.3,ISTJ,Xây dựng & Quy hoạch,Kỹ thuật cấp thoát nước,4.0
STU7725,5.5,8.0,9.2,5.1,5.4,6.9,8.6,ESFJ,Du lịch & Dịch vụ,Quản trị nhà hàng và dịch vụ ăn uống,4.7
STU3699,5.6,7.9,8.5,6.1,4.9,5.3,7.5,ENTP,Truyền thông & Báo chí,Thông tin - thư viện,5.0
STU5845,4.8,5.8,4.3,6.4,6.6,4.5,7.1,ISFP,"Kỹ thuật, Cơ khí & Ô tô",Robot và Trí tuệ nhân tạo,1.5
STU0372,10.0,6.0,8.7,9.1,8.2,5.6,5.7,ISTJ,Công nghệ Thông tin & Kỹ thuật Máy tính,Thiết kế vi mạch,4.9
STU3470,5.6,9.9,8.7,4.7,5.2,6.6,6.5,ENFP,Truyền thông & Báo chí,Công nghệ truyền thông,4.6
STU5390,8.8,5.5,6.9,9.4,6.7,5.7,6.3,ISTP,"Kỹ thuật, Cơ khí & Ô tô",Kỹ thuật cơ khí,4.7
STU6313,7.3,6.6,7.4,6.5,9.2,8.6,7.6,ISFJ,Nông nghiệp & Môi trường,Công nghệ sinh học,4.4
STU3541,7.3,8.4,8.7,5.0,6.6,4.8,7.6,ENTP,Truyền thông & Báo chí,Quan hệ công chúng,4.7
STU5934,7.8,4.9,6.0,8.5,8.0,5.1,6.8,ISTP,"Kỹ thuật, Cơ khí & Ô tô",Robot và Trí tuệ nhân tạo,4.0
STU4483,6.4,7.7,6.2,5.5,6.3,6.8,8.5,INFJ,Nghệ thuật & Thiết kế,Kiến trúc,5.0
STU7662,5.6,7.1,9.1,6.4,4.2,5.7,8.9,ESFJ,Du lịch & Dịch vụ,Quản trị nhà hàng và dịch vụ ăn uống,4.8
STU1361,8.6,7.9,8.5,6.8,5.7,5.6,7.8,ESTJ,Kinh tế & Quản lý,Tài chính - Ngân hàng,4.2
STU0912,9.7,7.7,6.5,6.8,9.7,8.9,6.3,ISFJ,Y tế & Sức khỏe,Y học dự phòng,4.1
STU7346,4.8,7.1,8.9,6.1,6.0,5.3,8.4,ENFP,Du lịch & Dịch vụ,Quản lý thể dục thể thao,4.0
STU4291,5.4,7.7,7.3,7.3,6.4,6.4,7.0,INFJ,Nghệ thuật & Thiết kế,Điêu khắc,4.4
STU7552,6.0,8.5,10.0,4.9,6.5,5.9,6.8,ESFP,Du lịch & Dịch vụ,Quản trị dịch vụ du lịch và lữ hành,4.6
STU4036,5.7,7.6,6.3,5.3,5.5,6.1,7.3,INFP,Nghệ thuật & Thiết kế,Điêu khắc,4.5
STU0965,9.5,5.2,5.1,7.0,9.5,9.2,6.0,INFJ,Y tế & Sức khỏe,Y học cổ truyền,4.7
STU1424,8.9,9.1,8.9,6.6,4.6,6.2,5.2,ENTJ,Kinh tế & Quản lý,Tài chính - Ngân hàng,3.8
STU0123,10.0,5.9,9.8,9.2,7.2,6.5,7.5,INTP,Công nghệ Thông tin & Kỹ thuật Máy tính,Khoa học dữ liệu,3.9
STU0480,8.9,5.9,7.4,9.2,7.1,5.2,6.8,INTP,Công nghệ Thông tin & Kỹ thuật Máy tính,Khoa học dữ liệu,6.1
STU0663,8.0,5.6,9.1,9.1,8.8,5.4,5.5,INTJ,Công nghệ Thông tin & Kỹ thuật Máy tính,Khoa học Máy tính,3.7
STU2133,6.7,8.1,9.3,6.8,6.4,5.2,9.6,ENFJ,Sư phạm & Giáo dục,Sư phạm Ngữ văn,4.8
STU4686,5.7,9.3,7.3,6.1,6.0,6.5,9.5,ENTJ,Luật & Xã hội,Luật,3.6
STU5210,6.2,9.5,7.7,5.9,5.6,6.2,8.0,ENTJ,Luật & Xã hội,Chính trị học,3.9
STU2128,6.9,9.4,10.0,6.7,5.7,6.5,9.8,ISFJ,Sư phạm & Giáo dục,Giáo dục Mầm non,5.2
STU0440,8.7,6.6,8.3,8.8,8.3,5.1,5.0,ISTJ,Công nghệ Thông tin & Kỹ thuật Máy tính,Khoa học Máy tính,4.7
STU1380,4.6,7.5,4.3,4.9,5.9,5.3,5.1,INFP,Kinh tế & Quản lý,Kế toán,1.9
STU1444,9.6,8.5,8.9,6.1,5.9,7.3,5.6,ENTP,Kinh tế & Quản lý,Hệ thống thông tin quản lý,4.9
STU4375,6.3,9.3,5.4,5.6,5.1,6.7,6.9,INFP,Nghệ thuật & Thiết kế,Thanh nhạc,4.1
STU7702,8.4,6.7,9.1,5.8,5.2,6.0,8.6,ESTP,Du lịch & Dịch vụ,Quản lý thể dục thể thao,4.3
STU1478,9.1,8.3,10.0,6.1,6.3,5.3,4.6,ENTP,Kinh tế & Quản lý,Kinh tế quốc tế,4.4
STU6742,8.7,6.5,5.0,8.7,7.1,5.2,4.5,ISTJ,Xây dựng & Quy hoạch,Công nghệ kỹ thuật công trình xây dựng,5.3
STU1174,8.6,6.0,6.7,5.2,10.0,9.4,7.0,INFJ,Y tế & Sức khỏe,Quản lý bệnh viện,4.2
STU4530,6.5,8.2,7.1,6.2,5.2,5.8,6.7,ISFP,Nghệ thuật & Thiết kế,Đạo diễn Điện ảnh - Truyền hình,5.2
STU3479,6.7,10.0,8.6,6.5,4.8,5.7,8.3,ENFP,Truyền thông & Báo chí,Quan hệ công chúng,4.6
STU2440,6.9,9.4,9.1,4.5,5.7,5.2,9.1,ENFJ,Sư phạm & Giáo dục,Sư phạm Vật lý,4.0
STU6914,9.2,5.7,6.0,8.9,7.2,6.0,5.5,ISTJ,Xây dựng & Quy hoạch,Kinh tế xây dựng,4.2
STU3078,6.4,7.7,9.5,6.9,3.9,6.3,7.4,INTP,Ngôn ngữ & Văn hóa,Quốc tế học,4.1
STU0280,9.0,8.0,7.9,8.7,6.3,6.7,6.2,INTJ,Công nghệ Thông tin & Kỹ thuật Máy tính,Thiết kế vi mạch,4.3
STU6379,5.8,5.3,6.1,5.5,7.5,7.8,5.5,ISTJ,Nông nghiệp & Môi trường,Thú y,4.1
STU4621,6.0,8.7,5.8,6.4,6.4,5.0,8.3,ISFP,Nghệ thuật & Thiết kế,Thiết kế thời trang,4.3
STU1102,8.4,5.7,5.5,4.8,10.0,8.1,5.6,ISTJ,Y tế & Sức khỏe,Kỹ thuật hình ảnh y học,4.5
STU3553,6.2,9.3,8.4,6.0,5.7,5.5,9.2,ENFP,Truyền thông & Báo chí,Báo chí,2.9
STU1695,8.9,7.9,9.2,5.9,5.3,7.8,5.5,ENTJ,Kinh tế & Quản lý,Kiểm toán,3.4
STU2139,7.1,8.1,7.3,3.6,6.1,6.7,9.4,ESFJ,Sư phạm & Giáo dục,Sư phạm Ngữ văn,4.8
STU2541,5.4,8.7,9.4,6.3,6.8,5.9,10.0,ISFJ,Sư phạm & Giáo dục,Tâm lý học giáo dục,5.0
STU5493,9.5,6.7,5.0,7.9,7.8,7.5,7.5,ESTP,"Kỹ thuật, Cơ khí & Ô tô",Robot và Trí tuệ nhân tạo,3.6
STU6280,8.3,6.4,5.7,6.1,8.4,8.7,5.4,ISTJ,Nông nghiệp & Môi trường,Công nghệ sau thu hoạch,3.4
STU7369,6.4,9.0,8.6,7.2,6.7,6.8,8.9,ENFP,Du lịch & Dịch vụ,Quản trị khách sạn,4.5
STU0578,3.6,6.8,4.7,4.6,7.3,5.5,7.5,ESTP,Công nghệ Thông tin & Kỹ thuật Máy tính,Kỹ thuật phần mềm,2.2
STU0060,9.2,5.6,9.7,9.1,6.2,6.1,5.9,INTP,Công nghệ Thông tin & Kỹ thuật Máy tính,Khoa học dữ liệu,4.0
STU0788,9.3,4.6,5.7,5.3,9.3,9.3,4.9,ISTJ,Y tế & Sức khỏe,Quản lý bệnh viện,4.0
STU7422,6.1,8.1,8.2,4.6,5.5,5.4,9.0,ENFP,Du lịch & Dịch vụ,Quản trị khách sạn,4.0
STU2604,7.3,9.5,8.6,7.1,5.6,4.6,9.8,ENFJ,Sư phạm & Giáo dục,Sư phạm Tiếng Anh,5.3
STU5104,5.4,9.1,7.8,6.9,6.6,6.3,8.9,INTJ,Luật & Xã hội,Luật,4.7
STU4300,6.1,7.4,5.8,5.2,5.6,6.0,6.5,INFJ,Nghệ thuật & Thiết kế,Đạo diễn Điện ảnh - Truyền hình,4.3
STU2253,6.5,8.9,9.7,5.2,6.9,5.4,9.3,INFJ,Sư phạm & Giáo dục,Giáo dục Tiểu học,4.5
STU4748,5.7,9.9,7.2,5.2,5.1,6.0,9.9,ISTJ,Luật & Xã hội,Công tác xã hội,4.2
STU4991,5.4,8.9,8.5,5.9,5.2,6.0,9.6,ISTJ,Luật & Xã hội,Luật,4.7
STU6809,8.7,6.1,6.6,9.5,8.1,5.8,4.4,ISTP,Xây dựng & Quy hoạch,Kỹ thuật cấp thoát nước,4.2
STU3689,6.4,8.6,9.0,5.8,5.1,6.2,6.5,ENFP,Truyền thông & Báo chí,Truyền thông đại chúng,5.0
STU7336,5.0,7.6,9.1,6.1,5.7,5.9,7.4,ESTP,Du lịch & Dịch vụ,Quản trị nhà hàng và dịch vụ ăn uống,4.3
STU7828,5.6,8.0,8.0,6.1,4.7,7.4,6.9,ESFJ,Du lịch & Dịch vụ,Quản trị nhà hàng và dịch vụ ăn uống,4.6
STU6913,8.8,7.4,5.4,7.6,7.2,5.7,4.1,ISTP,Xây dựng & Quy hoạch,Kỹ thuật cấp thoát nước,4.0
STU6786,7.3,5.8,5.3,7.7,7.4,6.3,5.0,ESTJ,Xây dựng & Quy hoạch,Địa kỹ thuật xây dựng,4.9
STU0185,5.5,5.2,6.3,4.1,6.9,5.3,5.7,ISTJ,Công nghệ Thông tin & Kỹ thuật Máy tính,Công nghệ thông tin,2.8
STU2599,5.9,8.7,9.5,6.8,5.5,6.5,8.8,ENFJ,Sư phạm & Giáo dục,Sư phạm Toán học,4.1
STU7075,8.7,6.3,6.4,8.0,7.2,5.8,5.1,ISTJ,Xây dựng & Quy hoạch,Kinh tế xây dựng,4.8
STU0421,9.2,5.4,8.6,8.7,7.9,6.9,7.0,ISTP,Công nghệ Thông tin & Kỹ thuật Máy tính,Kỹ thuật phần mềm,4.1
STU0554,9.6,5.4,10.0,9.8,6.8,5.8,5.3,INTJ,Công nghệ Thông tin & Kỹ thuật Máy tính,Thiết kế vi mạch,3.6
STU1398,9.8,7.7,8.8,6.5,5.2,4.6,6.1,ENTP,Kinh tế & Quản lý,Kinh tế,4.5
STU7149,9.0,6.0,6.1,8.4,8.0,6.2,5.5,ISTP,Xây dựng & Quy hoạch,Kỹ thuật xây dựng,4.1
STU2403,6.2,9.3,9.6,5.6,5.8,7.0,9.5,ISFJ,Sư phạm & Giáo dục,Sư phạm Ngữ văn,3.4
STU3019,5.9,8.9,9.4,4.8,5.4,6.5,7.8,INFP,Ngôn ngữ & Văn hóa,Tiếng Việt và văn hoá Việt Nam,4.5
STU1761,8.9,7.9,8.9,5.5,5.9,5.9,6.0,ENTJ,Kinh tế & Quản lý,Marketing,4.3
STU3079,4.7,9.8,9.3,7.0,6.8,6.2,7.2,ISFP,Ngôn ngữ & Văn hóa,Quốc tế học,3.4
STU0298,8.3,6.0,8.1,10.0,7.2,7.0,5.1,ISTP,Công nghệ Thông tin & Kỹ thuật Máy tính,Kỹ thuật phần mềm,4.4
STU0444,9.6,7.1,10.0,8.8,7.0,6.3,7.5,ISTP,Công nghệ Thông tin & Kỹ thuật Máy tính,Kỹ thuật phần mềm,6.2
STU5481,8.9,7.4,6.0,8.7,8.8,7.3,6.0,INTJ,"Kỹ thuật, Cơ khí & Ô tô",Kỹ thuật điện tử - viễn thông,4.4
STU1120,9.4,6.0,6.3,5.8,9.7,9.4,6.6,ISTJ,Y tế & Sức khỏe,Dược học,4.4
STU3095,5.8,9.5,9.9,6.1,5.7,5.6,8.0,INFP,Ngôn ngữ & Văn hóa,Ngôn ngữ Trung Quốc,4.2
STU2457,5.8,9.0,9.9,6.1,6.2,6.5,9.4,ESFJ,Sư phạm & Giáo dục,Giáo dục Tiểu học,5.3
STU1922,10.0,7.7,8.2,5.5,6.1,7.0,7.0,ESTJ,Kinh tế & Quản lý,Quản trị kinh doanh,4.4
STU0656,8.9,5.9,7.9,8.3,7.0,5.5,7.6,ISTP,Công nghệ Thông tin & Kỹ thuật Máy tính,An toàn thông tin,3.9
STU2866,8.1,9.3,9.9,5.4,5.0,6.4,8.9,INFP,Ngôn ngữ & Văn hóa,Quốc tế học,4.2
STU6568,7.8,5.6,6.6,6.4,8.9,9.3,7.2,ISFP,Nông nghiệp & Môi trường,Nông nghiệp,4.2
STU4992,6.8,8.3,8.2,6.1,6.6,5.2,10.0,ENTJ,Luật & Xã hội,Tâm lý học,4.2
STU6748,8.9,6.0,6.2,8.5,6.7,6.5,5.7,ISTP,Xây dựng & Quy hoạch,Kỹ thuật xây dựng,4.3
STU7617,5.5,7.3,9.6,7.2,6.1,5.3,8.4,ESTP,Du lịch & Dịch vụ,Quản lý thể dục thể thao,3.9
STU5056,5.4,9.5,6.3,6.1,5.0,6.0,8.7,ENTJ,Luật & Xã hội,Công tác xã hội,3.9
STU6407,8.4,7.3,6.3,5.1,7.7,9.1,6.5,INFP,Nông nghiệp & Môi trường,Khoa học cây trồng,5.2
STU7861,5.5,7.6,9.0,6.9,5.1,5.1,7.8,ESFJ,Du lịch & Dịch vụ,Quản trị nhà hàng và dịch vụ ăn uống,4.5
STU0559,8.7,5.7,8.1,9.9,5.7,7.2,5.2,INTP,Công nghệ Thông tin & Kỹ thuật Máy tính,Khoa học dữ liệu,4.8
STU7489,6.8,6.1,8.6,7.2,5.2,6.5,9.3,ESTP,Du lịch & Dịch vụ,Quản trị nhà hàng và dịch vụ ăn uống,4.9
STU1372,10.0,7.4,9.4,5.8,7.9,6.0,6.6,ESTJ,Kinh tế & Quản lý,Tài chính - Ngân hàng,5.1
STU0908,8.7,6.6,5.9,6.2,8.5,10.0,5.1,ISFJ,Y tế & Sức khỏe,Điều dưỡng,4.7
STU4542,6.9,8.6,5.3,6.6,5.4,5.3,7.8,INFP,Nghệ thuật & Thiết kế,Thiết kế thời trang,4.5
STU1434,8.6,7.8,8.4,6.6,5.0,5.6,4.9,ENTP,Kinh tế & Quản lý,Kế toán,4.2
STU6369,6.2,7.1,6.6,6.1,9.4,9.4,6.5,ISFP,Nông nghiệp & Môi trường,Thú y,3.7
STU4408,6.0,8.8,6.2,7.6,5.9,5.9,8.1,ISFP,Nghệ thuật & Thiết kế,Đạo diễn Điện ảnh - Truyền hình,4.2
STU3485,5.2,8.9,8.7,5.8,5.2,6.8,8.2,ENFP,Truyền thông & Báo chí,Quan hệ công chúng,3.7
STU5959,9.4,5.1,5.4,9.9,7.5,5.8,6.2,ESTP,"Kỹ thuật, Cơ khí & Ô tô",Kỹ thuật điện,4.8
STU0927,8.2,5.9,6.1,5.2,9.2,9.8,5.2,ISTJ,Y tế & Sức khỏe,Kỹ thuật hình ảnh y học,5.0
STU5923,8.4,5.3,5.4,9.0,8.6,5.1,5.8,INTJ,"Kỹ thuật, Cơ khí & Ô tô",Kỹ thuật điện,5.3
STU0016,10.0,5.5,7.0,8.2,8.2,4.6,6.7,INTJ,Công nghệ Thông tin & Kỹ thuật Máy tính,Thiết kế vi mạch,4.7
STU7233,9.7,5.4,5.4,8.5,6.5,5.1,7.1,ISTP,Xây dựng & Quy hoạch,Địa kỹ thuật xây dựng,4.3
STU5983,8.3,5.9,5.3,9.5,8.0,7.5,7.2,INTJ,"Kỹ thuật, Cơ khí & Ô tô",Kỹ thuật điện,4.9
STU5698,8.5,6.3,5.7,8.6,8.2,5.5,6.5,ESTP,"Kỹ thuật, Cơ khí & Ô tô",Kỹ thuật điện,5.0
STU1162,8.9,4.8,5.9,4.6,8.2,10.0,6.2,ISFJ,Y tế & Sức khỏe,Y đa khoa,4.8
STU4093,6.2,7.7,6.9,6.0,5.2,4.7,7.5,INFP,Nghệ thuật & Thiết kế,Kiến trúc,2.5
STU4675,6.0,8.6,7.2,7.2,5.8,6.2,9.3,ENTJ,Luật & Xã hội,Quản lý nhà nước,4.7
STU4916,5.7,9.5,7.6,4.9,7.5,6.1,9.5,INFJ,Luật & Xã hội,Luật quốc tế,3.5
STU4732,6.6,8.7,7.9,5.0,5.4,6.4,9.4,INFJ,Luật & Xã hội,Tâm lý học,4.3
STU7690,5.8,6.9,8.8,5.5,5.3,6.7,8.7,ESFJ,Du lịch & Dịch vụ,Du lịch,4.5
STU3979,6.1,9.0,8.9,6.2,7.0,5.2,6.7,ENFP,Truyền thông & Báo chí,Quan hệ công chúng,5.0
STU1363,8.2,8.6,8.5,6.4,4.3,4.9,5.9,ENTJ,Kinh tế & Quản lý,Tài chính - Ngân hàng,5.6
STU1213,8.8,6.2,5.7,4.7,9.1,9.4,6.6,ISFP,Y tế & Sức khỏe,Kỹ thuật phục hồi chức năng,5.1
STU1877,9.1,9.0,9.4,7.2,6.1,6.3,5.8,ESTJ,Kinh tế & Quản lý,Tài chính - Ngân hàng,4.4
STU3967,7.4,8.8,8.5,5.4,6.5,6.8,8.7,ENTP,Truyền thông & Báo chí,Công nghệ truyền thông,4.8
STU3027,5.0,8.3,9.3,5.9,4.5,4.7,6.5,ISFP,Ngôn ngữ & Văn hóa,Ngôn ngữ Anh,4.4
STU6216,8.3,4.3,7.4,5.9,8.0,9.2,5.9,INFP,Nông nghiệp & Môi trường,Công nghệ thực phẩm,4.8
STU6935,9.5,5.9,6.3,9.0,6.4,5.8,6.7,ISTJ,Xây dựng & Quy hoạch,Quản lý xây dựng,4.2
STU1171,9.4,5.6,7.1,6.5,10.0,8.9,6.5,ISFJ,Y tế & Sức khỏe,Dược học,4.1
STU4527,6.6,8.4,5.2,5.9,5.5,5.6,8.4,ISFP,Nghệ thuật & Thiết kế,Thanh nhạc,4.2
STU2707,6.2,7.3,8.5,5.9,5.9,6.4,9.5,ISFP,Ngôn ngữ & Văn hóa,Tiếng Việt và văn hoá Việt Nam,4.9
STU4231,5.0,8.7,5.9,6.4,6.7,7.4,7.1,ISFP,Nghệ thuật & Thiết kế,Điêu khắc,3.6
STU1834,9.3,6.6,8.4,5.7,7.1,6.8,6.1,ESTP,Kinh tế & Quản lý,Tài chính - Ngân hàng,4.2
STU6450,8.5,4.7,6.7,5.0,9.0,9.2,6.6,ISFP,Nông nghiệp & Môi trường,Công nghệ thực phẩm,4.2
STU1860,8.0,8.6,8.4,5.8,6.8,5.0,4.8,ESTJ,Kinh tế & Quản lý,Kinh tế quốc tế,3.9
STU3965,6.2,10.0,9.0,6.2,6.5,4.3,8.6,ENTP,Truyền thông & Báo chí,Thông tin - thư viện,4.0
STU3044,5.4,6.5,5.9,4.7,6.7,3.8,4.5,INFP,Ngôn ngữ & Văn hóa,Ngôn ngữ Anh,2.6
STU7166,7.9,6.6,5.2,7.8,7.4,7.2,5.8,ESTJ,Xây dựng & Quy hoạch,Công nghệ kỹ thuật công trình xây dựng,4.3
STU7044,8.7,7.3,6.8,9.0,7.9,5.4,5.2,ISTJ,Xây dựng & Quy hoạch,Địa kỹ thuật xây dựng,4.2
STU5613,9.4,5.8,5.4,8.7,8.2,6.2,5.9,ESTP,"Kỹ thuật, Cơ khí & Ô tô",Công nghệ kỹ thuật ô tô,4.6
STU0388,8.8,6.7,9.1,7.9,6.4,5.4,6.3,ENTP,Công nghệ Thông tin & Kỹ thuật Máy tính,Công nghệ thông tin,3.9
STU5107,6.5,9.3,7.9,6.9,6.1,6.3,9.1,ENTJ,Luật & Xã hội,Tâm lý học,4.5
STU1033,8.3,7.9,5.4,5.4,9.0,8.0,6.6,ISFJ,Y tế & Sức khỏe,Kỹ thuật phục hồi chức năng,4.6
STU5154,6.4,8.7,8.5,5.7,6.2,6.3,9.2,ISTJ,Luật & Xã hội,Quản lý nhà nước,3.4
STU3164,5.7,9.9,8.7,5.8,6.1,6.4,6.9,INTP,Ngôn ngữ & Văn hóa,Ngôn ngữ học,4.4
STU4120,5.2,7.8,6.2,6.6,6.5,7.5,8.0,ISFP,Nghệ thuật & Thiết kế,Hội họa,4.2
STU3185,4.7,8.4,8.3,7.0,7.3,6.6,7.2,ISFP,Ngôn ngữ & Văn hóa,Quốc tế học,4.1
STU0932,10.0,6.9,6.2,5.4,9.5,8.4,6.7,ISTJ,Y tế & Sức khỏe,Quản lý bệnh viện,4.2
STU2808,7.2,8.2,8.9,7.1,6.5,7.8,7.3,INTP,Ngôn ngữ & Văn hóa,Ngôn ngữ Anh,4.6
STU0692,9.1,5.0,6.9,5.4,9.6,9.5,6.5,ISTJ,Y tế & Sức khỏe,Răng - Hàm - Mặt,5.0
STU1892,9.0,8.0,10.0,5.8,4.5,5.1,4.9,ESTP,Kinh tế & Quản lý,Tài chính - Ngân hàng,4.6
STU4297,5.3,8.4,6.6,4.6,5.4,6.0,7.9,ISFP,Nghệ thuật & Thiết kế,Thiết kế thời trang,5.2
STU6801,10.0,4.8,6.1,8.3,7.4,5.5,6.3,ESTJ,Xây dựng & Quy hoạch,Kỹ thuật xây dựng,4.5
STU6356,8.4,6.4,6.5,6.5,8.2,9.6,6.6,ISFP,Nông nghiệp & Môi trường,Nông nghiệp,4.0
STU7560,6.1,7.4,8.1,6.2,5.5,5.8,8.8,ESFP,Du lịch & Dịch vụ,Quản trị nhà hàng và dịch vụ ăn uống,4.8
STU6762,7.9,5.6,5.4,8.0,6.9,6.5,4.8,ISTJ,Xây dựng & Quy hoạch,Kỹ thuật xây dựng,4.0
STU0045,9.5,4.9,9.5,9.2,7.2,6.4,5.7,ISTJ,Công nghệ Thông tin & Kỹ thuật Máy tính,Kỹ thuật phần mềm,4.4
STU4271,6.0,9.0,5.8,6.3,6.9,6.4,7.5,ISFP,Nghệ thuật & Thiết kế,Hội họa,5.5
STU2830,7.1,8.7,9.8,5.2,6.9,6.4,8.1,INFP,Ngôn ngữ & Văn hóa,Ngôn ngữ Anh,4.0
STU7050,8.2,5.7,5.6,8.2,5.6,4.8,5.7,ISTJ,Xây dựng & Quy hoạch,Quản lý xây dựng,4.6
STU7650,5.1,8.5,7.9,6.4,6.3,5.7,9.9,ENFP,Du lịch & Dịch vụ,Quản lý thể dục thể thao,4.5
STU5927,8.6,5.4,5.1,8.4,8.2,5.9,5.1,ISTJ,"Kỹ thuật, Cơ khí & Ô tô",Kỹ thuật điều khiển và tự động hóa,4.2
STU3007,6.5,9.0,9.4,6.1,7.4,6.0,8.2,INFP,Ngôn ngữ & Văn hóa,Văn học,4.4
STU1684,9.2,8.1,9.5,6.6,5.3,6.8,5.2,ENTP,Kinh tế & Quản lý,Kinh tế quốc tế,5.0
STU5969,8.8,5.2,5.8,9.0,8.0,6.6,6.9,ISTJ,"Kỹ thuật, Cơ khí & Ô tô",Kỹ thuật điện tử - viễn thông,4.9
STU3998,5.3,8.0,5.0,4.9,5.4,6.3,7.1,INFJ,Nghệ thuật & Thiết kế,Thiết kế nội thất,4.4
STU0064,9.5,7.2,8.5,8.5,6.8,6.5,5.7,INTJ,Công nghệ Thông tin & Kỹ thuật Máy tính,Thiết kế vi mạch,4.5
STU4591,6.0,8.9,5.3,7.1,6.8,5.8,8.1,ISFP,Nghệ thuật & Thiết kế,Điêu khắc,4.5
STU4087,6.5,9.2,5.6,5.9,6.5,5.3,8.4,INFP,Nghệ thuật & Thiết kế,Đạo diễn Điện ảnh - Truyền hình,3.2
STU3529,4.4,8.9,8.8,6.1,5.1,6.0,7.7,ENTP,Truyền thông & Báo chí,Thông tin - thư viện,4.1
STU0228,4.6,6.1,4.4,6.2,5.4,6.5,4.7,ENFJ,Công nghệ Thông tin & Kỹ thuật Máy tính,An toàn thông tin,1.8
STU5523,10.0,6.4,5.6,8.9,7.3,5.8,5.5,ISTJ,"Kỹ thuật, Cơ khí & Ô tô",Kỹ thuật điện tử - viễn thông,3.3
STU5010,7.0,9.5,7.8,5.5,5.2,6.3,9.3,ENTJ,Luật & Xã hội,Quản lý nhà nước,4.7
STU7749,4.9,7.5,8.8,7.8,6.9,7.2,7.7,ESTP,Du lịch & Dịch vụ,Quản trị nhà hàng và dịch vụ ăn uống,4.8
STU2810,5.0,9.8,10.0,7.4,5.3,6.7,7.9,INTP,Ngôn ngữ & Văn hóa,Ngôn ngữ Nhật,4.6
STU0970,8.5,5.1,6.8,6.7,8.4,9.7,5.6,INFJ,Y tế & Sức khỏe,Dược học,3.7
STU1806,8.7,7.8,8.0,6.6,6.1,5.1,6.0,ESTJ,Kinh tế & Quản lý,Kinh doanh quốc tế,5.0
STU2946,5.4,8.4,10.0,5.1,5.3,6.5,8.0,INTP,Ngôn ngữ & Văn hóa,Ngôn ngữ Trung Quốc,3.9
STU3850,7.0,8.6,8.7,5.0,5.2,7.0,8.6,ESFP,Truyền thông & Báo chí,Công nghệ truyền thông,5.0
STU4241,6.8,7.6,4.8,5.2,5.7,5.7,7.3,INFJ,Nghệ thuật & Thiết kế,Thiết kế thời trang,3.9
STU5677,8.8,5.4,5.6,9.6,7.9,4.8,7.4,INTJ,"Kỹ thuật, Cơ khí & Ô tô",Kỹ thuật điện tử - viễn thông,4.1
STU2692,4.7,9.1,9.5,4.9,5.7,6.7,8.6,INFP,Ngôn ngữ & Văn hóa,Ngôn ngữ Trung Quốc,4.4
STU5532,4.8,3.6,8.2,6.6,4.5,4.4,5.6,INTJ,"Kỹ thuật, Cơ khí & Ô tô",Robot và Trí tuệ nhân tạo,2.7
STU1861,9.2,8.5,9.5,6.2,5.5,6.1,7.8,ESTJ,Kinh tế & Quản lý,Kinh tế,3.8
STU3969,7.6,9.4,8.5,5.8,6.1,5.9,7.3,ENTP,Truyền thông & Báo chí,Công nghệ truyền thông,4.5
STU5124,4.8,7.8,8.1,5.1,5.1,4.9,8.8,ENTJ,Luật & Xã hội,Công tác xã hội,4.2
STU6623,7.2,5.7,5.2,5.2,4.2,6.2,6.1,ENFP,Nông nghiệp & Môi trường,Công nghệ sinh học,1.7
STU2827,4.3,9.0,9.8,6.6,5.1,6.8,6.4,INTP,Ngôn ngữ & Văn hóa,Ngôn ngữ Nhật,4.4
STU0253,4.7,5.9,4.6,5.6,6.2,3.5,3.9,ESTP,Công nghệ Thông tin & Kỹ thuật Máy tính,Mạng máy tính và truyền thông dữ liệu,2.7
STU2577,6.7,8.6,8.4,6.0,4.9,7.8,9.0,ISFJ,Sư phạm & Giáo dục,Tâm lý học giáo dục,4.6
STU5187,6.1,9.6,6.9,6.0,6.3,7.1,9.0,ISTJ,Luật & Xã hội,Luật quốc tế,3.6
STU1790,9.8,7.4,8.3,6.1,6.8,6.5,7.0,ESTJ,Kinh tế & Quản lý,Kinh tế,5.5
STU6679,9.7,6.1,5.6,8.0,7.0,4.4,4.3,ESTJ,Xây dựng & Quy hoạch,Kinh tế xây dựng,4.2
STU2060,6.6,8.5,8.0,4.8,6.5,5.0,8.4,ENFJ,Sư phạm & Giáo dục,Tâm lý học giáo dục,5.0
STU4199,6.3,7.7,5.5,5.3,5.4,6.1,7.0,ISFP,Nghệ thuật & Thiết kế,Thiết kế công nghiệp,3.1
STU3115,5.5,8.3,9.1,6.8,5.9,5.6,9.6,ISFP,Ngôn ngữ & Văn hóa,Quốc tế học,4.3
STU4776,5.5,9.6,7.2,6.3,5.0,5.4,8.9,INTJ,Luật & Xã hội,Tâm lý học,4.9
STU1903,9.4,8.7,9.1,4.7,6.6,5.1,5.2,ESTJ,Kinh tế & Quản lý,Thương mại điện tử,4.9
STU2120,6.7,8.6,9.0,5.6,5.9,5.6,10.0,ISFJ,Sư phạm & Giáo dục,Sư phạm Tiếng Anh,3.9
STU5900,9.1,5.5,6.8,9.5,8.3,5.2,4.7,ISTP,"Kỹ thuật, Cơ khí & Ô tô",Kỹ thuật điện tử - viễn thông,3.7
STU2677,6.5,8.6,8.8,6.0,5.7,5.2,7.3,ISFP,Ngôn ngữ & Văn hóa,Ngôn ngữ Anh,4.3
STU7598,6.6,6.8,8.8,6.5,4.7,6.1,8.6,ESFJ,Du lịch & Dịch vụ,Quản lý thể dục thể thao,3.5
STU7782,6.3,7.0,9.8,6.2,5.7,5.8,8.2,ESFJ,Du lịch & Dịch vụ,Quản trị nhà hàng và dịch vụ ăn uống,4.7
STU4563,6.2,8.6,7.7,5.8,7.5,5.8,7.2,INFJ,Nghệ thuật & Thiết kế,Thanh nhạc,3.9
STU0076,9.7,6.4,9.9,9.2,6.7,6.7,6.2,INTJ,Công nghệ Thông tin & Kỹ thuật Máy tính,Khoa học dữ liệu,4.0
STU3024,6.1,8.4,10.0,5.5,5.0,5.7,6.6,INFP,Ngôn ngữ & Văn hóa,Ngôn ngữ Hàn Quốc,4.3
STU0431,9.3,5.2,8.1,8.0,7.6,5.2,6.6,INTJ,Công nghệ Thông tin & Kỹ thuật Máy tính,Khoa học Máy tính,4.1
STU4078,5.2,8.6,7.1,5.5,6.9,5.8,7.6,INFP,Nghệ thuật & Thiết kế,Thiết kế công nghiệp,4.4
STU3480,7.1,9.6,8.4,5.3,6.5,6.3,7.8,ENTP,Truyền thông & Báo chí,Truyền thông đa phương tiện,4.3
STU7788,7.0,9.4,9.0,5.9,4.9,7.4,7.4,ESTP,Du lịch & Dịch vụ,Du lịch,4.9
STU4615,5.2,8.2,6.8,5.9,7.5,6.2,7.5,INFP,Nghệ thuật & Thiết kế,Thiết kế thời trang,4.8
STU3690,5.9,9.3,7.6,6.5,5.9,3.9,6.7,ENFP,Truyền thông & Báo chí,Thông tin - thư viện,4.5
STU5336,8.4,5.4,6.8,8.6,7.9,6.5,5.6,INTJ,"Kỹ thuật, Cơ khí & Ô tô",Kỹ thuật điện tử - viễn thông,3.2
STU5439,8.1,4.6,6.0,8.9,8.4,5.7,6.4,ISTP,"Kỹ thuật, Cơ khí & Ô tô",Robot và Trí tuệ nhân tạo,4.7
STU6899,9.9,5.8,5.5,8.7,8.0,5.4,5.8,ISTP,Xây dựng & Quy hoạch,Kỹ thuật cấp thoát nước,4.6
STU5015,5.8,8.9,7.1,5.4,5.1,5.1,8.6,INFJ,Luật & Xã hội,Quản lý nhà nước,3.5
STU0241,9.6,5.3,9.4,8.9,7.7,4.9,5.0,ISTP,Công nghệ Thông tin & Kỹ thuật Máy tính,An toàn thông tin,4.9
STU0784,8.8,7.3,5.1,6.7,9.2,9.0,6.9,INFJ,Y tế & Sức khỏe,Quản lý bệnh viện,5.0
STU1355,8.5,7.9,9.6,7.3,5.5,6.0,6.1,ENTJ,Kinh tế & Quản lý,Marketing,3.5
STU3443,5.2,10.0,9.3,5.6,7.1,7.4,8.5,ENFP,Truyền thông & Báo chí,Quan hệ công chúng,3.7
STU0978,8.1,6.4,6.8,6.5,9.7,9.4,5.8,ISFJ,Y tế & Sức khỏe,Y học dự phòng,4.8
STU0810,7.8,5.2,7.2,5.4,9.1,8.9,5.5,ISTJ,Y tế & Sức khỏe,Y đa khoa,4.0
STU2169,7.1,9.0,9.1,7.1,5.6,5.9,9.6,ESFJ,Sư phạm & Giáo dục,Giáo dục Mầm non,4.3
STU1600,7.4,8.9,8.6,5.0,5.4,6.9,4.6,ENTJ,Kinh tế & Quản lý,Marketing,4.8
STU5840,7.7,4.6,4.5,9.3,6.6,5.8,5.6,ISTP,"Kỹ thuật, Cơ khí & Ô tô",Kỹ thuật điều khiển và tự động hóa,4.0
STU6966,8.6,5.0,5.3,8.5,8.8,7.0,5.2,ISTP,Xây dựng & Quy hoạch,Kinh tế xây dựng,3.9
STU1621,7.6,7.1,8.3,5.9,5.2,5.5,5.9,ESTP,Kinh tế & Quản lý,Quản trị kinh doanh,4.0
STU7121,8.8,5.7,6.1,8.2,7.2,6.8,4.9,ISTP,Xây dựng & Quy hoạch,Kỹ thuật cấp thoát nước,4.4
STU1483,7.9,8.8,8.7,6.1,4.7,6.4,6.8,ESTP,Kinh tế & Quản lý,Marketing,5.4
STU3856,6.8,9.5,8.0,6.6,5.6,5.6,8.6,ESFP,Truyền thông & Báo chí,Lưu trữ học,2.9
STU1802,9.2,8.3,9.0,6.3,5.5,6.4,5.5,ESTJ,Kinh tế & Quản lý,Thương mại điện tử,4.4
STU2096,8.2,9.5,8.3,5.8,5.0,7.3,9.7,INFJ,Sư phạm & Giáo dục,Sư phạm Tin học,4.7
STU3893,6.6,9.4,8.1,6.9,4.4,4.9,8.0,ENTP,Truyền thông & Báo chí,Lưu trữ học,4.6
STU1358,8.9,7.9,7.8,6.4,6.2,5.7,5.9,ESTJ,Kinh tế & Quản lý,Quản trị kinh doanh,3.7
STU5282,5.6,9.3,7.4,4.9,5.8,5.3,9.7,INTJ,Luật & Xã hội,Công tác xã hội,5.1
STU2671,6.9,8.5,9.0,6.2,7.1,6.8,8.4,INFP,Ngôn ngữ & Văn hóa,Ngôn ngữ học,5.2
STU3122,6.4,9.3,10.0,5.2,7.1,4.8,7.6,INFP,Ngôn ngữ & Văn hóa,Quốc tế học,4.3
STU3034,5.7,9.7,9.6,7.0,4.4,4.8,7.2,ISFP,Ngôn ngữ & Văn hóa,Ngôn ngữ Hàn Quốc,4.7
STU3177,5.5,9.1,9.3,8.2,6.2,5.3,8.8,INTP,Ngôn ngữ & Văn hóa,Tiếng Việt và văn hoá Việt Nam,5.1
STU2610,7.1,9.0,9.0,5.3,5.6,5.8,9.4,ESFJ,Sư phạm & Giáo dục,Giáo dục Tiểu học,3.4
STU7287,8.5,7.0,5.9,9.1,7.4,6.5,6.0,ISTJ,Xây dựng & Quy hoạch,Quản lý xây dựng,5.1
STU3013,4.8,8.5,9.6,4.9,5.6,4.6,8.0,ISFP,Ngôn ngữ & Văn hóa,Văn học,4.9
STU4218,6.3,7.5,5.7,5.5,5.5,5.8,6.3,ISFP,Nghệ thuật & Thiết kế,Điêu khắc,4.3
STU6968,7.9,5.2,4.7,8.1,5.6,6.6,6.0,ISTP,Xây dựng & Quy hoạch,Quản lý xây dựng,4.7
STU0030,9.1,6.8,10.0,9.3,6.1,5.7,7.4,ENTP,Công nghệ Thông tin & Kỹ thuật Máy tính,Kỹ thuật phần mềm,4.0
STU4678,5.5,9.9,7.3,6.3,6.1,5.9,9.3,ENTJ,Luật & Xã hội,Luật kinh tế,4.7
STU7614,6.2,8.1,8.5,6.2,5.8,6.8,8.5,ESTP,Du lịch & Dịch vụ,Du lịch,4.0
STU1093,5.6,5.4,6.4,6.8,4.3,5.4,4.1,ESFJ,Y tế & Sức khỏe,Y đa khoa,1.7
STU0125,9.8,6.3,9.8,8.7,6.3,4.8,7.2,ISTP,Công nghệ Thông tin & Kỹ thuật Máy tính,An toàn thông tin,3.8
STU5606,6.1,6.1,5.5,5.3,6.6,4.3,4.4,ENTJ,"Kỹ thuật, Cơ khí & Ô tô",Kỹ thuật điện,3.2
STU5839,7.8,6.6,6.5,9.5,8.2,5.2,6.3,ISTJ,"Kỹ thuật, Cơ khí & Ô tô",Kỹ thuật điều khiển và tự động hóa,4.5
STU3886,6.9,9.5,9.5,6.1,7.0,6.4,6.9,ENTP,Truyền thông & Báo chí,Thông tin - thư viện,3.4
STU6957,8.9,7.2,6.8,9.0,7.1,5.3,6.8,ISTP,Xây dựng & Quy hoạch,Quản lý xây dựng,4.9
STU7523,5.8,7.8,8.7,5.5,5.3,5.9,7.5,ESFP,Du lịch & Dịch vụ,Quản lý thể dục thể thao,5.5
STU1554,5.3,6.2,4.8,5.9,5.4,5.7,4.9,INTP,Kinh tế & Quản lý,Kinh doanh quốc tế,2.5
STU6760,9.7,5.3,7.7,7.7,7.1,7.3,6.4,ISTP,Xây dựng & Quy hoạch,Kỹ thuật xây dựng,5.0
STU0599,9.6,5.5,9.2,9.1,8.2,6.4,6.1,ISTP,Công nghệ Thông tin & Kỹ thuật Máy tính,Công nghệ thông tin,2.9
STU3264,6.3,9.1,9.8,5.2,4.9,4.4,7.3,ISFP,Ngôn ngữ & Văn hóa,Ngôn ngữ Hàn Quốc,4.5
STU1417,9.5,8.9,9.6,6.3,6.0,6.3,5.1,ENTJ,Kinh tế & Quản lý,Hệ thống thông tin quản lý,4.0
STU5903,9.2,4.7,6.2,9.4,8.2,4.7,6.0,ISTP,"Kỹ thuật, Cơ khí & Ô tô",Kỹ thuật cơ khí,4.0
STU7564,7.2,8.1,8.5,5.6,6.1,5.3,7.7,ESFP,Du lịch & Dịch vụ,Quản trị nhà hàng và dịch vụ ăn uống,4.7
STU4642,6.2,8.8,7.0,4.9,5.8,4.0,8.1,INFP,Nghệ thuật & Thiết kế,Thiết kế nội thất,3.2
STU4061,6.0,5.6,7.2,3.4,4.3,4.5,4.2,ENTJ,Nghệ thuật & Thiết kế,Điêu khắc,2.5
STU2198,6.0,9.3,9.7,4.9,6.7,6.2,9.6,ISFJ,Sư phạm & Giáo dục,Tâm lý học giáo dục,5.1
STU3871,5.7,8.5,8.2,6.6,6.3,5.1,7.0,ESFP,Truyền thông & Báo chí,Công nghệ truyền thông,4.8
STU4018,6.6,8.9,6.9,4.9,4.8,5.7,8.5,INFJ,Nghệ thuật & Thiết kế,Kiến trúc,3.9
STU6671,9.3,4.8,6.3,9.8,7.6,6.8,5.8,ISTJ,Xây dựng & Quy hoạch,Địa kỹ thuật xây dựng,4.6
STU0809,9.5,7.0,5.8,5.1,9.6,10.0,6.3,ISTJ,Y tế & Sức khỏe,Y đa khoa,4.3
STU5471,9.3,4.9,8.0,8.9,8.1,6.8,6.1,ISTJ,"Kỹ thuật, Cơ khí & Ô tô",Kỹ thuật điều khiển và tự động hóa,4.7
STU0959,8.8,5.4,5.0,6.7,9.3,9.9,6.1,ISFJ,Y tế & Sức khỏe,Kỹ thuật hình ảnh y học,6.3
STU2620,7.4,6.4,6.2,3.5,6.0,4.7,3.8,ENTP,Sư phạm & Giáo dục,Sư phạm Tin học,3.4
STU3249,6.9,9.0,9.2,6.7,6.3,6.2,8.1,INFP,Ngôn ngữ & Văn hóa,Ngôn ngữ Hàn Quốc,4.9
STU0811,10.0,8.1,6.3,5.1,8.2,8.7,6.3,ISFP,Y tế & Sức khỏe,Răng - Hàm - Mặt,4.2
STU0835,9.4,5.2,6.5,5.9,8.7,9.4,6.6,ISFP,Y tế & Sức khỏe,Y học dự phòng,4.6
STU7778,5.8,7.3,9.4,6.6,4.3,5.3,8.5,ENFP,Du lịch & Dịch vụ,Quản lý thể dục thể thao,4.2
STU2570,7.0,8.7,7.9,5.0,6.1,5.7,9.2,ESFJ,Sư phạm & Giáo dục,Sư phạm Toán học,4.4
STU1236,10.0,6.0,5.1,5.8,9.2,8.4,5.3,INFJ,Y tế & Sức khỏe,Dược học,3.5
STU1226,9.3,6.2,5.7,6.6,9.9,9.5,4.6,ISTJ,Y tế & Sức khỏe,Dược học,3.0
STU5225,6.5,10.0,7.9,5.0,7.0,5.6,9.7,ISTJ,Luật & Xã hội,Chính trị học,4.5
STU5254,4.9,9.5,8.1,6.8,6.4,6.8,7.8,INTJ,Luật & Xã hội,Luật quốc tế,4.2
STU4052,5.9,9.4,6.7,6.3,4.1,7.4,8.2,INFJ,Nghệ thuật & Thiết kế,Thanh nhạc,4.7
STU7479,6.2,7.9,7.4,6.2,6.5,5.8,8.4,ENFP,Du lịch & Dịch vụ,Quản trị khách sạn,3.8
STU6770,8.5,4.9,7.6,9.3,6.2,6.2,5.6,ISTJ,Xây dựng & Quy hoạch,Công nghệ kỹ thuật công trình xây dựng,3.4
STU5338,7.4,4.7,5.9,9.2,8.1,6.7,5.0,ISTJ,"Kỹ thuật, Cơ khí & Ô tô",Công nghệ kỹ thuật ô tô,5.1
STU3359,6.3,8.8,7.8,5.8,5.6,5.9,7.6,ESFP,Truyền thông & Báo chí,Thông tin - thư viện,4.3
STU2684,5.4,9.7,9.0,6.6,5.2,7.5,8.4,ISFP,Ngôn ngữ & Văn hóa,Ngôn ngữ học,3.9
STU1658,10.0,7.0,9.8,5.9,6.1,5.9,7.4,ENTP,Kinh tế & Quản lý,Thương mại điện tử,4.9
STU6817,9.3,5.7,6.9,7.9,5.4,5.1,7.3,ESTJ,Xây dựng & Quy hoạch,Quản lý xây dựng,5.0
STU0453,9.4,6.1,8.4,10.0,7.6,5.1,7.3,ISTJ,Công nghệ Thông tin & Kỹ thuật Máy tính,An toàn thông tin,2.8
STU6674,9.4,5.6,6.7,7.7,7.3,6.2,6.3,ISTP,Xây dựng & Quy hoạch,Kỹ thuật cấp thoát nước,4.5
STU2346,6.0,9.9,7.9,6.8,6.4,6.3,8.8,ISFJ,Sư phạm & Giáo dục,Giáo dục Tiểu học,3.9
STU0423,8.8,6.4,10.0,8.4,7.4,5.8,7.0,ISTP,Công nghệ Thông tin & Kỹ thuật Máy tính,Khoa học Máy tính,4.0
STU1221,8.5,5.8,6.7,5.3,10.0,8.9,6.4,ISFP,Y tế & Sức khỏe,Răng - Hàm - Mặt,3.3
STU7988,5.7,7.7,8.1,6.4,5.4,6.1,8.5,ESFP,Du lịch & Dịch vụ,Quản lý thể dục thể thao,4.2
STU3902,6.1,10.0,8.8,6.4,5.8,6.2,9.0,ENFP,Truyền thông & Báo chí,Công nghệ truyền thông,3.7
STU7453,5.4,8.0,10.0,4.8,6.6,7.7,8.5,ESFJ,Du lịch & Dịch vụ,Quản lý thể dục thể thao,3.4
STU3204,5.9,9.4,9.8,6.6,4.7,4.7,8.2,INTP,Ngôn ngữ & Văn hóa,Ngôn ngữ Hàn Quốc,4.4
STU0103,9.7,6.4,8.2,9.4,8.7,7.4,5.9,INTJ,Công nghệ Thông tin & Kỹ thuật Máy tính,An toàn thông tin,3.6
STU5590,8.0,5.0,6.7,9.3,8.3,6.5,6.7,ISTP,"Kỹ thuật, Cơ khí & Ô tô",Robot và Trí tuệ nhân tạo,2.7
STU3144,5.2,9.1,10.0,7.2,6.9,6.4,8.0,INFP,Ngôn ngữ & Văn hóa,Quốc tế học,5.1
STU1581,8.5,7.8,9.8,7.4,7.6,5.7,4.9,ENTP,Kinh tế & Quản lý,Kinh tế quốc tế,4.7
STU4216,5.3,7.4,7.3,5.7,5.6,5.4,6.8,INFP,Nghệ thuật & Thiết kế,Thiết kế đồ họa,3.9
STU2207,5.5,9.6,8.1,6.0,6.5,6.0,9.9,INFJ,Sư phạm & Giáo dục,Tâm lý học giáo dục,3.5
STU0171,9.7,5.0,7.6,9.2,8.0,5.4,6.4,ISTJ,Công nghệ Thông tin & Kỹ thuật Máy tính,Khoa học dữ liệu,4.1
STU5912,8.3,6.4,6.9,10.0,6.9,6.0,5.5,ISTJ,"Kỹ thuật, Cơ khí & Ô tô",Robot và Trí tuệ nhân tạo,4.9
STU0136,8.4,7.0,9.6,8.7,7.1,5.9,7.2,INTJ,Công nghệ Thông tin & Kỹ thuật Máy tính,An toàn thông tin,4.5
STU4558,5.2,8.8,4.9,5.8,3.8,4.8,7.0,ISFP,Nghệ thuật & Thiết kế,Thiết kế thời trang,3.3
STU4516,5.2,7.8,7.3,7.4,5.2,6.3,6.7,ISFP,Nghệ thuật & Thiết kế,Điêu khắc,4.1
STU1311,9.2,5.8,5.9,6.0,10.0,10.0,5.1,ISFP,Y tế & Sức khỏe,Y học cổ truyền,4.1
STU7191,8.8,6.9,5.0,8.1,8.2,5.1,6.0,ESTJ,Xây dựng & Quy hoạch,Kỹ thuật xây dựng,4.0
STU2285,6.2,10.0,9.0,4.7,6.3,6.0,9.1,ESFJ,Sư phạm & Giáo dục,Tâm lý học giáo dục,4.1
STU4386,6.5,8.7,4.9,5.3,5.3,5.3,7.8,ISFP,Nghệ thuật & Thiết kế,Đạo diễn Điện ảnh - Truyền hình,4.1
STU5031,3.9,9.0,6.9,6.9,7.1,5.5,8.7,INTJ,Luật & Xã hội,Công tác xã hội,3.9
STU2390,6.8,9.0,8.1,6.5,5.9,5.8,9.2,ESFJ,Sư phạm & Giáo dục,Tâm lý học giáo dục,3.9
STU6851,8.0,4.8,6.0,7.8,6.5,5.8,4.8,ISTJ,Xây dựng & Quy hoạch,Kinh tế xây dựng,4.3
STU1936,9.6,7.9,8.7,5.7,5.2,5.8,7.1,ENTP,Kinh tế & Quản lý,Kinh doanh quốc tế,4.0
STU6390,8.8,6.2,5.7,4.7,8.8,9.6,7.0,INFP,Nông nghiệp & Môi trường,Nông nghiệp,5.6
STU7825,4.7,7.5,9.5,6.6,6.7,6.5,7.8,ENFP,Du lịch & Dịch vụ,Quản trị nhà hàng và dịch vụ ăn uống,2.6
STU4415,6.0,8.7,4.8,6.1,6.9,6.6,6.8,ISFP,Nghệ thuật & Thiết kế,Thiết kế đồ họa,4.1
STU0808,10.0,5.5,6.6,7.0,8.8,8.6,5.9,INFJ,Y tế & Sức khỏe,Y học cổ truyền,3.5
STU2046,7.2,8.8,9.2,6.5,5.4,5.0,9.6,ENFJ,Sư phạm & Giáo dục,Giáo dục Tiểu học,4.3
STU2826,4.6,9.3,9.7,6.2,6.3,5.8,7.6,INFP,Ngôn ngữ & Văn hóa,Đông phương học,4.7
STU0463,10.0,5.7,9.2,9.0,6.8,5.5,6.9,INTJ,Công nghệ Thông tin & Kỹ thuật Máy tính,Công nghệ thông tin,4.5
STU1957,3.8,5.3,6.4,6.6,6.4,8.1,5.9,INTJ,Kinh tế & Quản lý,Thương mại điện tử,1.7
STU3661,6.4,9.1,9.0,5.9,6.2,7.2,8.9,ESFP,Truyền thông & Báo chí,Báo chí,3.8
STU0800,8.5,6.9,7.3,5.7,9.6,9.5,5.1,ISTJ,Y tế & Sức khỏe,Y học cổ truyền,4.5
STU5599,10.0,7.7,6.4,9.9,8.5,6.2,6.9,ISTJ,"Kỹ thuật, Cơ khí & Ô tô",Kỹ thuật cơ điện tử,3.6
STU1074,9.1,7.0,5.3,6.3,9.0,8.2,6.3,ISTJ,Y tế & Sức khỏe,Y đa khoa,4.6
STU0145,10.0,6.9,9.3,8.4,6.3,5.0,4.6,INTP,Công nghệ Thông tin & Kỹ thuật Máy tính,Công nghệ thông tin,5.8
STU1341,9.8,7.9,8.3,6.5,7.2,6.7,5.0,ENTJ,Kinh tế & Quản lý,Marketing,5.4
STU2761,5.6,9.1,9.4,5.0,6.7,6.0,7.8,INFP,Ngôn ngữ & Văn hóa,Ngôn ngữ Anh,4.5
STU3126,5.4,9.1,9.4,5.0,4.9,6.7,9.1,INTP,Ngôn ngữ & Văn hóa,Đông phương học,3.3
STU2092,7.7,9.1,8.3,5.6,4.7,5.9,9.4,INFJ,Sư phạm & Giáo dục,Giáo dục Tiểu học,4.2
STU4971,6.0,9.5,8.6,6.1,7.0,5.9,8.4,INTJ,Luật & Xã hội,Luật kinh tế,3.7
STU6888,8.0,6.2,5.5,8.1,7.3,5.6,6.2,ISTJ,Xây dựng & Quy hoạch,Công nghệ kỹ thuật công trình xây dựng,4.4
STU2961,5.9,8.4,9.7,5.1,5.4,6.5,7.9,INFP,Ngôn ngữ & Văn hóa,Ngôn ngữ Trung Quốc,5.3
STU5891,9.5,6.6,6.1,9.1,6.5,5.1,5.3,ISTJ,"Kỹ thuật, Cơ khí & Ô tô",Kỹ thuật điện tử - viễn thông,5.3
STU5528,9.0,5.7,4.6,8.4,7.3,6.2,6.0,ESTP,"Kỹ thuật, Cơ khí & Ô tô",Robot và Trí tuệ nhân tạo,4.1
STU5514,9.7,5.0,5.7,9.7,7.5,6.1,5.7,INTJ,"Kỹ thuật, Cơ khí & Ô tô",Công nghệ kỹ thuật ô tô,4.7
STU1004,9.9,5.6,5.8,6.9,9.6,8.9,5.7,ISFJ,Y tế & Sức khỏe,Răng - Hàm - Mặt,4.0
STU4777,6.5,9.8,8.5,6.0,5.7,4.8,8.3,INFJ,Luật & Xã hội,Công tác xã hội,4.2
STU2926,4.7,5.9,4.0,5.0,7.0,6.4,6.8,ENTP,Ngôn ngữ & Văn hóa,Ngôn ngữ học,2.1
STU0556,9.4,6.3,9.6,9.5,7.4,5.6,6.1,INTP,Công nghệ Thông tin & Kỹ thuật Máy tính,Khoa học dữ liệu,4.2
STU6736,7.5,6.5,6.0,9.2,6.9,6.1,6.8,ISTJ,Xây dựng & Quy hoạch,Kỹ thuật xây dựng,4.8
STU1486,10.0,7.7,9.0,5.1,7.1,5.7,5.5,ESTJ,Kinh tế & Quản lý,Thương mại điện tử,3.8
STU5713,8.9,6.4,4.8,9.3,7.6,6.6,6.4,ISTP,"Kỹ thuật, Cơ khí & Ô tô",Kỹ thuật điều khiển và tự động hóa,4.5
STU1273,9.2,5.3,5.5,5.1,8.6,9.3,5.6,ISFP,Y tế & Sức khỏe,Dược học,3.9
STU1412,9.0,8.7,9.1,5.6,6.2,5.3,5.5,ENTP,Kinh tế & Quản lý,Kinh doanh quốc tế,5.1
STU7051,8.8,5.9,6.2,8.7,8.2,4.2,6.2,ISTJ,Xây dựng & Quy hoạch,Kinh tế xây dựng,4.4
STU7305,7.7,5.1,6.5,9.0,7.8,4.9,7.6,ESTJ,Xây dựng & Quy hoạch,Kỹ thuật xây dựng,3.6
STU1472,9.8,9.0,8.8,5.4,5.4,6.6,6.2,ESTJ,Kinh tế & Quản lý,Kinh tế,4.5
STU6937,8.8,5.6,6.9,8.6,6.2,5.3,6.7,ISTP,Xây dựng & Quy hoạch,Địa kỹ thuật xây dựng,4.7
STU2593,5.8,9.3,8.2,6.2,5.9,7.0,9.6,ENFJ,Sư phạm & Giáo dục,Tâm lý học giáo dục,5.5
STU7745,5.0,7.7,8.5,6.8,5.3,6.8,7.8,ESTP,Du lịch & Dịch vụ,Quản trị nhà hàng và dịch vụ ăn uống,4.1
STU4619,7.4,7.3,4.9,6.0,6.1,6.3,7.3,INFJ,Nghệ thuật & Thiết kế,Thanh nhạc,3.6
STU5260,5.8,9.8,8.5,5.1,4.8,5.5,8.5,ENTJ,Luật & Xã hội,Luật kinh tế,4.2
STU6272,6.8,4.1,3.9,5.3,7.2,5.8,5.8,ISFP,Nông nghiệp & Môi trường,Thú y,1.0
STU0982,5.6,6.6,5.8,5.5,5.0,5.2,3.8,ISTJ,Y tế & Sức khỏe,Kỹ thuật hình ảnh y học,2.4
STU6787,8.2,5.4,5.3,7.6,8.1,5.4,5.4,ISTJ,Xây dựng & Quy hoạch,Kỹ thuật cấp thoát nước,3.9
STU7237,9.0,7.4,5.3,8.3,6.9,5.9,5.4,ISTP,Xây dựng & Quy hoạch,Địa kỹ thuật xây dựng,4.3
STU7055,8.9,7.0,6.1,8.1,6.8,5.7,4.7,ESTJ,Xây dựng & Quy hoạch,Quản lý xây dựng,5.4
STU1269,8.3,7.6,5.6,4.4,10.0,9.3,6.3,ISFP,Y tế & Sức khỏe,Kỹ thuật hình ảnh y học,4.2
STU6265,7.2,5.9,7.1,6.5,9.4,8.8,6.8,INFP,Nông nghiệp & Môi trường,Thú y,3.7
STU0269,9.6,5.0,7.2,9.3,9.1,5.9,6.1,ISTP,Công nghệ Thông tin & Kỹ thuật Máy tính,Mạng máy tính và truyền thông dữ liệu,4.2
STU0655,9.8,4.5,10.0,8.7,7.9,6.6,6.4,ENTP,Công nghệ Thông tin & Kỹ thuật Máy tính,Khoa học Máy tính,4.6
STU3133,5.4,9.3,9.0,6.6,6.8,6.4,8.8,ISFP,Ngôn ngữ & Văn hóa,Văn học,4.9
STU7943,6.7,7.6,8.6,7.4,5.0,6.8,9.2,ENFP,Du lịch & Dịch vụ,Quản lý thể dục thể thao,4.2
STU5790,9.0,6.8,5.8,9.0,7.9,7.8,7.3,ISTP,"Kỹ thuật, Cơ khí & Ô tô",Kỹ thuật điện,3.8
STU3143,6.0,8.4,9.6,5.1,7.0,7.4,8.3,INTP,Ngôn ngữ & Văn hóa,Ngôn ngữ Anh,4.9
STU0590,9.4,6.4,9.8,9.5,6.7,6.1,5.1,ISTP,Công nghệ Thông tin & Kỹ thuật Máy tính,An toàn thông tin,2.8
STU4841,5.3,10.0,6.9,5.6,6.9,6.9,8.9,ENTJ,Luật & Xã hội,Luật,4.1
STU2717,6.4,9.8,9.9,5.1,5.9,5.3,7.6,INTP,Ngôn ngữ & Văn hóa,Ngôn ngữ Anh,4.8
STU5091,6.2,9.3,7.4,5.2,5.5,6.4,7.4,INFJ,Luật & Xã hội,Luật quốc tế,3.5
STU7120,8.8,6.1,5.2,8.3,8.1,5.8,5.5,ESTJ,Xây dựng & Quy hoạch,Quản lý xây dựng,4.3
STU4148,5.5,9.0,6.5,7.0,5.6,6.4,8.3,ISFP,Nghệ thuật & Thiết kế,Kiến trúc,4.6
STU5141,6.1,8.5,6.8,4.9,5.5,7.2,9.1,ISTJ,Luật & Xã hội,Tâm lý học,5.2
STU4395,5.8,7.8,5.7,6.9,5.2,7.1,7.0,ISFP,Nghệ thuật & Thiết kế,Kiến trúc,3.8
STU1809,8.9,7.2,8.8,6.1,5.2,6.5,6.2,ENTJ,Kinh tế & Quản lý,Thương mại điện tử,5.1
STU6885,7.7,6.4,5.5,8.5,5.9,4.5,5.6,ESTJ,Xây dựng & Quy hoạch,Quản lý xây dựng,3.9
STU3008,5.5,8.6,8.8,5.6,6.2,5.1,8.8,INFP,Ngôn ngữ & Văn hóa,Đông phương học,4.7
STU5680,9.8,5.7,6.1,10.0,8.6,5.9,4.6,INTJ,"Kỹ thuật, Cơ khí & Ô tô",Kỹ thuật cơ khí,4.5
STU0678,9.9,6.0,7.3,7.0,10.0,8.1,6.4,ISTJ,Y tế & Sức khỏe,Kỹ thuật phục hồi chức năng,3.1
STU6946,8.9,5.7,7.0,9.1,7.6,4.7,5.5,ISTJ,Xây dựng & Quy hoạch,Quản lý xây dựng,3.7
STU5376,8.9,6.0,6.3,10.0,7.8,5.3,6.5,ISTJ,"Kỹ thuật, Cơ khí & Ô tô",Kỹ thuật cơ khí,4.0
STU6856,8.7,6.1,7.0,8.5,7.7,5.5,6.0,ISTJ,Xây dựng & Quy hoạch,Kỹ thuật cấp thoát nước,4.8
STU3150,6.0,9.7,8.9,6.4,6.5,7.6,8.0,INFP,Ngôn ngữ & Văn hóa,Ngôn ngữ Nhật,4.8
STU4673,6.4,8.9,7.8,6.1,5.4,6.4,9.2,INTJ,Luật & Xã hội,Luật quốc tế,3.7
STU6936,9.6,6.1,6.3,8.1,6.5,6.8,6.0,ISTJ,Xây dựng & Quy hoạch,Địa kỹ thuật xây dựng,4.5
STU4158,6.2,7.9,6.0,6.4,6.4,4.9,7.7,ISFP,Nghệ thuật & Thiết kế,Điêu khắc,4.7
STU5965,9.0,5.1,6.3,9.3,7.4,5.0,5.3,ISTP,"Kỹ thuật, Cơ khí & Ô tô",Kỹ thuật điện,3.6
STU3845,4.3,3.9,5.6,3.8,6.4,5.4,6.3,ESTJ,Truyền thông & Báo chí,Quan hệ công chúng,3.2
STU4100,6.2,8.9,4.1,5.4,5.8,5.5,8.1,ISFP,Nghệ thuật & Thiết kế,Thiết kế nội thất,3.7
STU4662,5.4,8.5,6.1,7.1,5.0,5.2,8.5,ISFP,Nghệ thuật & Thiết kế,Thiết kế thời trang,4.8
STU7775,6.4,8.5,8.2,6.1,7.1,5.4,7.9,ESFJ,Du lịch & Dịch vụ,Du lịch,4.3
STU1612,8.2,7.9,9.3,4.2,5.0,5.4,6.3,ESTP,Kinh tế & Quản lý,Marketing,3.3
STU4253,6.5,7.6,5.0,6.6,6.1,6.1,8.4,INFJ,Nghệ thuật & Thiết kế,Thiết kế nội thất,4.0
STU4344,6.7,8.5,5.7,7.0,6.2,5.9,7.9,INFJ,Nghệ thuật & Thiết kế,Thiết kế công nghiệp,4.2
STU5888,8.8,4.8,5.2,8.6,8.7,6.6,6.6,ESTP,"Kỹ thuật, Cơ khí & Ô tô",Kỹ thuật điện,4.5
STU4919,5.2,8.5,7.0,6.3,5.8,5.2,9.6,INFJ,Luật & Xã hội,Luật kinh tế,4.3
STU5574,9.2,4.8,4.8,10.0,7.3,6.1,4.4,ESTP,"Kỹ thuật, Cơ khí & Ô tô",Kỹ thuật điều khiển và tự động hóa,4.4
STU3828,7.5,9.1,8.0,5.2,5.5,5.8,7.9,ENFP,Truyền thông & Báo chí,Thông tin - thư viện,4.4
STU0606,8.9,5.7,9.1,9.4,5.8,6.8,5.4,INTJ,Công nghệ Thông tin & Kỹ thuật Máy tính,Thiết kế vi mạch,5.1
STU3124,5.0,8.0,9.7,7.8,6.4,6.8,8.0,INTP,Ngôn ngữ & Văn hóa,Văn học,4.3
STU3919,4.9,10.0,8.1,7.4,6.7,6.5,7.9,ENFP,Truyền thông & Báo chí,Quan hệ công chúng,5.0
STU1469,8.3,7.5,8.8,5.1,6.5,6.5,6.0,ESTJ,Kinh tế & Quản lý,Kinh doanh quốc tế,4.5
STU5895,8.1,4.5,5.8,9.5,6.9,6.3,6.4,ESTP,"Kỹ thuật, Cơ khí & Ô tô",Kỹ thuật cơ điện tử,5.3
STU5738,9.3,5.9,5.0,9.5,8.1,7.5,5.8,ISTP,"Kỹ thuật, Cơ khí & Ô tô",Kỹ thuật điện,4.2
STU3740,4.5,9.4,8.6,6.1,4.6,6.7,8.8,ESFP,Truyền thông & Báo chí,Quan hệ công chúng,4.8
STU6070,7.7,5.8,5.7,4.0,8.7,9.7,6.4,ISFJ,Nông nghiệp & Môi trường,Công nghệ sinh học,4.3
STU7151,7.8,6.1,6.1,9.5,6.8,7.2,7.9,ISTJ,Xây dựng & Quy hoạch,Quản lý xây dựng,3.9
STU4473,6.0,8.6,5.7,5.7,6.7,5.9,7.8,ISFP,Nghệ thuật & Thiết kế,Hội họa,3.9
STU2156,7.0,9.9,9.3,5.7,5.3,5.6,9.8,ISFJ,Sư phạm & Giáo dục,Tâm lý học giáo dục,5.0
STU3556,5.0,9.6,8.8,5.7,6.9,6.8,7.9,ESFP,Truyền thông & Báo chí,Công nghệ truyền thông,4.1
STU7652,5.1,7.9,8.6,5.3,6.8,6.0,7.9,ESFP,Du lịch & Dịch vụ,Quản trị nhà hàng và dịch vụ ăn uống,3.8
STU2078,5.8,10.0,9.1,5.9,6.0,7.0,9.2,ESFJ,Sư phạm & Giáo dục,Giáo dục Mầm non,5.1
STU6101,7.7,5.9,5.7,5.0,9.0,9.8,6.1,ISFJ,Nông nghiệp & Môi trường,Công nghệ sinh học,4.9
STU7800,6.2,6.7,9.9,6.1,4.6,7.1,7.8,ESFJ,Du lịch & Dịch vụ,Quản trị khách sạn,4.6
STU7276,8.9,6.5,6.2,10.0,5.9,5.9,5.6,ISTP,Xây dựng & Quy hoạch,Kinh tế xây dựng,4.2
STU4768,6.6,8.8,7.1,5.9,5.6,6.3,9.5,INTJ,Luật & Xã hội,Luật quốc tế,3.4
STU0585,9.9,4.9,8.6,8.9,8.8,5.4,6.0,ISTJ,Công nghệ Thông tin & Kỹ thuật Máy tính,Kỹ thuật phần mềm,4.2
STU3382,7.0,10.0,7.7,5.0,8.2,6.9,7.8,ENFP,Truyền thông & Báo chí,Quan hệ công chúng,4.4
STU2693,6.6,7.8,10.0,6.3,5.7,5.3,8.4,ISFP,Ngôn ngữ & Văn hóa,Ngôn ngữ Trung Quốc,5.4
STU3732,5.8,5.2,6.0,6.5,6.3,7.3,4.8,INTJ,Truyền thông & Báo chí,Thông tin - thư viện,2.5
STU4735,5.6,10.0,7.3,5.7,6.4,5.1,10.0,INFJ,Luật & Xã hội,Luật quốc tế,5.2
STU6196,7.6,7.5,7.4,6.0,8.4,9.4,6.1,ISFP,Nông nghiệp & Môi trường,Khoa học môi trường,5.5
STU5109,7.4,7.7,6.9,4.1,7.2,5.4,5.3,ENTJ,Luật & Xã hội,Công tác xã hội,2.6
STU4031,6.9,7.0,6.6,5.2,4.8,6.2,7.3,INFP,Nghệ thuật & Thiết kế,Thiết kế đồ họa,4.3
STU4060,7.0,7.6,5.1,4.6,5.6,5.6,8.5,ISFP,Nghệ thuật & Thiết kế,Thanh nhạc,4.7
STU6201,7.0,6.8,6.2,5.0,8.7,8.7,5.9,ISTJ,Nông nghiệp & Môi trường,Khoa học cây trồng,3.5
STU2923,6.8,8.3,9.8,5.5,6.0,5.8,8.2,ISFP,Ngôn ngữ & Văn hóa,Ngôn ngữ Anh,4.1
STU7695,4.9,5.4,3.8,6.2,4.2,6.6,4.9,ESTP,Du lịch & Dịch vụ,Quản trị dịch vụ du lịch và lữ hành,3.0
STU5637,8.9,6.5,5.7,8.6,8.8,5.4,5.9,INTJ,"Kỹ thuật, Cơ khí & Ô tô",Công nghệ kỹ thuật ô tô,3.1
STU0345,7.5,5.9,9.2,7.7,8.4,6.5,7.6,INTJ,Công nghệ Thông tin & Kỹ thuật Máy tính,Công nghệ thông tin,4.7
STU2933,5.6,9.5,9.5,5.3,6.2,5.2,6.1,INFP,Ngôn ngữ & Văn hóa,Đông phương học,5.1
STU4634,5.1,8.5,6.6,6.0,6.1,8.0,7.1,INFP,Nghệ thuật & Thiết kế,Điêu khắc,4.1
STU2914,5.9,8.4,9.3,5.2,5.6,5.0,8.9,INTP,Ngôn ngữ & Văn hóa,Đông phương học,4.2
STU7499,6.1,6.5,9.8,7.1,4.8,7.4,9.0,ESTP,Du lịch & Dịch vụ,Quản trị nhà hàng và dịch vụ ăn uống,4.1
STU4340,5.3,8.2,6.0,7.7,5.0,6.0,7.3,INFJ,Nghệ thuật & Thiết kế,Thanh nhạc,4.6
STU6195,6.6,6.2,6.0,5.4,8.7,9.7,6.5,INFP,Nông nghiệp & Môi trường,Khoa học môi trường,3.7
STU3857,6.0,9.9,8.3,6.6,6.5,6.8,7.2,ESFP,Truyền thông & Báo chí,Truyền thông đa phương tiện,4.3
STU4141,6.8,8.2,6.0,7.2,7.0,6.9,6.6,INFJ,Nghệ thuật & Thiết kế,Điêu khắc,4.1
STU0091,9.7,4.4,7.1,10.0,7.1,5.1,7.1,ENTP,Công nghệ Thông tin & Kỹ thuật Máy tính,Kỹ thuật phần mềm,4.2
STU3772,5.0,9.8,9.2,5.2,6.5,4.8,7.4,ENFP,Truyền thông & Báo chí,Lưu trữ học,4.7
STU4326,6.0,7.9,6.1,4.8,6.3,7.3,6.5,INFP,Nghệ thuật & Thiết kế,Điêu khắc,4.9
STU4959,6.2,10.0,6.8,7.0,5.4,6.6,9.6,INFJ,Luật & Xã hội,Luật quốc tế,5.1
STU3335,7.5,10.0,8.4,7.4,7.3,5.5,8.4,ESFP,Truyền thông & Báo chí,Lưu trữ học,4.6
STU2118,7.0,10.0,9.7,6.1,5.6,6.0,9.8,ISFJ,Sư phạm & Giáo dục,Sư phạm Vật lý,4.1
STU7978,5.2,8.0,9.0,6.1,7.2,5.9,8.9,ESTP,Du lịch & Dịch vụ,Quản lý thể dục thể thao,5.1
STU6076,8.7,4.8,5.9,6.0,8.8,8.4,6.7,ISFP,Nông nghiệp & Môi trường,Khoa học cây trồng,5.2
STU4582,6.4,7.3,5.6,6.3,5.7,4.8,9.0,INFP,Nghệ thuật & Thiết kế,Kiến trúc,5.1
STU3012,7.7,8.8,10.0,5.8,5.8,6.5,8.2,INFP,Ngôn ngữ & Văn hóa,Ngôn ngữ Nhật,4.4
STU0948,7.4,6.0,5.3,6.3,10.0,9.9,6.2,ISTJ,Y tế & Sức khỏe,Quản lý bệnh viện,4.5
STU6453,7.5,6.7,5.8,6.1,9.6,10.0,5.2,ISFP,Nông nghiệp & Môi trường,Khoa học môi trường,4.7
STU4706,5.7,8.7,6.7,6.7,6.5,5.3,8.0,INFJ,Luật & Xã hội,Chính trị học,3.9
STU4303,6.1,8.7,7.1,5.6,5.9,6.4,7.4,INFP,Nghệ thuật & Thiết kế,Thiết kế công nghiệp,3.6
STU0884,8.1,5.6,5.4,4.6,9.7,9.6,6.5,INFJ,Y tế & Sức khỏe,Y đa khoa,5.0
STU6842,8.5,5.5,6.0,9.5,5.8,5.3,6.7,ESTJ,Xây dựng & Quy hoạch,Công nghệ kỹ thuật công trình xây dựng,4.4
STU7795,5.4,7.3,8.8,6.0,4.4,4.4,8.6,ESFP,Du lịch & Dịch vụ,Quản trị khách sạn,4.9
STU4639,4.5,8.8,6.3,7.3,6.2,7.6,8.1,INFJ,Nghệ thuật & Thiết kế,Thiết kế thời trang,4.5
STU2848,5.0,8.8,9.6,6.2,6.5,6.4,9.6,INFP,Ngôn ngữ & Văn hóa,Quốc tế học,4.7
STU4517,6.2,9.0,5.4,5.9,5.4,5.2,8.0,INFJ,Nghệ thuật & Thiết kế,Hội họa,4.0
STU7329,6.1,7.3,9.9,5.9,4.8,5.7,7.9,ESFP,Du lịch & Dịch vụ,Quản trị nhà hàng và dịch vụ ăn uống,4.8
STU5905,9.0,4.9,5.0,9.2,8.4,6.6,6.5,INTJ,"Kỹ thuật, Cơ khí & Ô tô",Kỹ thuật cơ khí,4.6
STU6805,8.3,6.9,5.4,10.0,6.6,5.0,6.3,ESTJ,Xây dựng & Quy hoạch,Quản lý xây dựng,3.9
STU4774,5.8,9.9,7.2,5.4,6.2,5.8,9.8,INFJ,Luật & Xã hội,Quản lý nhà nước,4.9
STU5328,7.0,10.0,7.9,6.3,5.3,5.8,10.0,ISTJ,Luật & Xã hội,Luật quốc tế,5.0
STU6799,9.7,4.3,7.5,8.6,7.8,6.1,5.3,ISTP,Xây dựng & Quy hoạch,Kỹ thuật xây dựng,5.0
STU5610,8.0,6.3,6.4,9.8,7.7,5.8,5.6,ISTJ,"Kỹ thuật, Cơ khí & Ô tô",Kỹ thuật cơ khí,5.1
STU2416,7.1,8.0,7.6,5.2,5.5,5.5,9.6,ESFJ,Sư phạm & Giáo dục,Sư phạm Vật lý,3.8
STU3669,5.4,7.9,9.1,4.7,5.9,5.8,7.4,ESFP,Truyền thông & Báo chí,Truyền thông đại chúng,4.0
STU6065,6.8,5.6,5.8,5.6,9.8,9.0,6.5,ISFP,Nông nghiệp & Môi trường,Nuôi trồng thủy sản,5.7
STU6504,7.6,7.2,6.0,5.2,10.0,9.6,5.0,INFP,Nông nghiệp & Môi trường,Thú y,5.4
STU5373,3.9,7.1,4.9,6.7,5.5,5.0,4.8,ESFP,"Kỹ thuật, Cơ khí & Ô tô",Công nghệ kỹ thuật ô tô,2.3
STU3594,6.1,9.2,7.7,7.0,6.6,6.0,6.9,ESFP,Truyền thông & Báo chí,Quan hệ công chúng,4.7
STU2875,5.6,9.2,10.0,5.7,6.9,6.0,8.3,ISFP,Ngôn ngữ & Văn hóa,Quốc tế học,4.0
STU2399,6.3,9.7,9.6,6.5,6.6,5.0,8.9,ISFJ,Sư phạm & Giáo dục,Sư phạm Tin học,3.6
STU6517,7.2,5.5,6.3,5.6,8.8,9.7,6.4,ISFP,Nông nghiệp & Môi trường,Nuôi trồng thủy sản,4.2
STU1711,9.0,8.1,9.6,5.4,6.2,5.7,5.6,ENTJ,Kinh tế & Quản lý,Thương mại điện tử,5.3
STU5602,9.3,5.3,6.6,7.6,8.7,6.9,5.7,ISTJ,"Kỹ thuật, Cơ khí & Ô tô",Kỹ thuật cơ điện tử,5.2
STU5861,8.8,5.9,7.4,9.5,8.1,5.6,6.4,ESTP,"Kỹ thuật, Cơ khí & Ô tô",Kỹ thuật cơ khí,3.9
STU1187,9.5,7.6,4.4,5.7,8.4,8.7,6.3,ISFJ,Y tế & Sức khỏe,Quản lý bệnh viện,5.2
STU3820,6.9,9.8,9.7,7.0,6.6,5.9,8.6,ENFP,Truyền thông & Báo chí,Truyền thông đa phương tiện,5.4
STU7676,5.1,7.2,9.3,5.3,5.4,7.2,9.0,ESFJ,Du lịch & Dịch vụ,Quản trị khách sạn,5.0
STU6852,9.2,5.7,5.8,9.0,6.4,6.0,5.7,ISTP,Xây dựng & Quy hoạch,Địa kỹ thuật xây dựng,5.0
STU6814,9.0,6.2,6.6,9.0,6.0,5.2,6.2,ESTJ,Xây dựng & Quy hoạch,Kỹ thuật xây dựng,4.0
STU7816,7.2,7.9,8.2,5.7,5.5,5.8,8.4,ENFP,Du lịch & Dịch vụ,Quản trị nhà hàng và dịch vụ ăn uống,3.9
STU0152,9.2,6.6,8.4,9.1,8.5,6.2,5.6,ENTP,Công nghệ Thông tin & Kỹ thuật Máy tính,Khoa học dữ liệu,3.9
STU0916,10.0,5.7,4.9,6.8,10.0,7.7,6.1,ISTJ,Y tế & Sức khỏe,Y học cổ truyền,5.3
STU1306,8.5,6.8,6.9,5.7,9.8,9.2,5.3,INFJ,Y tế & Sức khỏe,Y học cổ truyền,4.4
STU5448,8.7,5.3,7.0,10.0,6.7,6.4,5.5,INTJ,"Kỹ thuật, Cơ khí & Ô tô",Kỹ thuật điện tử - viễn thông,4.3
STU7771,6.2,8.7,8.4,6.1,5.9,6.1,8.3,ESTP,Du lịch & Dịch vụ,Quản trị nhà hàng và dịch vụ ăn uống,3.3
STU4710,7.8,8.9,8.0,7.0,6.5,5.4,8.7,INTJ,Luật & Xã hội,Luật quốc tế,5.3
STU5278,6.6,8.6,7.8,5.3,5.8,6.4,10.0,ENTJ,Luật & Xã hội,Công tác xã hội,4.2
STU1399,8.6,7.9,9.1,5.6,7.0,5.4,5.1,ESTP,Kinh tế & Quản lý,Kiểm toán,5.3
STU2520,7.6,9.6,9.1,5.2,4.9,7.1,8.6,ESFJ,Sư phạm & Giáo dục,Sư phạm Tiếng Anh,5.7
STU0184,8.2,5.9,9.6,9.2,6.5,6.6,5.1,INTP,Công nghệ Thông tin & Kỹ thuật Máy tính,Thiết kế vi mạch,4.8
STU7562,6.3,7.9,9.3,6.7,5.9,6.7,8.5,ENFP,Du lịch & Dịch vụ,Quản trị nhà hàng và dịch vụ ăn uống,4.4
STU3211,4.9,8.5,10.0,6.9,4.9,5.1,8.3,INFP,Ngôn ngữ & Văn hóa,Văn học,4.6
STU5539,9.0,5.3,5.6,9.4,8.5,6.2,6.4,ESTP,"Kỹ thuật, Cơ khí & Ô tô",Kỹ thuật điều khiển và tự động hóa,5.0
STU2418,6.3,9.7,8.5,6.6,5.7,5.4,9.2,ISFJ,Sư phạm & Giáo dục,Sư phạm Tiếng Anh,2.9
STU0472,8.8,6.0,9.2,9.2,7.9,5.4,4.1,ISTJ,Công nghệ Thông tin & Kỹ thuật Máy tính,Kỹ thuật phần mềm,5.0
STU0968,7.8,5.3,5.1,6.2,8.6,9.4,6.1,ISFP,Y tế & Sức khỏe,Răng - Hàm - Mặt,4.4
STU5334,9.1,5.2,7.5,9.1,7.1,6.8,4.9,ISTP,"Kỹ thuật, Cơ khí & Ô tô",Kỹ thuật cơ điện tử,4.9
STU7686,6.2,8.0,8.2,6.1,7.2,5.3,8.2,ENFP,Du lịch & Dịch vụ,Quản trị nhà hàng và dịch vụ ăn uống,3.7
STU0210,9.2,6.9,7.9,9.2,6.5,5.5,5.5,ENTP,Công nghệ Thông tin & Kỹ thuật Máy tính,Kỹ thuật phần mềm,3.8
STU1962,9.1,9.7,8.9,7.8,5.7,6.2,6.0,ESTP,Kinh tế & Quản lý,Kinh doanh quốc tế,5.4
STU0897,10.0,5.0,7.3,7.1,9.1,10.0,5.4,INFJ,Y tế & Sức khỏe,Y học dự phòng,3.7
STU6063,7.4,6.3,4.9,5.9,8.5,8.3,5.3,ISFP,Nông nghiệp & Môi trường,Khoa học môi trường,4.2
STU2572,7.1,8.6,8.9,5.7,6.4,6.3,9.5,ENFJ,Sư phạm & Giáo dục,Tâm lý học giáo dục,5.9
STU7773,5.7,8.2,8.8,6.8,6.7,6.5,8.3,ESFP,Du lịch & Dịch vụ,Quản trị khách sạn,4.2
STU1774,8.4,9.0,8.7,6.8,4.7,5.4,6.9,ESTJ,Kinh tế & Quản lý,Thương mại điện tử,4.9
STU6892,8.8,6.3,5.8,8.7,7.3,6.4,4.2,ISTP,Xây dựng & Quy hoạch,Địa kỹ thuật xây dựng,3.1
STU2300,7.5,10.0,9.1,6.3,5.8,6.4,9.7,INFJ,Sư phạm & Giáo dục,Tâm lý học giáo dục,5.4
STU1210,8.9,6.1,6.6,6.8,9.6,9.3,7.2,ISFJ,Y tế & Sức khỏe,Quản lý bệnh viện,3.9
STU7258,8.3,6.7,6.0,9.0,5.9,6.4,6.3,ISTP,Xây dựng & Quy hoạch,Địa kỹ thuật xây dựng,4.9
STU5342,9.0,5.2,6.4,8.5,6.5,5.7,5.5,ISTJ,"Kỹ thuật, Cơ khí & Ô tô",Kỹ thuật điện tử - viễn thông,4.1
STU7307,8.0,5.9,7.0,9.0,6.4,6.8,6.2,ESTJ,Xây dựng & Quy hoạch,Kỹ thuật cấp thoát nước,4.5
STU1252,10.0,5.1,5.9,8.0,8.6,8.1,5.1,ISFJ,Y tế & Sức khỏe,Điều dưỡng,5.3
STU4882,6.6,9.2,8.3,5.2,4.2,4.9,7.8,INFJ,Luật & Xã hội,Chính trị học,3.7
STU5585,7.9,6.0,6.7,8.4,7.6,6.3,6.8,INTJ,"Kỹ thuật, Cơ khí & Ô tô",Kỹ thuật điện,5.2
STU3834,6.2,10.0,9.0,6.5,6.0,6.1,8.4,ENFP,Truyền thông & Báo chí,Lưu trữ học,4.0
STU6694,8.7,6.1,6.5,9.2,7.1,5.5,5.9,ISTJ,Xây dựng & Quy hoạch,Kỹ thuật xây dựng,3.3
STU6285,9.1,6.6,6.6,5.7,8.6,9.3,8.3,ISFJ,Nông nghiệp & Môi trường,Khoa học cây trồng,3.9
STU0293,9.1,5.8,9.1,9.9,7.9,6.0,5.1,INTJ,Công nghệ Thông tin & Kỹ thuật Máy tính,Khoa học dữ liệu,4.5
STU7911,6.4,8.0,9.7,6.5,5.4,4.8,9.1,ESTP,Du lịch & Dịch vụ,Quản trị nhà hàng và dịch vụ ăn uống,4.8
STU1052,8.8,7.0,6.7,7.7,8.6,8.2,5.5,ISFJ,Y tế & Sức khỏe,Kỹ thuật hình ảnh y học,3.9
STU2751,6.9,9.3,9.5,6.3,6.5,6.4,7.1,INTP,Ngôn ngữ & Văn hóa,Ngôn ngữ Trung Quốc,4.0
STU3275,4.8,6.2,3.9,7.0,5.7,5.6,7.6,ISTJ,Ngôn ngữ & Văn hóa,Đông phương học,1.1
STU0273,10.0,5.2,8.2,8.0,7.3,7.5,7.4,ISTJ,Công nghệ Thông tin & Kỹ thuật Máy tính,Khoa học Máy tính,5.9
STU2043,6.6,10.0,8.4,6.3,6.2,6.6,9.9,ESFJ,Sư phạm & Giáo dục,Sư phạm Ngữ văn,4.5
STU4232,6.0,8.8,6.8,5.2,6.3,5.7,7.2,ISFP,Nghệ thuật & Thiết kế,Kiến trúc,4.7
STU5675,7.1,5.1,5.9,9.3,7.5,6.3,6.9,ISTP,"Kỹ thuật, Cơ khí & Ô tô",Kỹ thuật điện,3.2
STU2886,5.4,4.1,3.6,5.9,4.5,3.8,6.1,ISFJ,Ngôn ngữ & Văn hóa,Ngôn ngữ học,2.3
STU6606,6.5,6.7,5.8,6.6,8.0,8.6,6.3,ISTJ,Nông nghiệp & Môi trường,Công nghệ sinh học,3.7
STU1087,9.8,5.9,5.9,5.5,8.6,8.9,5.2,ISTJ,Y tế & Sức khỏe,Kỹ thuật phục hồi chức năng,4.2
STU3575,5.0,9.0,9.1,5.5,6.0,5.3,8.8,ENFP,Truyền thông & Báo chí,Báo chí,4.8
STU4295,4.9,7.8,7.5,5.5,6.1,6.2,8.3,ISFP,Nghệ thuật & Thiết kế,Thanh nhạc,4.5
STU4396,6.2,8.2,4.9,6.8,5.8,7.2,7.3,ISFP,Nghệ thuật & Thiết kế,Thiết kế nội thất,3.9
STU5729,10.0,7.1,5.2,10.0,6.6,5.9,6.6,INTJ,"Kỹ thuật, Cơ khí & Ô tô",Kỹ thuật cơ khí,4.7
STU3232,5.0,8.5,9.1,6.5,5.6,6.8,8.8,INFP,Ngôn ngữ & Văn hóa,Ngôn ngữ Hàn Quốc,4.2
STU3536,4.0,6.3,5.2,5.8,5.1,5.2,7.0,ENTJ,Truyền thông & Báo chí,Báo chí,1.4
STU5082,7.2,10.0,7.8,4.9,7.0,4.7,9.2,ENTJ,Luật & Xã hội,Luật,3.7
STU5725,7.6,5.6,4.7,9.9,8.6,6.4,6.6,ESTP,"Kỹ thuật, Cơ khí & Ô tô",Kỹ thuật điều khiển và tự động hóa,5.0
STU3334,4.9,8.4,7.8,7.2,5.5,6.6,7.4,ESFP,Truyền thông & Báo chí,Thông tin - thư viện,4.8
STU5014,7.2,9.7,7.9,5.5,5.3,6.0,9.2,ENTJ,Luật & Xã hội,Công tác xã hội,4.7
STU4936,4.7,8.8,7.7,6.8,6.8,5.7,9.5,INFJ,Luật & Xã hội,Luật kinh tế,5.2
STU4023,4.8,8.5,5.7,3.7,6.6,5.0,6.8,ISFP,Nghệ thuật & Thiết kế,Thiết kế thời trang,4.2
STU0614,10.0,5.7,7.6,9.8,6.8,6.3,7.9,INTJ,Công nghệ Thông tin & Kỹ thuật Máy tính,Mạng máy tính và truyền thông dữ liệu,4.1
STU6468,7.6,6.4,6.3,6.5,9.3,9.7,4.9,ISFP,Nông nghiệp & Môi trường,Lâm nghiệp đô thị,4.3
STU3774,6.1,9.0,9.4,6.8,7.2,7.5,7.9,ENFP,Truyền thông & Báo chí,Thông tin - thư viện,4.9
STU5715,8.2,6.1,4.6,10.0,7.7,7.7,6.7,ESTP,"Kỹ thuật, Cơ khí & Ô tô",Kỹ thuật điện,3.5
STU4467,4.0,8.1,5.5,6.2,6.1,5.4,8.2,INFP,Nghệ thuật & Thiết kế,Hội họa,4.8
STU4681,7.4,10.0,7.3,5.0,7.0,5.3,9.9,INTJ,Luật & Xã hội,Luật,4.7
STU1749,8.7,9.2,7.7,6.5,4.7,5.6,6.6,ESTP,Kinh tế & Quản lý,Kinh doanh quốc tế,4.8
STU7211,9.1,6.9,4.4,8.1,5.5,6.8,6.8,ISTJ,Xây dựng & Quy hoạch,Quản lý xây dựng,4.7
STU6121,8.3,5.1,6.7,6.5,8.6,9.9,4.2,ISTJ,Nông nghiệp & Môi trường,Lâm nghiệp đô thị,3.8
STU3165,6.2,8.4,9.3,5.7,6.6,5.0,9.0,INTP,Ngôn ngữ & Văn hóa,Quốc tế học,3.7
STU3708,6.6,9.6,9.3,5.7,6.6,6.0,8.6,ENFP,Truyền thông & Báo chí,Truyền thông đại chúng,5.8
STU4997,7.0,9.4,7.5,6.9,5.6,5.3,9.8,INTJ,Luật & Xã hội,Công tác xã hội,3.7
STU4512,5.3,8.9,6.8,5.7,5.3,5.4,7.2,ISFP,Nghệ thuật & Thiết kế,Hội họa,4.6
STU6034,6.8,4.6,6.5,5.8,9.2,8.6,5.5,INFP,Nông nghiệp & Môi trường,Lâm nghiệp đô thị,3.9
STU2155,6.4,9.3,9.8,6.8,7.4,7.8,10.0,ENFJ,Sư phạm & Giáo dục,Giáo dục Mầm non,4.2
STU1345,8.5,8.9,10.0,5.9,5.6,5.4,5.9,ESTJ,Kinh tế & Quản lý,Kinh tế,3.3
STU7726,5.2,7.8,9.1,6.4,5.2,7.0,8.8,ESFP,Du lịch & Dịch vụ,Du lịch,4.1
STU6120,6.7,5.9,5.2,6.2,9.3,7.4,7.0,ISFJ,Nông nghiệp & Môi trường,Lâm nghiệp đô thị,4.1
STU5939,7.8,5.9,6.2,9.5,6.4,6.6,4.2,INTJ,"Kỹ thuật, Cơ khí & Ô tô",Kỹ thuật cơ điện tử,5.1
STU0953,10.0,6.8,5.5,6.1,8.9,8.6,4.8,ISTJ,Y tế & Sức khỏe,Y đa khoa,4.4
STU5261,5.7,9.5,6.3,4.9,4.9,5.4,9.4,ISTJ,Luật & Xã hội,Chính trị học,3.7
STU1505,7.7,7.0,10.0,6.5,4.7,6.1,5.4,ESTJ,Kinh tế & Quản lý,Kinh tế quốc tế,4.1
STU7201,8.1,7.3,5.4,7.7,7.3,5.0,5.6,ISTJ,Xây dựng & Quy hoạch,Kinh tế xây dựng,4.7
STU7945,5.5,7.0,8.2,6.6,6.5,5.9,8.7,ESFJ,Du lịch & Dịch vụ,Quản trị dịch vụ du lịch và lữ hành,4.1
STU7529,6.4,7.5,8.5,6.6,6.1,6.2,7.5,ESFP,Du lịch & Dịch vụ,Du lịch,4.7
STU1122,6.3,6.4,7.2,5.7,4.6,6.0,7.7,ESFP,Y tế & Sức khỏe,Kỹ thuật hình ảnh y học,2.8
STU4521,6.9,8.3,5.9,6.3,5.2,6.5,8.3,INFP,Nghệ thuật & Thiết kế,Điêu khắc,4.4
STU4815,6.2,9.1,6.8,7.6,6.6,5.2,9.2,INTJ,Luật & Xã hội,Công tác xã hội,4.4
STU3816,6.6,8.5,8.8,7.2,6.7,5.8,6.8,ENTP,Truyền thông & Báo chí,Truyền thông đa phương tiện,5.2
STU3106,6.2,8.1,8.6,5.7,7.9,7.0,7.7,INTP,Ngôn ngữ & Văn hóa,Ngôn ngữ Anh,4.6
STU5203,5.9,10.0,7.0,6.4,6.5,5.1,8.5,INTJ,Luật & Xã hội,Xã hội học,2.7
STU3046,6.0,8.4,9.5,4.7,4.9,5.7,8.5,INFP,Ngôn ngữ & Văn hóa,Ngôn ngữ Trung Quốc,4.2
STU0417,9.7,7.0,8.8,9.7,7.8,5.1,6.7,INTP,Công nghệ Thông tin & Kỹ thuật Máy tính,Khoa học dữ liệu,4.7
STU4921,6.2,8.9,7.9,6.8,5.4,5.9,8.3,ISTJ,Luật & Xã hội,Công tác xã hội,5.2
STU2432,7.0,8.8,10.0,5.0,6.5,6.1,10.0,INFJ,Sư phạm & Giáo dục,Sư phạm Tiếng Anh,4.3
STU6380,8.4,6.8,5.7,5.2,8.3,8.4,7.6,INFP,Nông nghiệp & Môi trường,Thú y,3.6
STU0565,10.0,6.5,9.9,9.6,9.1,6.4,6.7,INTJ,Công nghệ Thông tin & Kỹ thuật Máy tính,Thiết kế vi mạch,4.1
STU2527,6.7,8.0,10.0,6.6,5.7,5.7,9.7,ISFJ,Sư phạm & Giáo dục,Sư phạm Ngữ văn,3.9
STU1225,7.6,5.6,5.9,5.2,8.7,9.8,6.7,ISFP,Y tế & Sức khỏe,Quản lý bệnh viện,5.2
STU0143,9.4,5.1,7.4,9.4,6.9,5.0,6.0,ENTP,Công nghệ Thông tin & Kỹ thuật Máy tính,Khoa học dữ liệu,4.6
STU1491,9.3,8.5,10.0,6.0,6.0,6.6,5.1,ESTP,Kinh tế & Quản lý,Kinh tế,4.7
STU6692,8.9,5.7,4.6,7.8,6.9,6.8,6.4,ISTJ,Xây dựng & Quy hoạch,Kinh tế xây dựng,3.6
STU7347,5.8,7.7,8.6,6.4,6.4,5.2,8.5,ESFJ,Du lịch & Dịch vụ,Quản trị nhà hàng và dịch vụ ăn uống,4.1
STU2005,5.2,4.6,5.8,4.1,6.8,6.6,5.0,ESTP,Sư phạm & Giáo dục,Sư phạm Toán học,2.7
STU1195,8.7,6.6,4.9,6.8,9.4,9.4,6.0,ISFP,Y tế & Sức khỏe,Điều dưỡng,5.2
STU2863,5.7,8.0,10.0,7.1,6.0,5.6,7.5,ISFP,Ngôn ngữ & Văn hóa,Ngôn ngữ Anh,4.8
STU3316,6.3,8.8,9.2,6.9,7.2,6.5,8.8,INFP,Ngôn ngữ & Văn hóa,Ngôn ngữ Anh,3.9
STU1757,10.0,8.3,8.8,4.8,4.9,7.1,5.2,ENTP,Kinh tế & Quản lý,Thương mại điện tử,5.2
STU0498,9.7,6.2,6.8,7.6,6.5,5.6,6.1,INTJ,Công nghệ Thông tin & Kỹ thuật Máy tính,Mạng máy tính và truyền thông dữ liệu,3.9
STU6677,8.9,6.6,6.2,8.6,6.8,6.5,6.4,ISTJ,Xây dựng & Quy hoạch,Công nghệ kỹ thuật công trình xây dựng,5.0
STU7811,6.5,7.9,8.5,5.2,4.8,5.3,7.7,ESTP,Du lịch & Dịch vụ,Quản trị dịch vụ du lịch và lữ hành,4.2
STU0913,8.3,7.1,5.7,4.8,9.2,8.3,6.3,INFJ,Y tế & Sức khỏe,Điều dưỡng,4.1
STU0722,9.4,5.3,4.7,7.1,9.9,9.0,6.6,ISFJ,Y tế & Sức khỏe,Kỹ thuật hình ảnh y học,4.2
STU5823,8.9,4.3,6.8,9.1,7.5,6.0,5.0,ISTJ,"Kỹ thuật, Cơ khí & Ô tô",Kỹ thuật điện,5.4
STU4337,6.7,8.7,5.7,5.1,5.8,5.8,6.9,ISFP,Nghệ thuật & Thiết kế,Thiết kế công nghiệp,4.8
STU1497,9.7,7.9,9.2,6.4,7.3,4.1,5.7,ENTP,Kinh tế & Quản lý,Kiểm toán,4.2
STU3017,4.7,8.3,9.3,6.1,7.2,5.5,7.5,INTP,Ngôn ngữ & Văn hóa,Tiếng Việt và văn hoá Việt Nam,4.7
STU1521,8.9,7.7,9.4,7.0,6.0,6.0,6.3,ENTP,Kinh tế & Quản lý,Thương mại điện tử,4.1
STU6626,9.2,5.9,6.2,5.5,8.0,8.3,5.6,ISTJ,Nông nghiệp & Môi trường,Thú y,5.0
STU3419,6.4,9.2,9.3,5.9,5.9,5.0,8.3,ENFP,Truyền thông & Báo chí,Truyền thông đa phương tiện,5.2
STU6582,6.8,5.9,6.7,5.4,8.9,9.5,6.9,INFP,Nông nghiệp & Môi trường,Công nghệ thực phẩm,4.5
STU7359,5.9,7.6,9.2,5.2,7.5,5.9,7.7,ESFP,Du lịch & Dịch vụ,Quản trị nhà hàng và dịch vụ ăn uống,4.1
STU6444,7.8,5.5,4.7,5.5,8.6,8.7,4.9,ISTJ,Nông nghiệp & Môi trường,Lâm nghiệp đô thị,2.9
STU0109,8.3,5.6,9.5,9.3,6.7,5.6,7.0,ISTP,Công nghệ Thông tin & Kỹ thuật Máy tính,Khoa học Máy tính,4.2
STU1755,8.7,7.9,8.6,6.1,6.8,6.4,6.7,ENTP,Kinh tế & Quản lý,Hệ thống thông tin quản lý,3.8
STU7968,6.3,7.7,8.9,5.5,7.1,5.3,8.9,ESFP,Du lịch & Dịch vụ,Quản lý thể dục thể thao,5.3
STU1352,10.0,8.5,9.5,6.5,5.4,7.1,4.8,ENTP,Kinh tế & Quản lý,Quản trị kinh doanh,4.5
STU4520,6.5,9.1,6.7,7.0,8.2,6.3,7.0,INFJ,Nghệ thuật & Thiết kế,Điêu khắc,3.6
STU6166,8.5,6.4,3.9,6.1,8.1,10.0,6.3,ISFJ,Nông nghiệp & Môi trường,Công nghệ sau thu hoạch,5.1
STU7633,6.3,7.4,9.8,6.4,5.6,7.2,10.0,ESTP,Du lịch & Dịch vụ,Quản lý thể dục thể thao,5.1
STU1974,9.2,7.7,10.0,7.0,6.1,6.7,5.1,ESTJ,Kinh tế & Quản lý,Tài chính - Ngân hàng,3.8
STU0337,9.5,7.6,9.7,9.7,5.5,5.4,5.7,ENTP,Công nghệ Thông tin & Kỹ thuật Máy tính,Công nghệ thông tin,3.7
STU5027,7.6,10.0,7.4,6.2,5.9,4.4,8.9,ENTJ,Luật & Xã hội,Xã hội học,4.3
STU5633,7.9,6.6,5.1,8.8,8.9,5.5,6.6,ESTP,"Kỹ thuật, Cơ khí & Ô tô",Kỹ thuật điện,5.0
STU4561,5.5,8.7,5.2,4.6,4.7,6.2,7.3,INFP,Nghệ thuật & Thiết kế,Thiết kế công nghiệp,4.4
STU7093,8.8,5.7,5.6,10.0,6.2,5.8,6.4,ISTP,Xây dựng & Quy hoạch,Kỹ thuật xây dựng,4.3
STU2927,4.9,8.9,9.5,4.7,5.9,6.8,7.5,INFP,Ngôn ngữ & Văn hóa,Ngôn ngữ Anh,4.3
STU3308,4.6,8.0,8.9,5.2,7.3,6.9,8.2,INFP,Ngôn ngữ & Văn hóa,Văn học,4.7
STU0725,8.2,5.0,4.9,6.9,9.7,8.9,5.5,INFJ,Y tế & Sức khỏe,Y học cổ truyền,4.7
STU0766,9.0,6.5,5.6,4.8,9.4,9.2,5.6,ISTJ,Y tế & Sức khỏe,Quản lý bệnh viện,4.4
STU4336,5.5,9.2,5.4,6.7,6.9,5.2,6.4,ISFP,Nghệ thuật & Thiết kế,Thiết kế nội thất,5.0
STU4762,6.0,10.0,7.0,6.2,6.5,5.2,9.9,ISTJ,Luật & Xã hội,Xã hội học,3.7
STU4499,6.3,8.0,6.2,6.3,5.6,5.1,8.4,INFP,Nghệ thuật & Thiết kế,Điêu khắc,4.4
STU0308,7.8,5.9,10.0,8.2,6.7,4.5,5.7,INTP,Công nghệ Thông tin & Kỹ thuật Máy tính,Kỹ thuật phần mềm,4.0
STU1279,9.8,6.3,6.5,6.6,8.4,9.0,5.6,INFJ,Y tế & Sức khỏe,Kỹ thuật phục hồi chức năng,4.1
STU7043,7.9,7.2,5.2,8.8,7.2,6.7,6.5,ISTP,Xây dựng & Quy hoạch,Kỹ thuật xây dựng,4.4
STU4321,6.0,8.0,6.7,6.5,7.3,6.3,8.1,INFJ,Nghệ thuật & Thiết kế,Thiết kế công nghiệp,4.3
STU6229,8.8,6.3,5.9,5.0,8.3,10.0,5.6,ISFP,Nông nghiệp & Môi trường,Nông nghiệp,4.9
STU6839,8.7,7.1,5.6,9.5,7.1,6.0,7.2,ESTJ,Xây dựng & Quy hoạch,Địa kỹ thuật xây dựng,4.7
STU7248,8.6,5.7,5.5,7.6,6.7,6.1,5.1,ESTJ,Xây dựng & Quy hoạch,Kỹ thuật xây dựng,3.5
STU1792,9.6,9.1,9.9,5.5,7.1,6.8,6.6,ESTP,Kinh tế & Quản lý,Hệ thống thông tin quản lý,5.4
STU6516,8.2,6.4,5.4,5.3,8.1,7.9,7.4,ISFP,Nông nghiệp & Môi trường,Công nghệ thực phẩm,4.1
STU3663,5.4,8.0,9.4,7.3,4.9,5.2,6.4,ESFP,Truyền thông & Báo chí,Truyền thông đại chúng,4.2
STU5636,9.5,4.8,6.0,9.1,8.3,5.1,5.7,ISTJ,"Kỹ thuật, Cơ khí & Ô tô",Kỹ thuật điều khiển và tự động hóa,5.1
STU2054,7.0,9.9,10.0,6.7,6.8,5.6,9.0,ENFJ,Sư phạm & Giáo dục,Sư phạm Ngữ văn,5.3
STU3127,6.1,8.2,10.0,5.4,4.4,6.5,7.2,INTP,Ngôn ngữ & Văn hóa,Đông phương học,4.2
STU3077,5.5,9.1,9.2,6.3,7.0,6.6,7.7,INFP,Ngôn ngữ & Văn hóa,Quốc tế học,5.3
STU0072,8.6,5.5,8.7,7.9,9.3,6.4,5.6,ISTJ,Công nghệ Thông tin & Kỹ thuật Máy tính,Khoa học dữ liệu,3.8
STU4464,6.2,8.5,7.4,5.2,6.6,5.3,6.8,ISFP,Nghệ thuật & Thiết kế,Thiết kế thời trang,4.3
STU4051,4.8,7.7,6.1,5.7,6.7,5.9,8.5,INFJ,Nghệ thuật & Thiết kế,Thiết kế công nghiệp,4.3
STU4104,5.4,7.3,5.7,5.3,6.2,6.3,6.5,INFJ,Nghệ thuật & Thiết kế,Thiết kế nội thất,4.2
STU5433,8.0,6.1,5.0,8.6,7.9,6.1,6.2,ESTP,"Kỹ thuật, Cơ khí & Ô tô",Kỹ thuật cơ điện tử,3.0
STU4126,5.8,7.7,5.4,6.9,6.4,5.7,7.6,ISFP,Nghệ thuật & Thiết kế,Hội họa,5.5
STU1261,9.1,6.7,7.1,5.5,9.6,9.2,6.2,ISTJ,Y tế & Sức khỏe,Dược học,4.3
STU1667,9.1,8.3,9.7,6.8,5.1,5.9,5.5,ENTJ,Kinh tế & Quản lý,Kinh tế quốc tế,4.2
STU2964,4.8,8.0,8.5,6.6,5.5,5.7,8.3,INTP,Ngôn ngữ & Văn hóa,Ngôn ngữ Hàn Quốc,4.9
STU7755,6.2,7.9,7.6,6.8,5.7,5.4,8.4,ESTP,Du lịch & Dịch vụ,Quản lý thể dục thể thao,5.2
STU4248,6.2,9.1,6.1,7.7,6.0,6.8,8.5,INFP,Nghệ thuật & Thiết kế,Thiết kế thời trang,4.1
STU3533,6.9,9.5,8.5,5.5,5.5,6.1,7.1,ENFP,Truyền thông & Báo chí,Quan hệ công chúng,4.2
STU2168,6.4,9.5,8.8,5.3,4.9,6.9,8.8,ENFJ,Sư phạm & Giáo dục,Sư phạm Tin học,4.2
STU7609,5.2,8.5,8.7,6.0,5.1,7.3,7.8,ENFP,Du lịch & Dịch vụ,Quản lý thể dục thể thao,4.2
STU2534,6.5,10.0,9.8,6.9,6.0,5.3,9.1,INFJ,Sư phạm & Giáo dục,Sư phạm Tin học,5.4
STU1696,8.8,8.6,7.6,4.8,5.4,5.0,6.9,ESTP,Kinh tế & Quản lý,Quản trị kinh doanh,4.7
STU1096,9.5,6.3,5.5,4.6,9.0,9.6,6.6,ISTJ,Y tế & Sức khỏe,Kỹ thuật hình ảnh y học,4.2
STU6021,7.4,6.2,5.3,4.9,8.3,9.4,5.2,ISTJ,Nông nghiệp & Môi trường,Công nghệ sinh học,4.9
STU7710,4.4,7.0,8.9,5.2,6.9,4.7,8.3,ENFP,Du lịch & Dịch vụ,Quản trị dịch vụ du lịch và lữ hành,5.0
STU7427,5.3,7.6,8.7,5.2,5.4,5.0,8.9,ESFP,Du lịch & Dịch vụ,Quản trị nhà hàng và dịch vụ ăn uống,5.8
STU1631,8.7,6.9,8.1,7.0,7.0,4.8,5.2,ENTP,Kinh tế & Quản lý,Tài chính - Ngân hàng,5.4
STU4902,6.2,9.0,7.4,5.6,5.3,6.6,8.2,INTJ,Luật & Xã hội,Chính trị học,4.9
STU1882,9.2,7.9,7.3,6.5,7.2,4.9,7.9,ENTJ,Kinh tế & Quản lý,Kinh tế quốc tế,4.1
STU6944,9.5,4.3,7.1,8.7,6.3,6.6,5.2,ESTJ,Xây dựng & Quy hoạch,Kỹ thuật cấp thoát nước,4.2
STU5365,8.9,4.8,6.1,8.9,7.4,6.5,7.1,INTJ,"Kỹ thuật, Cơ khí & Ô tô",Kỹ thuật điện,4.5
STU1613,8.4,6.9,8.8,4.9,6.0,5.0,6.0,ENTJ,Kinh tế & Quản lý,Kinh tế,4.5
STU0979,9.6,7.0,6.0,6.2,9.8,9.5,5.9,INFJ,Y tế & Sức khỏe,Dược học,3.6
STU3985,6.0,9.1,8.4,8.0,5.7,6.9,8.9,ENFP,Truyền thông & Báo chí,Truyền thông đa phương tiện,4.2
STU5689,8.2,5.9,6.2,8.3,6.9,7.0,4.8,ESTP,"Kỹ thuật, Cơ khí & Ô tô",Kỹ thuật cơ điện tử,5.0
STU3317,4.7,8.7,9.4,6.8,5.4,5.5,9.7,ISFP,Ngôn ngữ & Văn hóa,Ngôn ngữ Nhật,4.0
STU0849,8.4,5.7,4.5,7.5,9.9,8.8,4.9,INFJ,Y tế & Sức khỏe,Răng - Hàm - Mặt,4.4
STU7732,5.6,8.0,8.5,6.7,6.8,6.3,8.0,ESFJ,Du lịch & Dịch vụ,Quản trị dịch vụ du lịch và lữ hành,4.0
STU6244,7.5,5.0,5.2,4.9,7.9,9.6,5.4,ISFP,Nông nghiệp & Môi trường,Khoa học cây trồng,4.3
STU2272,7.3,9.0,8.3,6.1,5.6,7.2,9.6,ESFJ,Sư phạm & Giáo dục,Sư phạm Toán học,5.1
STU2393,6.6,10.0,9.1,5.1,6.6,5.4,10.0,INFJ,Sư phạm & Giáo dục,Sư phạm Ngữ văn,5.6
STU3956,6.4,9.5,9.1,6.9,5.6,6.6,7.8,ENFP,Truyền thông & Báo chí,Quan hệ công chúng,5.0
STU1831,9.3,9.4,8.2,4.2,6.9,6.0,5.7,ESTJ,Kinh tế & Quản lý,Kế toán,5.5
STU2754,5.6,8.0,10.0,7.3,5.7,5.6,6.7,ISFP,Ngôn ngữ & Văn hóa,Ngôn ngữ Nhật,4.0
STU0048,9.5,4.0,10.0,9.6,8.4,5.7,5.6,ISTJ,Công nghệ Thông tin & Kỹ thuật Máy tính,An toàn thông tin,4.5
STU7608,6.5,6.7,8.3,4.6,5.5,6.9,7.8,ESFP,Du lịch & Dịch vụ,Quản lý thể dục thể thao,4.5
STU1351,9.6,7.8,10.0,4.5,4.7,6.5,5.4,ESTJ,Kinh tế & Quản lý,Kinh tế,5.2
STU7442,7.4,7.7,7.8,4.9,5.4,5.1,7.3,ESFP,Du lịch & Dịch vụ,Quản trị dịch vụ du lịch và lữ hành,4.2
STU4715,6.2,9.8,8.9,6.9,6.7,6.8,9.5,ENTJ,Luật & Xã hội,Luật quốc tế,3.9
STU0447,9.9,5.8,8.5,9.2,8.3,5.5,5.2,ISTP,Công nghệ Thông tin & Kỹ thuật Máy tính,Thiết kế vi mạch,3.6
STU2249,7.1,10.0,8.2,7.5,6.8,5.8,10.0,ISFJ,Sư phạm & Giáo dục,Sư phạm Vật lý,4.1
STU1744,10.0,8.6,7.8,5.0,5.8,5.0,5.7,ENTP,Kinh tế & Quản lý,Marketing,4.6
STU0845,9.9,6.9,5.8,6.1,8.9,9.1,4.9,ISTJ,Y tế & Sức khỏe,Y học dự phòng,5.4
STU3888,6.5,8.0,8.1,5.6,6.5,5.6,7.2,ESFP,Truyền thông & Báo chí,Thông tin - thư viện,4.0
STU7793,6.1,7.5,8.5,7.1,6.3,5.1,9.3,ENFP,Du lịch & Dịch vụ,Quản trị khách sạn,4.3
STU3103,7.0,9.3,9.5,5.4,6.3,5.0,6.9,ISFP,Ngôn ngữ & Văn hóa,Văn học,3.7
STU2441,5.3,9.0,8.8,6.7,6.5,5.6,9.1,INFJ,Sư phạm & Giáo dục,Tâm lý học giáo dục,4.9
STU0679,9.7,4.7,6.5,6.7,10.0,9.4,5.3,ISFJ,Y tế & Sức khỏe,Dược học,3.9
STU3394,6.2,9.7,8.8,6.3,5.9,5.4,7.8,ENTP,Truyền thông & Báo chí,Báo chí,4.5
STU4978,7.9,5.4,5.4,6.2,7.4,5.0,5.0,ISTP,Luật & Xã hội,Quản lý nhà nước,2.3
STU1295,9.6,6.7,7.6,6.0,9.3,8.8,5.5,ISFJ,Y tế & Sức khỏe,Dược học,5.1
STU6520,8.1,7.1,5.5,5.4,8.2,9.8,6.2,ISFP,Nông nghiệp & Môi trường,Khoa học môi trường,4.6
STU3837,6.5,9.8,9.3,5.0,5.9,4.5,8.1,ENFP,Truyền thông & Báo chí,Truyền thông đại chúng,4.9
STU7772,4.5,8.5,8.1,6.1,5.2,5.5,8.0,ESTP,Du lịch & Dịch vụ,Quản lý thể dục thể thao,4.7
STU7468,5.6,7.7,8.4,5.5,7.8,6.8,7.8,ENFP,Du lịch & Dịch vụ,Quản trị khách sạn,3.7
STU5723,8.8,6.0,6.7,9.5,7.7,5.6,5.2,ISTP,"Kỹ thuật, Cơ khí & Ô tô",Kỹ thuật cơ khí,5.4
STU6743,7.5,7.3,4.5,8.5,7.8,5.4,5.3,ISTJ,Xây dựng & Quy hoạch,Kỹ thuật xây dựng,4.7
STU1113,10.0,6.8,7.2,5.5,9.7,9.2,5.3,ISFJ,Y tế & Sức khỏe,Quản lý bệnh viện,4.1
STU0777,9.0,5.4,6.0,5.4,9.1,8.9,5.8,ISFP,Y tế & Sức khỏe,Kỹ thuật phục hồi chức năng,5.0
STU7901,6.1,6.6,9.2,5.8,5.1,6.1,8.5,ESFP,Du lịch & Dịch vụ,Quản trị dịch vụ du lịch và lữ hành,4.2
STU2232,6.7,9.1,7.9,5.3,6.1,7.0,8.4,ENFJ,Sư phạm & Giáo dục,Sư phạm Tin học,4.5
STU2229,6.8,9.4,10.0,4.6,7.8,4.9,9.0,ESFJ,Sư phạm & Giáo dục,Giáo dục Mầm non,4.7
STU2154,7.0,9.1,8.3,6.6,5.0,4.6,9.5,ENFJ,Sư phạm & Giáo dục,Tâm lý học giáo dục,4.1
STU5442,9.0,6.2,5.5,8.6,8.6,5.2,5.4,ISTJ,"Kỹ thuật, Cơ khí & Ô tô",Robot và Trí tuệ nhân tạo,4.6
STU3791,5.5,9.3,8.7,5.1,6.2,4.9,6.9,ENFP,Truyền thông & Báo chí,Báo chí,4.2
STU5385,8.1,5.9,5.2,8.6,7.3,6.6,6.4,ISTP,"Kỹ thuật, Cơ khí & Ô tô",Kỹ thuật cơ điện tử,5.1
STU1367,6.2,7.1,5.1,6.4,6.6,4.7,4.1,INTJ,Kinh tế & Quản lý,Kinh tế,2.2
STU1470,10.0,7.3,9.8,7.1,7.0,5.6,5.3,ESTJ,Kinh tế & Quản lý,Marketing,4.5
STU1852,10.0,7.1,10.0,7.5,5.6,6.7,6.6,ENTP,Kinh tế & Quản lý,Marketing,3.6
STU1964,8.3,7.5,8.6,5.3,6.1,5.3,6.3,ESTP,Kinh tế & Quản lý,Quản trị kinh doanh,5.4
STU2919,6.1,9.5,8.8,6.8,4.3,7.3,6.9,INFP,Ngôn ngữ & Văn hóa,Đông phương học,4.1
STU5971,9.2,5.3,7.0,8.8,7.8,7.3,7.1,ISTJ,"Kỹ thuật, Cơ khí & Ô tô",Kỹ thuật điện,3.3
STU4624,5.9,8.6,5.3,5.7,6.5,5.3,7.1,INFJ,Nghệ thuật & Thiết kế,Đạo diễn Điện ảnh - Truyền hình,4.4
STU3878,5.7,9.3,7.2,6.0,7.2,6.4,7.2,ENFP,Truyền thông & Báo chí,Truyền thông đại chúng,5.4
STU0486,7.8,6.5,8.1,8.6,6.4,4.7,4.9,ISTJ,Công nghệ Thông tin & Kỹ thuật Máy tính,Công nghệ thông tin,3.0
STU2240,6.3,9.9,8.9,6.2,5.2,5.5,8.8,INFJ,Sư phạm & Giáo dục,Sư phạm Toán học,4.2
STU4042,5.6,8.7,7.8,6.1,6.1,6.6,7.0,INFP,Nghệ thuật & Thiết kế,Hội họa,3.0
STU3615,5.4,8.7,10.0,6.1,6.1,4.9,7.8,ENTP,Truyền thông & Báo chí,Quan hệ công chúng,4.7
STU6301,7.8,6.4,5.6,5.0,8.1,9.2,7.2,INFP,Nông nghiệp & Môi trường,Thú y,4.8
STU6343,7.9,6.4,4.6,5.7,8.9,9.5,5.5,ISFP,Nông nghiệp & Môi trường,Công nghệ thực phẩm,5.2
STU0031,10.0,6.2,10.0,7.9,7.2,7.2,6.5,ENTP,Công nghệ Thông tin & Kỹ thuật Máy tính,An toàn thông tin,4.7
STU1880,9.9,7.0,9.9,6.9,5.0,4.7,5.2,ENTP,Kinh tế & Quản lý,Tài chính - Ngân hàng,4.1
STU7487,5.4,7.1,8.9,6.6,6.0,6.6,9.0,ESTP,Du lịch & Dịch vụ,Quản trị nhà hàng và dịch vụ ăn uống,4.7
STU2944,7.0,8.4,9.0,6.1,6.4,4.8,8.5,ISFP,Ngôn ngữ & Văn hóa,Văn học,4.6
STU5499,9.1,6.4,6.2,8.7,7.8,6.9,5.7,ISTJ,"Kỹ thuật, Cơ khí & Ô tô",Kỹ thuật điện tử - viễn thông,4.3
STU6705,8.1,7.0,5.5,8.7,7.1,4.7,5.6,ISTJ,Xây dựng & Quy hoạch,Công nghệ kỹ thuật công trình xây dựng,4.2
STU5166,6.0,10.0,8.0,5.7,6.1,6.1,10.0,INTJ,Luật & Xã hội,Luật,3.6
STU5473,9.0,7.4,5.4,8.1,8.1,6.0,6.6,INTJ,"Kỹ thuật, Cơ khí & Ô tô",Kỹ thuật điện tử - viễn thông,4.8
STU1037,10.0,7.0,5.6,6.0,9.7,9.9,5.2,ISFJ,Y tế & Sức khỏe,Kỹ thuật phục hồi chức năng,3.8
STU0637,7.7,6.7,8.1,8.9,7.5,5.1,6.0,ISTP,Công nghệ Thông tin & Kỹ thuật Máy tính,Công nghệ thông tin,3.6
STU6049,7.7,5.7,5.9,6.6,9.4,8.8,5.3,ISTJ,Nông nghiệp & Môi trường,Nuôi trồng thủy sản,3.7
STU3040,5.7,9.2,10.0,5.5,5.7,4.2,8.6,INFP,Ngôn ngữ & Văn hóa,Ngôn ngữ Hàn Quốc,4.4
STU1084,5.5,5.9,5.4,4.4,4.0,5.4,8.1,ISFP,Y tế & Sức khỏe,Y học dự phòng,2.3
STU2616,6.8,8.7,8.5,7.0,5.8,6.4,8.4,INFJ,Sư phạm & Giáo dục,Sư phạm Ngữ văn,4.5
STU0862,8.6,5.9,5.5,6.6,8.8,10.0,4.9,ISTJ,Y tế & Sức khỏe,Răng - Hàm - Mặt,4.3
STU5759,8.7,7.5,5.6,8.8,7.7,5.6,6.8,INTJ,"Kỹ thuật, Cơ khí & Ô tô",Kỹ thuật điện,4.8
STU0904,9.4,5.2,6.0,6.1,8.5,8.3,7.3,INFJ,Y tế & Sức khỏe,Điều dưỡng,3.3
STU3955,6.5,9.2,8.4,5.7,6.1,5.5,7.9,ENFP,Truyền thông & Báo chí,Báo chí,4.5
STU0110,8.8,6.3,9.1,9.1,6.3,5.3,6.0,ENTP,Công nghệ Thông tin & Kỹ thuật Máy tính,Kỹ thuật phần mềm,4.5
STU7685,6.4,8.1,10.0,6.4,6.6,7.2,8.4,ESFJ,Du lịch & Dịch vụ,Quản lý thể dục thể thao,6.1
STU6132,8.3,6.5,4.6,5.6,9.2,10.0,4.6,ISFP,Nông nghiệp & Môi trường,Lâm nghiệp đô thị,3.7
STU4175,5.9,9.6,4.9,5.1,5.8,6.3,7.0,INFP,Nghệ thuật & Thiết kế,Điêu khắc,4.8
STU3054,5.4,9.4,9.5,6.1,6.2,6.0,8.5,INFP,Ngôn ngữ & Văn hóa,Ngôn ngữ Hàn Quốc,4.2
STU6716,9.0,7.1,6.0,8.7,7.1,5.1,5.3,ESTJ,Xây dựng & Quy hoạch,Kỹ thuật cấp thoát nước,4.4
STU2869,5.3,9.6,10.0,7.2,6.0,4.2,8.2,ISFP,Ngôn ngữ & Văn hóa,Ngôn ngữ Nhật,5.6
STU5874,8.5,3.8,5.1,8.7,8.9,7.1,5.1,ISTP,"Kỹ thuật, Cơ khí & Ô tô",Kỹ thuật cơ khí,3.8
STU1832,9.2,6.3,8.8,5.6,5.3,4.7,6.1,ESTP,Kinh tế & Quản lý,Kiểm toán,4.7
STU3412,5.9,8.9,8.1,5.6,6.7,6.5,7.4,ENTP,Truyền thông & Báo chí,Truyền thông đại chúng,4.1
STU7900,5.9,7.4,8.5,6.3,5.6,4.3,7.9,ESFP,Du lịch & Dịch vụ,Quản lý thể dục thể thao,4.9
STU0783,9.3,6.3,5.5,4.4,10.0,9.1,5.8,ISTJ,Y tế & Sức khỏe,Quản lý bệnh viện,3.7
STU7798,5.9,8.5,8.5,6.7,6.6,5.9,8.4,ESFJ,Du lịch & Dịch vụ,Du lịch,4.5
STU4900,4.8,9.5,8.4,6.4,4.8,6.2,8.8,ENTJ,Luật & Xã hội,Xã hội học,4.1
STU6703,8.2,4.9,6.9,8.3,6.7,5.3,5.2,ESTJ,Xây dựng & Quy hoạch,Công nghệ kỹ thuật công trình xây dựng,5.4
STU6951,8.3,5.7,5.1,8.5,8.8,5.8,4.9,ISTP,Xây dựng & Quy hoạch,Kỹ thuật cấp thoát nước,4.5
STU7610,5.0,7.9,9.4,5.5,6.6,6.6,8.3,ESTP,Du lịch & Dịch vụ,Quản trị nhà hàng và dịch vụ ăn uống,4.2
STU3687,5.1,9.4,10.0,5.6,7.2,6.8,7.3,ESFP,Truyền thông & Báo chí,Thông tin - thư viện,4.2
STU1826,9.5,7.2,9.2,5.8,5.7,6.5,6.9,ENTP,Kinh tế & Quản lý,Tài chính - Ngân hàng,4.9
STU2618,6.6,9.2,8.3,6.1,5.8,5.6,9.8,INFJ,Sư phạm & Giáo dục,Sư phạm Tiếng Anh,4.5
STU5515,8.7,6.9,7.0,10.0,7.1,6.1,6.0,INTJ,"Kỹ thuật, Cơ khí & Ô tô",Công nghệ kỹ thuật ô tô,3.6
STU1095,8.1,7.1,5.6,5.6,8.5,8.6,6.6,ISFJ,Y tế & Sức khỏe,Dược học,4.9
STU7184,8.6,6.2,3.6,8.4,8.0,5.5,7.2,ESTJ,Xây dựng & Quy hoạch,Kinh tế xây dựng,4.4
STU4014,6.5,7.9,5.3,6.4,6.4,6.8,6.9,INFJ,Nghệ thuật & Thiết kế,Điêu khắc,4.4
STU7648,6.4,8.1,8.2,6.6,7.5,5.6,8.8,ENFP,Du lịch & Dịch vụ,Quản trị dịch vụ du lịch và lữ hành,3.5
STU7432,4.9,7.6,7.7,6.5,5.8,5.9,8.2,ESFP,Du lịch & Dịch vụ,Du lịch,5.2
STU3917,5.1,7.9,10.0,6.4,5.6,5.4,7.3,ESFP,Truyền thông & Báo chí,Quan hệ công chúng,4.0
STU2859,5.8,8.0,9.6,5.9,5.9,6.6,7.4,INTP,Ngôn ngữ & Văn hóa,Ngôn ngữ Hàn Quốc,3.7
STU1655,9.5,6.6,8.7,4.5,7.2,5.7,5.4,ESTJ,Kinh tế & Quản lý,Kiểm toán,4.6
STU6549,7.2,6.4,4.9,5.4,9.7,9.3,6.0,ISFJ,Nông nghiệp & Môi trường,Khoa học môi trường,3.4
STU7324,8.1,6.1,5.0,8.3,8.4,4.9,4.4,ISTP,Xây dựng & Quy hoạch,Quản lý xây dựng,3.2
STU2324,6.8,9.8,9.1,7.2,5.4,4.8,9.1,INFJ,Sư phạm & Giáo dục,Sư phạm Toán học,3.8
STU2414,6.0,10.0,10.0,6.6,6.0,6.0,9.4,ESFJ,Sư phạm & Giáo dục,Sư phạm Tiếng Anh,4.3
STU6130,7.7,5.6,6.2,6.2,8.9,9.4,5.1,INFP,Nông nghiệp & Môi trường,Khoa học môi trường,5.0
STU2655,7.0,8.2,9.2,6.4,4.5,6.6,9.5,ESFJ,Sư phạm & Giáo dục,Sư phạm Tin học,5.3
STU6443,8.2,6.8,6.9,5.7,9.1,9.5,5.0,ISTJ,Nông nghiệp & Môi trường,Thú y,5.5
STU2679,5.6,8.2,9.0,7.3,5.4,5.9,6.9,ISFP,Ngôn ngữ & Văn hóa,Ngôn ngữ học,3.9
STU7000,8.3,4.9,7.1,8.5,6.4,5.3,6.3,ISTJ,Xây dựng & Quy hoạch,Quản lý xây dựng,5.5
STU7747,6.5,7.6,9.0,5.3,5.5,6.2,8.1,ESFP,Du lịch & Dịch vụ,Quản trị nhà hàng và dịch vụ ăn uống,4.5
STU3618,6.4,9.8,8.2,5.6,5.9,7.3,8.4,ENTP,Truyền thông & Báo chí,Báo chí,4.1
STU5005,7.2,9.9,8.2,5.1,5.9,6.2,8.5,INTJ,Luật & Xã hội,Công tác xã hội,3.7
STU3425,6.7,9.5,9.1,5.5,6.7,5.4,9.2,ENFP,Truyền thông & Báo chí,Truyền thông đại chúng,5.0
STU0179,9.7,5.8,8.6,9.7,7.9,6.2,5.7,ENTP,Công nghệ Thông tin & Kỹ thuật Máy tính,Kỹ thuật phần mềm,4.8
STU7450,5.0,7.0,8.0,5.0,6.3,5.6,8.1,ESTP,Du lịch & Dịch vụ,Quản trị nhà hàng và dịch vụ ăn uống,4.4
STU3769,6.1,9.6,9.0,6.1,7.3,5.4,7.5,ENTP,Truyền thông & Báo chí,Báo chí,4.0
STU3333,4.3,9.9,9.7,6.0,5.5,6.9,9.2,ENTP,Truyền thông & Báo chí,Truyền thông đại chúng,4.3
STU1205,8.7,5.3,6.5,6.3,9.3,10.0,5.8,ISFP,Y tế & Sức khỏe,Quản lý bệnh viện,4.2
STU2203,7.7,8.3,7.9,5.7,6.2,5.8,10.0,INFJ,Sư phạm & Giáo dục,Sư phạm Tin học,5.0
STU6916,9.7,5.7,5.7,8.6,6.2,6.6,7.3,ISTP,Xây dựng & Quy hoạch,Quản lý xây dựng,4.8
STU6534,5.6,5.2,4.8,6.1,6.6,6.1,4.3,ENTP,Nông nghiệp & Môi trường,Lâm nghiệp đô thị,1.6
STU7557,5.8,7.4,8.5,4.1,6.2,7.0,8.6,ENFP,Du lịch & Dịch vụ,Du lịch,4.4
STU3045,7.1,9.0,9.0,5.4,5.3,6.6,9.6,INFP,Ngôn ngữ & Văn hóa,Ngôn ngữ Trung Quốc,4.8
STU7946,6.7,7.9,8.5,6.2,5.4,6.7,8.7,ESFJ,Du lịch & Dịch vụ,Du lịch,4.8
STU5910,8.1,6.0,5.7,9.3,8.3,5.6,4.8,ISTP,"Kỹ thuật, Cơ khí & Ô tô",Kỹ thuật điện,3.7
STU1771,8.9,8.3,7.7,6.9,5.3,6.8,7.6,ESTP,Kinh tế & Quản lý,Tài chính - Ngân hàng,5.1
STU0830,10.0,4.6,7.3,7.4,9.6,9.5,6.8,ISTJ,Y tế & Sức khỏe,Kỹ thuật hình ảnh y học,4.7
STU0942,10.0,5.4,5.5,6.4,9.9,8.6,6.6,ISTJ,Y tế & Sức khỏe,Kỹ thuật hình ảnh y học,4.7
STU5957,6.1,4.7,4.7,5.9,4.6,5.9,5.4,ISTP,"Kỹ thuật, Cơ khí & Ô tô",Kỹ thuật điện,2.6
STU2487,7.1,9.4,9.6,4.1,5.7,6.0,9.7,ENFJ,Sư phạm & Giáo dục,Sư phạm Ngữ văn,4.7
STU0628,9.4,5.5,7.7,9.7,6.2,3.8,5.8,INTP,Công nghệ Thông tin & Kỹ thuật Máy tính,Thiết kế vi mạch,3.6
STU3004,6.5,8.7,9.9,5.1,6.7,5.5,7.8,INFP,Ngôn ngữ & Văn hóa,Ngôn ngữ Hàn Quốc,4.5
STU6680,9.1,4.0,6.5,9.3,6.0,7.1,6.3,ISTP,Xây dựng & Quy hoạch,Công nghệ kỹ thuật công trình xây dựng,4.4
STU0926,9.1,5.7,6.5,6.6,9.1,9.4,6.1,ISFJ,Y tế & Sức khỏe,Y đa khoa,5.0
STU0296,9.8,5.3,8.1,8.8,7.9,5.9,6.5,INTJ,Công nghệ Thông tin & Kỹ thuật Máy tính,Thiết kế vi mạch,5.1
STU1053,9.4,7.3,6.6,7.5,9.4,8.6,5.2,INFJ,Y tế & Sức khỏe,Điều dưỡng,4.2
STU2708,5.6,9.3,9.1,5.1,5.5,5.9,8.2,ISFP,Ngôn ngữ & Văn hóa,Ngôn ngữ Hàn Quốc,4.5
STU6602,8.6,6.3,5.7,5.3,8.1,9.0,6.6,ISTJ,Nông nghiệp & Môi trường,Lâm nghiệp đô thị,4.3
STU4360,5.4,9.3,4.5,6.9,6.4,6.2,6.6,ISFP,Nghệ thuật & Thiết kế,Thiết kế nội thất,4.2
STU2861,7.2,9.5,9.5,6.0,4.8,5.0,9.1,INTP,Ngôn ngữ & Văn hóa,Ngôn ngữ Hàn Quốc,4.4
STU2790,5.8,9.5,9.8,6.3,5.1,6.3,7.2,ISFP,Ngôn ngữ & Văn hóa,Tiếng Việt và văn hoá Việt Nam,4.5
STU0945,9.6,7.4,6.0,6.5,8.4,8.7,6.0,ISFP,Y tế & Sức khỏe,Y học cổ truyền,4.5
STU6363,6.9,6.0,4.9,6.4,9.4,9.6,5.4,ISTJ,Nông nghiệp & Môi trường,Nuôi trồng thủy sản,4.9
STU6635,7.6,5.9,6.1,4.5,8.7,9.9,5.9,INFP,Nông nghiệp & Môi trường,Công nghệ thực phẩm,4.4
STU0013,8.5,6.6,8.9,9.3,6.5,5.9,5.8,INTJ,Công nghệ Thông tin & Kỹ thuật Máy tính,Mạng máy tính và truyền thông dữ liệu,3.6
STU1118,9.6,5.7,6.0,6.6,7.9,10.0,6.9,ISFJ,Y tế & Sức khỏe,Răng - Hàm - Mặt,4.4
STU5829,9.2,6.0,4.7,9.7,7.6,6.0,4.7,INTJ,"Kỹ thuật, Cơ khí & Ô tô",Kỹ thuật điều khiển và tự động hóa,4.8
STU7818,6.4,7.7,9.3,5.3,5.5,5.0,8.5,ESFP,Du lịch & Dịch vụ,Du lịch,3.6
STU6624,7.6,5.9,5.7,6.6,8.2,9.1,5.9,ISTJ,Nông nghiệp & Môi trường,Khoa học cây trồng,4.0
STU3114,6.0,9.3,9.3,5.9,7.0,6.7,8.1,INFP,Ngôn ngữ & Văn hóa,Ngôn ngữ Anh,4.0
STU7845,6.5,8.5,8.9,5.9,6.5,4.8,7.0,ESTP,Du lịch & Dịch vụ,Quản lý thể dục thể thao,4.7
STU1320,10.0,5.9,7.2,6.8,9.5,9.3,5.9,ISFP,Y tế & Sức khỏe,Quản lý bệnh viện,5.1
STU0780,9.1,6.6,6.9,5.6,8.7,9.0,6.3,ISTJ,Y tế & Sức khỏe,Răng - Hàm - Mặt,4.9
STU7808,6.5,8.0,8.7,7.2,5.7,6.5,9.4,ESFJ,Du lịch & Dịch vụ,Quản trị khách sạn,4.4
STU7313,9.4,6.4,6.6,7.2,7.0,7.0,5.9,ISTJ,Xây dựng & Quy hoạch,Địa kỹ thuật xây dựng,5.2
STU3609,7.1,6.3,5.2,5.3,3.8,5.4,6.4,ISFP,Truyền thông & Báo chí,Quan hệ công chúng,2.3
STU3756,5.9,9.2,8.5,5.8,6.8,5.0,7.2,ENFP,Truyền thông & Báo chí,Thông tin - thư viện,4.4
STU0434,4.9,5.2,4.4,7.1,5.1,5.4,5.7,ENTJ,Công nghệ Thông tin & Kỹ thuật Máy tính,An toàn thông tin,2.4
STU0654,9.9,6.5,8.6,10.0,7.9,6.7,6.4,ENTP,Công nghệ Thông tin & Kỹ thuật Máy tính,Kỹ thuật phần mềm,3.5
STU2478,6.0,8.1,7.8,6.5,6.5,5.2,9.7,ESFJ,Sư phạm & Giáo dục,Sư phạm Toán học,5.3
STU3194,6.6,9.4,10.0,5.2,5.5,6.5,8.3,INTP,Ngôn ngữ & Văn hóa,Tiếng Việt và văn hoá Việt Nam,3.6
STU5550,9.3,5.6,4.7,9.1,8.7,5.2,6.9,ISTP,"Kỹ thuật, Cơ khí & Ô tô",Robot và Trí tuệ nhân tạo,3.6
STU4825,5.9,8.9,8.2,6.2,5.5,6.3,8.9,INTJ,Luật & Xã hội,Luật quốc tế,5.2
STU4618,5.4,7.8,6.8,6.5,6.1,5.2,6.6,INFJ,Nghệ thuật & Thiết kế,Hội họa,5.7
STU3048,5.5,8.2,9.3,5.0,5.3,6.4,7.2,INTP,Ngôn ngữ & Văn hóa,Đông phương học,4.8
STU7789,4.7,7.4,8.9,6.7,5.8,4.6,8.1,ESTP,Du lịch & Dịch vụ,Quản trị nhà hàng và dịch vụ ăn uống,3.4
STU5494,5.6,3.9,5.0,5.8,5.4,6.9,4.7,ENTJ,"Kỹ thuật, Cơ khí & Ô tô",Kỹ thuật điện tử - viễn thông,2.8
STU6452,8.1,5.4,6.9,5.9,8.6,9.5,6.6,ISFJ,Nông nghiệp & Môi trường,Công nghệ thực phẩm,4.3
STU3108,6.6,8.6,9.8,7.5,5.5,6.6,8.5,ISFP,Ngôn ngữ & Văn hóa,Ngôn ngữ Hàn Quốc,4.7
STU5832,9.5,6.5,6.5,10.0,7.3,4.1,6.6,ISTJ,"Kỹ thuật, Cơ khí & Ô tô",Công nghệ kỹ thuật ô tô,4.5
STU6129,8.6,5.0,5.6,5.7,9.3,8.9,5.4,ISFP,Nông nghiệp & Môi trường,Lâm nghiệp đô thị,5.1
STU4790,6.8,8.9,7.8,7.3,5.8,4.6,8.7,INTJ,Luật & Xã hội,Tâm lý học,4.2
STU5562,9.2,5.8,6.7,8.5,9.5,5.9,5.9,INTJ,"Kỹ thuật, Cơ khí & Ô tô",Kỹ thuật điện tử - viễn thông,4.0
STU0571,10.0,6.6,8.3,9.1,7.9,5.1,6.5,ISTP,Công nghệ Thông tin & Kỹ thuật Máy tính,Khoa học Máy tính,4.1
STU1449,8.6,8.4,9.8,5.0,6.3,5.7,5.1,ESTP,Kinh tế & Quản lý,Marketing,4.8
STU5925,7.6,6.3,5.8,9.3,8.4,6.5,5.2,ESTP,"Kỹ thuật, Cơ khí & Ô tô",Kỹ thuật cơ khí,3.9
STU4044,5.9,8.0,5.6,6.2,5.3,4.8,7.1,ISFP,Nghệ thuật & Thiết kế,Thanh nhạc,3.9
STU4289,6.4,8.4,6.7,4.4,5.7,6.4,8.3,INFJ,Nghệ thuật & Thiết kế,Kiến trúc,5.6
STU3263,4.8,8.4,10.0,6.8,5.5,6.8,7.8,INFP,Ngôn ngữ & Văn hóa,Ngôn ngữ Anh,4.2
STU1746,8.0,8.2,9.7,6.5,5.3,5.0,5.2,ESTJ,Kinh tế & Quản lý,Kế toán,3.3
STU2742,6.2,8.6,10.0,6.0,6.2,6.9,8.4,INFP,Ngôn ngữ & Văn hóa,Ngôn ngữ Trung Quốc,4.8
STU1591,9.3,9.7,10.0,6.4,6.0,5.1,5.0,ENTP,Kinh tế & Quản lý,Thương mại điện tử,4.6
STU7840,4.9,8.0,9.2,6.4,6.8,5.4,8.8,ESTP,Du lịch & Dịch vụ,Quản lý thể dục thể thao,4.6
STU0288,10.0,6.3,8.5,9.8,6.3,5.9,4.9,INTP,Công nghệ Thông tin & Kỹ thuật Máy tính,Công nghệ thông tin,4.9
STU1739,7.6,8.7,10.0,5.1,6.6,7.1,6.1,ENTJ,Kinh tế & Quản lý,Kinh tế quốc tế,4.7
STU5019,7.7,9.8,7.6,7.3,6.3,6.8,9.6,ENTJ,Luật & Xã hội,Luật,3.7
STU7062,9.0,5.3,5.5,8.4,5.2,5.8,5.7,ESTJ,Xây dựng & Quy hoạch,Kinh tế xây dựng,4.2
STU3978,5.5,8.3,9.3,5.9,6.6,5.5,8.6,ENTP,Truyền thông & Báo chí,Truyền thông đại chúng,5.6
STU4963,5.3,8.4,6.8,7.1,4.7,6.9,9.7,INFJ,Luật & Xã hội,Quản lý nhà nước,4.6
STU5776,8.0,5.5,5.9,9.2,7.1,7.0,6.6,ISTP,"Kỹ thuật, Cơ khí & Ô tô",Kỹ thuật điều khiển và tự động hóa,3.4
STU6419,8.3,6.5,7.5,6.3,9.3,10.0,6.9,INFP,Nông nghiệp & Môi trường,Lâm nghiệp đô thị,4.3
STU4640,6.0,8.5,7.0,6.8,6.0,4.3,8.7,ISFP,Nghệ thuật & Thiết kế,Thanh nhạc,5.7
STU2828,7.1,9.9,8.9,6.3,5.3,7.7,7.4,ISFP,Ngôn ngữ & Văn hóa,Ngôn ngữ Nhật,4.6
STU1685,8.9,8.0,8.3,5.7,5.3,5.7,6.4,ENTP,Kinh tế & Quản lý,Tài chính - Ngân hàng,5.2
STU5217,4.9,9.5,8.7,7.3,5.7,7.4,9.5,INFJ,Luật & Xã hội,Tâm lý học,4.5
STU1339,10.0,7.7,7.7,5.5,6.9,6.5,4.5,ESTJ,Kinh tế & Quản lý,Kinh doanh quốc tế,4.1
STU4205,6.1,7.4,6.1,6.3,4.3,4.8,6.6,ENFJ,Nghệ thuật & Thiết kế,Đạo diễn Điện ảnh - Truyền hình,2.8
STU2743,6.5,9.3,8.2,5.4,5.3,4.0,8.2,INTP,Ngôn ngữ & Văn hóa,Ngôn ngữ Anh,4.3
STU4843,6.2,8.7,8.8,5.8,7.1,7.7,9.0,INTJ,Luật & Xã hội,Công tác xã hội,5.1
STU6562,7.3,4.9,6.6,5.3,7.7,10.0,5.6,ISFJ,Nông nghiệp & Môi trường,Công nghệ thực phẩm,4.0
STU3860,5.0,9.4,8.5,7.5,4.9,6.8,8.3,ENFP,Truyền thông & Báo chí,Quan hệ công chúng,4.4
STU4472,4.9,7.8,4.1,7.2,4.4,7.6,7.2,INFJ,Nghệ thuật & Thiết kế,Hội họa,4.4
STU2903,5.4,8.2,9.8,5.4,5.7,5.7,8.0,ISFP,Ngôn ngữ & Văn hóa,Tiếng Việt và văn hoá Việt Nam,5.1
STU2259,6.7,9.8,9.3,6.1,5.5,5.2,10.0,INFJ,Sư phạm & Giáo dục,Giáo dục Mầm non,4.4
STU4636,6.7,8.0,6.1,6.2,5.3,6.6,6.7,INFP,Nghệ thuật & Thiết kế,Điêu khắc,4.3
STU4858,6.3,10.0,8.1,5.6,5.3,5.3,9.1,ENTJ,Luật & Xã hội,Quản lý nhà nước,3.3
STU3946,5.3,9.0,8.3,4.9,6.3,6.5,7.5,ENTP,Truyền thông & Báo chí,Quan hệ công chúng,5.3
STU6587,3.6,4.7,5.7,7.3,5.2,6.1,4.5,ENFP,Nông nghiệp & Môi trường,Công nghệ sinh học,2.8
STU3459,6.2,4.2,4.0,5.4,5.9,6.4,6.0,INFJ,Truyền thông & Báo chí,Truyền thông đại chúng,3.0
STU4406,4.2,5.5,5.6,4.4,5.2,6.9,6.3,ISTJ,Nghệ thuật & Thiết kế,Thiết kế công nghiệp,1.8
STU1565,8.8,8.0,8.6,7.8,7.3,6.4,4.6,ESTJ,Kinh tế & Quản lý,Kinh doanh quốc tế,4.9
STU6109,8.0,6.2,7.2,6.4,9.5,8.9,5.5,ISTJ,Nông nghiệp & Môi trường,Nuôi trồng thủy sản,4.0
STU4651,6.3,7.9,6.2,7.3,6.5,5.9,8.2,INFJ,Nghệ thuật & Thiết kế,Đạo diễn Điện ảnh - Truyền hình,5.0
STU7678,6.6,7.2,7.9,6.5,7.0,6.2,8.5,ENFP,Du lịch & Dịch vụ,Quản trị nhà hàng và dịch vụ ăn uống,4.7
STU3146,6.4,7.5,9.2,5.2,6.6,6.6,8.7,INFP,Ngôn ngữ & Văn hóa,Quốc tế học,5.0
STU2186,7.0,10.0,9.3,5.8,6.8,5.4,8.1,ISFJ,Sư phạm & Giáo dục,Sư phạm Vật lý,4.7
STU3862,6.4,9.2,8.2,5.5,4.6,5.5,9.3,ENFP,Truyền thông & Báo chí,Truyền thông đa phương tiện,4.8
STU1232,10.0,6.9,6.2,4.7,9.0,8.2,6.0,INFJ,Y tế & Sức khỏe,Kỹ thuật hình ảnh y học,3.5
STU5039,6.4,9.3,8.4,6.7,5.4,5.5,10.0,INFJ,Luật & Xã hội,Luật quốc tế,3.9
STU1259,8.2,4.8,6.2,6.9,8.9,9.6,5.3,INFJ,Y tế & Sức khỏe,Quản lý bệnh viện,4.3
STU2255,6.1,9.2,8.8,5.8,5.7,5.5,9.9,ESFJ,Sư phạm & Giáo dục,Tâm lý học giáo dục,5.1
STU1952,9.2,8.0,10.0,6.1,5.5,5.8,6.4,ENTP,Kinh tế & Quản lý,Thương mại điện tử,4.3
STU7430,6.7,7.5,9.5,5.8,6.9,6.9,8.3,ESTP,Du lịch & Dịch vụ,Du lịch,5.9
STU0114,8.9,7.6,10.0,9.0,7.2,6.3,7.2,ISTJ,Công nghệ Thông tin & Kỹ thuật Máy tính,Khoa học Máy tính,4.4
STU6909,8.8,6.2,5.7,8.6,7.2,6.6,6.8,ISTP,Xây dựng & Quy hoạch,Kỹ thuật cấp thoát nước,4.8
STU2510,6.4,9.0,9.8,5.1,6.7,6.4,9.4,ISFJ,Sư phạm & Giáo dục,Sư phạm Tiếng Anh,3.9
STU5860,9.5,5.0,5.9,9.7,7.2,5.1,6.6,ISTP,"Kỹ thuật, Cơ khí & Ô tô",Kỹ thuật cơ điện tử,4.8
STU5341,9.4,6.4,6.5,10.0,6.9,7.4,6.3,INTJ,"Kỹ thuật, Cơ khí & Ô tô",Công nghệ kỹ thuật ô tô,4.0
STU2956,5.6,9.1,9.9,6.7,6.9,5.1,8.5,ISFP,Ngôn ngữ & Văn hóa,Đông phương học,4.6
STU2549,7.5,9.2,9.4,5.2,7.0,6.7,9.3,ENFJ,Sư phạm & Giáo dục,Sư phạm Tiếng Anh,4.3
STU7919,5.7,7.7,8.6,5.2,8.2,7.3,8.9,ESTP,Du lịch & Dịch vụ,Du lịch,4.1
STU0508,8.8,5.9,9.1,7.4,6.6,5.0,5.6,ENTP,Công nghệ Thông tin & Kỹ thuật Máy tính,An toàn thông tin,5.3
STU4380,4.5,6.5,4.7,6.1,5.9,4.3,6.1,ENFP,Nghệ thuật & Thiết kế,Thiết kế nội thất,2.5
STU4079,6.5,8.7,6.7,6.6,5.7,6.4,6.9,INFP,Nghệ thuật & Thiết kế,Thiết kế thời trang,4.8
STU3519,6.3,8.2,10.0,5.1,4.9,5.1,9.2,ENFP,Truyền thông & Báo chí,Báo chí,4.5
STU4020,7.3,7.7,6.9,6.5,4.6,7.5,7.2,ISFP,Nghệ thuật & Thiết kế,Hội họa,3.9
STU4056,6.5,8.9,6.1,5.9,6.0,5.9,8.7,INFP,Nghệ thuật & Thiết kế,Thiết kế thời trang,3.1
STU4249,6.0,8.0,5.3,5.3,4.8,5.8,8.1,INFJ,Nghệ thuật & Thiết kế,Thiết kế công nghiệp,4.3
STU2851,7.5,9.2,9.5,6.6,6.6,5.2,8.9,INTP,Ngôn ngữ & Văn hóa,Ngôn ngữ Anh,4.8
STU7612,6.3,7.6,8.7,5.4,7.0,6.4,9.3,ESFP,Du lịch & Dịch vụ,Quản trị nhà hàng và dịch vụ ăn uống,5.0
STU6035,8.5,5.2,5.7,6.2,8.3,9.1,5.3,INFP,Nông nghiệp & Môi trường,Nuôi trồng thủy sản,4.3
STU7520,6.7,8.0,8.4,5.8,5.7,6.7,8.5,ESFJ,Du lịch & Dịch vụ,Du lịch,5.7
STU0351,10.0,5.2,8.2,10.0,5.8,5.5,6.5,INTJ,Công nghệ Thông tin & Kỹ thuật Máy tính,An toàn thông tin,5.6
STU7852,5.4,6.8,9.5,6.1,5.5,5.7,8.0,ESFJ,Du lịch & Dịch vụ,Quản trị nhà hàng và dịch vụ ăn uống,4.4
STU2907,6.5,7.4,8.7,6.1,6.5,6.7,7.4,ISFP,Ngôn ngữ & Văn hóa,Ngôn ngữ học,5.4
STU6619,7.7,5.7,6.6,4.4,7.9,10.0,6.1,ISTJ,Nông nghiệp & Môi trường,Công nghệ sau thu hoạch,4.6
STU5221,4.8,8.8,7.0,5.1,6.0,5.8,9.0,INTJ,Luật & Xã hội,Xã hội học,4.9
STU2506,7.8,7.7,7.7,5.7,7.0,5.8,10.0,ISFJ,Sư phạm & Giáo dục,Sư phạm Tin học,5.1
STU2621,6.0,8.6,9.0,6.3,5.6,6.9,10.0,INFJ,Sư phạm & Giáo dục,Giáo dục Tiểu học,3.6
STU4333,5.6,8.9,4.5,5.6,5.7,5.4,8.1,INFP,Nghệ thuật & Thiết kế,Thiết kế nội thất,3.5
STU1115,9.4,5.1,6.6,6.4,9.6,10.0,4.5,ISTJ,Y tế & Sức khỏe,Y học dự phòng,4.8
STU2847,5.7,7.8,9.3,7.2,5.4,6.9,7.4,ISFP,Ngôn ngữ & Văn hóa,Ngôn ngữ học,4.1
STU7116,9.7,5.6,6.3,9.1,7.6,5.7,4.7,ISTP,Xây dựng & Quy hoạch,Địa kỹ thuật xây dựng,3.4
STU0299,8.9,5.9,7.6,9.1,5.9,5.9,6.8,ISTP,Công nghệ Thông tin & Kỹ thuật Máy tính,Thiết kế vi mạch,4.9
STU1676,9.1,9.5,8.2,5.5,7.8,6.7,5.2,ENTJ,Kinh tế & Quản lý,Kinh tế quốc tế,3.3
STU6349,9.0,6.3,6.6,6.2,8.8,9.0,7.4,ISFJ,Nông nghiệp & Môi trường,Thú y,4.5
STU7572,5.7,6.8,9.1,6.3,5.7,6.6,8.2,ENFP,Du lịch & Dịch vụ,Quản trị nhà hàng và dịch vụ ăn uống,4.1
STU6865,7.6,5.9,4.4,9.2,7.0,4.7,6.6,ISTP,Xây dựng & Quy hoạch,Kinh tế xây dựng,4.5
STU6099,8.4,5.6,5.3,5.4,8.8,9.4,6.6,ISFP,Nông nghiệp & Môi trường,Nuôi trồng thủy sản,4.7
STU6527,7.5,7.7,4.8,5.5,9.4,8.9,6.9,ISFJ,Nông nghiệp & Môi trường,Công nghệ thực phẩm,5.1
STU4166,6.6,7.0,6.5,5.1,6.1,4.2,7.4,INFJ,Nghệ thuật & Thiết kế,Thiết kế đồ họa,5.5
STU3659,5.3,8.8,9.1,7.3,6.4,4.9,7.9,ENFP,Truyền thông & Báo chí,Thông tin - thư viện,4.0
STU0230,10.0,5.6,9.2,8.9,8.4,7.0,6.0,ENTP,Công nghệ Thông tin & Kỹ thuật Máy tính,Mạng máy tính và truyền thông dữ liệu,3.7
STU0077,8.3,5.4,9.2,8.4,7.8,5.2,6.2,ENTP,Công nghệ Thông tin & Kỹ thuật Máy tính,Khoa học Máy tính,5.6
STU6083,7.6,5.3,5.4,5.8,9.6,10.0,7.4,ISFJ,Nông nghiệp & Môi trường,Công nghệ sau thu hoạch,4.9
STU6804,10.0,5.3,5.3,9.1,7.7,6.3,7.4,ESTJ,Xây dựng & Quy hoạch,Kỹ thuật xây dựng,5.0
STU7783,6.7,7.1,8.9,6.2,5.8,6.3,8.5,ESTP,Du lịch & Dịch vụ,Quản trị khách sạn,4.6
STU5150,7.0,8.7,7.3,5.8,6.4,5.8,10.0,ISTJ,Luật & Xã hội,Công tác xã hội,4.0
STU2104,8.5,8.8,9.3,5.6,5.3,7.0,9.0,INFJ,Sư phạm & Giáo dục,Sư phạm Toán học,5.4
STU6292,6.5,6.9,6.3,4.9,9.2,9.8,5.0,INFP,Nông nghiệp & Môi trường,Thú y,3.9
STU5718,8.8,7.1,7.0,9.1,9.2,5.2,4.9,ISTP,"Kỹ thuật, Cơ khí & Ô tô",Kỹ thuật điều khiển và tự động hóa,4.1
STU3442,6.1,9.3,9.0,7.1,5.9,5.3,7.8,ESFP,Truyền thông & Báo chí,Quan hệ công chúng,3.8
STU3290,4.9,5.6,7.6,5.1,6.5,5.8,4.6,ESFJ,Ngôn ngữ & Văn hóa,Tiếng Việt và văn hoá Việt Nam,3.2
STU5545,9.2,5.2,6.4,9.2,8.0,6.2,4.9,ISTJ,"Kỹ thuật, Cơ khí & Ô tô",Robot và Trí tuệ nhân tạo,3.6
STU5348,9.1,4.7,5.9,9.0,7.6,6.5,5.7,ESTP,"Kỹ thuật, Cơ khí & Ô tô",Robot và Trí tuệ nhân tạo,3.5
STU1615,8.0,7.2,9.8,5.7,6.0,4.8,6.6,ESTJ,Kinh tế & Quản lý,Quản trị kinh doanh,3.9
STU0608,9.3,5.4,9.5,8.8,7.3,5.8,7.6,ISTP,Công nghệ Thông tin & Kỹ thuật Máy tính,An toàn thông tin,4.9
STU3843,4.8,9.1,9.0,5.4,5.3,5.9,8.1,ENFP,Truyền thông & Báo chí,Truyền thông đại chúng,4.3
STU7613,4.8,7.4,9.0,6.8,5.7,5.6,7.9,ESFJ,Du lịch & Dịch vụ,Du lịch,4.3
STU1094,8.9,6.3,6.8,4.7,9.1,9.8,6.1,ISTJ,Y tế & Sức khỏe,Y học cổ truyền,3.7
STU7684,5.2,7.5,8.6,6.6,6.7,7.0,8.8,ESTP,Du lịch & Dịch vụ,Quản lý thể dục thể thao,5.4
STU2623,7.2,8.4,9.8,7.2,5.2,7.1,8.7,ENFJ,Sư phạm & Giáo dục,Sư phạm Ngữ văn,5.0
STU6479,8.7,6.9,6.8,4.8,8.5,9.0,6.3,ISFP,Nông nghiệp & Môi trường,Lâm nghiệp đô thị,4.6
STU7849,5.2,7.0,9.8,4.7,6.8,6.6,8.4,ESFP,Du lịch & Dịch vụ,Du lịch,3.6
STU7587,6.7,6.8,7.1,6.8,5.6,7.6,7.5,ESFP,Du lịch & Dịch vụ,Quản trị dịch vụ du lịch và lữ hành,4.2
STU0204,5.9,7.7,7.8,4.8,6.7,7.3,3.9,ISFP,Công nghệ Thông tin & Kỹ thuật Máy tính,Thiết kế vi mạch,2.9
STU2388,6.9,8.5,8.4,6.1,5.5,5.3,9.5,ISFJ,Sư phạm & Giáo dục,Giáo dục Tiểu học,4.2
STU5490,9.5,5.9,5.5,9.9,7.4,6.5,6.7,ISTJ,"Kỹ thuật, Cơ khí & Ô tô",Kỹ thuật cơ điện tử,2.8
STU4605,5.9,9.2,6.3,5.6,7.3,5.3,8.4,INFJ,Nghệ thuật & Thiết kế,Thiết kế thời trang,4.2
STU0838,9.9,5.4,7.1,6.7,9.5,9.3,5.6,ISFJ,Y tế & Sức khỏe,Y học dự phòng,5.0
STU2935,4.7,7.6,9.5,6.2,5.7,6.7,9.5,INTP,Ngôn ngữ & Văn hóa,Tiếng Việt và văn hoá Việt Nam,4.8
STU4811,5.1,10.0,7.1,6.7,6.9,5.5,8.3,ISTJ,Luật & Xã hội,Tâm lý học,3.1
STU7926,5.5,7.1,8.6,6.8,6.5,6.3,9.1,ESFJ,Du lịch & Dịch vụ,Quản trị dịch vụ du lịch và lữ hành,3.9
STU1231,10.0,6.0,5.2,4.7,8.4,9.5,6.7,INFJ,Y tế & Sức khỏe,Dược học,4.1
STU6075,7.1,5.0,6.7,5.8,8.3,9.8,5.6,ISTJ,Nông nghiệp & Môi trường,Công nghệ thực phẩm,4.3
STU1610,4.9,6.5,5.1,6.1,5.9,4.1,6.4,ENFJ,Kinh tế & Quản lý,Thương mại điện tử,2.5
STU7971,6.7,7.4,8.4,5.3,6.7,5.1,8.2,ESFP,Du lịch & Dịch vụ,Quản trị nhà hàng và dịch vụ ăn uống,4.2
STU3471,5.5,9.1,9.6,6.0,6.2,6.3,9.3,ENFP,Truyền thông & Báo chí,Truyền thông đa phương tiện,4.9
STU6400,6.7,5.8,6.7,5.2,8.6,10.0,6.0,ISFP,Nông nghiệp & Môi trường,Lâm nghiệp đô thị,3.4
STU6827,8.5,5.4,6.5,8.7,7.5,6.7,5.3,ESTJ,Xây dựng & Quy hoạch,Quản lý xây dựng,4.9
STU7642,6.7,8.1,9.0,4.8,6.6,5.2,7.6,ESFP,Du lịch & Dịch vụ,Quản lý thể dục thể thao,4.9
STU2733,5.7,9.3,9.1,5.6,5.5,6.8,8.3,INFP,Ngôn ngữ & Văn hóa,Đông phương học,4.0
STU3304,5.9,9.5,8.4,6.6,6.5,6.1,9.8,INTP,Ngôn ngữ & Văn hóa,Tiếng Việt và văn hoá Việt Nam,3.5
STU6145,8.0,5.0,6.3,6.3,9.2,9.6,5.8,ISFP,Nông nghiệp & Môi trường,Thú y,5.1
STU5307,6.3,10.0,7.3,5.1,5.6,5.3,8.3,ISTJ,Luật & Xã hội,Xã hội học,4.3
STU5928,8.7,6.5,5.5,9.8,8.3,6.1,6.5,ISTJ,"Kỹ thuật, Cơ khí & Ô tô",Robot và Trí tuệ nhân tạo,4.1
STU5666,8.2,6.0,5.8,9.0,8.3,6.5,4.9,ISTJ,"Kỹ thuật, Cơ khí & Ô tô",Công nghệ kỹ thuật ô tô,4.6
STU3722,6.4,8.9,8.8,4.9,4.8,5.5,8.2,ENTP,Truyền thông & Báo chí,Thông tin - thư viện,5.6
STU6448,8.0,5.8,6.4,4.6,7.7,8.8,5.6,ISFP,Nông nghiệp & Môi trường,Công nghệ sinh học,4.6
STU3134,4.4,8.7,10.0,6.4,4.7,5.8,8.6,INTP,Ngôn ngữ & Văn hóa,Ngôn ngữ Nhật,4.7
STU6571,6.9,6.9,7.0,6.3,8.8,9.7,6.2,INFP,Nông nghiệp & Môi trường,Công nghệ thực phẩm,4.0
STU4047,5.5,8.5,5.5,7.1,6.6,5.5,6.7,INFJ,Nghệ thuật & Thiết kế,Kiến trúc,5.1
STU0658,9.0,6.4,9.2,9.8,6.1,4.7,5.0,ISTJ,Công nghệ Thông tin & Kỹ thuật Máy tính,Công nghệ thông tin,4.5
STU0791,8.3,6.5,6.7,5.7,8.7,8.9,6.7,ISFP,Y tế & Sức khỏe,Y học dự phòng,5.5
STU3734,6.5,9.2,9.0,5.7,5.9,6.3,8.2,ENTP,Truyền thông & Báo chí,Truyền thông đa phương tiện,3.2
STU4869,5.6,9.6,6.5,5.9,6.1,6.2,8.7,INFJ,Luật & Xã hội,Xã hội học,4.0
STU6595,8.4,6.7,5.7,6.0,8.9,9.4,6.5,INFP,Nông nghiệp & Môi trường,Nuôi trồng thủy sản,4.2
STU2562,6.0,8.4,9.8,6.4,5.5,4.3,9.3,ISFJ,Sư phạm & Giáo dục,Sư phạm Tin học,3.8
STU3957,6.9,9.4,8.5,6.7,5.7,7.3,9.9,ESFP,Truyền thông & Báo chí,Lưu trữ học,3.7
STU1360,8.9,8.5,9.0,5.1,6.0,7.6,6.3,ESTP,Kinh tế & Quản lý,Kinh tế quốc tế,3.5
STU6110,7.3,4.9,5.7,6.3,8.7,9.3,4.8,INFP,Nông nghiệp & Môi trường,Thú y,4.0
STU2348,7.6,9.0,8.7,5.0,7.7,5.2,10.0,ESFJ,Sư phạm & Giáo dục,Tâm lý học giáo dục,5.3
STU5428,7.8,5.3,6.5,9.3,7.8,5.6,4.5,ISTP,"Kỹ thuật, Cơ khí & Ô tô",Kỹ thuật cơ khí,4.1
STU3129,5.2,7.6,9.2,5.1,6.1,6.0,8.0,ISFP,Ngôn ngữ & Văn hóa,Ngôn ngữ Anh,4.5
STU2782,4.8,9.4,10.0,4.9,6.1,5.8,7.3,ISFP,Ngôn ngữ & Văn hóa,Văn học,2.7
STU6194,7.9,6.0,6.6,5.6,9.2,9.3,6.9,INFP,Nông nghiệp & Môi trường,Khoa học môi trường,4.7
STU5876,8.2,5.6,6.2,8.4,7.1,6.1,5.8,ESTP,"Kỹ thuật, Cơ khí & Ô tô",Kỹ thuật điều khiển và tự động hóa,4.5
STU6077,8.1,5.8,6.3,5.6,8.2,8.9,5.4,ISFJ,Nông nghiệp & Môi trường,Thú y,4.3
STU6989,6.6,6.0,6.1,7.5,6.3,5.8,8.0,INFJ,Xây dựng & Quy hoạch,Công nghệ kỹ thuật công trình xây dựng,1.7
STU6663,8.8,6.0,5.5,9.5,7.7,5.5,5.5,ISTJ,Xây dựng & Quy hoạch,Công nghệ kỹ thuật công trình xây dựng,4.4
STU0616,9.9,5.3,7.4,9.5,7.5,4.9,6.1,ENTP,Công nghệ Thông tin & Kỹ thuật Máy tính,Mạng máy tính và truyền thông dữ liệu,4.3
STU2576,7.5,9.7,8.6,4.7,5.5,5.7,9.0,ENFJ,Sư phạm & Giáo dục,Sư phạm Vật lý,5.4
STU6117,5.9,7.5,6.2,5.9,4.6,5.7,4.0,INTP,Nông nghiệp & Môi trường,Khoa học cây trồng,3.4
STU4088,5.8,8.5,7.7,6.4,5.9,5.9,8.3,INFP,Nghệ thuật & Thiết kế,Thiết kế công nghiệp,3.3
STU1706,8.9,7.5,8.8,7.5,5.3,4.9,5.5,ENTP,Kinh tế & Quản lý,Thương mại điện tử,4.6
STU5673,9.0,6.5,6.1,9.8,7.6,5.6,5.8,ESTP,"Kỹ thuật, Cơ khí & Ô tô",Robot và Trí tuệ nhân tạo,4.7
STU5917,5.8,4.7,4.4,6.7,4.4,5.0,7.1,ESFP,"Kỹ thuật, Cơ khí & Ô tô",Kỹ thuật điều khiển và tự động hóa,3.4
STU6829,7.9,5.5,6.4,8.5,7.9,6.3,5.3,ISTJ,Xây dựng & Quy hoạch,Quản lý xây dựng,4.3
STU1781,9.8,8.0,8.3,6.3,5.6,5.2,6.4,ESTJ,Kinh tế & Quản lý,Hệ thống thông tin quản lý,4.4
STU5741,7.5,5.9,6.6,8.9,8.1,5.7,4.8,INTJ,"Kỹ thuật, Cơ khí & Ô tô",Kỹ thuật điện,4.7
STU0804,9.1,6.7,5.3,5.6,10.0,9.4,6.3,ISTJ,Y tế & Sức khỏe,Y học cổ truyền,4.4
STU0858,10.0,5.4,5.8,5.8,10.0,10.0,5.8,ISFP,Y tế & Sức khỏe,Y đa khoa,3.4
STU5974,8.6,5.9,5.3,9.8,8.5,6.5,5.2,INTJ,"Kỹ thuật, Cơ khí & Ô tô",Kỹ thuật điện,4.0
STU6981,9.5,6.5,5.5,9.6,6.4,6.4,5.8,ISTP,Xây dựng & Quy hoạch,Công nghệ kỹ thuật công trình xây dựng,4.5
STU0991,10.0,7.5,5.2,6.5,9.1,9.2,5.8,ISTJ,Y tế & Sức khỏe,Răng - Hàm - Mặt,3.5
STU5380,9.1,6.3,6.6,10.0,6.4,7.0,5.9,ISTJ,"Kỹ thuật, Cơ khí & Ô tô",Robot và Trí tuệ nhân tạo,3.9
STU4223,5.4,7.3,6.1,5.6,5.1,5.1,8.0,INFJ,Nghệ thuật & Thiết kế,Đạo diễn Điện ảnh - Truyền hình,4.7
STU6381,8.3,5.7,5.6,5.5,8.1,10.0,6.7,ISFJ,Nông nghiệp & Môi trường,Khoa học cây trồng,5.4
STU5655,7.5,6.7,5.7,9.5,6.9,5.8,5.7,ESTP,"Kỹ thuật, Cơ khí & Ô tô",Kỹ thuật điện tử - viễn thông,5.3
STU0220,9.7,6.9,8.4,8.3,6.4,5.9,4.5,ENTP,Công nghệ Thông tin & Kỹ thuật Máy tính,Công nghệ thông tin,3.9
STU7928,6.5,8.4,9.9,5.3,5.3,5.1,6.7,ESFP,Du lịch & Dịch vụ,Du lịch,5.4
STU1289,9.7,5.7,5.7,5.8,9.1,7.9,5.9,ISTJ,Y tế & Sức khỏe,Dược học,4.9
STU0583,9.7,7.9,8.8,8.3,8.2,5.6,6.4,ENTP,Công nghệ Thông tin & Kỹ thuật Máy tính,An toàn thông tin,4.6
STU2619,5.9,8.9,9.6,5.4,5.9,7.6,10.0,ENFJ,Sư phạm & Giáo dục,Tâm lý học giáo dục,5.1
STU0044,5.2,4.3,4.9,5.5,4.1,4.2,3.7,INFP,Công nghệ Thông tin & Kỹ thuật Máy tính,Thiết kế vi mạch,1.5
STU1235,5.3,4.4,6.9,4.7,5.2,7.5,4.4,ESTJ,Y tế & Sức khỏe,Răng - Hàm - Mặt,2.6
STU6114,8.5,5.8,7.6,5.8,9.6,9.2,5.5,ISTJ,Nông nghiệp & Môi trường,Công nghệ sau thu hoạch,4.1
STU6563,7.5,4.8,5.4,5.3,9.6,9.3,6.9,ISTJ,Nông nghiệp & Môi trường,Nuôi trồng thủy sản,4.7
STU6537,7.4,5.9,6.7,6.5,8.9,10.0,4.7,ISTJ,Nông nghiệp & Môi trường,Thú y,5.6
STU7730,5.8,7.3,8.8,5.1,7.0,7.1,8.5,ESTP,Du lịch & Dịch vụ,Quản trị nhà hàng và dịch vụ ăn uống,4.5
STU1893,7.7,7.5,8.5,5.7,5.3,7.2,5.8,ESTP,Kinh tế & Quản lý,Hệ thống thông tin quản lý,4.0
STU4875,5.6,9.0,7.9,6.3,6.4,6.0,9.1,ISTJ,Luật & Xã hội,Luật,3.8
STU7002,10.0,5.6,6.6,9.0,6.4,6.1,5.0,ISTJ,Xây dựng & Quy hoạch,Kinh tế xây dựng,3.0
STU5982,9.8,6.7,5.8,9.2,7.5,6.1,5.6,ISTP,"Kỹ thuật, Cơ khí & Ô tô",Kỹ thuật điện tử - viễn thông,4.1
STU6612,7.4,6.4,6.8,6.7,9.6,9.8,5.9,ISFP,Nông nghiệp & Môi trường,Công nghệ sau thu hoạch,5.1
STU1072,5.1,5.9,5.9,5.2,6.5,5.7,6.9,ISTP,Y tế & Sức khỏe,Kỹ thuật hình ảnh y học,3.1
STU0719,9.1,6.9,6.0,5.8,9.1,8.8,6.5,ISTJ,Y tế & Sức khỏe,Kỹ thuật phục hồi chức năng,4.2
STU2365,6.9,9.6,9.0,6.7,7.1,6.1,8.7,INFJ,Sư phạm & Giáo dục,Sư phạm Vật lý,4.6
STU1506,8.3,8.2,10.0,7.1,4.5,5.3,6.3,ESTJ,Kinh tế & Quản lý,Kiểm toán,4.1
STU0671,8.4,6.6,6.5,6.4,9.8,8.5,6.5,INFJ,Y tế & Sức khỏe,Dược học,4.7
STU4610,7.5,8.8,5.8,6.5,5.3,7.3,7.0,INFJ,Nghệ thuật & Thiết kế,Kiến trúc,3.6
STU2953,6.1,8.4,10.0,6.3,5.2,6.0,8.2,ISFP,Ngôn ngữ & Văn hóa,Ngôn ngữ học,4.6
STU6384,7.3,6.3,5.3,6.7,9.3,8.6,6.4,ISFJ,Nông nghiệp & Môi trường,Công nghệ thực phẩm,5.5
STU6399,7.4,5.3,5.4,4.6,8.7,9.6,7.2,INFP,Nông nghiệp & Môi trường,Nông nghiệp,5.2
STU4646,5.8,6.8,6.1,4.9,7.0,6.4,6.1,ENFJ,Nghệ thuật & Thiết kế,Đạo diễn Điện ảnh - Truyền hình,3.6
STU0898,8.9,6.0,6.1,7.2,8.2,9.4,5.8,ISFJ,Y tế & Sức khỏe,Dược học,3.9
STU6438,8.0,7.5,6.1,5.9,7.9,9.7,5.7,INFP,Nông nghiệp & Môi trường,Công nghệ sinh học,5.0
STU2667,6.7,8.8,9.8,6.4,6.3,6.1,6.8,INFP,Ngôn ngữ & Văn hóa,Đông phương học,4.9
STU2891,5.3,7.9,9.6,6.3,5.1,5.6,7.5,ISFP,Ngôn ngữ & Văn hóa,Ngôn ngữ Hàn Quốc,4.7
STU5477,9.0,6.6,7.4,9.8,8.6,5.7,6.7,ISTJ,"Kỹ thuật, Cơ khí & Ô tô",Kỹ thuật điều khiển và tự động hóa,3.9
STU1531,8.1,8.7,8.4,6.2,5.2,7.9,5.4,ENTP,Kinh tế & Quản lý,Marketing,5.5
STU3435,7.3,8.7,8.5,7.5,5.3,5.8,6.6,ENTP,Truyền thông & Báo chí,Công nghệ truyền thông,5.8
STU6690,8.1,7.3,6.2,8.2,7.6,5.4,6.0,ISTJ,Xây dựng & Quy hoạch,Quản lý xây dựng,4.7
STU4602,5.3,8.8,5.2,6.2,6.8,7.0,7.1,INFP,Nghệ thuật & Thiết kế,Kiến trúc,3.6
STU6386,7.4,5.1,5.8,5.7,8.1,9.2,5.7,ISFP,Nông nghiệp & Môi trường,Công nghệ sinh học,4.0
STU6813,9.2,5.9,5.6,8.4,5.5,7.3,5.3,ESTJ,Xây dựng & Quy hoạch,Kinh tế xây dựng,4.3
STU7132,9.1,5.4,7.1,9.2,6.7,7.9,5.4,ESTJ,Xây dựng & Quy hoạch,Kỹ thuật cấp thoát nước,4.5
STU3754,6.4,10.0,7.9,6.0,7.0,4.9,8.5,ENTP,Truyền thông & Báo chí,Truyền thông đại chúng,3.2
STU5524,9.6,5.8,5.0,9.9,6.6,5.4,6.7,ISTJ,"Kỹ thuật, Cơ khí & Ô tô",Công nghệ kỹ thuật ô tô,5.5
STU6447,7.2,6.3,7.4,5.9,9.3,9.1,6.4,ISFJ,Nông nghiệp & Môi trường,Công nghệ sinh học,4.5
STU1875,8.8,8.0,9.3,5.5,4.7,6.1,6.4,ENTP,Kinh tế & Quản lý,Kiểm toán,5.4
STU2371,6.8,8.8,8.1,5.6,6.4,5.2,9.7,ESFJ,Sư phạm & Giáo dục,Tâm lý học giáo dục,5.2
STU1770,10.0,7.1,7.9,6.1,5.4,4.9,6.4,ESTJ,Kinh tế & Quản lý,Kiểm toán,3.6
STU5818,9.2,6.0,5.5,8.7,8.2,6.3,4.9,INTJ,"Kỹ thuật, Cơ khí & Ô tô",Kỹ thuật điều khiển và tự động hóa,4.2
STU3833,5.4,9.6,9.3,6.3,6.2,4.5,7.9,ENTP,Truyền thông & Báo chí,Thông tin - thư viện,3.9
STU1984,9.9,8.5,8.6,5.3,5.5,5.2,5.4,ESTJ,Kinh tế & Quản lý,Quản trị kinh doanh,5.0
STU0532,8.7,5.0,8.5,9.3,7.2,5.5,5.9,ISTP,Công nghệ Thông tin & Kỹ thuật Máy tính,Công nghệ thông tin,5.0
STU5736,9.2,5.5,6.9,8.7,8.4,5.2,5.7,ISTP,"Kỹ thuật, Cơ khí & Ô tô",Kỹ thuật điều khiển và tự động hóa,4.2
STU6037,8.3,6.2,6.2,4.9,8.0,9.3,6.4,ISFP,Nông nghiệp & Môi trường,Công nghệ sau thu hoạch,5.7
STU4016,7.3,7.8,6.3,6.8,6.8,4.8,7.5,INFJ,Nghệ thuật & Thiết kế,Thiết kế công nghiệp,5.2
STU2882,6.2,9.9,10.0,6.9,5.6,5.6,7.8,INTP,Ngôn ngữ & Văn hóa,Đông phương học,4.4
STU0082,9.2,6.5,8.8,8.8,6.9,6.0,4.1,ISTJ,Công nghệ Thông tin & Kỹ thuật Máy tính,Công nghệ thông tin,4.5
STU7796,4.9,7.1,8.3,5.9,5.3,5.1,9.5,ESTP,Du lịch & Dịch vụ,Quản trị nhà hàng và dịch vụ ăn uống,4.1
STU6510,7.2,5.6,6.3,5.7,9.4,10.0,6.5,ISTJ,Nông nghiệp & Môi trường,Thú y,4.3
STU3261,5.7,9.6,9.6,6.4,5.6,6.0,7.4,INTP,Ngôn ngữ & Văn hóa,Ngôn ngữ Hàn Quốc,5.0
STU2164,6.8,9.8,9.3,6.4,7.6,4.9,8.9,ENFJ,Sư phạm & Giáo dục,Sư phạm Vật lý,5.6
STU0732,9.1,6.1,5.6,5.5,10.0,9.7,5.8,INFJ,Y tế & Sức khỏe,Răng - Hàm - Mặt,4.5
STU2340,6.6,8.3,10.0,4.7,7.5,5.6,9.9,INFJ,Sư phạm & Giáo dục,Sư phạm Vật lý,4.5
STU5820,9.8,5.6,6.8,9.1,7.7,6.1,7.1,INTJ,"Kỹ thuật, Cơ khí & Ô tô",Công nghệ kỹ thuật ô tô,4.4
STU2233,6.6,8.9,9.1,4.8,5.8,5.1,8.3,ESFJ,Sư phạm & Giáo dục,Giáo dục Tiểu học,5.4
STU7263,7.9,7.2,5.8,9.5,6.6,4.0,4.5,ISTP,Xây dựng & Quy hoạch,Kỹ thuật xây dựng,5.0
STU3625,5.3,10.0,8.0,6.0,5.7,5.6,8.4,ENTP,Truyền thông & Báo chí,Truyền thông đa phương tiện,4.9
STU7535,6.9,9.4,9.7,4.7,5.8,6.5,7.5,ESFP,Du lịch & Dịch vụ,Quản lý thể dục thể thao,4.8
STU5068,6.2,9.7,7.5,5.7,7.3,5.1,9.0,ISTJ,Luật & Xã hội,Luật quốc tế,5.3
STU5222,5.9,9.2,7.0,6.4,5.6,6.0,9.2,ISTJ,Luật & Xã hội,Quản lý nhà nước,3.9
STU4996,6.4,10.0,8.1,5.9,5.3,5.7,8.5,ISTJ,Luật & Xã hội,Xã hội học,4.1
STU7081,9.4,7.2,6.6,9.0,8.7,6.5,5.9,ESTJ,Xây dựng & Quy hoạch,Kỹ thuật cấp thoát nước,3.9
STU7144,7.7,5.6,6.3,8.9,5.8,5.2,5.4,ISTJ,Xây dựng & Quy hoạch,Địa kỹ thuật xây dựng,4.2
STU2706,4.6,8.7,10.0,6.3,5.7,6.4,7.8,INFP,Ngôn ngữ & Văn hóa,Đông phương học,4.4
STU1256,8.3,5.5,5.9,6.4,10.0,8.5,5.9,ISFJ,Y tế & Sức khỏe,Y đa khoa,3.4
STU2105,6.3,9.0,8.9,6.4,5.4,4.7,10.0,ISFJ,Sư phạm & Giáo dục,Sư phạm Toán học,3.8
STU4310,5.3,7.9,5.8,5.4,6.7,6.9,7.2,INFJ,Nghệ thuật & Thiết kế,Thiết kế thời trang,4.2
STU5318,8.2,9.1,9.2,6.5,6.4,6.4,8.4,ENTJ,Luật & Xã hội,Xã hội học,5.0
STU4809,6.1,9.1,8.4,4.8,6.9,5.8,9.8,ENTJ,Luật & Xã hội,Xã hội học,5.3
STU0899,8.5,6.4,6.7,4.8,9.6,9.1,5.1,ISTJ,Y tế & Sức khỏe,Quản lý bệnh viện,3.4
STU0429,9.1,5.4,10.0,9.0,8.5,6.4,5.9,ENTP,Công nghệ Thông tin & Kỹ thuật Máy tính,Thiết kế vi mạch,3.7
STU7316,7.8,5.8,6.3,8.0,6.0,5.5,5.9,ISTJ,Xây dựng & Quy hoạch,Kỹ thuật xây dựng,5.4
STU3626,6.3,8.9,8.5,6.5,5.5,6.9,7.6,ESFP,Truyền thông & Báo chí,Lưu trữ học,3.6
STU6263,9.1,6.5,6.3,5.6,8.8,8.2,5.5,INFP,Nông nghiệp & Môi trường,Khoa học môi trường,4.0
STU7238,8.4,7.2,6.7,8.7,6.8,7.1,6.3,ISTJ,Xây dựng & Quy hoạch,Kỹ thuật xây dựng,4.1
STU1223,10.0,6.7,5.1,7.8,8.0,9.0,5.8,INFJ,Y tế & Sức khỏe,Răng - Hàm - Mặt,4.2
STU4468,5.5,8.3,5.5,5.6,6.5,6.4,6.8,INFP,Nghệ thuật & Thiết kế,Thiết kế công nghiệp,3.9
STU6564,7.5,6.0,4.3,6.7,8.7,9.4,7.1,ISTJ,Nông nghiệp & Môi trường,Lâm nghiệp đô thị,5.0
STU5745,7.8,6.8,4.9,9.8,7.7,5.9,4.6,INTJ,"Kỹ thuật, Cơ khí & Ô tô",Công nghệ kỹ thuật ô tô,3.9
STU6887,7.6,5.9,6.8,8.9,7.0,6.6,5.6,ISTP,Xây dựng & Quy hoạch,Kinh tế xây dựng,4.5
STU3269,5.6,8.1,9.7,7.2,5.2,6.8,7.9,ISFP,Ngôn ngữ & Văn hóa,Ngôn ngữ Nhật,4.4
STU6042,7.5,6.9,6.6,5.6,8.9,8.4,4.7,ISTJ,Nông nghiệp & Môi trường,Công nghệ thực phẩm,4.9
STU1622,8.5,8.7,8.6,5.9,6.1,6.8,6.3,ENTJ,Kinh tế & Quản lý,Hệ thống thông tin quản lý,4.6
STU7142,8.1,6.3,6.4,10.0,7.0,6.0,6.6,ISTP,Xây dựng & Quy hoạch,Kinh tế xây dựng,5.9
STU4105,7.4,8.3,6.0,3.8,4.8,6.6,7.6,ISFP,Nghệ thuật & Thiết kế,Thiết kế đồ họa,3.8
STU6387,9.2,7.0,6.5,5.8,9.9,9.6,5.9,INFP,Nông nghiệp & Môi trường,Khoa học cây trồng,3.9
STU1097,9.1,7.3,5.3,4.6,9.6,9.2,5.7,ISFP,Y tế & Sức khỏe,Dược học,4.6
STU2716,7.7,8.8,10.0,5.2,5.4,5.9,8.4,INFP,Ngôn ngữ & Văn hóa,Ngôn ngữ Trung Quốc,5.0
STU2073,6.8,8.4,8.7,6.8,6.4,7.2,9.6,ENFJ,Sư phạm & Giáo dục,Sư phạm Tiếng Anh,4.0
STU7223,9.0,5.6,4.9,8.3,6.6,4.3,7.0,ISTJ,Xây dựng & Quy hoạch,Địa kỹ thuật xây dựng,5.0
STU7550,6.7,8.3,9.0,5.7,5.4,6.2,8.0,ESTP,Du lịch & Dịch vụ,Du lịch,5.4
STU6261,7.4,6.9,5.4,5.8,9.1,9.0,6.8,INFP,Nông nghiệp & Môi trường,Công nghệ thực phẩm,3.3
STU4317,6.6,8.3,5.2,7.2,5.4,5.8,7.0,ISFP,Nghệ thuật & Thiết kế,Thiết kế đồ họa,4.0
STU6747,9.3,5.9,5.9,8.9,6.5,6.2,6.3,ISTJ,Xây dựng & Quy hoạch,Quản lý xây dựng,5.7
STU2589,6.5,9.4,10.0,6.7,5.6,5.8,8.6,ISFJ,Sư phạm & Giáo dục,Sư phạm Toán học,4.4
STU1789,9.2,8.7,9.8,5.9,7.7,6.2,5.5,ENTJ,Kinh tế & Quản lý,Kinh doanh quốc tế,3.4
STU5803,9.4,7.1,6.0,9.5,7.7,6.9,7.4,INTJ,"Kỹ thuật, Cơ khí & Ô tô",Kỹ thuật cơ điện tử,4.7
STU3940,5.9,9.7,9.2,7.2,6.7,5.7,8.9,ENFP,Truyền thông & Báo chí,Công nghệ truyền thông,5.2
STU0529,9.8,6.5,8.8,8.5,7.3,5.8,6.0,INTJ,Công nghệ Thông tin & Kỹ thuật Máy tính,Kỹ thuật phần mềm,4.2
STU7647,6.2,7.7,7.3,5.9,6.7,7.3,9.0,ESFJ,Du lịch & Dịch vụ,Quản trị dịch vụ du lịch và lữ hành,4.8
STU0193,10.0,6.8,8.1,9.2,8.4,4.9,6.2,ISTJ,Công nghệ Thông tin & Kỹ thuật Máy tính,An toàn thông tin,4.3
STU3481,5.5,9.9,8.2,6.7,5.9,4.7,7.3,ESFP,Truyền thông & Báo chí,Thông tin - thư viện,3.2
STU1127,9.0,5.6,7.8,5.9,9.2,8.8,7.0,INFJ,Y tế & Sức khỏe,Y đa khoa,4.9
STU3460,5.1,9.9,8.1,7.7,6.4,7.1,6.7,ESFP,Truyền thông & Báo chí,Thông tin - thư viện,3.5
STU3401,6.6,9.7,8.0,6.4,5.4,5.9,8.2,ESFP,Truyền thông & Báo chí,Công nghệ truyền thông,4.3
STU3461,6.1,10.0,8.6,6.0,4.8,5.9,7.0,ESFP,Truyền thông & Báo chí,Truyền thông đa phương tiện,4.7
STU0305,8.7,5.1,10.0,7.4,6.2,7.1,6.9,INTP,Công nghệ Thông tin & Kỹ thuật Máy tính,Khoa học Máy tính,3.6
STU3544,6.3,8.5,7.9,5.5,6.0,5.9,8.8,ENTP,Truyền thông & Báo chí,Lưu trữ học,4.9
STU1293,8.6,6.7,5.4,5.1,7.5,8.3,7.1,ISFP,Y tế & Sức khỏe,Kỹ thuật phục hồi chức năng,4.6
STU0071,9.8,6.0,10.0,7.5,7.2,5.0,5.6,ISTJ,Công nghệ Thông tin & Kỹ thuật Máy tính,Khoa học dữ liệu,4.5
STU4641,6.1,9.1,6.2,6.5,6.8,6.9,7.6,ISFP,Nghệ thuật & Thiết kế,Thiết kế đồ họa,5.4
STU4571,5.3,8.1,6.4,5.3,7.3,5.0,7.6,INFJ,Nghệ thuật & Thiết kế,Thiết kế thời trang,3.6
STU2688,6.6,8.0,9.5,5.0,5.8,5.9,7.9,INFP,Ngôn ngữ & Văn hóa,Quốc tế học,5.2
STU6570,8.1,7.0,6.3,6.2,7.2,9.6,5.5,INFP,Nông nghiệp & Môi trường,Công nghệ thực phẩm,4.7
STU3642,6.2,9.2,8.4,4.0,6.6,6.2,8.8,ESFP,Truyền thông & Báo chí,Thông tin - thư viện,5.2
STU0832,8.2,6.4,6.8,6.4,8.7,9.8,6.4,ISTJ,Y tế & Sức khỏe,Kỹ thuật phục hồi chức năng,4.3
STU3974,5.2,7.9,8.7,4.8,6.3,7.5,9.1,ENFP,Truyền thông & Báo chí,Truyền thông đại chúng,3.7
STU1457,8.5,8.7,10.0,4.8,7.1,5.6,6.4,ENTJ,Kinh tế & Quản lý,Kiểm toán,4.0
STU4004,5.7,9.6,6.1,4.9,5.4,5.6,7.4,INFJ,Nghệ thuật & Thiết kế,Thiết kế nội thất,3.4
STU4895,6.1,8.5,6.7,7.5,5.6,6.5,9.2,ENTJ,Luật & Xã hội,Luật kinh tế,3.9
STU0239,10.0,5.3,10.0,8.2,7.8,5.8,6.3,ENTP,Công nghệ Thông tin & Kỹ thuật Máy tính,An toàn thông tin,3.7
STU0093,8.8,7.5,8.6,8.5,7.5,5.8,6.3,ISTP,Công nghệ Thông tin & Kỹ thuật Máy tính,An toàn thông tin,4.6
STU2978,4.4,9.9,10.0,6.1,7.3,6.5,8.0,INTP,Ngôn ngữ & Văn hóa,Đông phương học,3.5
STU3456,5.3,4.0,6.6,6.7,4.7,4.5,4.7,ENFJ,Truyền thông & Báo chí,Quan hệ công chúng,2.8
STU4370,5.0,7.3,7.4,7.1,6.6,6.0,8.5,INFP,Nghệ thuật & Thiết kế,Thiết kế công nghiệp,5.0
STU5500,8.7,5.4,5.5,8.9,8.0,5.8,5.2,ISTJ,"Kỹ thuật, Cơ khí & Ô tô",Kỹ thuật điều khiển và tự động hóa,5.8
STU7314,7.9,5.0,6.2,8.0,7.5,5.5,6.3,ISTP,Xây dựng & Quy hoạch,Kinh tế xây dựng,3.8
STU4411,6.0,8.2,5.3,6.5,5.6,5.7,7.7,INFP,Nghệ thuật & Thiết kế,Điêu khắc,3.7
STU4102,5.1,7.8,5.3,6.1,5.6,4.9,7.5,INFJ,Nghệ thuật & Thiết kế,Thiết kế công nghiệp,4.5
STU4221,5.7,8.4,4.9,4.3,5.7,5.5,6.3,INFJ,Nghệ thuật & Thiết kế,Đạo diễn Điện ảnh - Truyền hình,4.8
STU5038,6.9,10.0,8.9,6.8,6.3,5.9,9.8,ISTJ,Luật & Xã hội,Luật quốc tế,4.1
STU1002,9.4,6.8,5.0,5.3,9.0,9.6,5.8,ISFJ,Y tế & Sức khỏe,Quản lý bệnh viện,4.1
STU5308,5.5,9.4,8.4,6.3,6.0,6.2,8.1,ISTJ,Luật & Xã hội,Chính trị học,4.9
STU7658,6.6,6.9,8.8,6.9,7.0,6.7,8.0,ESTP,Du lịch & Dịch vụ,Quản trị dịch vụ du lịch và lữ hành,3.6
STU2378,5.0,4.6,6.1,5.9,7.8,7.6,5.1,ESTP,Sư phạm & Giáo dục,Sư phạm Vật lý,2.3
STU4481,6.2,8.0,6.7,5.9,6.0,5.3,6.5,INFJ,Nghệ thuật & Thiết kế,Thiết kế đồ họa,4.1
STU6393,8.4,7.0,5.2,4.8,8.0,9.6,6.0,ISTJ,Nông nghiệp & Môi trường,Khoa học cây trồng,4.5
STU6592,6.6,4.9,5.6,5.3,8.1,9.8,7.5,ISTJ,Nông nghiệp & Môi trường,Thú y,4.0
STU6572,8.5,4.9,6.0,4.9,9.9,9.7,6.0,INFP,Nông nghiệp & Môi trường,Khoa học cây trồng,4.4
STU1533,9.7,8.2,9.9,5.4,6.9,4.6,6.0,ESTP,Kinh tế & Quản lý,Kiểm toán,3.9
STU2411,5.7,5.8,5.6,6.0,6.0,7.4,4.5,ISTJ,Sư phạm & Giáo dục,Sư phạm Tiếng Anh,2.0
STU7708,5.7,7.2,9.3,6.2,5.0,5.7,7.8,ESFP,Du lịch & Dịch vụ,Quản lý thể dục thể thao,4.0
STU0412,10.0,5.9,8.7,10.0,5.9,6.3,7.1,ISTP,Công nghệ Thông tin & Kỹ thuật Máy tính,Kỹ thuật phần mềm,5.0
STU7108,8.5,5.3,5.1,9.1,7.2,5.1,5.2,ISTP,Xây dựng & Quy hoạch,Kinh tế xây dựng,4.3
STU7665,5.5,6.9,5.9,3.8,5.1,5.7,4.6,ESFP,Du lịch & Dịch vụ,Quản trị nhà hàng và dịch vụ ăn uống,3.6
STU3439,6.1,9.5,8.3,5.2,5.7,4.7,7.4,ENFP,Truyền thông & Báo chí,Báo chí,3.2
STU2806,6.0,8.7,9.9,5.3,6.8,6.2,9.3,ISFP,Ngôn ngữ & Văn hóa,Ngôn ngữ Hàn Quốc,4.7
STU7383,6.2,7.1,9.4,7.0,5.8,7.8,8.8,ENFP,Du lịch & Dịch vụ,Quản trị dịch vụ du lịch và lữ hành,4.1
STU6445,6.9,4.6,4.6,5.1,8.2,9.6,6.4,ISFJ,Nông nghiệp & Môi trường,Công nghệ sinh học,4.0
STU3083,5.5,8.7,9.3,5.4,4.9,6.0,8.3,INFP,Ngôn ngữ & Văn hóa,Ngôn ngữ Nhật,4.5
STU4440,5.7,8.4,5.4,5.2,6.1,6.9,7.2,INFJ,Nghệ thuật & Thiết kế,Kiến trúc,3.7
STU1737,9.6,7.4,8.4,5.7,6.1,7.2,5.4,ENTJ,Kinh tế & Quản lý,Thương mại điện tử,4.1
STU3648,5.4,10.0,9.7,4.9,5.5,6.4,6.8,ENTP,Truyền thông & Báo chí,Truyền thông đại chúng,5.7
STU5026,7.1,6.9,6.2,3.6,3.6,6.3,7.1,ENFP,Luật & Xã hội,Chính trị học,1.9
STU7294,7.9,5.2,5.2,8.0,5.5,6.5,5.3,ISTJ,Xây dựng & Quy hoạch,Kỹ thuật cấp thoát nước,5.1
STU6331,7.5,6.6,7.1,4.6,8.9,7.8,6.7,ISFJ,Nông nghiệp & Môi trường,Công nghệ sau thu hoạch,3.8
STU6425,7.5,5.6,6.1,4.8,8.5,9.5,5.5,ISTJ,Nông nghiệp & Môi trường,Lâm nghiệp đô thị,3.5
STU3393,5.4,9.4,9.5,5.2,5.1,6.9,7.2,ENTP,Truyền thông & Báo chí,Báo chí,3.7
STU0634,8.8,7.2,8.3,10.0,8.6,5.7,5.9,ENTP,Công nghệ Thông tin & Kỹ thuật Máy tính,Mạng máy tính và truyền thông dữ liệu,5.6
STU3022,5.0,9.5,9.4,6.4,6.6,5.7,8.1,INTP,Ngôn ngữ & Văn hóa,Tiếng Việt và văn hoá Việt Nam,4.7
STU0499,9.6,6.5,9.5,8.5,8.8,6.2,6.5,ISTP,Công nghệ Thông tin & Kỹ thuật Máy tính,Thiết kế vi mạch,5.1
STU3735,5.5,8.1,9.2,7.5,6.2,4.1,7.8,ENTP,Truyền thông & Báo chí,Báo chí,5.3
STU2464,7.7,9.1,8.6,5.8,4.7,5.1,10.0,ISFJ,Sư phạm & Giáo dục,Giáo dục Tiểu học,3.8
STU4504,6.5,8.4,6.3,4.9,6.3,5.4,8.6,INFJ,Nghệ thuật & Thiết kế,Đạo diễn Điện ảnh - Truyền hình,3.7
STU0638,10.0,6.8,9.3,9.4,6.5,5.3,5.2,ISTJ,Công nghệ Thông tin & Kỹ thuật Máy tính,Mạng máy tính và truyền thông dữ liệu,4.3
STU0721,10.0,6.6,6.9,5.3,8.1,8.7,5.7,ISTJ,Y tế & Sức khỏe,Quản lý bệnh viện,5.2
STU0289,10.0,7.7,9.5,7.8,4.8,6.2,6.1,INTJ,Công nghệ Thông tin & Kỹ thuật Máy tính,Khoa học Máy tính,5.0
STU0758,10.0,6.5,6.2,7.2,10.0,10.0,5.4,INFJ,Y tế & Sức khỏe,Điều dưỡng,4.5
STU5096,5.4,9.4,8.3,5.3,6.5,6.0,9.3,ISTJ,Luật & Xã hội,Chính trị học,4.3
STU3396,7.0,10.0,8.5,6.1,6.1,5.1,8.2,ENFP,Truyền thông & Báo chí,Lưu trữ học,4.3
STU3090,6.0,9.0,9.2,6.8,5.7,6.7,7.6,INFP,Ngôn ngữ & Văn hóa,Ngôn ngữ Anh,3.6
STU7241,8.7,6.3,6.8,8.0,7.7,5.6,6.3,ISTP,Xây dựng & Quy hoạch,Kỹ thuật xây dựng,4.5
STU4754,6.6,9.7,8.0,5.4,5.7,5.6,8.3,ENTJ,Luật & Xã hội,Công tác xã hội,5.7
STU4802,5.8,8.9,8.1,6.7,7.5,6.3,9.6,INFJ,Luật & Xã hội,Luật quốc tế,4.8
STU0450,8.7,5.6,8.1,9.2,5.9,6.0,6.9,INTP,Công nghệ Thông tin & Kỹ thuật Máy tính,Khoa học dữ liệu,4.3
STU0597,8.8,6.1,9.0,9.2,8.9,4.9,7.3,INTJ,Công nghệ Thông tin & Kỹ thuật Máy tính,An toàn thông tin,4.9
STU3593,5.3,8.8,7.1,5.8,7.2,4.9,6.5,ENFP,Truyền thông & Báo chí,Thông tin - thư viện,4.3
STU1069,9.6,5.7,6.5,5.0,8.1,9.8,5.6,ISFP,Y tế & Sức khỏe,Y đa khoa,4.4
STU1943,7.5,6.8,7.8,5.3,7.1,5.5,5.3,ESTJ,Kinh tế & Quản lý,Thương mại điện tử,3.7
STU1648,9.8,7.3,7.7,6.7,5.4,6.6,6.5,ESTJ,Kinh tế & Quản lý,Thương mại điện tử,4.5
STU3962,6.8,9.5,9.6,5.6,6.2,4.6,8.2,ENFP,Truyền thông & Báo chí,Thông tin - thư viện,4.8
STU5267,6.0,8.1,8.8,5.9,7.1,5.3,9.0,INFJ,Luật & Xã hội,Quản lý nhà nước,4.8
STU2701,6.6,4.9,3.5,5.6,4.9,6.8,7.8,ESTJ,Ngôn ngữ & Văn hóa,Ngôn ngữ Anh,3.8
STU1701,9.2,8.9,10.0,6.4,4.9,4.4,5.8,ENTP,Kinh tế & Quản lý,Kinh tế,4.9
STU6697,8.6,6.9,5.4,8.4,8.6,7.1,6.5,ISTP,Xây dựng & Quy hoạch,Kinh tế xây dựng,4.2
STU4751,6.4,8.7,6.7,6.1,5.3,5.4,8.9,INTJ,Luật & Xã hội,Tâm lý học,3.4
STU5330,8.0,6.7,7.2,7.9,8.2,7.5,6.2,ISTJ,"Kỹ thuật, Cơ khí & Ô tô",Kỹ thuật điện tử - viễn thông,4.5
STU2943,6.8,9.9,8.8,4.7,5.0,5.5,8.0,ISFP,Ngôn ngữ & Văn hóa,Ngôn ngữ Trung Quốc,4.0
STU6559,8.0,5.4,4.0,5.6,10.0,9.8,4.8,ISFP,Nông nghiệp & Môi trường,Công nghệ thực phẩm,4.4
STU5526,8.5,5.1,6.1,9.8,7.4,7.0,5.3,ISTP,"Kỹ thuật, Cơ khí & Ô tô",Kỹ thuật điện tử - viễn thông,5.2
STU3802,7.3,8.8,8.2,5.9,6.5,5.4,7.1,ESFP,Truyền thông & Báo chí,Công nghệ truyền thông,3.2
STU2124,7.1,9.9,8.4,5.4,5.6,6.7,8.7,ISFJ,Sư phạm & Giáo dục,Sư phạm Ngữ văn,6.1
STU6890,8.8,5.1,6.3,8.2,6.2,5.4,6.4,ISTP,Xây dựng & Quy hoạch,Công nghệ kỹ thuật công trình xây dựng,4.5
STU0087,10.0,7.1,9.3,9.0,7.8,5.3,6.1,INTP,Công nghệ Thông tin & Kỹ thuật Máy tính,Công nghệ thông tin,4.4
STU2309,7.3,10.0,9.2,7.2,4.6,7.3,8.9,ESFJ,Sư phạm & Giáo dục,Sư phạm Vật lý,4.0
STU2678,5.0,8.8,8.4,5.9,5.6,5.0,9.2,INFP,Ngôn ngữ & Văn hóa,Ngôn ngữ học,4.8
STU5399,7.7,5.6,5.4,8.9,8.3,5.2,6.1,INTJ,"Kỹ thuật, Cơ khí & Ô tô",Kỹ thuật điều khiển và tự động hóa,3.9
STU3478,6.1,9.2,8.5,5.6,6.9,6.9,9.7,ESFP,Truyền thông & Báo chí,Lưu trữ học,4.0
STU6660,8.5,6.1,5.3,5.3,10.0,9.6,6.3,INFP,Nông nghiệp & Môi trường,Khoa học cây trồng,4.2
STU2595,6.6,9.3,8.6,7.2,6.2,5.6,9.5,ESFJ,Sư phạm & Giáo dục,Sư phạm Tin học,4.7
STU4856,7.1,8.4,8.1,5.1,6.3,6.8,9.5,INTJ,Luật & Xã hội,Luật kinh tế,4.2
STU3059,6.6,8.6,9.3,6.1,6.4,6.6,8.1,INTP,Ngôn ngữ & Văn hóa,Tiếng Việt và văn hoá Việt Nam,4.8
STU1030,10.0,6.9,4.6,5.7,9.8,9.6,5.7,ISFP,Y tế & Sức khỏe,Dược học,4.4
STU3948,5.1,8.8,8.2,5.9,7.1,6.2,8.6,ENTP,Truyền thông & Báo chí,Truyền thông đại chúng,5.2
STU2877,5.6,9.6,9.4,6.4,7.1,6.2,7.5,INTP,Ngôn ngữ & Văn hóa,Văn học,5.7
STU4501,7.3,9.4,7.1,5.6,5.6,6.5,7.9,INFP,Nghệ thuật & Thiết kế,Thiết kế đồ họa,4.9
STU3464,6.4,9.1,7.4,6.5,5.8,4.8,8.7,ENFP,Truyền thông & Báo chí,Báo chí,4.7
STU2145,6.0,10.0,8.3,6.2,5.9,6.7,9.4,INFJ,Sư phạm & Giáo dục,Giáo dục Tiểu học,5.3
STU6072,7.7,6.5,6.2,5.1,8.1,9.9,5.7,ISFJ,Nông nghiệp & Môi trường,Lâm nghiệp đô thị,4.2
STU6315,7.5,4.5,6.4,4.5,9.6,10.0,6.2,ISFJ,Nông nghiệp & Môi trường,Nuôi trồng thủy sản,5.5
STU5023,4.9,8.7,7.6,6.1,5.4,6.3,10.0,INTJ,Luật & Xã hội,Xã hội học,3.0
STU1201,10.0,5.4,5.3,5.6,8.3,10.0,6.4,ISFJ,Y tế & Sức khỏe,Dược học,4.4
STU2026,6.3,9.0,10.0,6.4,6.5,5.3,9.7,ENFJ,Sư phạm & Giáo dục,Sư phạm Tin học,3.3
STU0622,9.3,5.9,9.8,9.9,8.9,6.4,5.6,ENTP,Công nghệ Thông tin & Kỹ thuật Máy tính,Khoa học Máy tính,4.6
STU7272,8.9,5.1,6.9,8.8,5.8,5.7,6.7,ISTP,Xây dựng & Quy hoạch,Quản lý xây dựng,4.2
STU0567,8.7,6.6,9.0,9.1,7.6,6.0,5.7,INTP,Công nghệ Thông tin & Kỹ thuật Máy tính,Công nghệ thông tin,5.2
STU7740,4.7,7.2,9.3,5.9,5.8,4.6,8.0,ESFP,Du lịch & Dịch vụ,Du lịch,5.5
STU1838,9.3,8.1,10.0,6.5,6.6,5.8,5.6,ESTJ,Kinh tế & Quản lý,Kinh tế quốc tế,3.9
STU1335,10.0,8.5,8.6,4.4,6.7,4.0,5.5,ESTJ,Kinh tế & Quản lý,Thương mại điện tử,4.8
STU5533,4.3,4.5,7.4,6.6,4.8,6.6,4.3,ISFJ,"Kỹ thuật, Cơ khí & Ô tô",Kỹ thuật điện tử - viễn thông,2.6
STU7600,6.3,7.0,8.7,6.3,5.9,7.8,8.5,ESFJ,Du lịch & Dịch vụ,Quản trị dịch vụ du lịch và lữ hành,4.1
STU2100,7.6,8.1,10.0,5.1,6.4,5.7,9.6,ISFJ,Sư phạm & Giáo dục,Sư phạm Ngữ văn,4.0
STU3821,7.4,8.6,8.3,7.4,4.9,7.5,8.4,ESFP,Truyền thông & Báo chí,Lưu trữ học,4.7
STU4555,6.0,8.6,5.2,6.5,6.5,5.6,7.4,INFP,Nghệ thuật & Thiết kế,Thiết kế thời trang,4.8
STU6791,8.7,5.6,5.6,8.6,7.4,7.0,5.9,ISTP,Xây dựng & Quy hoạch,Kỹ thuật cấp thoát nước,3.7
STU1689,7.6,7.9,8.6,5.9,7.2,7.0,6.3,ENTJ,Kinh tế & Quản lý,Quản trị kinh doanh,4.8
STU0746,8.1,6.9,5.5,7.6,9.1,9.2,5.4,ISFP,Y tế & Sức khỏe,Kỹ thuật hình ảnh y học,4.4
STU6358,7.9,4.7,7.3,5.8,7.6,8.5,6.5,ISTJ,Nông nghiệp & Môi trường,Nuôi trồng thủy sản,4.8
STU5897,8.1,5.3,6.7,8.9,7.8,5.8,6.2,ISTJ,"Kỹ thuật, Cơ khí & Ô tô",Kỹ thuật điện tử - viễn thông,3.6
STU2188,6.3,9.2,8.9,5.9,6.7,4.7,9.7,ISFJ,Sư phạm & Giáo dục,Tâm lý học giáo dục,4.3
STU0196,9.2,6.6,8.6,9.1,6.5,6.1,5.3,ENTP,Công nghệ Thông tin & Kỹ thuật Máy tính,Thiết kế vi mạch,4.2
STU1153,9.3,6.7,4.4,6.1,9.1,9.4,5.2,ISFP,Y tế & Sức khỏe,Kỹ thuật hình ảnh y học,3.8
STU3410,5.8,8.7,8.8,5.8,6.7,6.2,7.5,ESFP,Truyền thông & Báo chí,Lưu trữ học,4.0
STU5279,5.9,8.7,8.2,6.8,6.1,5.1,9.4,INFJ,Luật & Xã hội,Luật quốc tế,4.9
STU0803,8.2,5.4,7.4,6.5,9.0,8.3,6.5,ISTJ,Y tế & Sức khỏe,Y học dự phòng,4.9
STU4913,5.5,9.8,8.2,5.4,5.7,5.7,10.0,INFJ,Luật & Xã hội,Xã hội học,3.0
STU2351,6.3,9.4,8.7,6.0,7.0,6.1,9.8,ISFJ,Sư phạm & Giáo dục,Giáo dục Tiểu học,4.9
STU5275,6.4,8.3,7.8,5.2,6.6,5.2,7.8,ISTJ,Luật & Xã hội,Tâm lý học,4.3
STU6127,7.4,4.9,5.6,6.3,8.7,9.2,4.6,INFP,Nông nghiệp & Môi trường,Khoa học cây trồng,5.1
STU7240,8.5,6.4,6.3,8.8,5.8,6.1,6.0,ESTJ,Xây dựng & Quy hoạch,Kinh tế xây dựng,4.8
STU5262,5.5,9.5,7.8,4.1,5.6,6.5,9.8,ISTJ,Luật & Xã hội,Luật quốc tế,4.2
STU2069,7.2,9.5,9.1,7.4,4.8,6.6,9.0,ESFJ,Sư phạm & Giáo dục,Sư phạm Tiếng Anh,4.5
STU2908,6.9,9.7,8.5,5.2,6.3,7.0,6.9,ISFP,Ngôn ngữ & Văn hóa,Đông phương học,4.7
STU3555,5.8,8.9,9.4,4.8,6.7,6.9,8.6,ENTP,Truyền thông & Báo chí,Quan hệ công chúng,5.7
STU6180,6.0,4.4,6.3,4.6,4.2,5.6,6.1,ENFJ,Nông nghiệp & Môi trường,Khoa học cây trồng,2.5
STU0645,4.8,5.6,7.3,4.1,4.3,4.3,5.5,ISTP,Công nghệ Thông tin & Kỹ thuật Máy tính,Công nghệ thông tin,2.7
STU7072,9.1,7.7,5.6,9.0,7.4,6.1,6.3,ISTJ,Xây dựng & Quy hoạch,Kinh tế xây dựng,3.4
STU7252,7.1,6.1,6.1,8.4,6.8,5.3,5.3,ISTP,Xây dựng & Quy hoạch,Kinh tế xây dựng,4.8
STU3440,7.0,9.9,8.8,6.0,6.9,6.5,6.9,ESFP,Truyền thông & Báo chí,Công nghệ truyền thông,5.8
STU7502,5.2,7.9,9.8,6.2,6.2,4.7,7.5,ENFP,Du lịch & Dịch vụ,Quản trị nhà hàng và dịch vụ ăn uống,3.9
STU5565,7.5,7.0,6.0,6.0,5.1,5.2,7.2,ISFP,"Kỹ thuật, Cơ khí & Ô tô",Công nghệ kỹ thuật ô tô,3.0
STU0121,9.8,6.9,8.0,8.7,8.3,6.4,6.6,ISTP,Công nghệ Thông tin & Kỹ thuật Máy tính,Thiết kế vi mạch,4.4
STU1778,7.9,8.1,8.7,6.1,7.0,5.1,4.6,ESTP,Kinh tế & Quản lý,Kinh tế,3.9
STU2982,4.8,7.8,9.9,4.5,6.3,5.6,6.8,ISFP,Ngôn ngữ & Văn hóa,Ngôn ngữ Trung Quốc,4.1
STU7464,6.4,8.5,8.5,5.5,6.8,5.7,9.2,ESFJ,Du lịch & Dịch vụ,Quản trị nhà hàng và dịch vụ ăn uống,3.8
STU3075,6.7,7.9,9.5,5.9,6.0,6.1,8.1,INTP,Ngôn ngữ & Văn hóa,Quốc tế học,5.2
STU6427,8.1,4.8,6.1,4.5,8.4,9.1,7.0,ISTJ,Nông nghiệp & Môi trường,Lâm nghiệp đô thị,4.3
STU4788,6.8,10.0,7.2,5.2,5.6,4.9,10.0,ENTJ,Luật & Xã hội,Luật quốc tế,3.9
STU6984,9.2,5.3,5.7,7.8,7.6,6.0,6.0,ISTJ,Xây dựng & Quy hoạch,Địa kỹ thuật xây dựng,5.1
STU3036,6.2,9.2,10.0,5.8,6.4,6.3,6.8,INFP,Ngôn ngữ & Văn hóa,Ngôn ngữ Anh,4.0
STU2136,7.4,9.5,9.2,6.2,6.9,4.7,9.8,ENFJ,Sư phạm & Giáo dục,Sư phạm Toán học,4.8
STU5556,8.0,7.3,6.2,8.4,9.0,5.2,6.9,INTJ,"Kỹ thuật, Cơ khí & Ô tô",Robot và Trí tuệ nhân tạo,3.7
STU4889,5.6,9.1,8.5,5.3,6.6,5.8,8.9,INFJ,Luật & Xã hội,Công tác xã hội,4.7
STU0135,9.1,7.0,9.2,9.9,8.2,6.1,6.7,ISTJ,Công nghệ Thông tin & Kỹ thuật Máy tính,Thiết kế vi mạch,5.9
STU7065,9.7,5.0,6.3,9.4,7.5,5.1,7.5,ISTP,Xây dựng & Quy hoạch,Kinh tế xây dựng,4.3
STU4217,6.3,6.7,5.5,6.9,6.3,7.3,7.9,INFJ,Nghệ thuật & Thiết kế,Thiết kế thời trang,3.8
STU4349,4.7,9.1,5.7,6.6,5.6,6.5,7.5,ISFP,Nghệ thuật & Thiết kế,Thiết kế công nghiệp,3.7
STU4246,5.5,8.6,6.9,6.2,5.0,5.9,9.1,ISFP,Nghệ thuật & Thiết kế,Thiết kế công nghiệp,5.1
STU4508,6.1,8.6,5.4,6.7,5.3,5.5,7.0,INFJ,Nghệ thuật & Thiết kế,Thiết kế nội thất,4.9
STU3996,6.5,8.3,8.9,6.6,4.2,6.6,8.3,ENTP,Truyền thông & Báo chí,Truyền thông đại chúng,5.1
STU2560,4.0,4.4,4.2,4.6,5.2,6.7,5.7,ESFJ,Sư phạm & Giáo dục,Sư phạm Ngữ văn,2.7
STU0063,6.4,6.0,6.4,5.2,4.2,4.7,7.2,ESFP,Công nghệ Thông tin & Kỹ thuật Máy tính,Thiết kế vi mạch,2.8
STU5228,5.8,9.4,7.0,5.6,5.9,5.3,9.3,INTJ,Luật & Xã hội,Luật kinh tế,5.5
STU6964,8.6,6.2,7.0,9.3,6.3,5.7,5.5,ESTJ,Xây dựng & Quy hoạch,Công nghệ kỹ thuật công trình xây dựng,3.8
STU4305,5.3,8.9,6.8,5.2,6.2,5.4,6.7,ISFP,Nghệ thuật & Thiết kế,Thiết kế thời trang,4.2
STU1643,8.0,8.7,9.2,6.2,6.6,5.0,6.2,ENTP,Kinh tế & Quản lý,Kinh tế quốc tế,5.2
STU4174,7.1,9.3,5.3,6.2,6.3,5.7,8.7,INFJ,Nghệ thuật & Thiết kế,Đạo diễn Điện ảnh - Truyền hình,4.6
STU2468,6.8,9.2,9.0,5.9,5.1,6.6,9.0,ISFJ,Sư phạm & Giáo dục,Giáo dục Tiểu học,5.0
STU0680,8.1,4.4,4.5,5.0,10.0,9.5,5.5,ISTJ,Y tế & Sức khỏe,Răng - Hàm - Mặt,4.7
STU4476,5.9,8.2,5.7,5.3,7.5,6.0,8.0,ISFP,Nghệ thuật & Thiết kế,Thiết kế công nghiệp,4.7
STU0742,8.8,6.6,6.1,5.3,9.2,8.0,5.2,INFJ,Y tế & Sức khỏe,Y học dự phòng,4.9
STU1212,10.0,4.6,5.9,4.9,9.5,9.5,5.9,ISTJ,Y tế & Sức khỏe,Điều dưỡng,5.9
STU2171,6.9,9.6,9.7,6.2,5.8,4.7,9.9,INFJ,Sư phạm & Giáo dục,Tâm lý học giáo dục,3.6
STU6038,7.4,6.0,5.8,4.8,8.7,9.3,5.1,ISFJ,Nông nghiệp & Môi trường,Lâm nghiệp đô thị,4.9
STU5475,8.1,6.4,4.6,9.0,7.6,6.1,6.7,ESTP,"Kỹ thuật, Cơ khí & Ô tô",Kỹ thuật điều khiển và tự động hóa,3.5
STU5325,6.2,10.0,7.2,7.1,5.9,6.1,9.7,ISTJ,Luật & Xã hội,Luật,4.4
STU2901,5.5,8.7,9.9,6.7,5.6,6.7,8.9,ISFP,Ngôn ngữ & Văn hóa,Quốc tế học,4.5
STU3259,5.2,6.2,3.7,3.0,4.3,4.6,6.7,ENTP,Ngôn ngữ & Văn hóa,Ngôn ngữ Nhật,3.3
STU0568,9.5,4.6,7.5,8.0,7.0,6.2,5.4,ISTP,Công nghệ Thông tin & Kỹ thuật Máy tính,Khoa học dữ liệu,4.5
STU1874,8.2,8.9,8.9,5.3,6.2,5.7,6.8,ENTP,Kinh tế & Quản lý,Tài chính - Ngân hàng,5.7
STU0649,10.0,4.8,8.0,7.8,7.3,6.7,5.2,INTJ,Công nghệ Thông tin & Kỹ thuật Máy tính,Kỹ thuật phần mềm,5.2
STU2597,7.8,8.1,9.2,7.1,6.5,6.0,9.5,ISFJ,Sư phạm & Giáo dục,Sư phạm Vật lý,4.2
STU1718,10.0,8.8,9.8,4.1,5.2,5.3,5.7,ESTP,Kinh tế & Quản lý,Thương mại điện tử,3.5
STU6631,7.6,6.6,6.5,5.4,9.4,9.3,6.8,INFP,Nông nghiệp & Môi trường,Khoa học cây trồng,3.3
STU2844,7.6,8.0,9.9,4.9,5.7,6.4,7.8,ISFP,Ngôn ngữ & Văn hóa,Ngôn ngữ Trung Quốc,3.9
STU1393,8.7,7.7,8.4,5.3,6.1,6.2,7.0,ENTJ,Kinh tế & Quản lý,Marketing,5.5
STU6013,8.8,6.4,6.4,5.8,9.3,9.5,5.8,ISFJ,Nông nghiệp & Môi trường,Công nghệ sinh học,5.0
STU6136,7.8,5.8,5.2,5.4,8.6,9.5,5.4,ISFP,Nông nghiệp & Môi trường,Khoa học môi trường,4.6
STU5331,8.7,7.0,5.3,8.9,8.8,5.9,5.3,ESTP,"Kỹ thuật, Cơ khí & Ô tô",Kỹ thuật điện tử - viễn thông,5.0
STU3455,7.4,8.4,8.3,7.1,5.1,4.9,6.5,ESFP,Truyền thông & Báo chí,Thông tin - thư viện,4.8
STU7368,5.2,8.0,9.4,6.0,5.7,5.8,8.7,ENFP,Du lịch & Dịch vụ,Quản trị nhà hàng và dịch vụ ăn uống,4.2
STU0490,9.3,5.6,8.6,9.1,7.2,7.3,6.2,INTJ,Công nghệ Thông tin & Kỹ thuật Máy tính,Công nghệ thông tin,4.5
STU0494,9.7,6.1,9.1,8.8,6.8,6.5,7.1,INTJ,Công nghệ Thông tin & Kỹ thuật Máy tính,Mạng máy tính và truyền thông dữ liệu,5.2
STU0691,8.7,7.1,6.7,7.9,8.3,9.5,6.5,ISFJ,Y tế & Sức khỏe,Điều dưỡng,3.7
STU5608,8.2,6.4,6.5,8.7,7.4,6.2,5.7,INTJ,"Kỹ thuật, Cơ khí & Ô tô",Kỹ thuật điện tử - viễn thông,3.7
STU0603,6.7,3.1,5.3,6.5,5.9,5.8,4.2,INFP,Công nghệ Thông tin & Kỹ thuật Máy tính,Công nghệ thông tin,2.4
STU1912,7.0,7.5,9.2,7.3,5.3,6.2,6.3,ESTP,Kinh tế & Quản lý,Kinh tế,3.8
STU5510,8.3,5.2,7.3,9.3,8.9,6.5,6.6,ESTP,"Kỹ thuật, Cơ khí & Ô tô",Kỹ thuật điện,3.2
STU6100,6.6,6.9,6.5,5.3,9.1,10.0,6.7,INFP,Nông nghiệp & Môi trường,Công nghệ sinh học,5.2
STU5118,4.6,8.9,7.4,6.1,6.7,6.6,10.0,INFJ,Luật & Xã hội,Luật kinh tế,3.3
STU5674,9.7,4.6,6.5,10.0,8.3,5.6,7.0,ISTJ,"Kỹ thuật, Cơ khí & Ô tô",Công nghệ kỹ thuật ô tô,4.6
STU7728,5.9,7.2,8.7,4.3,4.9,5.1,9.3,ESTP,Du lịch & Dịch vụ,Quản trị khách sạn,3.7
STU4538,5.7,7.8,7.1,5.6,6.9,4.8,8.0,INFJ,Nghệ thuật & Thiết kế,Hội họa,4.1
STU5485,9.0,5.8,6.7,10.0,7.5,4.2,7.0,ESTP,"Kỹ thuật, Cơ khí & Ô tô",Công nghệ kỹ thuật ô tô,4.7
STU2367,6.2,9.8,9.6,5.2,6.5,7.0,8.7,ENFJ,Sư phạm & Giáo dục,Sư phạm Tin học,4.4
STU1188,7.8,6.6,5.2,7.5,9.9,9.5,7.6,INFJ,Y tế & Sức khỏe,Y học cổ truyền,3.9
STU0275,9.3,6.3,9.2,9.9,7.0,5.4,6.8,INTJ,Công nghệ Thông tin & Kỹ thuật Máy tính,Khoa học Máy tính,3.4
STU4589,6.2,9.4,5.1,7.5,6.0,3.9,6.2,ISFP,Nghệ thuật & Thiết kế,Hội họa,4.5
STU5459,8.6,7.0,6.6,8.8,7.3,5.5,6.7,INTJ,"Kỹ thuật, Cơ khí & Ô tô",Kỹ thuật điều khiển và tự động hóa,3.6
STU1362,9.2,8.2,7.9,4.5,6.1,6.4,4.7,ENTJ,Kinh tế & Quản lý,Hệ thống thông tin quản lý,5.2
STU3785,6.5,8.6,9.7,4.7,4.8,4.9,8.4,ENFP,Truyền thông & Báo chí,Công nghệ truyền thông,4.1
STU1527,9.8,8.0,9.2,5.3,5.6,6.7,5.8,ESTJ,Kinh tế & Quản lý,Kinh tế,5.3
STU7025,8.5,5.3,5.3,9.8,7.9,6.9,5.6,ESTJ,Xây dựng & Quy hoạch,Kỹ thuật cấp thoát nước,5.1
STU7824,5.8,6.6,9.2,5.5,6.4,6.5,7.3,ESTP,Du lịch & Dịch vụ,Quản trị dịch vụ du lịch và lữ hành,3.6
STU7874,7.3,8.1,8.4,5.1,5.5,6.0,8.2,ESFP,Du lịch & Dịch vụ,Quản trị dịch vụ du lịch và lữ hành,3.8
STU1552,10.0,8.8,8.9,6.1,5.4,5.9,6.5,ESTP,Kinh tế & Quản lý,Quản trị kinh doanh,3.9
STU0331,8.9,5.9,8.2,9.2,6.9,7.8,5.7,ISTJ,Công nghệ Thông tin & Kỹ thuật Máy tính,Công nghệ thông tin,4.9
STU7763,5.0,8.0,9.5,4.9,4.9,4.8,9.0,ENFP,Du lịch & Dịch vụ,Quản trị nhà hàng và dịch vụ ăn uống,4.7
STU1338,9.8,6.3,9.0,4.5,4.5,6.3,6.5,ENTP,Kinh tế & Quản lý,Kinh tế,4.3
STU5768,9.5,6.8,6.7,7.9,8.4,7.2,5.4,INTJ,"Kỹ thuật, Cơ khí & Ô tô",Kỹ thuật điện,3.4
STU0946,9.1,6.2,5.7,5.2,9.5,9.7,5.8,ISTJ,Y tế & Sức khỏe,Điều dưỡng,4.8
STU6291,7.7,5.9,6.5,5.1,8.7,9.4,5.5,INFP,Nông nghiệp & Môi trường,Thú y,4.0
STU2251,7.5,9.8,9.0,6.6,6.2,6.6,9.3,ENFJ,Sư phạm & Giáo dục,Giáo dục Mầm non,3.8
STU7649,6.4,8.9,7.1,6.8,5.5,5.8,8.8,ESFJ,Du lịch & Dịch vụ,Quản trị nhà hàng và dịch vụ ăn uống,3.1
STU0802,8.8,6.2,5.7,5.1,8.8,9.5,5.2,INFJ,Y tế & Sức khỏe,Răng - Hàm - Mặt,4.5
STU3932,6.2,9.1,8.2,6.2,6.6,6.4,8.3,ENFP,Truyền thông & Báo chí,Truyền thông đại chúng,4.3
STU2347,7.2,8.3,8.0,5.9,7.3,6.0,9.7,ENFJ,Sư phạm & Giáo dục,Sư phạm Toán học,4.2
STU0069,10.0,4.9,8.9,9.5,6.9,5.5,5.8,ISTJ,Công nghệ Thông tin & Kỹ thuật Máy tính,An toàn thông tin,4.3
STU5863,8.9,6.0,7.2,10.0,7.4,5.1,5.7,ISTJ,"Kỹ thuật, Cơ khí & Ô tô",Robot và Trí tuệ nhân tạo,5.2
STU7437,6.4,7.3,7.8,4.8,5.3,5.8,8.7,ESFP,Du lịch & Dịch vụ,Quản trị khách sạn,4.0
STU2785,7.3,7.5,9.2,6.3,6.0,6.2,7.5,INFP,Ngôn ngữ & Văn hóa,Văn học,4.2
STU1599,9.9,7.9,9.1,4.9,6.7,5.8,6.5,ENTJ,Kinh tế & Quản lý,Tài chính - Ngân hàng,4.2
STU6282,7.1,5.6,7.0,6.6,9.9,9.1,6.5,ISFP,Nông nghiệp & Môi trường,Khoa học môi trường,4.6
STU4718,5.0,8.0,7.3,6.3,6.5,6.8,10.0,INFJ,Luật & Xã hội,Luật kinh tế,4.4
STU5193,5.2,8.5,7.6,7.3,6.7,7.3,8.5,ENTJ,Luật & Xã hội,Quản lý nhà nước,2.8
STU1504,9.0,8.6,10.0,5.4,6.8,6.2,5.2,ESTJ,Kinh tế & Quản lý,Tài chính - Ngân hàng,4.7
STU3718,5.7,9.4,8.9,5.5,5.2,5.0,8.9,ESFP,Truyền thông & Báo chí,Truyền thông đa phương tiện,4.6
STU0151,8.8,5.8,8.9,8.0,6.6,6.4,5.2,ISTP,Công nghệ Thông tin & Kỹ thuật Máy tính,Công nghệ thông tin,4.6
STU2805,6.0,9.3,10.0,6.2,5.5,5.6,7.2,INTP,Ngôn ngữ & Văn hóa,Ngôn ngữ Hàn Quốc,4.2
STU4167,6.0,8.8,6.6,4.1,5.9,6.6,8.3,ISFP,Nghệ thuật & Thiết kế,Thiết kế thời trang,4.2
STU2087,7.1,8.6,7.3,5.4,6.0,6.1,10.0,INFJ,Sư phạm & Giáo dục,Sư phạm Tin học,4.6
STU7288,8.4,5.5,5.5,8.8,7.2,6.2,5.2,ISTP,Xây dựng & Quy hoạch,Kinh tế xây dựng,4.7
STU2260,6.6,9.6,10.0,6.0,5.8,6.5,9.7,INFJ,Sư phạm & Giáo dục,Tâm lý học giáo dục,4.7
STU3938,4.5,10.0,8.9,4.9,6.8,6.5,8.1,ESFP,Truyền thông & Báo chí,Quan hệ công chúng,3.5
STU5375,10.0,5.6,6.9,9.7,8.3,6.5,7.8,INTJ,"Kỹ thuật, Cơ khí & Ô tô",Robot và Trí tuệ nhân tạo,4.3
STU6170,8.2,5.5,5.7,5.8,7.6,8.8,5.0,ISFJ,Nông nghiệp & Môi trường,Khoa học môi trường,3.4
STU6033,6.4,6.8,7.2,5.9,7.3,9.5,5.9,ISTJ,Nông nghiệp & Môi trường,Nông nghiệp,5.5
STU0860,8.3,6.0,7.6,6.3,9.0,9.0,7.1,ISTJ,Y tế & Sức khỏe,Y đa khoa,4.2
STU6339,7.6,7.5,5.8,5.9,8.4,8.9,6.3,ISTJ,Nông nghiệp & Môi trường,Công nghệ thực phẩm,5.1
STU7232,9.3,6.1,6.2,9.3,6.2,4.9,6.6,ISTJ,Xây dựng & Quy hoạch,Quản lý xây dựng,4.0
STU3498,6.3,10.0,9.2,6.7,5.2,5.6,8.2,ENTP,Truyền thông & Báo chí,Thông tin - thư viện,4.3
STU7021,9.1,6.5,4.7,8.2,7.0,6.3,5.5,ISTP,Xây dựng & Quy hoạch,Kỹ thuật cấp thoát nước,4.1
STU4332,5.6,8.5,5.5,5.6,6.8,5.5,7.1,INFJ,Nghệ thuật & Thiết kế,Điêu khắc,5.4
STU5946,9.3,5.5,6.7,8.9,8.6,6.5,6.3,ISTJ,"Kỹ thuật, Cơ khí & Ô tô",Kỹ thuật điện,5.1
STU0367,9.2,6.2,7.9,8.3,7.7,6.7,5.0,INTJ,Công nghệ Thông tin & Kỹ thuật Máy tính,Công nghệ thông tin,4.7
STU1433,8.5,6.7,8.3,6.5,6.7,5.7,5.0,ENTP,Kinh tế & Quản lý,Kinh tế,3.6
STU7122,8.0,5.2,5.7,8.8,6.2,5.1,6.3,ISTJ,Xây dựng & Quy hoạch,Địa kỹ thuật xây dựng,3.8
STU5611,9.5,6.0,6.5,9.4,7.8,6.9,6.5,ISTJ,"Kỹ thuật, Cơ khí & Ô tô",Robot và Trí tuệ nhân tạo,4.2
STU1780,9.9,9.2,9.7,6.6,7.9,6.3,5.3,ENTJ,Kinh tế & Quản lý,Hệ thống thông tin quản lý,4.3
STU7871,4.8,7.8,8.2,5.1,5.0,5.6,9.2,ESFP,Du lịch & Dịch vụ,Du lịch,3.9
STU4170,6.5,8.1,6.4,6.5,5.5,5.2,6.3,ISFP,Nghệ thuật & Thiết kế,Kiến trúc,3.6
STU1819,6.9,8.0,9.5,6.8,5.7,6.8,6.3,ESTJ,Kinh tế & Quản lý,Marketing,4.3
STU6963,8.7,5.4,5.7,9.7,8.0,6.6,6.9,ISTP,Xây dựng & Quy hoạch,Kinh tế xây dựng,4.0
STU0842,9.0,5.6,7.1,7.9,9.3,9.6,6.8,INFJ,Y tế & Sức khỏe,Y học cổ truyền,4.5
STU2705,5.1,9.2,9.8,5.0,6.2,6.7,7.2,INFP,Ngôn ngữ & Văn hóa,Ngôn ngữ Hàn Quốc,5.0
STU1190,9.6,5.7,6.0,4.2,8.7,8.9,6.0,INFJ,Y tế & Sức khỏe,Y học dự phòng,3.3
STU0176,8.6,6.5,9.4,9.3,7.8,4.4,6.4,INTP,Công nghệ Thông tin & Kỹ thuật Máy tính,Kỹ thuật phần mềm,5.2
STU4437,5.6,8.3,7.2,4.2,7.5,6.7,9.0,INFJ,Nghệ thuật & Thiết kế,Thiết kế nội thất,4.4
STU7518,6.8,7.6,9.1,5.0,5.1,5.1,8.9,ESFP,Du lịch & Dịch vụ,Du lịch,4.5
STU0618,8.7,6.3,8.9,9.1,6.2,5.2,6.0,ISTP,Công nghệ Thông tin & Kỹ thuật Máy tính,An toàn thông tin,3.7
STU2094,7.6,8.4,10.0,5.9,5.4,5.9,9.5,INFJ,Sư phạm & Giáo dục,Sư phạm Ngữ văn,5.0
STU3309,5.3,8.4,8.5,4.8,5.9,5.1,6.9,INFP,Ngôn ngữ & Văn hóa,Đông phương học,4.8
STU5815,8.4,6.4,7.0,8.4,8.1,7.6,6.6,INTJ,"Kỹ thuật, Cơ khí & Ô tô",Robot và Trí tuệ nhân tạo,4.3
STU3818,7.2,9.4,8.1,6.0,5.6,5.6,7.8,ENFP,Truyền thông & Báo chí,Lưu trữ học,5.4
STU0083,9.7,6.6,8.9,9.2,7.1,5.9,4.9,ISTP,Công nghệ Thông tin & Kỹ thuật Máy tính,Khoa học Máy tính,5.9
STU4049,6.9,8.4,6.8,5.8,5.2,7.1,8.1,INFP,Nghệ thuật & Thiết kế,Đạo diễn Điện ảnh - Truyền hình,3.7
STU3209,5.8,8.3,9.6,4.9,6.6,6.8,7.0,INFP,Ngôn ngữ & Văn hóa,Ngôn ngữ Nhật,4.1
STU0817,10.0,6.7,5.2,6.0,8.6,6.7,5.7,ISFP,Y tế & Sức khỏe,Quản lý bệnh viện,3.6
STU1031,9.5,5.6,5.6,4.9,9.3,8.6,5.1,INFJ,Y tế & Sức khỏe,Y đa khoa,5.3
STU5059,5.6,8.2,8.1,5.8,6.9,6.9,9.6,ISTJ,Luật & Xã hội,Luật,4.0
STU0301,9.8,6.4,10.0,10.0,7.1,5.0,5.9,ENTP,Công nghệ Thông tin & Kỹ thuật Máy tính,Công nghệ thông tin,4.4
STU6004,7.5,5.6,7.1,5.7,8.6,9.5,6.8,ISFP,Nông nghiệp & Môi trường,Nuôi trồng thủy sản,3.7
STU1473,8.5,8.3,9.7,5.9,5.5,6.6,4.4,ENTJ,Kinh tế & Quản lý,Hệ thống thông tin quản lý,5.0
STU0284,7.7,7.0,5.5,6.1,6.3,6.5,7.3,ESTP,Công nghệ Thông tin & Kỹ thuật Máy tính,An toàn thông tin,3.0
STU2029,6.9,9.5,7.7,5.9,6.1,8.0,9.2,ENFJ,Sư phạm & Giáo dục,Sư phạm Vật lý,4.0
STU6474,7.4,5.7,6.5,5.1,8.4,10.0,6.7,ISFP,Nông nghiệp & Môi trường,Khoa học môi trường,5.1
STU4908,6.8,9.5,8.6,6.0,5.8,4.8,9.4,INFJ,Luật & Xã hội,Luật kinh tế,4.1
STU6345,7.4,6.7,6.0,5.9,9.3,9.0,5.0,ISFJ,Nông nghiệp & Môi trường,Khoa học cây trồng,4.3
STU2916,6.1,9.1,9.8,4.2,6.0,6.5,7.9,INFP,Ngôn ngữ & Văn hóa,Ngôn ngữ Anh,4.8
STU1814,8.5,8.1,9.0,5.6,4.9,6.6,6.6,ENTP,Kinh tế & Quản lý,Tài chính - Ngân hàng,4.0
STU1272,9.3,6.4,6.3,6.2,10.0,8.7,6.1,ISFP,Y tế & Sức khỏe,Y đa khoa,4.3
STU5875,9.5,6.2,6.1,9.4,8.6,6.6,6.0,ISTP,"Kỹ thuật, Cơ khí & Ô tô",Kỹ thuật cơ điện tử,4.2
STU5724,9.0,5.1,6.2,10.0,6.9,6.8,4.7,ISTJ,"Kỹ thuật, Cơ khí & Ô tô",Kỹ thuật cơ khí,4.6
STU4263,5.9,5.3,5.9,5.6,4.8,6.0,5.6,ENFP,Nghệ thuật & Thiết kế,Thiết kế công nghiệp,2.3
STU5956,7.7,6.4,5.9,8.8,7.8,5.9,6.6,INTJ,"Kỹ thuật, Cơ khí & Ô tô",Kỹ thuật điện tử - viễn thông,3.8
STU5071,5.0,9.9,7.5,6.6,5.9,5.8,9.3,ENTJ,Luật & Xã hội,Luật quốc tế,3.5
STU4688,4.9,9.6,9.2,5.1,4.4,7.6,10.0,ENTJ,Luật & Xã hội,Luật quốc tế,4.1
STU3151,5.2,7.2,9.4,6.3,5.3,6.7,8.2,INTP,Ngôn ngữ & Văn hóa,Ngôn ngữ Trung Quốc,4.7
STU0821,9.1,6.0,7.0,5.3,10.0,9.2,6.6,INFJ,Y tế & Sức khỏe,Điều dưỡng,4.8
STU2314,6.5,10.0,10.0,5.1,6.4,7.0,9.7,ISFJ,Sư phạm & Giáo dục,Sư phạm Ngữ văn,4.3
STU2009,6.6,9.8,8.8,6.4,6.1,5.9,9.0,ENFJ,Sư phạm & Giáo dục,Sư phạm Tiếng Anh,5.1
STU4828,5.0,10.0,7.3,6.5,5.8,6.0,9.3,ENTJ,Luật & Xã hội,Quản lý nhà nước,2.7
STU2643,6.7,9.7,9.3,5.1,6.0,5.1,9.8,INFJ,Sư phạm & Giáo dục,Sư phạm Toán học,4.9
STU4308,6.2,8.3,5.9,5.6,6.8,5.9,7.8,INFJ,Nghệ thuật & Thiết kế,Thiết kế đồ họa,5.3
STU7286,7.6,5.8,6.6,8.3,7.8,6.9,6.8,ISTJ,Xây dựng & Quy hoạch,Quản lý xây dựng,5.4
STU2306,7.5,9.3,9.1,5.1,6.5,5.4,10.0,INFJ,Sư phạm & Giáo dục,Sư phạm Tin học,5.4
STU7444,6.2,9.0,8.5,6.9,5.5,5.1,8.9,ESFJ,Du lịch & Dịch vụ,Quản trị khách sạn,3.9
STU5762,8.9,5.5,6.1,9.0,6.8,6.4,6.4,INTJ,"Kỹ thuật, Cơ khí & Ô tô",Robot và Trí tuệ nhân tạo,5.7
STU0100,9.4,6.5,9.9,9.6,6.0,7.4,5.3,ISTJ,Công nghệ Thông tin & Kỹ thuật Máy tính,Khoa học dữ liệu,4.8
STU4694,7.5,8.5,7.7,4.9,6.6,4.2,10.0,ENTJ,Luật & Xã hội,Quản lý nhà nước,3.8
STU0745,9.4,7.2,6.4,5.9,8.0,9.4,6.6,INFJ,Y tế & Sức khỏe,Y học cổ truyền,3.4
STU7677,5.6,7.0,9.2,5.6,6.4,5.2,8.4,ESFJ,Du lịch & Dịch vụ,Quản trị nhà hàng và dịch vụ ăn uống,4.0
STU7605,6.9,7.5,8.3,6.9,5.5,5.4,8.7,ESFP,Du lịch & Dịch vụ,Quản lý thể dục thể thao,5.0
STU7462,5.2,8.5,9.3,5.8,5.6,6.1,7.2,ESTP,Du lịch & Dịch vụ,Du lịch,4.4
STU0481,8.7,4.5,8.3,8.8,7.5,6.5,6.5,ENTP,Công nghệ Thông tin & Kỹ thuật Máy tính,Mạng máy tính và truyền thông dữ liệu,4.7
STU5297,5.0,9.0,8.2,6.0,6.3,6.5,8.6,INFJ,Luật & Xã hội,Luật kinh tế,6.0
STU7756,6.9,8.1,8.4,6.2,5.2,4.4,7.8,ESTP,Du lịch & Dịch vụ,Quản trị khách sạn,4.1
STU7844,6.9,8.4,8.1,5.3,5.6,6.2,8.0,ENFP,Du lịch & Dịch vụ,Quản lý thể dục thể thao,5.1
STU1158,9.3,4.8,6.0,5.9,9.3,9.2,5.6,ISTJ,Y tế & Sức khỏe,Y học cổ truyền,3.5
STU6704,8.8,4.8,7.8,9.2,6.6,5.8,5.1,ISTP,Xây dựng & Quy hoạch,Quản lý xây dựng,3.8
STU6396,7.0,5.9,6.9,5.6,8.7,8.9,6.1,INFP,Nông nghiệp & Môi trường,Khoa học môi trường,3.0
STU5902,9.4,5.2,6.4,9.3,8.6,7.0,6.9,ISTP,"Kỹ thuật, Cơ khí & Ô tô",Robot và Trí tuệ nhân tạo,4.6
STU1438,8.9,8.5,10.0,5.7,6.2,5.3,5.7,ENTJ,Kinh tế & Quản lý,Kiểm toán,3.9
STU2415,6.4,9.3,8.0,5.9,4.9,6.5,10.0,ENFJ,Sư phạm & Giáo dục,Sư phạm Vật lý,4.8
STU4839,6.5,9.2,7.2,6.7,7.0,6.7,9.6,ENTJ,Luật & Xã hội,Xã hội học,4.0
STU0403,9.1,6.2,8.1,8.1,8.1,6.7,6.2,ISTJ,Công nghệ Thông tin & Kỹ thuật Máy tính,Mạng máy tính và truyền thông dữ liệu,5.3
STU5805,8.5,6.1,4.1,9.9,7.4,6.1,5.6,ISTP,"Kỹ thuật, Cơ khí & Ô tô",Kỹ thuật điện,3.6
STU2196,5.8,9.5,10.0,6.7,5.5,5.2,9.0,ISFJ,Sư phạm & Giáo dục,Tâm lý học giáo dục,4.0
STU0950,9.7,6.1,5.3,5.8,10.0,8.9,5.4,INFJ,Y tế & Sức khỏe,Kỹ thuật hình ảnh y học,5.0
STU4685,6.0,10.0,8.3,5.6,6.4,5.2,10.0,INFJ,Luật & Xã hội,Luật quốc tế,3.3
STU2068,6.4,8.9,8.7,7.1,5.7,5.9,9.7,ENFJ,Sư phạm & Giáo dục,Giáo dục Tiểu học,4.5
STU4150,5.6,8.5,6.6,5.0,7.0,7.7,6.9,INFJ,Nghệ thuật & Thiết kế,Điêu khắc,4.2
STU6257,7.9,5.6,5.1,6.5,9.0,8.9,6.2,ISFJ,Nông nghiệp & Môi trường,Khoa học cây trồng,3.5
STU0669,8.3,6.6,6.5,7.1,8.1,9.5,4.1,INFJ,Y tế & Sức khỏe,Y học cổ truyền,4.2
STU0219,9.3,5.1,8.9,8.4,8.7,6.0,6.2,INTJ,Công nghệ Thông tin & Kỹ thuật Máy tính,Kỹ thuật phần mềm,3.9
STU3367,6.8,10.0,8.4,5.6,4.8,6.8,7.9,ENTP,Truyền thông & Báo chí,Báo chí,4.5
STU7696,4.2,7.0,8.6,5.2,6.7,6.0,8.0,ESFP,Du lịch & Dịch vụ,Quản lý thể dục thể thao,3.3
STU1963,8.8,9.3,9.2,5.3,7.4,5.6,7.3,ENTJ,Kinh tế & Quản lý,Marketing,5.2
STU3882,5.6,8.1,8.1,5.7,5.6,7.3,8.0,ENTP,Truyền thông & Báo chí,Báo chí,4.3
STU5794,8.8,7.0,6.4,9.2,7.0,5.5,5.1,ISTJ,"Kỹ thuật, Cơ khí & Ô tô",Công nghệ kỹ thuật ô tô,5.5
STU2214,6.6,9.6,9.6,5.5,5.1,6.3,9.5,ISFJ,Sư phạm & Giáo dục,Giáo dục Tiểu học,4.6
STU2634,6.6,8.6,9.0,5.3,7.1,5.2,9.5,INFJ,Sư phạm & Giáo dục,Giáo dục Mầm non,4.6
STU1660,8.4,8.7,8.6,6.4,7.1,6.0,6.3,ENTJ,Kinh tế & Quản lý,Kế toán,4.1
STU3617,7.2,8.7,9.0,6.6,6.9,5.3,8.2,ESFP,Truyền thông & Báo chí,Quan hệ công chúng,5.1
STU5363,9.2,5.6,6.2,8.7,7.1,6.5,4.4,ESTP,"Kỹ thuật, Cơ khí & Ô tô",Kỹ thuật điện,3.3
STU5305,4.6,9.1,7.7,7.1,6.2,4.8,9.1,ISTJ,Luật & Xã hội,Luật quốc tế,4.5
STU5483,9.9,5.0,7.0,9.0,8.5,6.0,6.2,INTJ,"Kỹ thuật, Cơ khí & Ô tô",Kỹ thuật cơ khí,5.0
STU2146,6.5,9.7,9.5,6.4,6.1,6.6,9.5,ESFJ,Sư phạm & Giáo dục,Tâm lý học giáo dục,4.2
STU0778,9.4,5.5,6.3,6.3,8.4,9.8,7.2,INFJ,Y tế & Sức khỏe,Kỹ thuật hình ảnh y học,3.3
STU2435,7.4,8.8,8.2,5.4,5.0,6.2,9.4,ISFJ,Sư phạm & Giáo dục,Tâm lý học giáo dục,3.3
STU3067,6.7,9.5,10.0,6.6,6.1,6.0,7.4,INFP,Ngôn ngữ & Văn hóa,Tiếng Việt và văn hoá Việt Nam,4.3
STU5403,9.2,5.5,7.3,9.4,6.9,6.7,6.0,INTJ,"Kỹ thuật, Cơ khí & Ô tô",Kỹ thuật cơ khí,4.5
STU5742,10.0,6.1,5.4,9.0,6.7,7.5,6.2,ISTP,"Kỹ thuật, Cơ khí & Ô tô",Kỹ thuật điều khiển và tự động hóa,5.2
STU4576,5.3,7.6,6.2,7.0,5.6,4.7,7.9,INFP,Nghệ thuật & Thiết kế,Thiết kế đồ họa,3.4
STU5065,6.0,9.0,6.9,6.0,5.9,6.2,10.0,INTJ,Luật & Xã hội,Xã hội học,4.3
STU1492,10.0,9.7,8.5,5.9,7.3,4.4,5.5,ESTP,Kinh tế & Quản lý,Hệ thống thông tin quản lý,4.3
STU3154,6.6,9.2,10.0,6.6,5.2,5.6,8.4,INFP,Ngôn ngữ & Văn hóa,Văn học,5.7
STU4086,6.0,9.2,4.9,6.6,5.7,5.0,8.3,INFJ,Nghệ thuật & Thiết kế,Thiết kế đồ họa,3.9
STU3686,5.2,9.5,7.7,6.4,7.6,6.6,9.4,ENTP,Truyền thông & Báo chí,Quan hệ công chúng,3.5
STU4670,5.8,9.8,6.7,5.7,6.3,6.5,9.3,INFJ,Luật & Xã hội,Tâm lý học,3.9
STU5991,9.0,5.5,6.8,9.9,8.3,6.6,6.2,ISTJ,"Kỹ thuật, Cơ khí & Ô tô",Công nghệ kỹ thuật ô tô,3.9
STU7787,6.7,7.5,8.4,7.0,5.2,6.6,7.2,ESFJ,Du lịch & Dịch vụ,Quản trị nhà hàng và dịch vụ ăn uống,4.4
STU0518,8.6,5.5,8.1,8.5,7.2,5.5,5.3,INTP,Công nghệ Thông tin & Kỹ thuật Máy tính,An toàn thông tin,4.5
STU3935,5.5,10.0,9.5,4.7,5.8,6.5,6.4,ENTP,Truyền thông & Báo chí,Truyền thông đa phương tiện,4.4
STU4982,5.5,10.0,8.8,5.3,6.4,6.0,8.4,ENTJ,Luật & Xã hội,Công tác xã hội,4.5
STU4524,6.5,8.1,6.6,5.4,7.4,7.0,6.1,ISFP,Nghệ thuật & Thiết kế,Thanh nhạc,4.8
STU6324,7.7,6.5,7.7,5.6,8.8,9.9,6.4,INFP,Nông nghiệp & Môi trường,Nuôi trồng thủy sản,4.1
STU7776,5.1,8.2,9.3,5.8,6.8,5.2,8.9,ESTP,Du lịch & Dịch vụ,Quản trị nhà hàng và dịch vụ ăn uống,3.7
STU6124,7.1,4.8,7.2,6.4,7.9,9.8,7.5,ISFP,Nông nghiệp & Môi trường,Khoa học cây trồng,4.1
STU1416,9.1,9.1,8.8,6.1,6.3,5.5,6.7,ESTJ,Kinh tế & Quản lý,Thương mại điện tử,4.3
STU0569,9.5,6.6,9.6,9.0,7.3,7.3,4.6,ISTP,Công nghệ Thông tin & Kỹ thuật Máy tính,Khoa học Máy tính,3.5
STU0361,9.2,5.5,7.5,9.5,8.4,5.5,6.5,ISTJ,Công nghệ Thông tin & Kỹ thuật Máy tính,Khoa học Máy tính,5.7
STU4540,6.3,8.9,6.0,5.1,5.9,7.0,8.2,ISFP,Nghệ thuật & Thiết kế,Hội họa,3.8
STU6891,8.4,4.3,6.6,8.0,7.0,5.6,5.5,ISTJ,Xây dựng & Quy hoạch,Quản lý xây dựng,5.3
STU5213,5.3,8.9,8.1,7.2,5.3,5.3,9.5,INTJ,Luật & Xã hội,Công tác xã hội,4.9
STU4163,6.2,6.6,6.1,5.3,7.0,6.1,7.9,ISFP,Nghệ thuật & Thiết kế,Đạo diễn Điện ảnh - Truyền hình,4.2
STU3101,6.7,9.0,10.0,5.0,5.1,5.6,7.5,INTP,Ngôn ngữ & Văn hóa,Ngôn ngữ Trung Quốc,4.0
STU4077,6.3,8.1,5.5,5.9,7.1,5.1,7.5,INFP,Nghệ thuật & Thiết kế,Hội họa,3.7
STU0760,9.0,5.6,5.7,6.7,9.3,9.7,5.6,ISFP,Y tế & Sức khỏe,Dược học,3.3
STU3549,5.3,8.1,8.4,5.1,5.8,6.1,8.6,ENFP,Truyền thông & Báo chí,Báo chí,4.1
STU4376,6.9,7.5,6.2,7.4,5.3,7.2,8.8,ISFP,Nghệ thuật & Thiết kế,Hội họa,4.6
STU7513,6.2,8.6,9.2,6.3,7.1,6.8,8.7,ENFP,Du lịch & Dịch vụ,Quản trị dịch vụ du lịch và lữ hành,4.5
STU7707,6.5,8.0,9.3,6.8,6.2,5.4,8.0,ESTP,Du lịch & Dịch vụ,Quản trị khách sạn,4.2
STU6493,8.0,5.8,7.5,4.7,9.0,9.5,6.7,ISTJ,Nông nghiệp & Môi trường,Khoa học môi trường,4.5
STU7420,6.6,7.1,9.0,5.5,6.0,5.8,8.0,ESFP,Du lịch & Dịch vụ,Quản lý thể dục thể thao,4.4
STU0215,9.1,6.7,9.3,10.0,7.6,5.7,5.7,ISTP,Công nghệ Thông tin & Kỹ thuật Máy tính,Công nghệ thông tin,5.0
STU3783,5.3,10.0,9.6,5.4,6.8,6.6,8.4,ESFP,Truyền thông & Báo chí,Thông tin - thư viện,4.4
STU5898,9.2,6.0,4.9,8.7,6.0,6.4,5.0,ISTJ,"Kỹ thuật, Cơ khí & Ô tô",Kỹ thuật điều khiển và tự động hóa,5.7
STU6912,9.2,5.8,6.3,8.8,7.8,7.3,4.9,ISTP,Xây dựng & Quy hoạch,Quản lý xây dựng,4.2
STU4861,5.8,9.6,8.2,5.9,7.0,7.0,9.1,INFJ,Luật & Xã hội,Luật kinh tế,4.9
STU3945,6.0,8.5,8.9,5.4,6.7,5.3,8.2,ENFP,Truyền thông & Báo chí,Công nghệ truyền thông,4.0
STU7588,5.3,7.3,8.7,8.0,6.2,6.2,8.4,ESFP,Du lịch & Dịch vụ,Quản trị khách sạn,4.8
STU1474,9.4,7.4,8.2,7.3,5.8,6.6,5.1,ENTP,Kinh tế & Quản lý,Quản trị kinh doanh,3.8
STU2245,7.7,9.2,8.5,7.3,6.3,6.4,9.7,ISFJ,Sư phạm & Giáo dục,Sư phạm Tin học,4.3
STU0726,9.5,5.2,5.6,5.6,9.1,9.3,7.3,ISFP,Y tế & Sức khỏe,Kỹ thuật phục hồi chức năng,4.3
STU5684,9.1,6.2,4.9,10.0,7.9,7.1,6.5,ISTP,"Kỹ thuật, Cơ khí & Ô tô",Kỹ thuật điều khiển và tự động hóa,3.9
STU3561,6.2,10.0,9.2,5.6,6.0,6.4,7.4,ENTP,Truyền thông & Báo chí,Truyền thông đa phương tiện,4.1
STU0050,10.0,5.3,8.8,7.7,7.2,5.9,7.1,ENTP,Công nghệ Thông tin & Kỹ thuật Máy tính,Công nghệ thông tin,3.9
STU7983,6.3,8.0,8.2,6.2,6.4,6.4,8.2,ESTP,Du lịch & Dịch vụ,Quản trị khách sạn,4.3
STU5958,9.5,5.2,6.1,8.6,7.5,6.6,6.3,ISTP,"Kỹ thuật, Cơ khí & Ô tô",Công nghệ kỹ thuật ô tô,4.8
STU3131,6.0,5.9,5.6,6.0,5.2,5.7,5.2,ENFJ,Ngôn ngữ & Văn hóa,Đông phương học,1.7
STU0888,9.7,4.4,6.3,6.7,9.6,8.9,6.1,ISFJ,Y tế & Sức khỏe,Kỹ thuật hình ảnh y học,3.1
STU6999,9.4,5.3,6.7,8.0,7.1,5.1,5.2,ESTJ,Xây dựng & Quy hoạch,Kinh tế xây dựng,4.3
STU4419,6.3,7.9,4.7,6.8,4.9,5.6,6.5,INFJ,Nghệ thuật & Thiết kế,Thiết kế nội thất,4.6
STU2894,6.3,8.3,9.3,6.1,5.1,5.1,7.6,INTP,Ngôn ngữ & Văn hóa,Ngôn ngữ học,3.0
STU6764,8.0,5.5,6.6,8.0,6.6,6.7,5.2,ESTJ,Xây dựng & Quy hoạch,Kỹ thuật cấp thoát nước,5.0
STU7222,8.5,5.7,6.5,8.6,8.3,6.7,6.2,ESTJ,Xây dựng & Quy hoạch,Công nghệ kỹ thuật công trình xây dựng,4.3
STU0517,9.1,5.9,8.4,9.5,8.0,5.7,6.6,ENTP,Công nghệ Thông tin & Kỹ thuật Máy tính,Công nghệ thông tin,4.4
STU3169,6.2,9.1,9.2,4.8,5.6,5.3,8.5,INFP,Ngôn ngữ & Văn hóa,Đông phương học,4.1
STU2950,5.1,9.4,9.1,6.0,5.5,5.7,7.3,ISFP,Ngôn ngữ & Văn hóa,Quốc tế học,4.6
STU3870,5.1,8.8,8.7,6.2,6.1,4.2,8.8,ENFP,Truyền thông & Báo chí,Truyền thông đa phương tiện,3.7
STU0140,8.9,5.7,8.9,9.7,5.6,6.9,5.1,INTP,Công nghệ Thông tin & Kỹ thuật Máy tính,An toàn thông tin,4.7
STU3814,5.6,9.3,9.1,6.1,6.1,6.7,7.0,ESFP,Truyền thông & Báo chí,Báo chí,5.0
STU3873,5.7,9.9,8.4,6.4,5.0,6.0,8.0,ENFP,Truyền thông & Báo chí,Truyền thông đại chúng,5.2
STU5486,8.6,6.6,5.3,8.8,7.5,5.5,4.6,ISTJ,"Kỹ thuật, Cơ khí & Ô tô",Robot và Trí tuệ nhân tạo,4.6
STU3198,4.9,6.0,5.3,6.5,6.2,6.1,6.2,ESTJ,Ngôn ngữ & Văn hóa,Quốc tế học,2.0
STU7857,6.4,7.5,8.0,6.9,6.7,6.5,9.2,ENFP,Du lịch & Dịch vụ,Quản trị khách sạn,4.4
STU0113,8.5,6.3,8.6,9.4,6.3,6.7,5.8,ENTP,Công nghệ Thông tin & Kỹ thuật Máy tính,Kỹ thuật phần mềm,4.1
STU3196,5.6,8.9,10.0,6.2,6.2,6.3,9.2,INFP,Ngôn ngữ & Văn hóa,Tiếng Việt và văn hoá Việt Nam,4.4
STU0464,9.7,6.4,10.0,8.1,7.1,5.1,7.2,INTP,Công nghệ Thông tin & Kỹ thuật Máy tính,An toàn thông tin,4.8
STU5097,4.4,9.0,9.2,5.6,5.6,6.0,10.0,ISTJ,Luật & Xã hội,Quản lý nhà nước,3.8
STU1234,9.4,5.5,5.2,5.0,9.0,9.9,6.7,INFJ,Y tế & Sức khỏe,Điều dưỡng,3.6
STU3251,5.1,9.2,8.8,6.3,7.1,6.0,8.7,INFP,Ngôn ngữ & Văn hóa,Ngôn ngữ Anh,5.0
STU0595,9.0,5.8,9.6,8.8,7.8,5.3,5.8,ENTP,Công nghệ Thông tin & Kỹ thuật Máy tính,Mạng máy tính và truyền thông dữ liệu,5.0
STU4862,5.7,8.9,7.6,5.9,7.0,5.6,8.5,ISTJ,Luật & Xã hội,Luật kinh tế,4.4
STU0451,8.8,6.0,10.0,8.5,8.7,5.3,6.2,INTJ,Công nghệ Thông tin & Kỹ thuật Máy tính,Mạng máy tính và truyền thông dữ liệu,5.0
STU4491,5.9,8.9,3.8,4.6,7.2,6.4,7.5,INFP,Nghệ thuật & Thiết kế,Hội họa,4.8
STU3278,4.8,7.8,8.7,5.0,5.6,5.3,7.4,INFP,Ngôn ngữ & Văn hóa,Ngôn ngữ Anh,3.7
STU4130,6.7,8.0,5.7,5.4,6.0,6.7,7.1,INFJ,Nghệ thuật & Thiết kế,Kiến trúc,4.3
STU4687,6.7,8.8,6.9,5.8,5.2,6.2,9.5,INFJ,Luật & Xã hội,Xã hội học,4.0
STU0313,8.6,5.0,9.1,7.4,6.7,4.6,5.4,ISTJ,Công nghệ Thông tin & Kỹ thuật Máy tính,Thiết kế vi mạch,4.4
STU6982,10.0,5.3,5.2,9.9,8.1,6.6,6.1,ESTJ,Xây dựng & Quy hoạch,Kỹ thuật xây dựng,3.5
STU5936,9.0,6.3,6.1,10.0,6.4,6.2,7.1,ESTP,"Kỹ thuật, Cơ khí & Ô tô",Kỹ thuật cơ khí,4.5
STU4657,6.4,8.4,6.4,6.2,5.7,6.1,7.0,INFP,Nghệ thuật & Thiết kế,Thiết kế công nghiệp,3.7
STU7208,8.9,7.3,6.3,7.5,6.8,5.8,6.6,ESTJ,Xây dựng & Quy hoạch,Địa kỹ thuật xây dựng,5.7
STU7224,8.6,6.2,5.7,8.6,6.8,6.1,4.5,ISTJ,Xây dựng & Quy hoạch,Kỹ thuật cấp thoát nước,3.7
STU5392,7.7,6.7,4.8,9.3,8.1,6.6,6.2,INTJ,"Kỹ thuật, Cơ khí & Ô tô",Kỹ thuật điều khiển và tự động hóa,3.8
STU0452,9.5,5.0,8.0,8.6,7.3,5.5,6.3,ENTP,Công nghệ Thông tin & Kỹ thuật Máy tính,Khoa học dữ liệu,4.3
STU3167,6.1,9.0,10.0,5.5,5.1,5.9,7.6,ISFP,Ngôn ngữ & Văn hóa,Ngôn ngữ Trung Quốc,4.6
STU6097,8.4,6.9,6.2,6.4,8.0,9.3,5.8,ISTJ,Nông nghiệp & Môi trường,Khoa học môi trường,4.8
STU6463,7.6,6.4,5.6,5.8,8.7,10.0,5.7,ISTJ,Nông nghiệp & Môi trường,Công nghệ sau thu hoạch,3.7
STU0891,9.0,5.5,6.0,5.2,9.5,9.0,5.7,ISFP,Y tế & Sức khỏe,Kỹ thuật phục hồi chức năng,5.2
STU2764,5.5,8.5,9.0,6.7,5.7,4.5,8.2,INFP,Ngôn ngữ & Văn hóa,Tiếng Việt và văn hoá Việt Nam,4.5
STU0659,8.2,5.8,8.3,10.0,6.8,7.6,6.9,INTP,Công nghệ Thông tin & Kỹ thuật Máy tính,Khoa học Máy tính,4.2
STU1507,8.5,8.5,9.2,5.7,7.3,5.7,6.5,ESTJ,Kinh tế & Quản lý,Kiểm toán,4.3
STU4002,5.4,8.8,6.8,7.6,6.8,5.5,8.2,INFP,Nghệ thuật & Thiết kế,Điêu khắc,4.7
STU6068,7.2,4.7,4.5,6.0,9.2,9.4,7.3,INFP,Nông nghiệp & Môi trường,Công nghệ thực phẩm,4.0
STU7480,7.5,8.3,9.0,6.5,5.2,5.8,7.4,ESFP,Du lịch & Dịch vụ,Quản trị nhà hàng và dịch vụ ăn uống,4.9
STU1000,9.9,5.4,6.8,5.7,9.1,9.8,5.6,ISFP,Y tế & Sức khỏe,Răng - Hàm - Mặt,3.9
STU0390,9.5,6.4,10.0,8.4,7.4,6.8,4.8,INTJ,Công nghệ Thông tin & Kỹ thuật Máy tính,Kỹ thuật phần mềm,2.7
STU3408,6.6,10.0,9.4,5.6,6.4,5.2,7.0,ENTP,Truyền thông & Báo chí,Truyền thông đa phương tiện,4.9
STU2331,7.0,9.8,9.3,5.9,5.7,6.6,9.4,ESFJ,Sư phạm & Giáo dục,Sư phạm Ngữ văn,3.8
STU1477,7.8,7.9,8.7,5.6,6.9,6.7,6.7,ENTJ,Kinh tế & Quản lý,Kiểm toán,4.2
STU2241,7.3,8.9,9.3,6.9,6.3,8.1,8.7,ISFJ,Sư phạm & Giáo dục,Sư phạm Tin học,4.8
STU7186,8.7,4.8,4.5,9.2,7.5,5.2,7.0,ISTP,Xây dựng & Quy hoạch,Quản lý xây dựng,5.1
STU7197,8.0,4.8,5.7,9.1,5.7,5.4,6.3,ISTJ,Xây dựng & Quy hoạch,Kinh tế xây dựng,4.2
STU6672,8.3,5.5,7.2,8.0,8.3,7.4,6.2,ISTJ,Xây dựng & Quy hoạch,Địa kỹ thuật xây dựng,4.4
STU5168,5.1,5.5,6.6,5.1,4.9,5.1,5.1,ENFP,Luật & Xã hội,Quản lý nhà nước,2.7
STU6744,8.4,5.7,7.0,8.0,8.2,5.5,5.2,ISTJ,Xây dựng & Quy hoạch,Địa kỹ thuật xây dựng,5.0
STU2973,6.6,9.2,9.3,7.2,5.8,7.3,8.9,ISFP,Ngôn ngữ & Văn hóa,Quốc tế học,3.5
STU3387,5.2,4.2,5.6,4.9,5.2,6.4,6.1,ESFP,Truyền thông & Báo chí,Truyền thông đại chúng,1.3
STU2776,5.8,9.4,9.4,6.0,5.4,5.4,7.7,ISFP,Ngôn ngữ & Văn hóa,Ngôn ngữ học,4.7
STU1924,7.9,7.7,7.0,5.1,6.9,4.9,6.6,ESTP,Kinh tế & Quản lý,Tài chính - Ngân hàng,3.9
STU0759,9.7,5.8,6.2,6.6,9.9,7.7,7.0,INFJ,Y tế & Sức khỏe,Điều dưỡng,5.9
STU0701,8.4,7.2,6.3,6.4,8.8,9.9,7.2,ISFP,Y tế & Sức khỏe,Răng - Hàm - Mặt,5.0
STU7001,9.0,6.7,6.9,8.6,6.5,5.8,4.6,ESTJ,Xây dựng & Quy hoạch,Kỹ thuật xây dựng,4.6
STU1294,8.4,6.5,5.9,6.8,10.0,8.9,5.8,ISFP,Y tế & Sức khỏe,Kỹ thuật phục hồi chức năng,3.7
STU7054,8.1,6.5,5.6,8.7,6.9,5.0,5.0,ISTJ,Xây dựng & Quy hoạch,Địa kỹ thuật xây dựng,3.8
STU2874,5.8,8.9,9.5,6.6,5.4,6.6,8.0,INFP,Ngôn ngữ & Văn hóa,Tiếng Việt và văn hoá Việt Nam,4.0
STU6691,8.5,5.6,7.0,8.6,6.4,7.3,7.3,ESTJ,Xây dựng & Quy hoạch,Công nghệ kỹ thuật công trình xây dựng,5.1
STU2536,7.0,8.5,8.2,4.8,6.2,4.5,10.0,ISFJ,Sư phạm & Giáo dục,Sư phạm Tiếng Anh,3.5
STU6722,8.6,6.8,5.7,9.7,7.8,5.7,6.5,ESTJ,Xây dựng & Quy hoạch,Kỹ thuật xây dựng,5.3
STU1908,8.3,8.4,9.0,6.2,4.7,4.6,5.5,ENTP,Kinh tế & Quản lý,Hệ thống thông tin quản lý,4.4
STU5520,8.0,5.0,5.8,9.3,8.0,5.5,6.1,ESTP,"Kỹ thuật, Cơ khí & Ô tô",Kỹ thuật điện,4.2
STU6773,10.0,6.6,5.5,8.6,5.7,5.9,6.1,ISTP,Xây dựng & Quy hoạch,Kinh tế xây dựng,4.0
STU0369,9.1,5.8,9.6,8.1,7.5,6.1,4.7,ISTJ,Công nghệ Thông tin & Kỹ thuật Máy tính,Mạng máy tính và truyền thông dữ liệu,5.0
STU1938,4.7,5.6,4.7,4.6,5.3,5.6,6.4,ESFP,Kinh tế & Quản lý,Kiểm toán,0.7
STU4210,5.6,4.6,6.6,4.3,4.4,6.5,6.9,ENTP,Nghệ thuật & Thiết kế,Thanh nhạc,1.6
STU1152,9.8,6.7,7.1,7.4,9.2,9.4,4.8,ISTJ,Y tế & Sức khỏe,Y học cổ truyền,4.3
STU7663,6.4,8.0,8.3,7.0,5.7,5.4,7.5,ESTP,Du lịch & Dịch vụ,Quản trị dịch vụ du lịch và lữ hành,4.7
STU6225,7.2,6.4,6.6,5.8,9.1,9.8,7.0,ISFJ,Nông nghiệp & Môi trường,Khoa học cây trồng,4.0
STU6922,5.4,5.0,5.4,6.0,4.3,6.9,4.2,ENTP,Xây dựng & Quy hoạch,Kinh tế xây dựng,3.1
STU7031,8.9,4.4,6.4,8.3,6.7,5.2,4.0,ESTJ,Xây dựng & Quy hoạch,Địa kỹ thuật xây dựng,5.6
STU3011,5.2,8.5,9.5,5.5,5.5,6.7,7.7,INFP,Ngôn ngữ & Văn hóa,Đông phương học,3.0
STU7860,6.4,7.9,9.1,6.4,5.7,6.5,7.5,ESFJ,Du lịch & Dịch vụ,Du lịch,3.8
STU0192,9.9,5.6,7.9,9.2,6.1,5.9,7.2,INTP,Công nghệ Thông tin & Kỹ thuật Máy tính,Mạng máy tính và truyền thông dữ liệu,5.2
STU5100,5.5,8.9,7.0,7.3,6.3,5.8,10.0,ENTJ,Luật & Xã hội,Quản lý nhà nước,4.5
STU6498,7.0,5.2,5.6,6.4,10.0,9.1,6.8,ISFJ,Nông nghiệp & Môi trường,Khoa học cây trồng,5.0
STU0175,9.5,6.2,9.9,8.2,6.8,6.5,5.6,INTP,Công nghệ Thông tin & Kỹ thuật Máy tính,Khoa học dữ liệu,4.8
STU1904,9.1,8.4,8.1,5.2,6.2,5.8,7.2,ENTP,Kinh tế & Quản lý,Hệ thống thông tin quản lý,4.2
STU1100,7.4,4.9,5.4,5.1,8.4,9.1,4.7,ISFJ,Y tế & Sức khỏe,Răng - Hàm - Mặt,5.0
STU7390,6.4,8.6,9.7,7.0,6.6,6.0,8.5,ESFJ,Du lịch & Dịch vụ,Quản trị khách sạn,5.3
STU3647,6.7,9.4,8.0,6.8,6.5,5.6,8.9,ENTP,Truyền thông & Báo chí,Thông tin - thư viện,4.8
STU3409,4.7,8.8,7.5,7.0,5.9,4.5,9.0,ENFP,Truyền thông & Báo chí,Truyền thông đại chúng,5.3
STU6955,8.8,4.9,5.2,8.2,6.4,4.4,7.1,ISTJ,Xây dựng & Quy hoạch,Công nghệ kỹ thuật công trình xây dựng,4.4
STU2293,6.2,8.0,8.4,5.1,6.3,5.0,9.6,ESFJ,Sư phạm & Giáo dục,Sư phạm Tin học,4.5
STU7032,8.8,6.3,5.5,8.7,7.3,5.7,6.4,ISTP,Xây dựng & Quy hoạch,Quản lý xây dựng,3.9
STU7769,5.3,7.4,8.3,5.3,5.1,5.8,8.9,ESFP,Du lịch & Dịch vụ,Quản lý thể dục thể thao,4.9
STU5317,5.5,9.2,9.2,4.5,5.9,7.0,9.3,ENTJ,Luật & Xã hội,Luật quốc tế,3.9
STU7554,5.5,7.9,8.2,6.3,6.6,4.3,8.6,ESFJ,Du lịch & Dịch vụ,Quản trị dịch vụ du lịch và lữ hành,4.8
STU1165,10.0,6.7,5.9,7.3,10.0,9.5,5.6,ISFP,Y tế & Sức khỏe,Răng - Hàm - Mặt,3.2
STU4490,5.3,8.8,6.4,6.7,5.6,6.1,6.6,INFJ,Nghệ thuật & Thiết kế,Kiến trúc,3.2
STU4702,4.8,9.3,8.2,5.7,6.8,7.0,9.2,ENTJ,Luật & Xã hội,Luật kinh tế,3.9
STU7591,4.9,6.9,5.7,4.6,6.0,6.3,6.4,ESTP,Du lịch & Dịch vụ,Quản trị dịch vụ du lịch và lữ hành,2.3
STU5966,8.5,6.0,5.9,9.1,6.7,5.9,8.1,ESTP,"Kỹ thuật, Cơ khí & Ô tô",Công nghệ kỹ thuật ô tô,5.6
STU5018,4.9,9.8,7.5,7.0,5.8,5.6,9.5,INFJ,Luật & Xã hội,Xã hội học,4.2
STU3665,7.3,8.7,7.9,7.4,6.2,6.8,7.7,ENTP,Truyền thông & Báo chí,Truyền thông đại chúng,4.0
STU5669,8.3,5.8,5.4,9.0,7.8,5.6,4.8,ISTP,"Kỹ thuật, Cơ khí & Ô tô",Kỹ thuật cơ khí,4.3
STU1662,9.2,8.6,9.6,5.7,5.8,5.9,6.4,ENTP,Kinh tế & Quản lý,Thương mại điện tử,4.2
STU0509,8.1,6.8,8.4,8.7,7.7,5.3,5.5,INTJ,Công nghệ Thông tin & Kỹ thuật Máy tính,Kỹ thuật phần mềm,4.3
STU0167,9.0,5.9,10.0,9.3,7.8,5.2,5.3,INTP,Công nghệ Thông tin & Kỹ thuật Máy tính,Kỹ thuật phần mềm,4.6
STU4152,6.6,6.7,7.0,5.9,6.7,5.6,7.2,INFP,Nghệ thuật & Thiết kế,Thiết kế công nghiệp,3.6
STU5511,7.8,6.0,6.6,9.5,8.5,5.2,6.2,ESTP,"Kỹ thuật, Cơ khí & Ô tô",Kỹ thuật cơ khí,5.4
STU4082,5.0,9.0,6.7,5.7,6.5,4.9,6.8,INFJ,Nghệ thuật & Thiết kế,Thanh nhạc,4.6
STU6511,8.3,5.9,4.6,6.4,7.9,9.0,5.9,INFP,Nông nghiệp & Môi trường,Khoa học cây trồng,4.1
STU3270,7.2,8.2,9.4,6.9,6.1,5.6,6.6,ISFP,Ngôn ngữ & Văn hóa,Ngôn ngữ Anh,4.2
STU5401,9.3,6.2,5.6,9.8,8.9,5.8,5.3,ISTP,"Kỹ thuật, Cơ khí & Ô tô",Robot và Trí tuệ nhân tạo,5.5
STU3495,6.3,8.4,7.9,5.3,5.1,5.8,8.7,ENFP,Truyền thông & Báo chí,Truyền thông đại chúng,4.3
STU5826,9.1,5.9,6.1,9.3,6.2,6.0,7.2,ESTP,"Kỹ thuật, Cơ khí & Ô tô",Kỹ thuật cơ điện tử,3.6
STU0104,7.8,6.5,8.2,8.3,6.6,5.3,5.9,ENTP,Công nghệ Thông tin & Kỹ thuật Máy tính,Khoa học Máy tính,4.2
STU3266,5.3,8.4,9.2,5.8,5.2,6.4,9.4,ISFP,Ngôn ngữ & Văn hóa,Ngôn ngữ học,3.1
STU1112,9.6,6.6,5.7,4.5,8.8,10.0,5.5,ISFJ,Y tế & Sức khỏe,Kỹ thuật hình ảnh y học,5.9
STU4864,5.5,9.3,9.1,6.8,5.6,7.7,10.0,INFJ,Luật & Xã hội,Luật kinh tế,4.3
STU5922,8.8,5.5,7.1,10.0,7.6,5.7,5.4,ISTJ,"Kỹ thuật, Cơ khí & Ô tô",Kỹ thuật cơ khí,5.7
STU1105,10.0,5.6,4.7,4.4,8.4,8.6,6.4,ISFP,Y tế & Sức khỏe,Răng - Hàm - Mặt,4.4
STU6333,7.2,6.0,5.6,6.5,8.7,7.7,5.6,ISFP,Nông nghiệp & Môi trường,Khoa học môi trường,4.4
STU1753,6.6,5.9,7.3,4.5,4.4,6.1,5.3,ESTJ,Kinh tế & Quản lý,Quản trị kinh doanh,1.9
STU7141,8.9,5.4,5.0,9.9,7.7,6.1,6.6,ESTJ,Xây dựng & Quy hoạch,Kinh tế xây dựng,5.4
STU4503,5.1,8.1,6.2,6.9,6.8,6.3,7.1,ISFP,Nghệ thuật & Thiết kế,Thanh nhạc,4.1
STU6932,8.8,5.3,5.1,8.9,6.4,5.8,8.0,ESTJ,Xây dựng & Quy hoạch,Kỹ thuật xây dựng,4.3
STU7510,6.0,7.4,9.2,6.0,4.9,5.8,8.8,ENFP,Du lịch & Dịch vụ,Quản trị nhà hàng và dịch vụ ăn uống,4.4
STU2917,6.8,8.8,9.1,5.4,6.4,7.3,8.6,INTP,Ngôn ngữ & Văn hóa,Ngôn ngữ Anh,5.2
STU7629,5.3,7.1,8.1,6.1,4.7,6.6,8.7,ESTP,Du lịch & Dịch vụ,Quản trị nhà hàng và dịch vụ ăn uống,5.4
STU1659,9.3,7.3,9.6,6.5,6.9,6.3,6.5,ENTJ,Kinh tế & Quản lý,Kinh doanh quốc tế,5.4
STU0153,9.4,7.3,8.5,7.7,5.6,5.1,7.3,ISTP,Công nghệ Thông tin & Kỹ thuật Máy tính,Khoa học Máy tính,4.6
STU5682,9.2,6.1,6.4,7.9,7.8,6.3,7.0,ISTJ,"Kỹ thuật, Cơ khí & Ô tô",Công nghệ kỹ thuật ô tô,4.6
STU2484,6.7,8.8,9.6,6.7,5.7,5.9,9.0,ISFJ,Sư phạm & Giáo dục,Giáo dục Mầm non,5.5
STU1584,10.0,8.0,9.2,4.6,5.1,5.9,6.1,ESTP,Kinh tế & Quản lý,Quản trị kinh doanh,4.5
STU6728,9.0,7.4,6.4,9.6,5.8,5.8,5.0,ISTJ,Xây dựng & Quy hoạch,Kỹ thuật xây dựng,4.8
STU2553,7.1,9.5,8.4,7.0,7.2,6.0,10.0,ENFJ,Sư phạm & Giáo dục,Sư phạm Tin học,4.3
STU7823,7.3,7.4,9.7,4.5,6.4,5.4,9.2,ESTP,Du lịch & Dịch vụ,Quản trị nhà hàng và dịch vụ ăn uống,4.5
STU3922,7.0,7.8,8.4,4.5,5.6,5.7,6.9,ESFP,Truyền thông & Báo chí,Truyền thông đa phương tiện,3.4
STU3552,5.9,8.9,8.4,5.7,6.8,5.3,8.6,ENFP,Truyền thông & Báo chí,Truyền thông đa phương tiện,5.1
STU3723,5.5,7.5,9.0,5.1,5.0,6.6,9.2,ESFP,Truyền thông & Báo chí,Truyền thông đại chúng,3.9
STU4367,6.7,8.3,5.4,5.5,5.7,5.5,8.4,INFJ,Nghệ thuật & Thiết kế,Kiến trúc,4.4
STU5881,9.5,6.5,6.2,8.7,7.4,6.1,6.4,ISTJ,"Kỹ thuật, Cơ khí & Ô tô",Kỹ thuật điều khiển và tự động hóa,4.2
STU4596,7.2,8.7,5.7,4.1,5.3,5.5,7.8,ISFP,Nghệ thuật & Thiết kế,Đạo diễn Điện ảnh - Truyền hình,5.2
STU6986,8.5,6.6,6.4,8.1,7.1,7.0,5.4,ISTP,Xây dựng & Quy hoạch,Kỹ thuật xây dựng,5.5
STU2210,7.0,8.8,8.1,6.9,5.1,5.7,9.7,ENFJ,Sư phạm & Giáo dục,Giáo dục Mầm non,4.9
STU4443,6.4,8.3,6.5,6.7,5.3,4.3,7.6,INFP,Nghệ thuật & Thiết kế,Thiết kế công nghiệp,5.0
STU4831,5.8,10.0,8.6,5.7,6.1,5.5,9.0,ISTJ,Luật & Xã hội,Tâm lý học,4.1
STU4463,6.4,7.9,6.4,5.1,5.7,5.0,8.1,ISFP,Nghệ thuật & Thiết kế,Hội họa,5.0
STU2986,5.5,9.4,10.0,4.7,4.3,6.3,7.4,INFP,Ngôn ngữ & Văn hóa,Ngôn ngữ Anh,3.7
STU1823,9.9,7.6,8.9,6.6,6.9,5.9,6.6,ESTP,Kinh tế & Quản lý,Kinh tế quốc tế,5.4
STU3980,7.2,6.4,4.4,4.1,4.6,5.7,5.7,INFJ,Truyền thông & Báo chí,Lưu trữ học,2.7
STU6174,7.3,5.5,5.6,4.4,7.3,9.1,5.9,ISTJ,Nông nghiệp & Môi trường,Công nghệ sinh học,4.5
STU5311,6.3,8.5,7.6,7.3,5.6,6.2,9.1,ENTJ,Luật & Xã hội,Luật quốc tế,4.7
STU5453,9.5,5.7,5.2,9.8,7.4,5.9,6.5,INTJ,"Kỹ thuật, Cơ khí & Ô tô",Kỹ thuật điện tử - viễn thông,4.2
STU5078,5.6,8.8,7.7,5.9,6.7,5.3,9.4,INTJ,Luật & Xã hội,Chính trị học,3.5
STU0310,10.0,5.5,8.8,8.1,7.5,5.8,6.2,ENTP,Công nghệ Thông tin & Kỹ thuật Máy tính,Khoa học dữ liệu,4.2
STU0213,9.2,6.5,7.6,8.5,7.6,5.1,5.2,ISTP,Công nghệ Thông tin & Kỹ thuật Máy tính,Khoa học Máy tính,4.3
STU7567,6.2,8.5,10.0,5.0,6.8,6.1,8.0,ESFP,Du lịch & Dịch vụ,Quản trị nhà hàng và dịch vụ ăn uống,3.7
STU7018,8.0,5.5,7.3,7.9,8.4,5.3,6.7,ISTJ,Xây dựng & Quy hoạch,Địa kỹ thuật xây dựng,4.3
STU3600,7.0,8.8,8.1,7.0,6.6,4.7,7.4,ENFP,Truyền thông & Báo chí,Công nghệ truyền thông,6.0
STU3623,6.1,9.0,8.5,6.0,5.5,6.0,7.6,ENTP,Truyền thông & Báo chí,Công nghệ truyền thông,4.4
STU4382,5.0,7.0,5.4,4.8,5.7,5.1,8.5,ISFP,Nghệ thuật & Thiết kế,Thiết kế đồ họa,4.5
STU7371,5.9,8.9,8.8,6.4,5.6,4.9,7.9,ENFP,Du lịch & Dịch vụ,Quản trị nhà hàng và dịch vụ ăn uống,5.1
STU3451,5.8,9.0,9.2,5.0,6.6,6.0,7.5,ESFP,Truyền thông & Báo chí,Báo chí,4.1
STU0496,10.0,5.5,7.9,8.1,7.6,5.5,5.5,ENTP,Công nghệ Thông tin & Kỹ thuật Máy tính,Kỹ thuật phần mềm,3.2
STU5744,8.4,6.0,6.3,9.4,8.1,7.1,5.9,INTJ,"Kỹ thuật, Cơ khí & Ô tô",Kỹ thuật điều khiển và tự động hóa,5.7
STU3257,7.2,9.6,8.7,5.1,5.4,5.3,7.4,INFP,Ngôn ngữ & Văn hóa,Ngôn ngữ Anh,5.8
STU0206,10.0,6.0,8.1,9.1,7.2,4.6,7.2,ISTP,Công nghệ Thông tin & Kỹ thuật Máy tính,Mạng máy tính và truyền thông dữ liệu,4.5
STU1435,8.8,7.9,9.1,5.0,6.8,6.1,6.2,ESTP,Kinh tế & Quản lý,Kinh doanh quốc tế,4.1
STU1136,9.7,6.2,6.3,6.1,9.9,9.7,6.6,ISFP,Y tế & Sức khỏe,Y học dự phòng,5.5
STU2585,6.7,9.0,9.8,5.6,6.2,5.2,9.3,INFJ,Sư phạm & Giáo dục,Sư phạm Toán học,4.5
STU0869,9.6,4.9,5.8,5.7,9.0,9.1,6.6,ISTJ,Y tế & Sức khỏe,Quản lý bệnh viện,4.6
STU2750,6.6,8.3,8.6,5.2,5.3,5.2,7.5,ISFP,Ngôn ngữ & Văn hóa,Ngôn ngữ Anh,3.5
STU3614,4.1,9.2,8.2,4.4,5.6,6.6,7.7,ENFP,Truyền thông & Báo chí,Quan hệ công chúng,3.1
STU0306,8.6,6.7,7.8,7.9,8.7,6.4,5.9,ISTJ,Công nghệ Thông tin & Kỹ thuật Máy tính,Thiết kế vi mạch,4.7
STU1850,8.6,8.2,10.0,5.3,5.2,4.9,7.2,ESTJ,Kinh tế & Quản lý,Kiểm toán,3.4
STU4236,5.8,5.7,6.8,6.1,6.7,6.4,6.9,ISFP,Nghệ thuật & Thiết kế,Thiết kế nội thất,2.9
STU4032,5.6,8.3,6.9,6.2,5.2,5.6,7.3,INFP,Nghệ thuật & Thiết kế,Thiết kế công nghiệp,3.8
STU1989,9.3,7.9,9.2,6.1,5.6,6.9,6.0,ENTP,Kinh tế & Quản lý,Kiểm toán,4.9
STU3241,6.5,8.6,9.0,5.8,6.6,6.4,8.4,ISFP,Ngôn ngữ & Văn hóa,Quốc tế học,3.5
STU2799,4.6,8.8,9.4,4.6,5.3,5.3,7.8,ISFP,Ngôn ngữ & Văn hóa,Văn học,4.7
STU4536,6.4,8.4,5.2,5.5,5.9,7.7,7.7,INFJ,Nghệ thuật & Thiết kế,Điêu khắc,4.0
STU1535,9.7,8.6,8.2,7.2,5.5,6.1,6.3,ESTP,Kinh tế & Quản lý,Quản trị kinh doanh,4.7
STU3110,5.2,8.9,9.2,5.0,5.5,6.4,5.9,INFP,Ngôn ngữ & Văn hóa,Ngôn ngữ Hàn Quốc,3.2
STU0844,5.7,4.0,5.3,6.7,4.3,5.8,3.6,ENFJ,Y tế & Sức khỏe,Kỹ thuật hình ảnh y học,1.2
STU1988,9.0,8.4,10.0,6.8,5.6,5.3,6.3,ESTP,Kinh tế & Quản lý,Hệ thống thông tin quản lý,4.1
STU5508,9.9,6.0,5.7,9.1,8.3,6.5,6.7,INTJ,"Kỹ thuật, Cơ khí & Ô tô",Robot và Trí tuệ nhân tạo,4.5
STU5382,8.1,5.9,5.2,9.6,8.3,7.0,4.8,INTJ,"Kỹ thuật, Cơ khí & Ô tô",Công nghệ kỹ thuật ô tô,4.2
STU1715,8.6,8.1,10.0,7.9,6.9,6.4,6.0,ESTJ,Kinh tế & Quản lý,Kế toán,4.9
STU0384,8.5,6.1,7.5,9.4,7.8,4.8,7.0,ENTP,Công nghệ Thông tin & Kỹ thuật Máy tính,Khoa học Máy tính,4.4
STU1539,9.1,7.6,8.8,6.7,6.0,6.7,6.8,ENTP,Kinh tế & Quản lý,Marketing,5.0
STU0212,9.2,7.5,10.0,10.0,7.4,5.3,7.0,INTJ,Công nghệ Thông tin & Kỹ thuật Máy tính,Công nghệ thông tin,5.6
STU3389,6.9,9.0,8.7,7.4,5.3,4.8,8.4,ENTP,Truyền thông & Báo chí,Lưu trữ học,3.5
STU6420,7.9,7.3,5.5,5.0,8.3,8.4,5.5,ISTJ,Nông nghiệp & Môi trường,Nông nghiệp,4.6
STU1958,9.2,7.9,9.1,6.0,4.7,6.6,5.5,ESTP,Kinh tế & Quản lý,Kinh tế,4.5
STU5242,5.3,10.0,8.0,5.2,5.3,5.8,9.7,INTJ,Luật & Xã hội,Luật kinh tế,4.0
STU2439,6.7,9.8,8.2,6.9,5.9,6.3,9.7,ESFJ,Sư phạm & Giáo dục,Tâm lý học giáo dục,3.9
STU2728,5.5,9.2,9.5,6.4,6.6,6.9,8.0,ISFP,Ngôn ngữ & Văn hóa,Tiếng Việt và văn hoá Việt Nam,4.4
STU4169,6.4,9.1,6.2,5.8,5.9,5.1,7.1,INFP,Nghệ thuật & Thiết kế,Điêu khắc,4.0
STU6093,8.3,6.9,5.9,4.9,9.4,9.3,6.4,ISFJ,Nông nghiệp & Môi trường,Khoa học môi trường,4.0
STU1350,4.8,5.0,7.0,4.3,4.0,6.9,6.3,ISTJ,Kinh tế & Quản lý,Quản trị kinh doanh,3.4
STU5022,4.7,6.7,4.8,6.3,6.3,4.4,6.6,ESFJ,Luật & Xã hội,Chính trị học,2.5
STU5258,6.9,9.4,7.4,5.5,7.0,5.3,8.7,INFJ,Luật & Xã hội,Công tác xã hội,4.2
STU3581,6.0,9.6,8.7,7.8,7.1,6.0,8.4,ENTP,Truyền thông & Báo chí,Công nghệ truyền thông,5.1
STU6125,6.8,6.4,6.0,5.6,8.8,9.7,5.2,ISFJ,Nông nghiệp & Môi trường,Công nghệ sinh học,3.9
STU0681,10.0,5.6,7.4,5.7,9.1,9.3,5.6,ISFJ,Y tế & Sức khỏe,Kỹ thuật hình ảnh y học,4.2
STU0181,9.8,5.7,9.0,8.6,6.9,6.3,7.9,ISTJ,Công nghệ Thông tin & Kỹ thuật Máy tính,Khoa học dữ liệu,4.2
STU7606,5.3,7.0,9.0,6.5,4.6,6.3,9.2,ENFP,Du lịch & Dịch vụ,Quản trị khách sạn,4.6
STU4013,5.9,8.4,5.5,5.5,5.6,4.9,6.6,INFP,Nghệ thuật & Thiết kế,Hội họa,4.5
STU7815,5.9,7.6,9.9,6.9,7.0,6.9,7.7,ESFJ,Du lịch & Dịch vụ,Quản trị khách sạn,4.7
STU4795,5.6,8.9,7.8,7.9,6.9,5.5,9.6,INTJ,Luật & Xã hội,Luật,3.8
STU0279,9.0,5.7,10.0,9.4,7.4,5.2,6.6,ENTP,Công nghệ Thông tin & Kỹ thuật Máy tính,Thiết kế vi mạch,4.8
STU3835,5.6,8.8,8.6,5.3,4.9,5.4,8.4,ESFP,Truyền thông & Báo chí,Truyền thông đa phương tiện,4.2
STU3320,7.0,8.8,8.8,6.5,5.0,6.0,8.5,ISFP,Ngôn ngữ & Văn hóa,Đông phương học,5.1
STU3253,5.1,9.2,8.6,5.1,5.7,4.8,8.2,INFP,Ngôn ngữ & Văn hóa,Ngôn ngữ Anh,4.5
STU2519,6.0,9.4,8.1,4.6,6.8,6.6,8.9,ESFJ,Sư phạm & Giáo dục,Giáo dục Tiểu học,4.2
STU2481,5.9,8.9,9.3,5.2,5.6,5.1,9.2,ESFJ,Sư phạm & Giáo dục,Giáo dục Tiểu học,4.7
STU0290,10.0,6.4,9.2,9.3,6.3,6.0,5.2,INTP,Công nghệ Thông tin & Kỹ thuật Máy tính,Công nghệ thông tin,3.4
STU3076,6.0,10.0,9.6,6.7,6.6,4.8,8.2,INTP,Ngôn ngữ & Văn hóa,Tiếng Việt và văn hoá Việt Nam,4.0
STU4986,6.5,8.4,6.7,4.6,6.9,5.6,9.3,INTJ,Luật & Xã hội,Xã hội học,3.7
STU5372,9.5,7.0,7.4,9.2,6.4,6.5,5.7,ESTP,"Kỹ thuật, Cơ khí & Ô tô",Robot và Trí tuệ nhân tạo,5.2
STU6015,8.2,6.6,6.2,5.0,8.4,8.3,7.0,ISFP,Nông nghiệp & Môi trường,Công nghệ thực phẩm,5.1
STU0994,7.4,5.1,5.8,6.8,8.7,7.8,5.4,ISFP,Y tế & Sức khỏe,Y học dự phòng,5.0
STU3236,6.2,8.4,8.6,7.1,7.2,7.1,7.2,ISFP,Ngôn ngữ & Văn hóa,Ngôn ngữ Anh,4.5
STU2237,7.3,9.7,10.0,6.6,5.0,5.9,9.7,ENFJ,Sư phạm & Giáo dục,Sư phạm Ngữ văn,4.6
STU7460,6.1,8.3,7.4,5.7,7.4,5.2,8.6,ESFP,Du lịch & Dịch vụ,Quản lý thể dục thể thao,4.8
STU0040,8.4,5.6,7.8,9.6,7.4,6.8,6.1,ISTP,Công nghệ Thông tin & Kỹ thuật Máy tính,Khoa học dữ liệu,5.2
STU7558,5.7,9.2,10.0,5.8,7.2,5.0,7.9,ESFJ,Du lịch & Dịch vụ,Quản trị khách sạn,3.7
STU6394,6.9,5.9,7.0,5.9,8.9,8.8,6.1,ISTJ,Nông nghiệp & Môi trường,Công nghệ thực phẩm,4.8
STU5657,8.8,5.9,5.8,10.0,7.0,5.7,6.3,ESTP,"Kỹ thuật, Cơ khí & Ô tô",Kỹ thuật điện tử - viễn thông,5.0
STU2755,6.1,8.1,9.2,6.5,5.3,6.6,8.2,ISFP,Ngôn ngữ & Văn hóa,Tiếng Việt và văn hoá Việt Nam,5.7
STU6411,7.2,6.9,5.7,5.9,9.4,8.8,6.3,ISTJ,Nông nghiệp & Môi trường,Nuôi trồng thủy sản,3.5
STU3947,5.5,7.2,8.6,6.3,5.8,6.1,8.2,ENTP,Truyền thông & Báo chí,Lưu trữ học,5.2
STU0271,9.5,6.4,7.5,8.8,7.0,6.2,5.3,INTP,Công nghệ Thông tin & Kỹ thuật Máy tính,Công nghệ thông tin,4.0
STU4101,4.9,7.7,5.6,6.6,6.3,6.3,6.9,INFJ,Nghệ thuật & Thiết kế,Điêu khắc,3.9
STU2884,5.9,10.0,10.0,7.2,6.2,5.6,8.6,INTP,Ngôn ngữ & Văn hóa,Ngôn ngữ Hàn Quốc,3.5
STU6536,8.3,5.9,6.7,5.5,9.4,9.8,6.8,ISFP,Nông nghiệp & Môi trường,Công nghệ sinh học,4.3
STU7219,8.4,5.4,6.2,9.6,6.9,4.3,7.1,ESTJ,Xây dựng & Quy hoạch,Công nghệ kỹ thuật công trình xây dựng,4.8
STU5246,6.5,9.7,7.9,5.7,4.8,5.1,9.3,INTJ,Luật & Xã hội,Xã hội học,4.3
STU6293,8.0,5.3,6.5,5.7,9.2,8.8,5.7,ISFJ,Nông nghiệp & Môi trường,Công nghệ thực phẩm,4.9
STU7635,5.9,7.3,9.9,5.4,5.9,7.0,8.1,ESFJ,Du lịch & Dịch vụ,Quản trị dịch vụ du lịch và lữ hành,3.4
STU6218,7.3,6.4,6.7,6.1,9.0,10.0,5.7,ISTJ,Nông nghiệp & Môi trường,Khoa học cây trồng,4.7
STU0112,9.2,4.7,7.2,8.2,7.7,6.1,6.6,ISTP,Công nghệ Thông tin & Kỹ thuật Máy tính,Công nghệ thông tin,4.7
STU3219,7.2,9.6,9.8,5.9,6.0,6.3,6.5,INTP,Ngôn ngữ & Văn hóa,Quốc tế học,3.6
STU1392,8.7,7.8,8.9,5.2,7.4,6.0,6.5,ENTP,Kinh tế & Quản lý,Thương mại điện tử,5.2
STU2601,7.1,10.0,9.0,5.0,4.8,5.3,9.5,INFJ,Sư phạm & Giáo dục,Sư phạm Vật lý,3.6
STU0221,8.3,6.7,9.8,9.1,7.7,6.7,6.5,INTJ,Công nghệ Thông tin & Kỹ thuật Máy tính,Thiết kế vi mạch,4.1
STU6451,7.8,5.2,7.6,6.4,9.3,9.4,6.0,ISFP,Nông nghiệp & Môi trường,Khoa học môi trường,5.3
STU4824,6.1,8.6,7.8,6.8,5.2,6.7,9.2,INTJ,Luật & Xã hội,Luật kinh tế,5.1
STU5595,8.7,5.6,6.3,8.8,8.3,7.0,5.7,INTJ,"Kỹ thuật, Cơ khí & Ô tô",Công nghệ kỹ thuật ô tô,4.0
STU5501,5.5,6.8,6.2,6.5,6.3,7.5,6.7,ESFJ,"Kỹ thuật, Cơ khí & Ô tô",Kỹ thuật điện,2.8
STU0084,8.5,6.9,7.8,8.1,7.7,6.6,7.0,INTP,Công nghệ Thông tin & Kỹ thuật Máy tính,Mạng máy tính và truyền thông dữ liệu,5.3
STU0874,9.4,7.6,5.6,5.6,9.5,9.7,5.7,ISFP,Y tế & Sức khỏe,Y đa khoa,3.8
STU7406,5.5,7.6,8.3,6.9,5.7,5.5,7.6,ESFP,Du lịch & Dịch vụ,Quản trị nhà hàng và dịch vụ ăn uống,3.2
STU6584,8.5,4.8,6.0,5.4,8.2,9.6,5.5,ISTJ,Nông nghiệp & Môi trường,Công nghệ sinh học,4.4
STU0462,9.0,7.4,8.8,9.1,8.8,6.9,6.9,ENTP,Công nghệ Thông tin & Kỹ thuật Máy tính,Khoa học Máy tính,3.8
STU7033,8.8,6.3,6.1,9.3,6.2,6.6,5.6,ISTP,Xây dựng & Quy hoạch,Kỹ thuật xây dựng,3.8
STU4106,5.5,8.4,5.8,7.2,5.7,5.5,6.5,INFJ,Nghệ thuật & Thiết kế,Thiết kế đồ họa,4.2
STU0552,8.9,6.3,7.1,9.2,5.8,5.4,5.4,INTJ,Công nghệ Thông tin & Kỹ thuật Máy tính,An toàn thông tin,4.1
STU3986,6.6,8.5,10.0,4.8,6.1,6.9,9.0,ESFP,Truyền thông & Báo chí,Truyền thông đại chúng,3.7
STU2375,5.8,9.9,10.0,5.1,5.4,5.9,10.0,ESFJ,Sư phạm & Giáo dục,Giáo dục Mầm non,4.2
STU6723,9.1,6.0,4.9,9.4,7.7,6.0,7.6,ISTJ,Xây dựng & Quy hoạch,Công nghệ kỹ thuật công trình xây dựng,4.2
STU4202,6.1,8.7,7.0,5.8,6.3,5.5,7.2,ISFP,Nghệ thuật & Thiết kế,Thiết kế thời trang,4.4
STU2247,6.2,9.5,9.5,5.6,6.1,5.2,8.4,INFJ,Sư phạm & Giáo dục,Sư phạm Tin học,3.8
STU7524,7.4,8.0,8.5,5.4,6.0,6.8,8.1,ESTP,Du lịch & Dịch vụ,Du lịch,4.0
STU4554,4.7,8.8,5.2,6.6,6.5,5.7,8.5,INFJ,Nghệ thuật & Thiết kế,Thiết kế nội thất,3.4
STU2451,7.3,8.9,9.5,7.3,5.3,6.5,9.0,INFJ,Sư phạm & Giáo dục,Sư phạm Tiếng Anh,4.3
STU2330,6.2,9.2,8.5,5.8,5.1,5.4,9.1,ESFJ,Sư phạm & Giáo dục,Sư phạm Tiếng Anh,4.6
STU6709,8.4,4.7,6.3,8.2,5.9,6.2,6.8,ISTP,Xây dựng & Quy hoạch,Địa kỹ thuật xây dựng,5.0
STU2147,7.2,10.0,8.8,6.1,5.8,5.5,9.6,INFJ,Sư phạm & Giáo dục,Sư phạm Tin học,4.2
STU6962,9.4,5.8,6.9,9.3,6.0,6.2,5.1,ESTJ,Xây dựng & Quy hoạch,Địa kỹ thuật xây dựng,4.4
STU4412,5.5,8.0,7.3,4.9,6.9,5.2,8.2,ISFP,Nghệ thuật & Thiết kế,Thiết kế đồ họa,5.4
STU7059,9.0,6.2,6.7,8.9,6.3,5.3,4.4,ISTJ,Xây dựng & Quy hoạch,Công nghệ kỹ thuật công trình xây dựng,4.5
STU0651,8.2,5.4,6.8,7.8,7.4,6.0,5.6,ISTP,Công nghệ Thông tin & Kỹ thuật Máy tính,Kỹ thuật phần mềm,4.1
STU7515,5.0,7.4,8.6,6.1,6.7,5.4,7.4,ESTP,Du lịch & Dịch vụ,Du lịch,4.5
STU0709,9.6,7.5,6.2,6.8,9.6,9.0,6.7,ISFJ,Y tế & Sức khỏe,Răng - Hàm - Mặt,5.2
STU6837,8.9,5.2,6.2,8.6,6.8,5.9,6.0,ESTJ,Xây dựng & Quy hoạch,Công nghệ kỹ thuật công trình xây dựng,5.5
STU4265,5.3,8.1,5.8,6.9,5.7,5.6,7.2,ISFP,Nghệ thuật & Thiết kế,Thiết kế thời trang,3.6
STU4773,5.0,8.5,8.8,6.6,5.8,6.2,10.0,INTJ,Luật & Xã hội,Tâm lý học,4.6
STU4185,5.6,6.1,6.7,5.5,7.2,5.6,3.7,ENFJ,Nghệ thuật & Thiết kế,Đạo diễn Điện ảnh - Truyền hình,2.6
STU3064,6.4,8.7,10.0,5.9,6.3,6.3,9.0,ISFP,Ngôn ngữ & Văn hóa,Tiếng Việt và văn hoá Việt Nam,4.4
STU6638,8.7,5.1,5.1,4.7,9.2,9.6,5.5,ISTJ,Nông nghiệp & Môi trường,Khoa học môi trường,4.1
STU3350,6.6,8.8,9.2,6.8,7.0,6.0,7.9,ENFP,Truyền thông & Báo chí,Công nghệ truyền thông,4.3
STU1425,8.0,9.1,10.0,6.6,4.9,6.0,7.0,ESTJ,Kinh tế & Quản lý,Kinh doanh quốc tế,5.2
STU1217,10.0,6.0,5.4,4.6,9.4,9.5,7.3,INFJ,Y tế & Sức khỏe,Kỹ thuật phục hồi chức năng,3.9
STU6111,7.0,6.9,6.3,6.0,8.4,8.0,6.2,ISTJ,Nông nghiệp & Môi trường,Lâm nghiệp đô thị,4.1
STU1925,8.8,9.5,9.2,4.8,7.3,6.2,6.1,ENTJ,Kinh tế & Quản lý,Hệ thống thông tin quản lý,3.8
STU0105,10.0,6.1,9.3,8.3,7.8,6.5,7.2,ISTP,Công nghệ Thông tin & Kỹ thuật Máy tính,Khoa học Máy tính,5.1
STU1065,10.0,5.9,6.7,5.5,9.3,9.7,7.5,INFJ,Y tế & Sức khỏe,Quản lý bệnh viện,4.7
STU3787,6.1,8.8,8.4,6.0,4.8,5.6,7.3,ESFP,Truyền thông & Báo chí,Truyền thông đa phương tiện,4.8
STU0315,9.7,6.0,9.6,8.6,7.4,7.4,6.3,ISTJ,Công nghệ Thông tin & Kỹ thuật Máy tính,Kỹ thuật phần mềm,4.4
STU1290,9.7,6.8,6.1,6.9,9.0,9.7,5.8,ISFJ,Y tế & Sức khỏe,Điều dưỡng,4.4
STU4451,5.2,4.3,5.6,4.6,4.7,6.0,7.7,ENFJ,Nghệ thuật & Thiết kế,Hội họa,1.1
STU1428,9.0,6.5,10.0,5.8,7.4,6.1,5.1,ENTP,Kinh tế & Quản lý,Quản trị kinh doanh,4.6
STU4447,6.6,8.4,6.3,5.5,5.1,4.6,8.2,INFP,Nghệ thuật & Thiết kế,Thiết kế nội thất,3.7
STU7003,8.3,6.6,5.9,8.4,6.7,6.7,5.3,ESTJ,Xây dựng & Quy hoạch,Kỹ thuật cấp thoát nước,4.3
STU3130,5.9,9.4,9.1,6.0,5.2,5.7,7.0,INFP,Ngôn ngữ & Văn hóa,Tiếng Việt và văn hoá Việt Nam,5.0
STU4616,5.4,9.0,6.1,5.9,5.6,5.1,7.7,INFP,Nghệ thuật & Thiết kế,Thiết kế đồ họa,4.8
STU6473,7.7,5.3,5.8,5.4,10.0,9.4,6.6,ISTJ,Nông nghiệp & Môi trường,Công nghệ sinh học,4.9
STU3009,6.6,8.7,9.2,6.7,4.7,5.3,5.9,INFP,Ngôn ngữ & Văn hóa,Ngôn ngữ Nhật,3.6
STU7361,6.0,7.0,8.2,6.5,6.3,4.4,8.6,ESFJ,Du lịch & Dịch vụ,Quản trị dịch vụ du lịch và lữ hành,4.3
STU1106,9.4,6.9,5.3,6.4,9.6,8.2,6.4,ISFJ,Y tế & Sức khỏe,Y học dự phòng,3.5
STU4592,6.6,9.4,6.9,6.3,5.4,5.8,8.3,INFJ,Nghệ thuật & Thiết kế,Kiến trúc,5.0
STU5894,8.6,6.4,5.8,9.2,9.0,5.9,6.3,ISTJ,"Kỹ thuật, Cơ khí & Ô tô",Kỹ thuật cơ khí,4.3
STU4929,6.5,9.5,8.2,5.3,6.5,4.8,9.3,INTJ,Luật & Xã hội,Luật kinh tế,5.7
STU7990,5.2,6.7,8.8,7.0,6.1,5.6,7.8,ESTP,Du lịch & Dịch vụ,Quản trị khách sạn,4.4
STU7491,4.6,8.0,8.6,5.1,5.2,7.0,8.5,ESFJ,Du lịch & Dịch vụ,Quản trị khách sạn,4.8
STU0685,9.1,6.8,4.6,6.2,10.0,9.1,8.0,ISFP,Y tế & Sức khỏe,Y đa khoa,4.0
STU5867,9.2,5.9,6.6,9.0,6.4,6.1,4.6,ISTP,"Kỹ thuật, Cơ khí & Ô tô",Kỹ thuật điện,4.1
STU5156,6.8,8.8,8.1,6.9,8.0,6.1,9.7,INTJ,Luật & Xã hội,Tâm lý học,5.1
STU2766,6.3,9.7,9.5,6.4,7.5,5.8,7.6,ISFP,Ngôn ngữ & Văn hóa,Ngôn ngữ Trung Quốc,4.8
STU4693,5.5,9.8,9.6,5.4,6.0,6.5,10.0,ENTJ,Luật & Xã hội,Xã hội học,4.1
STU6600,7.9,5.5,5.7,7.2,8.9,9.6,5.9,ISFP,Nông nghiệp & Môi trường,Nông nghiệp,4.5
STU4939,5.8,9.4,8.1,5.3,6.0,7.0,8.7,INFJ,Luật & Xã hội,Tâm lý học,3.9
STU3683,5.2,8.8,7.7,6.1,4.6,7.1,8.2,ENTP,Truyền thông & Báo chí,Quan hệ công chúng,4.9
STU7325,8.9,6.5,5.3,9.7,7.9,6.3,5.9,ESTJ,Xây dựng & Quy hoạch,Quản lý xây dựng,4.0
STU3961,6.9,9.5,9.1,6.3,5.3,6.6,7.9,ENFP,Truyền thông & Báo chí,Thông tin - thư viện,5.2
STU6233,7.2,6.8,5.1,4.8,10.0,9.3,6.3,ISTJ,Nông nghiệp & Môi trường,Khoa học môi trường,4.1
STU2452,7.6,9.5,9.7,7.3,7.5,6.0,9.8,INFJ,Sư phạm & Giáo dục,Sư phạm Tiếng Anh,4.1
STU4103,5.5,8.8,4.5,4.8,6.1,7.1,7.4,ISFP,Nghệ thuật & Thiết kế,Thiết kế nội thất,4.3
STU4330,6.9,9.7,6.8,5.3,6.2,6.0,8.1,INFP,Nghệ thuật & Thiết kế,Thanh nhạc,5.5
STU3825,5.6,10.0,8.9,7.2,5.3,4.9,7.3,ENTP,Truyền thông & Báo chí,Báo chí,3.8
STU0327,10.0,7.8,8.4,8.1,8.0,5.6,7.0,ENTP,Công nghệ Thông tin & Kỹ thuật Máy tính,An toàn thông tin,4.6
STU2653,5.9,10.0,8.7,6.5,6.5,5.2,9.6,ESFJ,Sư phạm & Giáo dục,Sư phạm Toán học,4.0
STU6688,8.3,5.3,5.3,9.5,7.3,6.3,5.3,ISTP,Xây dựng & Quy hoạch,Địa kỹ thuật xây dựng,4.0
STU7736,5.9,7.7,7.7,6.1,6.2,6.1,7.2,ENFP,Du lịch & Dịch vụ,Du lịch,4.4
STU2177,6.5,9.4,9.9,4.7,6.5,6.4,9.6,ISFJ,Sư phạm & Giáo dục,Sư phạm Tin học,4.5
STU5543,8.8,5.7,6.1,8.3,7.0,5.9,5.0,INTJ,"Kỹ thuật, Cơ khí & Ô tô",Công nghệ kỹ thuật ô tô,5.3
STU7574,5.8,8.5,8.3,5.8,6.0,6.8,7.9,ESTP,Du lịch & Dịch vụ,Quản lý thể dục thể thao,4.3
STU6923,9.0,6.0,5.9,9.2,7.0,5.3,6.6,ESTJ,Xây dựng & Quy hoạch,Kỹ thuật xây dựng,3.5
STU3319,6.5,8.2,10.0,6.8,7.3,4.9,7.8,INFP,Ngôn ngữ & Văn hóa,Văn học,4.8
STU4742,6.5,9.2,6.5,6.6,6.1,5.9,8.8,ISTJ,Luật & Xã hội,Xã hội học,4.0
STU4177,4.7,8.1,6.1,7.8,6.6,6.1,7.2,INFJ,Nghệ thuật & Thiết kế,Điêu khắc,4.3
STU4293,5.4,8.4,6.1,6.3,5.6,5.1,7.7,INFP,Nghệ thuật & Thiết kế,Kiến trúc,4.5
STU2788,4.2,6.2,6.1,4.1,6.0,5.2,5.5,ISTP,Ngôn ngữ & Văn hóa,Ngôn ngữ học,2.2
STU5458,9.3,6.3,5.5,8.0,7.3,6.2,7.1,ESTP,"Kỹ thuật, Cơ khí & Ô tô",Kỹ thuật điện tử - viễn thông,5.3
STU7089,8.6,6.0,5.7,8.5,5.6,6.0,6.7,ISTJ,Xây dựng & Quy hoạch,Công nghệ kỹ thuật công trình xây dựng,3.3
STU1677,4.3,6.1,5.7,4.5,7.0,6.7,6.4,ESTJ,Kinh tế & Quản lý,Thương mại điện tử,2.1
STU7161,7.7,7.4,5.4,7.7,8.0,5.1,6.6,ISTJ,Xây dựng & Quy hoạch,Kỹ thuật cấp thoát nước,4.2
STU0349,9.8,6.1,9.7,9.4,7.8,5.3,5.3,INTP,Công nghệ Thông tin & Kỹ thuật Máy tính,Mạng máy tính và truyền thông dữ liệu,4.1
STU5846,7.6,7.4,6.6,9.0,8.4,6.3,6.5,INTJ,"Kỹ thuật, Cơ khí & Ô tô",Kỹ thuật điều khiển và tự động hóa,3.2
STU3227,6.9,8.9,9.9,6.2,6.4,6.6,8.6,ISFP,Ngôn ngữ & Văn hóa,Quốc tế học,3.7
STU4384,5.4,9.7,4.8,6.5,5.6,5.6,8.1,INFP,Nghệ thuật & Thiết kế,Đạo diễn Điện ảnh - Truyền hình,4.6
STU5415,8.6,4.9,5.8,9.1,6.9,6.3,5.5,ISTP,"Kỹ thuật, Cơ khí & Ô tô",Kỹ thuật điều khiển và tự động hóa,4.8
STU1627,8.2,6.4,8.7,5.8,5.0,5.4,5.1,ESTP,Kinh tế & Quản lý,Thương mại điện tử,5.1
STU4881,6.7,9.9,6.8,6.9,6.9,7.0,9.3,INTJ,Luật & Xã hội,Chính trị học,4.2
STU4085,6.3,8.0,4.7,5.1,6.3,5.4,7.7,INFP,Nghệ thuật & Thiết kế,Thiết kế đồ họa,5.1
STU7117,9.8,5.3,6.1,9.4,7.5,7.3,6.9,ISTP,Xây dựng & Quy hoạch,Quản lý xây dựng,4.1
STU2370,8.6,9.6,8.7,4.4,5.7,6.5,9.7,INFJ,Sư phạm & Giáo dục,Sư phạm Ngữ văn,4.8
STU0872,9.9,5.3,5.9,6.5,8.9,9.8,7.5,INFJ,Y tế & Sức khỏe,Quản lý bệnh viện,4.0
STU4699,5.8,10.0,7.4,5.0,5.5,6.7,9.2,INTJ,Luật & Xã hội,Chính trị học,4.0
STU2218,6.9,9.0,8.4,7.3,5.4,7.8,8.4,ISFJ,Sư phạm & Giáo dục,Tâm lý học giáo dục,4.9
STU5604,8.4,7.0,4.8,10.0,7.9,5.3,5.0,ISTP,"Kỹ thuật, Cơ khí & Ô tô",Kỹ thuật cơ khí,4.2
STU2219,6.2,9.7,9.7,6.4,5.1,6.2,9.4,ISFJ,Sư phạm & Giáo dục,Giáo dục Mầm non,3.9
STU3327,5.6,9.2,10.0,6.1,5.8,5.3,8.4,INFP,Ngôn ngữ & Văn hóa,Đông phương học,4.1
STU5504,9.9,6.0,6.2,10.0,8.2,7.8,4.7,ESTP,"Kỹ thuật, Cơ khí & Ô tô",Kỹ thuật điện tử - viễn thông,5.3
STU3584,5.6,8.7,8.6,4.8,5.4,6.6,8.3,ENTP,Truyền thông & Báo chí,Công nghệ truyền thông,4.7
STU6276,8.3,5.8,5.7,7.1,9.6,10.0,7.3,ISTJ,Nông nghiệp & Môi trường,Nông nghiệp,3.5
STU5369,9.2,6.8,7.3,9.5,7.5,5.4,4.5,INTJ,"Kỹ thuật, Cơ khí & Ô tô",Kỹ thuật điện,5.2
STU2122,6.7,9.9,10.0,6.2,5.7,5.0,9.8,ISFJ,Sư phạm & Giáo dục,Sư phạm Vật lý,3.7
STU6181,8.1,5.7,6.1,6.6,9.1,9.7,5.5,INFP,Nông nghiệp & Môi trường,Khoa học cây trồng,4.3
STU0137,8.7,6.5,8.7,9.6,7.0,5.5,6.3,ISTJ,Công nghệ Thông tin & Kỹ thuật Máy tính,Khoa học dữ liệu,2.8
STU6275,7.8,6.7,5.2,4.8,8.5,8.7,5.5,ISFP,Nông nghiệp & Môi trường,Công nghệ thực phẩm,4.5
STU0086,10.0,4.9,8.3,9.7,7.5,5.2,7.2,INTJ,Công nghệ Thông tin & Kỹ thuật Máy tính,Thiết kế vi mạch,4.4
STU4588,6.8,9.1,6.9,6.2,5.5,6.1,6.8,ISFP,Nghệ thuật & Thiết kế,Hội họa,4.2
STU1878,8.0,8.4,7.8,5.2,4.9,6.9,6.4,ENTP,Kinh tế & Quản lý,Tài chính - Ngân hàng,4.3
STU2802,6.9,8.8,9.9,5.5,5.9,5.3,8.9,INFP,Ngôn ngữ & Văn hóa,Văn học,4.2
STU3672,6.5,10.0,8.6,6.4,5.1,7.7,8.7,ENFP,Truyền thông & Báo chí,Truyền thông đa phương tiện,5.2
STU4059,4.6,9.0,7.3,5.6,5.4,5.9,8.4,INFP,Nghệ thuật & Thiết kế,Thiết kế đồ họa,4.0
STU6316,6.9,5.3,6.6,5.6,9.0,8.8,5.4,ISTJ,Nông nghiệp & Môi trường,Công nghệ sinh học,4.6
STU2641,3.8,5.0,5.5,6.9,3.0,6.2,4.7,INTJ,Sư phạm & Giáo dục,Sư phạm Ngữ văn,2.0
STU6848,9.9,6.3,5.9,8.5,6.3,5.2,5.7,ISTJ,Xây dựng & Quy hoạch,Kinh tế xây dựng,3.6
STU7319,8.9,5.7,5.5,8.0,6.4,5.6,4.9,ESTJ,Xây dựng & Quy hoạch,Địa kỹ thuật xây dựng,4.5
STU2881,5.0,8.2,9.4,5.6,5.9,6.0,7.9,INTP,Ngôn ngữ & Văn hóa,Văn học,6.0
STU5120,6.1,7.3,4.8,4.0,5.8,4.9,5.8,INFP,Luật & Xã hội,Xã hội học,3.2
STU0495,9.8,6.8,8.9,7.4,7.5,5.9,7.0,ENTP,Công nghệ Thông tin & Kỹ thuật Máy tính,Khoa học Máy tính,5.0
STU2020,8.1,9.3,9.4,6.0,6.8,5.7,8.8,ISFJ,Sư phạm & Giáo dục,Sư phạm Ngữ văn,5.7
STU6112,7.5,5.1,5.8,6.2,9.0,9.9,7.3,INFP,Nông nghiệp & Môi trường,Công nghệ thực phẩm,4.7
STU2526,7.5,10.0,8.8,5.4,6.0,4.3,9.8,ISFJ,Sư phạm & Giáo dục,Sư phạm Ngữ văn,4.4
STU6142,8.0,6.5,8.0,5.9,9.6,9.0,6.6,INFP,Nông nghiệp & Môi trường,Khoa học cây trồng,4.4
STU7412,5.8,6.7,8.4,5.8,6.3,5.6,7.9,ENFP,Du lịch & Dịch vụ,Quản trị dịch vụ du lịch và lữ hành,4.1
STU6188,8.5,5.7,5.9,6.9,9.3,9.4,6.4,ISTJ,Nông nghiệp & Môi trường,Lâm nghiệp đô thị,4.8
STU5901,9.3,5.6,5.6,9.2,7.7,6.5,5.0,ISTP,"Kỹ thuật, Cơ khí & Ô tô",Kỹ thuật điện,5.1
STU1271,9.9,7.1,5.9,6.8,8.8,9.8,6.9,ISFJ,Y tế & Sức khỏe,Quản lý bệnh viện,3.2
STU7354,6.6,7.7,7.8,5.7,5.0,6.0,9.0,ESFP,Du lịch & Dịch vụ,Du lịch,5.2
STU4523,6.5,7.5,5.9,6.0,4.6,5.0,6.3,INFJ,Nghệ thuật & Thiết kế,Hội họa,3.9
STU2896,5.1,8.3,9.9,5.7,6.1,6.9,8.3,INFP,Ngôn ngữ & Văn hóa,Đông phương học,4.8
STU6177,7.9,7.0,5.2,4.1,8.7,9.6,5.0,ISFJ,Nông nghiệp & Môi trường,Khoa học cây trồng,4.2
STU6610,7.5,7.5,5.3,6.1,8.4,9.5,5.0,INFP,Nông nghiệp & Môi trường,Nuôi trồng thủy sản,5.1
STU0619,7.7,5.6,9.4,8.5,6.2,5.5,4.7,ISTJ,Công nghệ Thông tin & Kỹ thuật Máy tính,Khoa học Máy tính,5.3
STU6846,7.7,6.3,5.8,7.8,6.3,5.2,5.8,ESTJ,Xây dựng & Quy hoạch,Kinh tế xây dựng,4.9
STU3426,5.8,10.0,9.6,5.2,6.5,4.2,9.4,ENTP,Truyền thông & Báo chí,Truyền thông đa phương tiện,4.3
STU4990,5.3,8.5,7.0,7.2,6.3,5.9,10.0,ENTJ,Luật & Xã hội,Chính trị học,3.8
STU4568,5.0,8.1,5.4,5.1,4.8,6.4,8.1,INFJ,Nghệ thuật & Thiết kế,Điêu khắc,4.3
STU7980,5.5,6.3,9.4,5.4,5.7,5.9,8.3,ESFP,Du lịch & Dịch vụ,Quản lý thể dục thể thao,4.3
STU4363,5.6,8.6,5.0,5.6,6.9,5.9,7.9,ISFP,Nghệ thuật & Thiết kế,Hội họa,4.4
STU7809,5.6,8.6,7.7,5.8,4.4,6.3,6.5,ESFJ,Du lịch & Dịch vụ,Quản lý thể dục thể thao,4.7
STU4772,5.7,9.1,7.1,6.3,6.6,6.2,10.0,INFJ,Luật & Xã hội,Quản lý nhà nước,3.7
STU1414,10.0,7.0,8.6,6.1,5.1,6.0,7.2,ENTP,Kinh tế & Quản lý,Marketing,5.2
STU2202,7.2,9.7,8.4,4.8,5.3,6.7,9.1,ESFJ,Sư phạm & Giáo dục,Giáo dục Tiểu học,4.5
STU2002,7.0,10.0,8.5,4.9,6.2,6.0,9.3,INFJ,Sư phạm & Giáo dục,Giáo dục Mầm non,5.6
STU5977,8.2,6.4,5.2,8.7,7.6,5.5,5.6,ISTJ,"Kỹ thuật, Cơ khí & Ô tô",Kỹ thuật điện tử - viễn thông,3.4
STU0870,9.9,5.1,6.8,7.4,9.4,9.3,6.4,ISFP,Y tế & Sức khỏe,Kỹ thuật phục hồi chức năng,3.2
STU2359,7.1,9.6,7.5,7.0,6.0,6.3,8.4,ENFJ,Sư phạm & Giáo dục,Sư phạm Toán học,4.8
STU2007,6.1,9.2,8.4,6.2,6.6,5.7,8.5,ESFJ,Sư phạm & Giáo dục,Tâm lý học giáo dục,3.6
STU3091,7.0,8.9,8.6,5.6,5.5,4.9,8.9,INTP,Ngôn ngữ & Văn hóa,Ngôn ngữ Nhật,4.9
STU2322,6.6,9.0,9.4,5.8,6.3,7.3,9.5,ISFJ,Sư phạm & Giáo dục,Sư phạm Tiếng Anh,3.2
STU5554,8.9,5.8,6.8,9.4,7.8,7.3,6.9,ESTP,"Kỹ thuật, Cơ khí & Ô tô",Kỹ thuật điều khiển và tự động hóa,4.4
STU0357,9.4,5.1,9.3,7.3,8.0,4.8,4.4,ISTP,Công nghệ Thông tin & Kỹ thuật Máy tính,An toàn thông tin,3.8
STU1163,7.8,6.7,4.3,5.7,10.0,8.6,5.8,ISFJ,Y tế & Sức khỏe,Quản lý bệnh viện,4.6
STU6084,7.0,6.0,7.0,6.1,8.1,9.2,6.3,ISFP,Nông nghiệp & Môi trường,Công nghệ thực phẩm,4.1
STU3065,5.8,8.3,9.9,6.8,7.3,7.4,8.1,INFP,Ngôn ngữ & Văn hóa,Ngôn ngữ Anh,4.6
STU6062,7.7,6.7,5.6,5.0,9.1,9.1,5.4,INFP,Nông nghiệp & Môi trường,Khoa học môi trường,3.9
STU3162,5.6,9.8,9.3,5.3,5.6,6.2,6.8,INFP,Ngôn ngữ & Văn hóa,Ngôn ngữ Hàn Quốc,3.8
STU3771,6.1,8.1,8.8,6.3,6.0,7.2,8.1,ENTP,Truyền thông & Báo chí,Truyền thông đại chúng,4.5
STU5037,5.6,9.3,6.9,5.0,6.1,5.8,8.5,INFJ,Luật & Xã hội,Quản lý nhà nước,3.9
STU5051,5.0,9.4,7.3,5.8,6.2,6.6,9.7,ISTJ,Luật & Xã hội,Tâm lý học,3.7
STU2608,4.7,4.9,5.1,6.9,6.9,4.7,6.7,INFJ,Sư phạm & Giáo dục,Giáo dục Tiểu học,2.8
STU7879,4.9,6.7,9.5,7.0,5.1,6.3,7.6,ESTP,Du lịch & Dịch vụ,Du lịch,4.2
STU1891,5.7,6.8,4.7,5.4,6.3,5.0,6.4,ISTJ,Kinh tế & Quản lý,Thương mại điện tử,3.5
STU0580,9.0,6.7,8.5,9.6,6.1,6.1,4.7,INTJ,Công nghệ Thông tin & Kỹ thuật Máy tính,Kỹ thuật phần mềm,5.2
STU2320,7.2,9.6,10.0,5.1,6.5,6.6,9.4,ESFJ,Sư phạm & Giáo dục,Tâm lý học giáo dục,5.1
STU6126,7.6,6.9,5.3,5.6,7.9,9.4,5.8,ISFJ,Nông nghiệp & Môi trường,Lâm nghiệp đô thị,4.1
STU6806,9.2,5.4,6.5,8.0,6.7,6.1,6.2,ISTP,Xây dựng & Quy hoạch,Địa kỹ thuật xây dựng,4.1
STU3564,4.9,5.7,5.5,4.9,4.8,4.1,5.6,ENTJ,Truyền thông & Báo chí,Công nghệ truyền thông,2.8
STU1692,9.5,7.6,7.8,6.1,4.1,5.6,5.1,ESTP,Kinh tế & Quản lý,Kinh doanh quốc tế,4.3
STU0863,9.7,6.9,5.8,5.8,10.0,8.7,6.7,INFJ,Y tế & Sức khỏe,Răng - Hàm - Mặt,3.9
STU5429,7.4,6.1,5.6,9.2,7.0,5.2,6.4,ISTP,"Kỹ thuật, Cơ khí & Ô tô",Kỹ thuật cơ điện tử,5.1
STU4940,6.5,8.7,7.6,7.0,6.2,5.6,10.0,ISTJ,Luật & Xã hội,Tâm lý học,4.3
STU2381,6.2,9.4,8.0,6.2,6.6,6.1,10.0,ENFJ,Sư phạm & Giáo dục,Tâm lý học giáo dục,3.7
STU2379,6.8,9.3,9.7,5.7,7.0,5.8,9.3,ESFJ,Sư phạm & Giáo dục,Sư phạm Tiếng Anh,3.2
STU6940,9.8,5.7,6.8,8.6,6.0,6.0,4.5,ISTP,Xây dựng & Quy hoạch,Kinh tế xây dựng,3.8
STU3793,4.7,8.4,8.4,6.6,4.9,5.4,8.1,ENFP,Truyền thông & Báo chí,Thông tin - thư viện,4.1
STU5577,8.8,6.6,6.0,10.0,7.3,6.6,5.8,ESTP,"Kỹ thuật, Cơ khí & Ô tô",Kỹ thuật cơ khí,3.7
STU5654,9.3,5.4,6.9,9.3,8.6,5.0,5.9,ISTJ,"Kỹ thuật, Cơ khí & Ô tô",Kỹ thuật điện tử - viễn thông,4.5
STU3307,5.5,9.6,9.9,7.2,6.9,4.3,7.2,INTP,Ngôn ngữ & Văn hóa,Ngôn ngữ Hàn Quốc,4.6
STU6200,7.5,5.5,7.0,5.8,9.5,8.6,4.6,ISTJ,Nông nghiệp & Môi trường,Khoa học môi trường,4.3
STU3500,6.0,7.9,8.5,6.6,6.9,6.0,9.1,ESFP,Truyền thông & Báo chí,Truyền thông đại chúng,4.3
STU4387,6.2,6.7,5.4,5.5,5.3,6.2,7.7,INFP,Nghệ thuật & Thiết kế,Thiết kế nội thất,3.5
STU1117,9.4,6.5,5.5,6.1,8.6,8.1,5.0,ISTJ,Y tế & Sức khỏe,Y học dự phòng,4.5
STU1542,8.8,7.4,8.5,5.4,6.7,7.2,4.1,ENTJ,Kinh tế & Quản lý,Kinh tế,4.7
STU4539,6.5,6.8,8.1,4.1,3.9,5.6,4.3,INTJ,Nghệ thuật & Thiết kế,Thanh nhạc,2.8
STU6162,7.9,6.2,5.7,5.2,9.6,9.5,4.7,INFP,Nông nghiệp & Môi trường,Lâm nghiệp đô thị,4.6
STU7355,6.6,8.6,10.0,6.6,5.5,6.3,7.8,ENFP,Du lịch & Dịch vụ,Quản trị nhà hàng và dịch vụ ăn uống,5.2
STU6226,8.0,5.9,6.3,5.9,8.9,10.0,7.0,INFP,Nông nghiệp & Môi trường,Nuôi trồng thủy sản,4.0
STU6752,8.5,6.0,6.0,8.7,6.6,6.5,5.1,ISTJ,Xây dựng & Quy hoạch,Quản lý xây dựng,4.8
STU5412,9.1,5.1,7.8,8.8,7.6,7.1,6.4,INTJ,"Kỹ thuật, Cơ khí & Ô tô",Robot và Trí tuệ nhân tạo,4.8
STU7974,4.8,7.8,8.2,5.8,6.6,5.1,7.9,ESFP,Du lịch & Dịch vụ,Quản trị khách sạn,4.6
STU3662,6.3,9.3,7.7,6.6,4.8,6.6,7.3,ENTP,Truyền thông & Báo chí,Công nghệ truyền thông,5.6
STU4197,5.0,8.3,6.4,6.3,5.2,5.9,8.7,INFJ,Nghệ thuật & Thiết kế,Thiết kế công nghiệp,4.6
STU5361,8.4,5.1,5.0,8.8,6.5,7.0,4.9,ISTP,"Kỹ thuật, Cơ khí & Ô tô",Kỹ thuật cơ khí,5.2
STU5224,5.2,8.2,8.4,4.2,6.4,5.4,9.3,INTJ,Luật & Xã hội,Xã hội học,4.7
STU7829,6.1,7.7,9.0,6.1,6.1,5.8,8.6,ESTP,Du lịch & Dịch vụ,Quản trị nhà hàng và dịch vụ ăn uống,4.9
STU3366,6.1,8.4,8.7,6.5,5.4,5.4,9.0,ENTP,Truyền thông & Báo chí,Truyền thông đại chúng,3.8
STU7119,10.0,3.8,5.1,9.4,7.0,6.0,5.1,ESTJ,Xây dựng & Quy hoạch,Địa kỹ thuật xây dựng,3.2
STU2501,7.9,9.1,9.3,5.6,5.2,5.2,8.8,INFJ,Sư phạm & Giáo dục,Sư phạm Tin học,3.8
STU7070,8.3,6.3,5.5,9.0,7.1,4.7,5.7,ISTP,Xây dựng & Quy hoạch,Công nghệ kỹ thuật công trình xây dựng,4.7
STU5147,4.8,10.0,7.4,6.2,4.4,5.8,9.7,ISTJ,Luật & Xã hội,Quản lý nhà nước,5.0
STU7228,8.4,5.8,6.5,8.9,7.5,4.8,5.0,ESTJ,Xây dựng & Quy hoạch,Công nghệ kỹ thuật công trình xây dựng,5.0
STU4280,6.5,8.4,5.2,6.3,6.3,6.6,6.1,INFJ,Nghệ thuật & Thiết kế,Thiết kế công nghiệp,3.7
STU7913,6.8,9.0,7.2,5.6,6.0,7.2,8.8,ESFP,Du lịch & Dịch vụ,Quản trị dịch vụ du lịch và lữ hành,4.0
STU7862,6.4,7.8,8.3,6.4,6.7,5.9,8.1,ESTP,Du lịch & Dịch vụ,Quản lý thể dục thể thao,3.4
STU3810,6.8,9.7,8.9,5.4,4.8,6.3,7.5,ESFP,Truyền thông & Báo chí,Lưu trữ học,3.3
STU5688,7.9,4.9,5.8,7.8,7.8,6.6,5.1,ESTP,"Kỹ thuật, Cơ khí & Ô tô",Robot và Trí tuệ nhân tạo,4.0
STU6552,8.9,6.9,5.3,7.0,8.2,9.5,5.4,ISFJ,Nông nghiệp & Môi trường,Công nghệ sinh học,4.6
STU5961,8.1,6.6,6.1,8.8,7.8,5.6,6.7,ESTP,"Kỹ thuật, Cơ khí & Ô tô",Kỹ thuật điện,3.8
STU7615,5.8,7.9,9.3,6.2,5.8,6.0,8.3,ESFJ,Du lịch & Dịch vụ,Quản trị dịch vụ du lịch và lữ hành,3.4
STU4254,6.8,8.2,6.0,7.4,4.9,6.8,7.4,INFP,Nghệ thuật & Thiết kế,Thiết kế thời trang,4.1
STU6902,9.1,5.9,6.0,8.9,6.0,5.6,7.3,ISTP,Xây dựng & Quy hoạch,Kỹ thuật xây dựng,3.6
STU7449,6.1,6.8,10.0,5.3,6.7,6.3,8.7,ESFJ,Du lịch & Dịch vụ,Quản trị khách sạn,5.7
STU5757,8.7,5.6,5.9,9.7,8.0,6.5,6.0,ISTP,"Kỹ thuật, Cơ khí & Ô tô",Kỹ thuật điện tử - viễn thông,3.9
STU7661,6.6,8.2,9.6,5.5,6.8,7.0,9.2,ESFP,Du lịch & Dịch vụ,Quản trị nhà hàng và dịch vụ ăn uống,3.8
STU3668,5.7,9.7,10.0,5.9,7.3,6.2,7.7,ESFP,Truyền thông & Báo chí,Truyền thông đa phương tiện,5.2
STU2053,7.4,9.4,9.2,6.1,7.1,5.2,9.3,INFJ,Sư phạm & Giáo dục,Sư phạm Vật lý,4.1
STU4679,6.2,8.4,6.9,7.1,5.9,6.0,8.5,ISTJ,Luật & Xã hội,Tâm lý học,4.3
STU1777,8.6,9.3,8.9,5.0,5.8,6.0,6.0,ENTP,Kinh tế & Quản lý,Tài chính - Ngân hàng,3.4
STU4314,5.4,7.9,6.4,4.9,7.1,6.1,7.4,INFJ,Nghệ thuật & Thiết kế,Hội họa,4.6
STU3314,5.5,7.9,9.3,6.9,5.9,8.0,8.0,INTP,Ngôn ngữ & Văn hóa,Ngôn ngữ học,4.0
STU4915,7.1,10.0,9.1,5.3,5.8,5.9,9.8,ENTJ,Luật & Xã hội,Quản lý nhà nước,4.2
STU2537,7.1,10.0,9.4,5.9,6.6,5.4,9.4,ENFJ,Sư phạm & Giáo dục,Sư phạm Tin học,4.8
STU5752,7.5,6.6,5.1,9.6,9.8,4.9,5.4,ISTP,"Kỹ thuật, Cơ khí & Ô tô",Kỹ thuật cơ khí,4.1
STU4465,6.3,9.7,6.7,5.0,6.1,7.1,6.9,INFP,Nghệ thuật & Thiết kế,Điêu khắc,4.6
STU1593,7.7,8.8,9.7,7.2,6.6,5.1,5.8,ESTP,Kinh tế & Quản lý,Marketing,4.0
STU1724,7.9,8.1,9.0,5.2,5.8,7.0,6.0,ENTJ,Kinh tế & Quản lý,Kinh doanh quốc tế,4.1
STU3510,5.5,9.1,8.1,6.7,5.0,4.4,6.3,ENTP,Truyền thông & Báo chí,Lưu trữ học,4.9
STU6264,6.8,6.9,4.5,5.7,8.6,9.3,5.8,ISTJ,Nông nghiệp & Môi trường,Công nghệ sinh học,4.5
STU5502,9.1,5.1,6.9,9.1,7.3,6.3,7.0,ISTJ,"Kỹ thuật, Cơ khí & Ô tô",Kỹ thuật điện,4.5
STU2612,7.7,8.8,9.4,7.0,6.7,6.3,8.5,ESFJ,Sư phạm & Giáo dục,Tâm lý học giáo dục,5.2
STU7503,5.9,8.4,9.1,5.4,6.4,5.7,8.9,ESFJ,Du lịch & Dịch vụ,Quản lý thể dục thể thao,4.1
STU5754,9.6,6.1,6.2,9.0,8.1,6.2,6.0,ISTJ,"Kỹ thuật, Cơ khí & Ô tô",Kỹ thuật điện,4.9
STU4149,7.0,8.4,5.2,5.6,6.8,6.0,7.4,INFJ,Nghệ thuật & Thiết kế,Thiết kế đồ họa,4.3
STU0491,8.2,6.2,7.6,7.6,7.3,5.9,6.6,INTJ,Công nghệ Thông tin & Kỹ thuật Máy tính,Kỹ thuật phần mềm,4.1
STU6726,9.3,6.0,5.8,8.6,6.8,6.2,5.3,ISTJ,Xây dựng & Quy hoạch,Kỹ thuật xây dựng,4.5
STU3484,4.9,9.5,8.8,6.1,6.6,6.5,6.8,ENTP,Truyền thông & Báo chí,Công nghệ truyền thông,4.8
STU2911,6.6,8.3,9.7,6.2,5.8,6.7,8.3,INTP,Ngôn ngữ & Văn hóa,Quốc tế học,4.4
STU1007,9.1,5.4,5.9,5.0,10.0,8.9,5.1,ISFP,Y tế & Sức khỏe,Y học cổ truyền,3.7
STU5980,9.6,4.2,6.2,9.6,7.9,6.4,6.8,ISTJ,"Kỹ thuật, Cơ khí & Ô tô",Robot và Trí tuệ nhân tạo,4.2
STU3432,4.9,8.4,8.2,6.1,6.6,5.0,8.2,ENTP,Truyền thông & Báo chí,Công nghệ truyền thông,5.6
STU2504,4.7,4.2,4.9,6.4,5.5,6.7,6.4,ESTP,Sư phạm & Giáo dục,Giáo dục Tiểu học,2.2
STU7019,7.2,5.7,4.9,8.9,5.5,5.9,5.2,ESTJ,Xây dựng & Quy hoạch,Địa kỹ thuật xây dựng,5.5
STU7821,5.9,8.2,8.5,5.4,6.2,7.0,7.7,ESTP,Du lịch & Dịch vụ,Quản trị nhà hàng và dịch vụ ăn uống,4.4
STU2315,5.0,8.3,9.5,5.9,6.4,6.4,10.0,ISFJ,Sư phạm & Giáo dục,Tâm lý học giáo dục,4.0
STU3411,4.4,10.0,8.1,6.5,6.1,5.9,8.5,ENFP,Truyền thông & Báo chí,Quan hệ công chúng,4.4
STU7365,6.1,7.1,9.3,6.6,6.3,7.3,7.6,ENFP,Du lịch & Dịch vụ,Quản lý thể dục thể thao,3.7
STU2555,6.4,8.6,9.7,5.7,6.1,5.8,9.5,INFJ,Sư phạm & Giáo dục,Sư phạm Vật lý,3.6
STU1418,9.1,7.5,7.7,6.6,6.1,5.5,6.2,ENTP,Kinh tế & Quản lý,Hệ thống thông tin quản lý,5.0
STU3097,7.8,9.2,9.7,6.2,5.8,4.6,7.9,INFP,Ngôn ngữ & Văn hóa,Ngôn ngữ Anh,5.6
STU0026,10.0,6.9,8.2,9.3,8.1,5.8,6.3,ISTJ,Công nghệ Thông tin & Kỹ thuật Máy tính,Thiết kế vi mạch,5.0
STU7115,10.0,7.2,6.9,8.3,7.5,5.6,6.9,ISTJ,Xây dựng & Quy hoạch,Kỹ thuật cấp thoát nước,3.9
STU2410,6.9,9.1,7.4,5.7,6.9,5.8,9.8,INFJ,Sư phạm & Giáo dục,Sư phạm Ngữ văn,5.0
STU3271,6.6,8.3,9.4,6.3,7.0,5.2,8.2,INFP,Ngôn ngữ & Văn hóa,Đông phương học,4.9
STU1553,9.5,7.7,9.7,5.2,5.2,5.5,5.7,ENTP,Kinh tế & Quản lý,Kiểm toán,3.7
STU6835,8.1,6.4,4.7,8.6,5.9,5.1,4.8,ISTP,Xây dựng & Quy hoạch,Công nghệ kỹ thuật công trình xây dựng,4.8
STU6676,7.6,4.7,6.2,7.3,7.1,6.7,5.4,ISTP,Xây dựng & Quy hoạch,Công nghệ kỹ thuật công trình xây dựng,5.4
STU3872,6.5,9.3,8.5,6.2,5.3,5.9,8.3,ENTP,Truyền thông & Báo chí,Thông tin - thư viện,4.8
STU3403,6.9,9.6,7.1,5.1,7.2,7.0,7.8,ESFP,Truyền thông & Báo chí,Truyền thông đại chúng,5.3
STU0980,10.0,6.1,5.3,5.3,9.7,9.6,5.1,ISTJ,Y tế & Sức khỏe,Quản lý bệnh viện,4.2
STU2656,7.7,8.9,9.0,5.4,6.0,5.8,9.0,ESFJ,Sư phạm & Giáo dục,Sư phạm Ngữ văn,5.3
STU1848,8.3,8.1,9.6,5.4,5.5,6.9,6.7,ESTP,Kinh tế & Quản lý,Hệ thống thông tin quản lý,4.0
STU7434,4.6,7.2,9.9,5.0,6.2,5.5,8.1,ESFJ,Du lịch & Dịch vụ,Quản trị dịch vụ du lịch và lữ hành,4.5
STU5435,10.0,6.5,6.4,9.0,8.7,6.3,5.9,ISTJ,"Kỹ thuật, Cơ khí & Ô tô",Kỹ thuật điện tử - viễn thông,4.6
STU4701,6.6,10.0,7.4,6.5,6.8,6.2,10.0,INTJ,Luật & Xã hội,Công tác xã hội,4.0
STU6696,3.5,4.9,5.1,4.7,6.1,6.4,5.5,ENTJ,Xây dựng & Quy hoạch,Địa kỹ thuật xây dựng,3.4
STU4741,7.0,8.7,8.2,7.0,5.5,5.1,10.0,INTJ,Luật & Xã hội,Chính trị học,4.8
STU1103,9.0,4.9,7.2,5.6,10.0,8.9,5.8,ISFP,Y tế & Sức khỏe,Răng - Hàm - Mặt,4.5
STU3277,6.8,8.8,9.8,4.4,6.4,6.2,7.3,ISFP,Ngôn ngữ & Văn hóa,Đông phương học,4.9
STU7158,8.2,5.9,5.0,8.4,6.5,5.5,4.4,ESTJ,Xây dựng & Quy hoạch,Địa kỹ thuật xây dựng,4.5
STU5943,9.1,6.3,5.4,9.5,8.5,4.4,6.6,ESTP,"Kỹ thuật, Cơ khí & Ô tô",Công nghệ kỹ thuật ô tô,4.8
STU5571,9.2,7.1,6.9,8.5,8.6,5.0,6.6,ISTP,"Kỹ thuật, Cơ khí & Ô tô",Kỹ thuật cơ điện tử,4.7
STU3997,5.8,7.6,5.1,6.1,6.2,5.1,7.3,ISFP,Nghệ thuật & Thiết kế,Thiết kế đồ họa,3.9
STU0195,9.5,6.7,8.2,10.0,9.2,6.2,6.0,ENTP,Công nghệ Thông tin & Kỹ thuật Máy tính,Khoa học Máy tính,3.5
STU0644,9.7,6.0,8.2,8.3,6.9,5.8,6.6,ENTP,Công nghệ Thông tin & Kỹ thuật Máy tính,Thiết kế vi mạch,4.4
STU3286,5.7,7.8,9.7,5.9,4.8,6.3,8.8,INFP,Ngôn ngữ & Văn hóa,Ngôn ngữ Nhật,4.2
STU3117,5.4,9.0,9.0,5.8,5.8,6.3,6.5,INTP,Ngôn ngữ & Văn hóa,Ngôn ngữ Nhật,4.4
STU3576,6.1,9.8,8.7,5.8,7.2,5.2,9.6,ENTP,Truyền thông & Báo chí,Truyền thông đại chúng,4.6
STU6560,6.7,5.5,5.9,5.6,9.1,8.3,6.1,ISFJ,Nông nghiệp & Môi trường,Lâm nghiệp đô thị,3.3
STU2208,7.4,9.4,9.4,5.9,6.8,5.0,9.8,ISFJ,Sư phạm & Giáo dục,Tâm lý học giáo dục,3.8
STU3719,6.6,9.2,8.8,7.3,6.6,7.1,6.9,ESFP,Truyền thông & Báo chí,Truyền thông đại chúng,3.8
STU0973,10.0,6.6,6.1,6.7,9.8,9.7,6.6,ISFP,Y tế & Sức khỏe,Điều dưỡng,4.4
STU0720,9.7,5.7,4.9,5.2,8.4,10.0,6.3,ISFJ,Y tế & Sức khỏe,Răng - Hàm - Mặt,5.2
STU7156,10.0,7.3,7.3,9.1,7.9,4.9,6.3,ISTP,Xây dựng & Quy hoạch,Công nghệ kỹ thuật công trình xây dựng,4.9
STU3897,5.4,9.0,7.7,6.4,5.6,5.4,9.0,ENTP,Truyền thông & Báo chí,Quan hệ công chúng,4.0
STU2804,6.2,8.0,8.9,7.0,6.4,6.3,8.7,ISFP,Ngôn ngữ & Văn hóa,Văn học,5.2
STU2567,7.6,10.0,9.1,6.3,6.4,5.8,8.4,ISFJ,Sư phạm & Giáo dục,Sư phạm Toán học,4.3
STU4026,6.3,7.9,5.8,5.2,5.8,4.6,8.7,INFP,Nghệ thuật & Thiết kế,Kiến trúc,6.0
STU0033,9.7,5.4,7.7,10.0,5.7,6.0,6.8,INTJ,Công nghệ Thông tin & Kỹ thuật Máy tính,Kỹ thuật phần mềm,3.4
STU6297,7.7,6.3,5.6,6.5,7.8,9.5,6.9,INFP,Nông nghiệp & Môi trường,Thú y,3.9
STU4064,5.5,8.2,6.0,5.3,5.0,5.6,7.0,INFJ,Nghệ thuật & Thiết kế,Đạo diễn Điện ảnh - Truyền hình,3.7
STU6454,6.5,5.7,6.9,5.9,7.9,8.6,6.1,ISFJ,Nông nghiệp & Môi trường,Nông nghiệp,4.3
STU1698,9.9,7.6,9.5,5.7,6.5,6.6,5.1,ENTJ,Kinh tế & Quản lý,Tài chính - Ngân hàng,4.2
STU2793,5.0,8.5,9.3,4.5,7.6,5.4,8.9,INTP,Ngôn ngữ & Văn hóa,Tiếng Việt và văn hoá Việt Nam,4.9
STU2223,5.8,8.6,9.1,5.2,5.9,6.4,8.6,INFJ,Sư phạm & Giáo dục,Tâm lý học giáo dục,5.9
STU3765,5.1,8.8,8.2,5.8,6.8,4.2,7.8,ESFP,Truyền thông & Báo chí,Công nghệ truyền thông,4.8
STU3867,5.7,9.1,9.2,6.1,6.6,5.9,7.3,ENTP,Truyền thông & Báo chí,Truyền thông đại chúng,4.6
STU6053,7.5,6.2,6.2,5.0,8.8,10.0,6.3,ISFP,Nông nghiệp & Môi trường,Công nghệ sinh học,3.6
STU6441,6.8,6.8,7.4,5.4,8.8,8.5,5.0,INFP,Nông nghiệp & Môi trường,Lâm nghiệp đô thị,3.3
STU4393,7.0,9.7,5.3,6.1,6.4,5.7,8.1,INFP,Nghệ thuật & Thiết kế,Kiến trúc,4.0
STU4661,5.5,7.8,5.7,7.4,6.6,4.8,7.0,ISTP,Nghệ thuật & Thiết kế,Thiết kế công nghiệp,3.0
STU3759,6.1,7.9,9.2,6.9,5.4,6.5,8.7,ESFP,Truyền thông & Báo chí,Báo chí,5.1
STU7212,8.7,4.8,5.7,9.4,6.6,6.4,6.2,ESTJ,Xây dựng & Quy hoạch,Kỹ thuật cấp thoát nước,5.7
STU3228,5.9,9.9,9.8,5.9,6.3,6.1,7.3,INFP,Ngôn ngữ & Văn hóa,Ngôn ngữ Hàn Quốc,4.8
STU7851,6.9,8.4,8.5,5.0,6.2,5.8,8.5,ESFP,Du lịch & Dịch vụ,Quản trị khách sạn,4.2
STU3905,5.3,8.3,7.9,4.2,4.8,7.2,7.7,ESFP,Truyền thông & Báo chí,Truyền thông đại chúng,4.5
STU2278,6.9,9.4,9.2,6.6,4.9,5.8,9.4,ISFJ,Sư phạm & Giáo dục,Tâm lý học giáo dục,5.1
STU5268,6.6,8.7,7.5,7.6,6.6,6.8,8.5,INFJ,Luật & Xã hội,Luật quốc tế,3.2
STU1402,9.7,6.9,9.1,7.1,6.0,5.0,5.5,ESTP,Kinh tế & Quản lý,Kế toán,4.1
STU0740,9.7,6.4,6.6,5.3,8.5,9.0,5.9,ISTJ,Y tế & Sức khỏe,Kỹ thuật hình ảnh y học,4.6
STU4898,6.6,8.1,7.4,6.4,6.4,4.9,9.8,INTJ,Luật & Xã hội,Luật kinh tế,4.2
STU7265,6.3,6.0,7.5,3.9,6.4,5.2,4.9,ESFJ,Xây dựng & Quy hoạch,Kỹ thuật cấp thoát nước,2.9
STU6005,7.7,5.9,5.5,4.9,8.6,10.0,5.8,ISFJ,Nông nghiệp & Môi trường,Khoa học cây trồng,5.3
STU6886,7.5,6.3,6.7,9.4,7.9,5.6,6.1,ISTP,Xây dựng & Quy hoạch,Kỹ thuật cấp thoát nước,5.1
STU4274,7.6,8.5,6.5,5.7,6.4,5.3,7.7,INFP,Nghệ thuật & Thiết kế,Thanh nhạc,4.8
STU4510,6.5,9.0,4.7,7.1,7.1,7.3,8.7,ISFP,Nghệ thuật & Thiết kế,Thiết kế nội thất,4.6
STU0675,10.0,6.9,4.7,6.5,8.5,7.3,6.7,ISTJ,Y tế & Sức khỏe,Dược học,4.3
STU4191,6.4,7.4,5.1,4.8,5.2,6.3,8.3,ISFP,Nghệ thuật & Thiết kế,Thiết kế công nghiệp,3.4
STU3842,5.3,9.2,9.2,6.2,5.8,4.7,7.6,ENFP,Truyền thông & Báo chí,Lưu trữ học,4.3
STU1816,10.0,8.9,8.5,7.3,6.9,6.0,6.3,ENTP,Kinh tế & Quản lý,Marketing,4.8
STU6653,5.4,6.9,4.0,5.0,6.8,7.0,4.9,ESFJ,Nông nghiệp & Môi trường,Khoa học cây trồng,2.9
STU7802,6.3,7.3,8.6,5.6,7.3,6.0,7.9,ESFJ,Du lịch & Dịch vụ,Du lịch,3.9
STU6840,8.9,5.1,5.2,8.8,6.2,6.5,6.1,ISTP,Xây dựng & Quy hoạch,Kỹ thuật cấp thoát nước,3.7
STU5549,8.9,5.4,6.2,8.8,6.8,5.2,6.3,ESTP,"Kỹ thuật, Cơ khí & Ô tô",Công nghệ kỹ thuật ô tô,4.4
STU2101,6.8,9.2,8.5,5.6,6.2,7.4,8.8,ISFJ,Sư phạm & Giáo dục,Sư phạm Tiếng Anh,4.9
STU6738,8.5,4.0,6.9,9.3,8.9,6.0,5.7,ESTJ,Xây dựng & Quy hoạch,Công nghệ kỹ thuật công trình xây dựng,3.6
STU2102,8.0,8.1,8.9,6.6,7.0,5.5,8.5,ESFJ,Sư phạm & Giáo dục,Sư phạm Ngữ văn,3.8
STU4583,5.4,8.9,6.9,6.7,5.9,5.8,8.1,INFJ,Nghệ thuật & Thiết kế,Điêu khắc,4.2
STU1549,9.1,8.7,9.0,6.4,5.5,6.6,6.1,ENTP,Kinh tế & Quản lý,Kinh tế quốc tế,5.5
STU4214,5.5,9.4,5.8,6.0,6.4,6.3,7.7,INFP,Nghệ thuật & Thiết kế,Đạo diễn Điện ảnh - Truyền hình,4.9
STU3324,5.6,8.3,10.0,5.6,7.3,5.3,8.1,ISFP,Ngôn ngữ & Văn hóa,Ngôn ngữ Hàn Quốc,4.0
STU4775,6.0,4.7,5.8,7.5,5.6,3.0,6.3,INTJ,Luật & Xã hội,Công tác xã hội,3.3
STU0356,9.4,6.4,10.0,8.1,8.4,5.8,6.2,ISTP,Công nghệ Thông tin & Kỹ thuật Máy tính,An toàn thông tin,5.0
STU1462,9.4,8.3,7.4,5.4,5.3,6.2,7.6,ESTP,Kinh tế & Quản lý,Quản trị kinh doanh,3.6
STU7086,7.9,5.3,7.4,9.0,8.2,5.7,5.0,ISTJ,Xây dựng & Quy hoạch,Quản lý xây dựng,4.4
STU3221,6.9,9.5,9.2,6.6,5.0,6.0,8.0,INFP,Ngôn ngữ & Văn hóa,Quốc tế học,3.6
STU7067,9.0,5.4,4.5,8.3,8.2,4.6,5.5,ISTP,Xây dựng & Quy hoạch,Công nghệ kỹ thuật công trình xây dựng,3.8
STU5172,5.9,8.8,8.3,6.2,5.2,5.2,8.5,ISTJ,Luật & Xã hội,Công tác xã hội,4.0
STU1752,9.9,7.1,9.3,6.7,7.0,6.1,5.9,ESTJ,Kinh tế & Quản lý,Tài chính - Ngân hàng,4.2
STU5251,7.0,8.8,7.9,5.8,7.1,6.0,8.7,INTJ,Luật & Xã hội,Chính trị học,5.1
STU4985,5.9,9.6,6.7,6.5,6.0,5.8,9.2,INTJ,Luật & Xã hội,Chính trị học,5.1
STU1773,8.5,9.0,8.9,5.8,5.2,6.5,6.9,ENTP,Kinh tế & Quản lý,Tài chính - Ngân hàng,4.3
STU1197,8.2,6.0,4.7,4.7,8.3,8.8,7.4,INFJ,Y tế & Sức khỏe,Kỹ thuật phục hồi chức năng,5.3
STU1879,10.0,9.4,8.8,6.5,6.4,6.1,6.8,ENTJ,Kinh tế & Quản lý,Quản trị kinh doanh,5.1
STU2669,6.0,8.2,9.8,4.3,6.1,6.2,8.7,ISFP,Ngôn ngữ & Văn hóa,Ngôn ngữ Trung Quốc,3.7
STU7976,7.8,7.2,9.0,5.8,5.8,5.9,8.2,ESTP,Du lịch & Dịch vụ,Quản trị nhà hàng và dịch vụ ăn uống,4.0
STU2017,7.1,9.8,9.5,4.2,6.5,6.5,9.8,ESFJ,Sư phạm & Giáo dục,Sư phạm Tiếng Anh,4.1
STU2006,7.4,9.5,10.0,5.2,6.2,7.0,8.4,ISFJ,Sư phạm & Giáo dục,Tâm lý học giáo dục,4.7
STU3894,6.6,8.5,8.0,5.5,5.3,6.3,8.2,ENTP,Truyền thông & Báo chí,Công nghệ truyền thông,4.8
STU3238,6.0,9.4,9.0,4.9,4.9,7.1,9.4,ISFP,Ngôn ngữ & Văn hóa,Đông phương học,4.3
STU2079,7.0,8.1,9.3,5.3,5.1,6.1,9.7,INFJ,Sư phạm & Giáo dục,Sư phạm Tin học,5.1
STU0397,9.1,5.8,8.8,9.5,6.4,4.9,6.5,ISTJ,Công nghệ Thông tin & Kỹ thuật Máy tính,Thiết kế vi mạch,4.1
STU2789,6.8,8.6,8.4,6.5,6.0,6.2,8.9,INTP,Ngôn ngữ & Văn hóa,Đông phương học,4.5
STU6508,7.9,6.3,5.9,6.4,7.8,10.0,6.7,ISFJ,Nông nghiệp & Môi trường,Nông nghiệp,4.9
STU4073,6.1,8.1,5.6,5.7,4.8,5.1,8.2,ISFP,Nghệ thuật & Thiết kế,Thanh nhạc,3.3
STU5614,8.5,6.3,6.5,9.1,8.7,5.8,6.2,ISTJ,"Kỹ thuật, Cơ khí & Ô tô",Kỹ thuật cơ điện tử,4.5
STU5075,5.5,9.9,8.6,5.4,5.5,6.6,9.4,INFJ,Luật & Xã hội,Công tác xã hội,4.1
STU1520,8.2,8.9,9.0,5.1,5.4,7.4,6.7,ENTJ,Kinh tế & Quản lý,Kinh tế quốc tế,4.8
STU5366,8.7,4.9,5.4,8.8,7.9,5.9,6.8,ISTP,"Kỹ thuật, Cơ khí & Ô tô",Kỹ thuật cơ điện tử,4.5
STU1379,9.6,8.2,7.8,6.2,6.5,4.6,6.5,ENTJ,Kinh tế & Quản lý,Kinh tế quốc tế,3.5
STU1024,9.1,7.0,5.9,4.3,10.0,9.8,5.1,INFJ,Y tế & Sức khỏe,Y đa khoa,5.0
STU2588,6.4,9.9,9.1,5.2,6.7,7.5,9.7,ISFJ,Sư phạm & Giáo dục,Tâm lý học giáo dục,3.8
STU5013,7.2,10.0,7.0,6.9,5.8,6.0,8.5,ENTJ,Luật & Xã hội,Chính trị học,4.8
STU2858,5.7,7.2,9.2,7.2,6.2,5.3,7.8,INFP,Ngôn ngữ & Văn hóa,Ngôn ngữ Nhật,5.0
STU5449,8.9,6.5,6.3,9.6,6.7,6.8,5.8,ESTP,"Kỹ thuật, Cơ khí & Ô tô",Kỹ thuật điện,4.2
STU1630,9.0,7.4,9.4,6.8,6.1,5.7,6.5,ESTJ,Kinh tế & Quản lý,Thương mại điện tử,4.7
STU3524,4.5,9.8,9.6,5.1,5.7,6.5,8.0,ENTP,Truyền thông & Báo chí,Lưu trữ học,5.1
STU7270,4.9,4.1,4.3,5.7,4.6,4.9,6.5,ISTJ,Xây dựng & Quy hoạch,Kỹ thuật cấp thoát nước,3.3
STU3608,7.7,9.1,8.4,7.4,5.7,6.2,7.8,ENFP,Truyền thông & Báo chí,Lưu trữ học,4.3
STU7440,6.0,8.5,9.2,5.2,5.5,5.3,8.4,ESTP,Du lịch & Dịch vụ,Quản lý thể dục thể thao,5.5
STU0235,9.4,5.0,8.5,9.4,6.3,5.3,5.2,INTP,Công nghệ Thông tin & Kỹ thuật Máy tính,Khoa học Máy tính,4.9
STU7534,6.5,7.7,7.8,4.7,6.3,5.4,8.1,ENFP,Du lịch & Dịch vụ,Quản trị khách sạn,3.2
STU3797,5.3,8.8,9.8,6.5,7.1,5.4,8.2,ENTP,Truyền thông & Báo chí,Truyền thông đại chúng,4.0
STU4119,5.9,7.5,5.9,6.3,5.5,6.6,6.8,ISFP,Nghệ thuật & Thiết kế,Kiến trúc,4.4
STU3801,4.4,9.2,9.0,5.3,4.5,7.4,8.5,ESFP,Truyền thông & Báo chí,Báo chí,3.6
STU4951,6.1,9.8,7.7,6.1,7.1,5.0,9.4,ISTJ,Luật & Xã hội,Luật kinh tế,4.0
STU5892,9.3,5.0,5.4,8.7,7.6,4.7,6.3,ESTP,"Kỹ thuật, Cơ khí & Ô tô",Kỹ thuật cơ điện tử,4.7
STU1949,9.1,7.3,9.4,4.7,5.6,5.5,5.2,ENTP,Kinh tế & Quản lý,Marketing,4.2
STU7103,9.3,6.7,5.3,9.6,7.3,5.7,6.9,ESTJ,Xây dựng & Quy hoạch,Địa kỹ thuật xây dựng,4.1
STU6953,6.9,4.1,6.9,8.7,5.7,7.1,6.2,ISTJ,Xây dựng & Quy hoạch,Quản lý xây dựng,4.1
STU3493,6.6,10.0,8.2,5.5,5.0,7.0,7.2,ESFP,Truyền thông & Báo chí,Thông tin - thư viện,4.9
STU2672,5.7,9.5,10.0,5.2,5.5,5.7,8.6,INFP,Ngôn ngữ & Văn hóa,Ngôn ngữ Anh,4.6
STU6658,7.6,7.2,5.5,6.8,8.8,8.7,5.2,ISFJ,Nông nghiệp & Môi trường,Nuôi trồng thủy sản,3.9
STU2225,5.7,9.6,8.7,5.0,6.0,7.5,9.9,INFJ,Sư phạm & Giáo dục,Sư phạm Ngữ văn,4.1
STU1107,9.5,6.0,5.3,4.4,9.1,9.6,5.1,ISTJ,Y tế & Sức khỏe,Y học cổ truyền,4.7
STU6593,7.5,7.0,6.6,4.9,10.0,8.6,6.7,ISFP,Nông nghiệp & Môi trường,Công nghệ sinh học,4.6
STU0819,10.0,5.4,6.9,6.6,9.9,9.5,6.0,ISFJ,Y tế & Sức khỏe,Kỹ thuật hình ảnh y học,4.0
STU6164,5.9,6.8,5.6,6.4,9.7,9.6,5.9,ISFJ,Nông nghiệp & Môi trường,Khoa học môi trường,5.3
STU7095,8.0,5.7,6.5,8.7,8.0,7.2,7.1,ISTP,Xây dựng & Quy hoạch,Công nghệ kỹ thuật công trình xây dựng,4.2
STU0889,8.6,6.6,6.4,6.3,9.4,9.3,6.1,ISTJ,Y tế & Sức khỏe,Kỹ thuật hình ảnh y học,5.4
STU2438,7.7,9.2,8.6,6.9,5.7,5.3,8.9,ENFJ,Sư phạm & Giáo dục,Giáo dục Mầm non,4.4
STU0818,9.1,6.5,5.1,7.1,8.6,10.0,6.0,ISFJ,Y tế & Sức khỏe,Điều dưỡng,4.1
STU3415,6.2,8.6,9.8,5.2,5.8,6.1,9.1,ENFP,Truyền thông & Báo chí,Báo chí,4.7
STU2342,6.3,9.8,9.4,5.4,5.3,5.1,10.0,INFJ,Sư phạm & Giáo dục,Giáo dục Tiểu học,4.8
STU6569,8.8,4.8,6.5,5.4,9.8,8.7,5.9,ISFP,Nông nghiệp & Môi trường,Công nghệ sinh học,4.8
STU3168,4.7,9.0,9.8,5.8,6.9,7.7,7.0,INFP,Ngôn ngữ & Văn hóa,Ngôn ngữ Trung Quốc,4.2
STU5911,9.5,6.0,5.5,8.1,7.2,6.8,5.9,ESTP,"Kỹ thuật, Cơ khí & Ô tô",Kỹ thuật cơ khí,5.8
STU5266,6.4,8.8,7.3,6.7,4.9,6.1,10.0,ISTJ,Luật & Xã hội,Luật quốc tế,5.6
STU1265,10.0,5.1,6.7,5.9,8.2,8.5,6.6,ISFP,Y tế & Sức khỏe,Y học cổ truyền,2.9
STU7374,5.6,5.6,5.2,5.8,3.2,6.0,6.4,ISFJ,Du lịch & Dịch vụ,Quản lý thể dục thể thao,2.2
STU7198,7.6,5.9,7.4,9.2,8.2,5.4,6.2,ISTJ,Xây dựng & Quy hoạch,Địa kỹ thuật xây dựng,4.9
STU5635,7.4,6.7,4.8,8.7,8.0,4.7,5.1,INTJ,"Kỹ thuật, Cơ khí & Ô tô",Kỹ thuật cơ điện tử,5.6
STU1229,9.4,5.6,5.6,5.8,8.0,8.6,5.8,INFJ,Y tế & Sức khỏe,Y đa khoa,4.1
STU4783,4.2,9.0,9.2,5.3,6.3,4.4,8.6,INTJ,Luật & Xã hội,Luật quốc tế,5.1
STU0053,10.0,5.7,6.8,8.8,7.5,5.5,6.7,ISTP,Công nghệ Thông tin & Kỹ thuật Máy tính,Khoa học Máy tính,3.8
STU4813,6.2,9.1,8.3,4.7,6.2,5.0,9.2,ENTJ,Luật & Xã hội,Tâm lý học,4.5
STU5650,8.6,7.4,6.3,10.0,6.9,5.9,5.8,INTJ,"Kỹ thuật, Cơ khí & Ô tô",Kỹ thuật cơ khí,3.8
STU0160,9.9,6.2,8.2,8.0,6.2,6.3,6.9,ISTJ,Công nghệ Thông tin & Kỹ thuật Máy tính,Khoa học Máy tính,3.7
STU4952,6.0,8.9,8.2,5.9,6.3,6.4,8.4,INTJ,Luật & Xã hội,Chính trị học,5.8
STU1588,9.8,7.7,8.8,6.2,4.7,7.3,5.6,ENTP,Kinh tế & Quản lý,Kinh tế,4.4
STU1590,8.8,7.1,8.1,6.1,6.4,6.8,8.3,ESTP,Kinh tế & Quản lý,Marketing,4.7
STU6405,6.4,5.6,5.8,5.4,7.8,5.8,4.8,INFJ,Nông nghiệp & Môi trường,Nuôi trồng thủy sản,1.2
STU4435,6.1,8.0,6.9,6.5,5.9,5.5,6.1,INFJ,Nghệ thuật & Thiết kế,Đạo diễn Điện ảnh - Truyền hình,4.3
STU6455,7.1,6.4,6.6,5.4,7.8,10.0,4.9,ISFP,Nông nghiệp & Môi trường,Khoa học cây trồng,4.5
STU3859,6.5,8.6,8.2,6.5,5.2,6.8,7.2,ENTP,Truyền thông & Báo chí,Truyền thông đa phương tiện,4.2
STU4405,6.2,6.5,5.0,4.2,7.3,6.9,7.4,INFP,Nghệ thuật & Thiết kế,Thiết kế công nghiệp,3.8
STU2829,4.6,7.6,9.4,4.9,5.9,6.2,8.2,INFP,Ngôn ngữ & Văn hóa,Tiếng Việt và văn hoá Việt Nam,4.2
STU0437,8.8,6.1,8.0,8.1,8.3,5.9,6.3,ISTP,Công nghệ Thông tin & Kỹ thuật Máy tính,Khoa học dữ liệu,4.0
STU5345,8.7,6.4,5.2,8.9,7.3,7.0,6.1,ISTP,"Kỹ thuật, Cơ khí & Ô tô",Công nghệ kỹ thuật ô tô,3.6
STU3879,5.3,9.4,9.4,6.1,6.9,5.6,8.8,ESFP,Truyền thông & Báo chí,Quan hệ công chúng,5.2
STU1589,9.1,8.5,8.9,5.5,4.0,6.2,5.6,ESTP,Kinh tế & Quản lý,Kinh doanh quốc tế,3.7
STU2781,4.6,8.3,9.1,5.8,6.5,6.3,7.1,INTP,Ngôn ngữ & Văn hóa,Văn học,4.7
STU6503,8.1,5.6,5.6,6.0,8.3,10.0,5.7,ISFP,Nông nghiệp & Môi trường,Lâm nghiệp đô thị,5.4
STU7047,7.5,4.8,6.7,8.9,6.4,5.6,5.5,ESTJ,Xây dựng & Quy hoạch,Quản lý xây dựng,4.4
STU5885,8.9,6.2,5.7,9.4,8.2,6.4,4.6,INTJ,"Kỹ thuật, Cơ khí & Ô tô",Kỹ thuật điện,4.3
STU0974,9.5,6.5,6.9,5.1,9.4,9.3,5.3,ISTJ,Y tế & Sức khỏe,Y học dự phòng,4.4
STU1239,9.3,5.2,4.5,5.7,9.7,8.6,5.5,ISFJ,Y tế & Sức khỏe,Y học dự phòng,4.4
STU2952,6.0,8.4,8.8,6.0,5.2,4.7,7.0,ISFP,Ngôn ngữ & Văn hóa,Quốc tế học,3.8
STU2343,6.3,7.9,9.2,5.9,5.6,5.3,8.7,ISFJ,Sư phạm & Giáo dục,Sư phạm Tiếng Anh,3.7
STU7064,9.3,6.7,5.1,8.5,6.3,6.1,6.0,ESTJ,Xây dựng & Quy hoạch,Quản lý xây dựng,3.8
STU6832,8.0,6.0,5.8,8.2,5.1,6.7,5.9,ISTP,Xây dựng & Quy hoạch,Kỹ thuật xây dựng,4.3
STU1498,10.0,8.5,9.7,5.5,4.9,5.2,6.9,ENTP,Kinh tế & Quản lý,Thương mại điện tử,3.8
STU4258,5.9,8.0,5.5,4.9,7.4,5.9,7.8,ISFP,Nghệ thuật & Thiết kế,Thiết kế nội thất,5.1
STU2423,6.1,9.7,8.9,5.4,6.0,6.4,8.6,ESFJ,Sư phạm & Giáo dục,Tâm lý học giáo dục,3.2
STU7097,8.3,5.6,5.8,8.5,7.0,6.1,6.1,ISTJ,Xây dựng & Quy hoạch,Quản lý xây dựng,4.8
STU5252,4.8,5.6,6.6,6.9,6.5,6.0,6.8,ISTJ,Luật & Xã hội,Luật quốc tế,3.0
STU6889,7.3,5.9,5.6,9.6,6.0,6.1,6.8,ISTJ,Xây dựng & Quy hoạch,Công nghệ kỹ thuật công trình xây dựng,5.7
STU2093,6.7,10.0,8.8,6.6,7.2,6.7,9.9,INFJ,Sư phạm & Giáo dục,Sư phạm Vật lý,4.2
STU2016,7.0,9.8,7.1,5.1,6.0,6.0,10.0,ENFJ,Sư phạm & Giáo dục,Tâm lý học giáo dục,4.4
STU6616,7.6,7.0,5.2,5.9,7.9,9.7,6.5,ISTJ,Nông nghiệp & Môi trường,Khoa học cây trồng,4.4
STU5834,8.5,6.5,5.7,9.6,8.1,6.6,4.4,ISTP,"Kỹ thuật, Cơ khí & Ô tô",Công nghệ kỹ thuật ô tô,3.7
STU0188,9.0,5.7,8.9,8.7,7.9,6.9,5.5,INTJ,Công nghệ Thông tin & Kỹ thuật Máy tính,Kỹ thuật phần mềm,3.2
STU4519,6.3,6.9,6.0,6.1,5.6,6.9,7.8,INFJ,Nghệ thuật & Thiết kế,Hội họa,5.3
STU3656,7.2,8.9,7.2,6.2,5.1,6.1,7.7,ENTP,Truyền thông & Báo chí,Thông tin - thư viện,4.0
STU3427,5.6,9.1,7.1,7.2,5.9,4.9,6.7,ENTP,Truyền thông & Báo chí,Báo chí,4.6
STU7439,5.8,9.4,9.2,5.6,4.7,6.2,8.5,ESFJ,Du lịch & Dịch vụ,Quản trị dịch vụ du lịch và lữ hành,4.0
STU1382,7.7,9.9,9.3,6.8,6.6,7.8,6.8,ENTP,Kinh tế & Quản lý,Kế toán,5.0
STU4897,6.0,8.6,6.7,7.2,5.9,6.2,9.4,ISTJ,Luật & Xã hội,Chính trị học,3.9
STU0414,8.6,5.0,6.9,9.2,7.6,7.0,5.7,ISTJ,Công nghệ Thông tin & Kỹ thuật Máy tính,Kỹ thuật phần mềm,4.1
STU3337,5.6,9.8,9.1,5.9,6.7,5.3,7.9,ENFP,Truyền thông & Báo chí,Quan hệ công chúng,3.4
STU3607,6.4,8.6,9.5,7.2,6.1,6.0,8.9,ESFP,Truyền thông & Báo chí,Công nghệ truyền thông,4.6
STU7492,6.2,6.9,9.5,5.6,6.6,5.5,7.6,ESFJ,Du lịch & Dịch vụ,Quản trị dịch vụ du lịch và lữ hành,4.4
STU5830,8.9,6.4,7.0,8.9,7.2,6.4,6.8,INTJ,"Kỹ thuật, Cơ khí & Ô tô",Kỹ thuật điện tử - viễn thông,4.7
STU5114,7.0,8.4,7.9,7.2,5.7,5.4,9.2,ENTJ,Luật & Xã hội,Quản lý nhà nước,4.9
STU0257,9.3,6.2,8.0,9.0,7.6,4.2,5.9,ENTP,Công nghệ Thông tin & Kỹ thuật Máy tính,Mạng máy tính và truyền thông dữ liệu,4.2
STU4648,4.3,9.2,5.1,6.5,6.6,6.6,7.3,ISFP,Nghệ thuật & Thiết kế,Điêu khắc,4.0
STU7837,6.7,8.2,8.8,7.3,6.6,6.3,8.0,ESFP,Du lịch & Dịch vụ,Quản trị dịch vụ du lịch và lữ hành,3.5
STU2236,6.7,10.0,8.5,6.4,5.9,5.0,9.2,ENFJ,Sư phạm & Giáo dục,Giáo dục Tiểu học,5.3
STU1768,8.5,7.4,8.8,4.5,5.4,5.5,6.3,ESTP,Kinh tế & Quản lý,Quản trị kinh doanh,4.6
STU4237,5.3,7.4,5.0,5.4,5.6,7.5,7.3,ISFP,Nghệ thuật & Thiết kế,Hội họa,3.8
STU5721,9.0,6.1,6.7,9.9,7.8,5.7,6.6,INTJ,"Kỹ thuật, Cơ khí & Ô tô",Công nghệ kỹ thuật ô tô,4.6
STU1573,9.2,6.8,8.6,5.7,6.4,4.9,6.8,ENTJ,Kinh tế & Quản lý,Quản trị kinh doanh,4.3
STU0025,9.8,6.6,8.5,9.3,7.5,5.3,6.3,ISTP,Công nghệ Thông tin & Kỹ thuật Máy tính,Khoa học Máy tính,5.0
STU6325,7.2,6.3,5.4,6.5,8.2,10.0,5.9,INFP,Nông nghiệp & Môi trường,Nông nghiệp,3.9
STU1089,8.8,5.6,7.1,7.1,8.2,9.1,6.5,ISFJ,Y tế & Sức khỏe,Răng - Hàm - Mặt,3.5
STU2695,6.0,8.8,9.9,6.5,7.7,6.7,8.6,INFP,Ngôn ngữ & Văn hóa,Ngôn ngữ Trung Quốc,4.4
STU4975,5.5,9.6,6.7,5.9,7.0,6.4,9.4,ISTJ,Luật & Xã hội,Luật,4.8
STU3399,6.5,9.3,9.4,5.9,5.1,5.4,9.5,ESFP,Truyền thông & Báo chí,Quan hệ công chúng,4.4
STU3560,5.4,9.4,8.1,6.0,6.0,5.8,8.0,ENTP,Truyền thông & Báo chí,Báo chí,4.9
STU6758,10.0,5.2,5.6,9.2,6.5,5.5,6.1,ISTP,Xây dựng & Quy hoạch,Kỹ thuật cấp thoát nước,5.3
STU2842,5.6,7.9,9.9,6.1,6.6,5.5,8.0,ISFP,Ngôn ngữ & Văn hóa,Ngôn ngữ Nhật,3.8
STU2312,7.6,9.4,8.9,6.7,6.1,7.5,9.9,ENFJ,Sư phạm & Giáo dục,Sư phạm Tiếng Anh,3.8
STU5564,8.7,5.4,6.1,9.0,6.9,5.8,6.4,INTJ,"Kỹ thuật, Cơ khí & Ô tô",Kỹ thuật cơ khí,4.8
STU7592,6.2,7.3,8.2,6.8,6.2,6.4,8.7,ESTP,Du lịch & Dịch vụ,Quản trị dịch vụ du lịch và lữ hành,4.8
STU4153,7.8,7.6,6.5,7.1,5.6,7.3,6.3,ISFP,Nghệ thuật & Thiết kế,Thanh nhạc,3.8
STU1310,8.0,4.8,6.8,6.0,8.7,8.5,6.5,INFJ,Y tế & Sức khỏe,Kỹ thuật hình ảnh y học,4.8
STU0696,6.8,6.3,5.5,4.9,5.1,5.4,6.4,ENTP,Y tế & Sức khỏe,Dược học,1.5
STU7245,8.5,4.9,6.2,9.1,6.6,4.9,6.7,ISTJ,Xây dựng & Quy hoạch,Địa kỹ thuật xây dựng,4.8
STU3753,6.2,9.6,8.2,4.9,5.3,5.8,7.7,ENFP,Truyền thông & Báo chí,Công nghệ truyền thông,3.8
STU1228,8.7,7.1,7.1,6.6,9.6,8.5,5.9,ISFJ,Y tế & Sức khỏe,Răng - Hàm - Mặt,3.8
STU2000,6.1,9.0,9.3,5.6,7.4,6.4,9.1,ENFJ,Sư phạm & Giáo dục,Sư phạm Toán học,4.8
STU0277,10.0,5.3,7.9,8.9,7.2,6.6,5.3,ENTP,Công nghệ Thông tin & Kỹ thuật Máy tính,Thiết kế vi mạch,4.3
STU4457,5.3,8.6,6.4,6.9,5.8,5.4,7.9,INFP,Nghệ thuật & Thiết kế,Thiết kế thời trang,4.9
STU4658,5.9,7.5,5.5,4.9,6.5,5.0,7.0,INFJ,Nghệ thuật & Thiết kế,Thiết kế đồ họa,4.2
STU6341,9.3,5.1,5.8,5.1,9.6,9.2,6.9,ISFJ,Nông nghiệp & Môi trường,Lâm nghiệp đô thị,4.5
STU7106,9.4,5.9,5.1,8.9,8.1,6.4,5.8,ISTP,Xây dựng & Quy hoạch,Kỹ thuật cấp thoát nước,4.7
STU5418,9.0,6.4,5.5,9.2,8.3,6.3,5.9,ISTJ,"Kỹ thuật, Cơ khí & Ô tô",Kỹ thuật điện tử - viễn thông,4.9
STU7530,5.3,7.5,8.9,6.9,6.9,6.1,7.9,ENFP,Du lịch & Dịch vụ,Quản lý thể dục thể thao,4.1
STU7958,5.6,8.4,9.3,5.5,4.8,5.2,7.4,ESTP,Du lịch & Dịch vụ,Du lịch,5.4
STU4627,5.6,9.3,5.9,5.9,6.7,6.9,6.8,INFJ,Nghệ thuật & Thiết kế,Thiết kế nội thất,4.7
STU1138,9.4,5.3,5.4,6.1,9.6,9.1,5.8,ISFP,Y tế & Sức khỏe,Kỹ thuật hình ảnh y học,4.5
STU2768,7.5,8.5,9.7,6.3,5.1,6.5,8.0,INFP,Ngôn ngữ & Văn hóa,Đông phương học,3.9
STU5367,7.8,6.7,6.5,9.3,7.7,6.1,6.5,INTJ,"Kỹ thuật, Cơ khí & Ô tô",Kỹ thuật cơ điện tử,3.9
STU7321,9.3,5.3,5.8,9.6,7.4,7.3,7.4,ESTJ,Xây dựng & Quy hoạch,Quản lý xây dựng,4.5
STU0943,10.0,8.1,5.2,4.5,9.7,8.2,5.2,ISFJ,Y tế & Sức khỏe,Dược học,3.0
STU6446,6.4,7.5,5.1,5.4,9.5,8.9,5.4,ISTJ,Nông nghiệp & Môi trường,Thú y,6.2
STU3936,5.8,8.7,9.1,4.2,5.9,6.0,9.7,ESFP,Truyền thông & Báo chí,Lưu trữ học,3.5
STU2385,8.1,8.2,7.8,6.7,3.8,4.9,9.7,ISFJ,Sư phạm & Giáo dục,Sư phạm Ngữ văn,3.9
STU0116,8.8,6.2,9.5,10.0,6.5,5.9,5.8,ENTP,Công nghệ Thông tin & Kỹ thuật Máy tính,Mạng máy tính và truyền thông dữ liệu,5.0
STU5592,8.4,6.4,6.2,9.1,7.1,5.3,5.5,ESTP,"Kỹ thuật, Cơ khí & Ô tô",Công nghệ kỹ thuật ô tô,3.9
STU7951,5.9,7.9,9.7,5.5,5.7,7.5,9.0,ESFJ,Du lịch & Dịch vụ,Quản trị dịch vụ du lịch và lữ hành,4.0
STU3120,5.0,7.9,9.8,4.9,6.3,5.6,8.1,INTP,Ngôn ngữ & Văn hóa,Ngôn ngữ Trung Quốc,4.5
STU4259,6.1,8.5,7.0,6.5,4.8,6.1,7.4,INFP,Nghệ thuật & Thiết kế,Thanh nhạc,4.4
STU5716,7.8,6.3,6.6,8.5,7.7,6.9,5.9,ESTP,"Kỹ thuật, Cơ khí & Ô tô",Robot và Trí tuệ nhân tạo,4.1
STU6633,7.2,5.8,6.6,5.3,9.0,9.7,5.7,ISFP,Nông nghiệp & Môi trường,Nông nghiệp,4.0
STU2820,6.5,8.3,9.1,6.7,5.6,5.6,7.1,INTP,Ngôn ngữ & Văn hóa,Đông phương học,5.2
STU3823,6.0,9.5,9.2,6.2,7.1,6.7,8.2,ENTP,Truyền thông & Báo chí,Lưu trữ học,4.6
STU6659,8.1,5.4,5.1,5.5,8.7,9.5,6.5,ISFP,Nông nghiệp & Môi trường,Lâm nghiệp đô thị,4.5
STU6413,6.5,6.0,4.8,5.2,6.1,5.0,4.3,ISTP,Nông nghiệp & Môi trường,Khoa học môi trường,2.5
STU3803,5.6,8.9,9.2,5.0,5.4,7.0,6.4,ESFP,Truyền thông & Báo chí,Lưu trữ học,4.9
STU3537,6.3,9.1,8.9,5.4,5.1,7.3,7.3,ESFP,Truyền thông & Báo chí,Công nghệ truyền thông,5.1
STU3826,5.7,9.2,7.4,5.5,5.6,5.0,8.2,ENFP,Truyền thông & Báo chí,Truyền thông đa phương tiện,5.5
STU6027,8.7,7.1,7.0,4.9,7.8,9.4,6.1,ISFJ,Nông nghiệp & Môi trường,Khoa học cây trồng,4.7
STU1947,9.3,9.4,7.9,5.8,5.0,7.4,5.8,ESTP,Kinh tế & Quản lý,Kinh doanh quốc tế,4.4
STU4695,7.6,8.4,9.0,5.5,6.7,4.9,8.3,INFJ,Luật & Xã hội,Luật quốc tế,3.6
STU3489,7.0,8.0,8.9,7.7,7.0,5.5,7.8,ENFP,Truyền thông & Báo chí,Quan hệ công chúng,4.8
STU1611,9.9,8.2,9.0,6.2,5.9,5.0,6.4,ENTJ,Kinh tế & Quản lý,Tài chính - Ngân hàng,6.4
STU6214,7.9,6.1,7.1,5.1,8.3,8.6,6.8,ISFP,Nông nghiệp & Môi trường,Công nghệ thực phẩm,3.2
STU2195,6.7,8.7,8.2,5.2,6.4,5.0,9.7,ISFJ,Sư phạm & Giáo dục,Sư phạm Tin học,3.8
STU5245,5.3,10.0,8.2,5.7,5.3,5.7,9.4,INTJ,Luật & Xã hội,Xã hội học,4.2
STU0558,10.0,6.7,8.0,9.5,7.1,5.5,6.3,ENTP,Công nghệ Thông tin & Kỹ thuật Máy tính,An toàn thông tin,5.4
STU5283,6.8,8.5,7.4,6.0,5.7,7.5,9.6,ISTJ,Luật & Xã hội,Công tác xã hội,3.7
STU1208,8.1,6.8,6.7,6.2,8.5,8.9,5.7,INFJ,Y tế & Sức khỏe,Dược học,3.1
STU4630,6.7,6.5,5.3,6.1,5.5,5.8,6.6,ESFP,Nghệ thuật & Thiết kế,Đạo diễn Điện ảnh - Truyền hình,2.9
STU4804,5.9,9.5,7.7,6.8,6.1,6.0,9.0,INTJ,Luật & Xã hội,Tâm lý học,5.0
STU1511,9.4,8.0,8.8,6.2,6.3,5.2,5.7,ENTJ,Kinh tế & Quản lý,Kế toán,5.0
STU3830,5.8,8.4,7.9,6.8,6.4,6.0,7.4,ENTP,Truyền thông & Báo chí,Quan hệ công chúng,4.9
STU3733,5.3,8.5,8.9,5.8,5.7,6.2,7.5,ENFP,Truyền thông & Báo chí,Báo chí,5.3
STU5220,5.3,9.5,7.7,6.6,5.0,6.0,10.0,INTJ,Luật & Xã hội,Luật kinh tế,3.9
STU3212,7.2,9.0,9.4,6.3,6.1,4.9,7.8,ISFP,Ngôn ngữ & Văn hóa,Quốc tế học,6.0
STU3631,5.6,8.8,9.5,6.1,4.6,5.8,9.0,ENTP,Truyền thông & Báo chí,Báo chí,3.5
STU5465,9.1,6.1,5.9,8.8,7.9,4.9,6.2,ESTP,"Kỹ thuật, Cơ khí & Ô tô",Kỹ thuật cơ khí,4.2
STU7091,8.2,4.8,5.6,9.1,6.0,4.9,6.8,ISTP,Xây dựng & Quy hoạch,Kỹ thuật cấp thoát nước,4.2
STU0267,9.7,5.3,9.0,7.7,7.4,6.0,5.1,ENTP,Công nghệ Thông tin & Kỹ thuật Máy tính,Kỹ thuật phần mềm,4.9
STU1141,9.3,5.5,6.4,5.1,8.7,9.3,7.0,ISTJ,Y tế & Sức khỏe,Kỹ thuật phục hồi chức năng,5.3
STU3163,6.2,9.6,10.0,4.4,6.5,7.0,7.9,INTP,Ngôn ngữ & Văn hóa,Ngôn ngữ học,4.6
STU5687,8.0,4.7,5.9,9.0,6.8,6.5,6.4,ESTP,"Kỹ thuật, Cơ khí & Ô tô",Kỹ thuật cơ khí,4.2
STU7345,7.2,8.3,8.9,6.2,7.0,5.2,7.9,ESFJ,Du lịch & Dịch vụ,Du lịch,4.2
STU1910,9.5,8.0,7.7,6.3,5.9,4.6,6.9,ESTP,Kinh tế & Quản lý,Kinh tế,4.6
STU6406,7.1,6.2,6.2,6.3,9.5,7.3,6.0,ISFJ,Nông nghiệp & Môi trường,Khoa học cây trồng,5.1
STU6823,9.8,4.6,6.4,9.3,8.1,6.0,6.1,ESTJ,Xây dựng & Quy hoạch,Công nghệ kỹ thuật công trình xây dựng,4.8
STU0657,10.0,6.4,7.4,8.7,6.3,5.2,6.9,ISTP,Công nghệ Thông tin & Kỹ thuật Máy tính,Khoa học dữ liệu,3.7
STU5667,7.6,5.3,5.5,10.0,7.5,5.6,5.4,INTJ,"Kỹ thuật, Cơ khí & Ô tô",Kỹ thuật điều khiển và tự động hóa,5.1
STU5139,4.3,9.8,7.5,4.2,6.5,5.3,9.4,INTJ,Luật & Xã hội,Công tác xã hội,3.0
STU0999,9.2,4.2,4.8,6.7,9.4,9.8,5.2,ISFJ,Y tế & Sức khỏe,Y đa khoa,4.7
STU5083,4.9,8.4,7.4,6.0,6.1,7.8,7.3,ISTJ,Luật & Xã hội,Quản lý nhà nước,4.9
STU2835,6.7,8.0,9.0,7.2,5.9,5.5,8.3,ISFP,Ngôn ngữ & Văn hóa,Văn học,4.1
STU6798,10.0,6.2,7.4,8.7,7.7,6.1,6.4,ISTP,Xây dựng & Quy hoạch,Công nghệ kỹ thuật công trình xây dựng,4.2
STU1238,8.8,6.6,5.7,4.9,9.9,8.3,5.1,INFJ,Y tế & Sức khỏe,Kỹ thuật hình ảnh y học,4.9
STU6662,9.7,7.3,6.0,9.7,7.1,4.9,6.8,ISTJ,Xây dựng & Quy hoạch,Kỹ thuật xây dựng,5.1
STU5197,6.9,9.1,6.8,4.4,4.9,5.7,10.0,INFJ,Luật & Xã hội,Tâm lý học,4.6
STU6113,8.3,5.1,5.2,6.0,9.2,8.0,4.5,INFP,Nông nghiệp & Môi trường,Công nghệ sinh học,4.5
STU2187,7.7,9.6,8.8,5.5,6.2,7.5,9.4,ISFJ,Sư phạm & Giáo dục,Sư phạm Tin học,4.2
STU1135,9.7,6.2,5.6,5.4,9.8,8.8,5.6,ISTJ,Y tế & Sức khỏe,Điều dưỡng,4.7
STU1304,9.4,7.1,5.8,6.2,9.8,8.5,8.2,ISFJ,Y tế & Sức khỏe,Kỹ thuật hình ảnh y học,5.4
STU1628,9.3,7.2,8.5,5.8,7.6,5.3,5.9,ESTJ,Kinh tế & Quản lý,Kế toán,5.5
STU5160,6.3,9.7,7.6,4.6,5.6,5.6,8.8,INFJ,Luật & Xã hội,Xã hội học,3.9
STU1523,10.0,7.6,9.5,4.5,6.1,5.2,6.4,ESTP,Kinh tế & Quản lý,Kinh tế,4.2
STU0359,9.3,7.3,9.6,8.4,6.5,5.7,6.5,ENTP,Công nghệ Thông tin & Kỹ thuật Máy tính,Khoa học dữ liệu,3.8
STU0139,9.0,6.5,9.0,10.0,7.9,6.5,4.8,INTP,Công nghệ Thông tin & Kỹ thuật Máy tính,Thiết kế vi mạch,4.0
STU0300,9.9,5.5,9.7,9.5,7.0,6.3,4.8,ISTP,Công nghệ Thông tin & Kỹ thuật Máy tính,Khoa học dữ liệu,4.3
STU1557,7.9,7.8,9.1,5.9,5.0,5.7,7.3,ENTP,Kinh tế & Quản lý,Marketing,4.0
STU0383,8.4,7.0,9.4,8.2,7.2,5.3,5.4,INTJ,Công nghệ Thông tin & Kỹ thuật Máy tính,An toàn thông tin,4.0
STU7699,6.5,7.4,7.4,6.1,6.0,5.7,7.2,ENFP,Du lịch & Dịch vụ,Quản lý thể dục thể thao,5.6
STU4708,5.8,9.7,6.7,5.7,6.6,6.7,8.5,INFJ,Luật & Xã hội,Luật,3.6
STU6366,9.2,5.6,4.9,5.6,8.3,9.2,5.6,ISTJ,Nông nghiệp & Môi trường,Thú y,3.1
STU5813,7.4,6.7,6.3,9.8,6.7,6.5,5.8,ISTJ,"Kỹ thuật, Cơ khí & Ô tô",Kỹ thuật cơ điện tử,5.3
STU4692,5.5,9.4,8.0,4.9,7.6,6.0,8.9,ISTJ,Luật & Xã hội,Chính trị học,4.4
STU6765,8.9,6.3,6.4,8.0,7.8,7.2,6.3,ISTJ,Xây dựng & Quy hoạch,Địa kỹ thuật xây dựng,4.0
STU5518,8.8,6.3,6.9,9.5,8.0,5.8,6.4,ESTP,"Kỹ thuật, Cơ khí & Ô tô",Robot và Trí tuệ nhân tạo,4.7
STU6870,8.6,6.4,6.4,8.5,8.1,5.2,6.6,ISTJ,Xây dựng & Quy hoạch,Công nghệ kỹ thuật công trình xây dựng,4.0
STU2722,5.6,8.5,9.1,6.7,6.4,5.6,7.4,ISFP,Ngôn ngữ & Văn hóa,Ngôn ngữ Anh,3.4
STU1933,8.0,7.4,9.4,6.6,5.7,7.4,6.9,ENTP,Kinh tế & Quản lý,Kế toán,3.8
STU4871,5.2,9.3,7.3,7.0,5.7,6.2,9.9,ENTJ,Luật & Xã hội,Luật,5.0
STU7188,8.7,5.3,6.6,9.2,6.5,5.8,5.3,ESTJ,Xây dựng & Quy hoạch,Kỹ thuật xây dựng,5.0
STU7853,5.3,8.9,7.7,5.8,6.7,5.3,7.9,ESFP,Du lịch & Dịch vụ,Quản trị nhà hàng và dịch vụ ăn uống,4.1
STU4164,6.0,9.3,4.8,7.4,7.3,6.2,7.3,ISFP,Nghệ thuật & Thiết kế,Thiết kế công nghiệp,4.9
STU6371,7.7,6.2,5.3,5.6,7.9,9.7,5.9,ISFP,Nông nghiệp & Môi trường,Công nghệ sinh học,5.1
STU3808,5.0,9.7,7.3,5.8,5.2,7.1,8.8,ESFP,Truyền thông & Báo chí,Truyền thông đa phương tiện,4.1
STU7326,9.0,5.7,6.3,7.8,7.1,5.5,6.7,ISTP,Xây dựng & Quy hoạch,Quản lý xây dựng,4.3
STU4595,5.9,7.2,5.9,5.4,6.2,5.6,8.6,ISFP,Nghệ thuật & Thiết kế,Điêu khắc,4.9
STU4155,7.5,8.9,5.0,6.7,5.9,6.3,8.8,ISFP,Nghệ thuật & Thiết kế,Thiết kế nội thất,4.2
STU4173,7.1,8.0,6.6,5.6,7.0,6.5,6.5,INFJ,Nghệ thuật & Thiết kế,Thiết kế đồ họa,4.4
STU0797,9.6,6.2,5.1,4.9,9.4,10.0,5.9,ISTJ,Y tế & Sức khỏe,Dược học,3.4
STU2417,6.2,9.9,8.7,6.6,6.5,5.4,10.0,INFJ,Sư phạm & Giáo dục,Sư phạm Ngữ văn,4.2
STU0786,9.2,5.1,5.0,5.0,9.1,9.7,5.6,INFJ,Y tế & Sức khỏe,Y học dự phòng,4.1
STU3159,6.3,8.8,10.0,5.6,6.5,4.8,7.9,INFP,Ngôn ngữ & Văn hóa,Ngôn ngữ học,6.0
STU0124,8.9,6.2,8.3,10.0,7.5,5.6,7.0,INTP,Công nghệ Thông tin & Kỹ thuật Máy tính,Mạng máy tính và truyền thông dữ liệu,5.1
STU2173,6.8,9.4,8.7,6.6,5.9,5.2,9.6,ESFJ,Sư phạm & Giáo dục,Sư phạm Toán học,5.2
STU6608,7.5,5.1,7.1,4.6,8.8,9.2,7.1,ISFP,Nông nghiệp & Môi trường,Lâm nghiệp đô thị,4.7
STU7645,4.5,7.7,8.9,5.7,6.0,6.5,7.6,ESFJ,Du lịch & Dịch vụ,Quản trị nhà hàng và dịch vụ ăn uống,6.6
STU4341,6.9,8.3,4.9,5.9,6.3,5.5,7.1,INFJ,Nghệ thuật & Thiết kế,Thiết kế thời trang,3.7
STU0911,8.9,4.9,6.0,5.9,8.4,9.7,5.9,ISFP,Y tế & Sức khỏe,Kỹ thuật phục hồi chức năng,4.4
STU2310,7.0,8.8,9.9,6.3,5.5,6.5,9.3,ISFJ,Sư phạm & Giáo dục,Sư phạm Toán học,4.3
STU7483,6.3,8.0,9.8,6.7,5.5,5.9,7.7,ENFP,Du lịch & Dịch vụ,Quản trị nhà hàng và dịch vụ ăn uống,3.3
STU3635,5.7,8.3,9.1,5.5,5.4,6.0,8.3,ENFP,Truyền thông & Báo chí,Thông tin - thư viện,4.6
STU1258,8.4,6.6,5.7,4.1,8.7,8.8,5.9,ISFP,Y tế & Sức khỏe,Kỹ thuật phục hồi chức năng,5.0
STU1179,9.7,5.9,6.3,6.6,8.8,9.0,5.4,ISFJ,Y tế & Sức khỏe,Dược học,3.6
STU3651,4.4,8.4,9.1,5.4,5.2,5.6,10.0,ENTP,Truyền thông & Báo chí,Truyền thông đại chúng,3.5
STU0443,8.4,5.9,9.6,9.8,7.1,6.2,5.2,ISTJ,Công nghệ Thông tin & Kỹ thuật Máy tính,Thiết kế vi mạch,4.1
STU6138,8.4,6.1,7.2,6.7,9.7,8.3,6.0,ISFP,Nông nghiệp & Môi trường,Nông nghiệp,5.0
STU1400,8.8,7.5,7.7,7.3,5.7,7.3,5.9,ESTP,Kinh tế & Quản lý,Thương mại điện tử,5.2
STU1458,9.6,8.9,8.6,5.2,6.6,5.5,5.2,ENTP,Kinh tế & Quản lý,Quản trị kinh doanh,3.7
STU4935,6.3,8.6,6.1,5.5,7.0,5.9,9.6,ENTJ,Luật & Xã hội,Quản lý nhà nước,4.5
STU1055,10.0,5.7,5.9,7.0,9.2,9.3,6.0,INFJ,Y tế & Sức khỏe,Kỹ thuật phục hồi chức năng,5.2
STU3276,5.3,8.6,9.4,5.7,6.5,6.0,7.5,INFP,Ngôn ngữ & Văn hóa,Ngôn ngữ Trung Quốc,5.1
STU6140,7.1,8.1,5.8,6.6,10.0,8.7,4.8,ISTJ,Nông nghiệp & Môi trường,Thú y,5.4
STU3700,5.6,8.8,8.8,5.1,5.1,5.3,7.2,ENTP,Truyền thông & Báo chí,Lưu trữ học,3.7
STU3760,5.1,9.4,7.9,5.2,4.8,7.7,8.1,ESFP,Truyền thông & Báo chí,Truyền thông đa phương tiện,5.1
STU0930,7.9,4.9,6.2,7.3,9.0,8.9,5.4,INFJ,Y tế & Sức khỏe,Răng - Hàm - Mặt,4.8
STU6415,8.3,4.5,7.1,5.8,8.2,8.7,5.8,INFP,Nông nghiệp & Môi trường,Nuôi trồng thủy sản,3.4
STU1830,9.5,7.8,7.5,6.8,7.5,4.1,5.3,ESTJ,Kinh tế & Quản lý,Kinh tế quốc tế,4.1
STU6779,9.0,7.0,5.8,8.5,5.9,6.6,6.3,ISTP,Xây dựng & Quy hoạch,Quản lý xây dựng,5.3
STU4222,6.9,10.0,4.5,5.5,6.6,6.2,7.1,ISFP,Nghệ thuật & Thiết kế,Thiết kế thời trang,4.8
STU7330,4.3,8.0,8.7,6.4,6.3,4.6,8.1,ESFP,Du lịch & Dịch vụ,Quản trị dịch vụ du lịch và lữ hành,4.2
STU7876,5.6,7.9,9.2,6.0,6.0,7.0,8.2,ESFP,Du lịch & Dịch vụ,Du lịch,4.9
STU5984,8.8,5.5,7.9,9.2,7.1,5.9,5.5,ISTP,"Kỹ thuật, Cơ khí & Ô tô",Công nghệ kỹ thuật ô tô,4.0
STU2012,6.5,9.3,9.1,7.0,5.9,4.9,9.5,ISFJ,Sư phạm & Giáo dục,Giáo dục Tiểu học,3.6
STU6069,7.2,5.1,4.7,4.8,8.7,10.0,4.7,ISTJ,Nông nghiệp & Môi trường,Lâm nghiệp đô thị,3.6
STU5517,8.9,5.5,6.3,9.4,7.4,6.7,6.4,INTJ,"Kỹ thuật, Cơ khí & Ô tô",Kỹ thuật điện tử - viễn thông,5.5
STU7664,4.6,7.2,10.0,5.6,4.9,5.6,8.3,ENFP,Du lịch & Dịch vụ,Quản trị khách sạn,3.2
STU2607,8.3,8.2,8.5,7.0,5.3,7.5,9.5,ISFJ,Sư phạm & Giáo dục,Giáo dục Tiểu học,4.5
STU3265,6.6,8.8,9.5,5.4,5.2,4.8,8.6,INFP,Ngôn ngữ & Văn hóa,Ngôn ngữ Anh,3.6
STU6051,6.6,6.0,6.4,5.3,9.5,10.0,5.3,ISFP,Nông nghiệp & Môi trường,Công nghệ sinh học,4.4
STU5319,4.7,8.9,7.9,6.7,6.8,6.9,9.6,INFJ,Luật & Xã hội,Tâm lý học,4.3
STU0007,9.8,4.0,8.3,9.9,7.5,6.2,4.9,ISTJ,Công nghệ Thông tin & Kỹ thuật Máy tính,Khoa học Máy tính,4.8
STU2981,5.9,8.3,9.5,5.1,6.0,6.0,6.9,INTP,Ngôn ngữ & Văn hóa,Ngôn ngữ Trung Quốc,5.5
STU3362,5.9,9.6,10.0,5.3,5.3,6.1,7.9,ENTP,Truyền thông & Báo chí,Công nghệ truyền thông,4.3
STU1944,9.8,8.1,7.9,5.2,6.6,5.3,5.6,ESTP,Kinh tế & Quản lý,Kinh tế,3.9
STU4887,4.8,9.9,7.6,6.4,5.9,5.0,10.0,INTJ,Luật & Xã hội,Luật quốc tế,4.3
STU7357,6.2,7.0,9.1,7.3,5.7,5.3,8.1,ESFP,Du lịch & Dịch vụ,Du lịch,4.3
STU6763,9.4,6.1,5.4,9.3,8.3,6.4,7.9,ISTP,Xây dựng & Quy hoạch,Địa kỹ thuật xây dựng,4.5
STU6147,7.7,5.7,6.5,7.1,8.6,10.0,5.9,INFP,Nông nghiệp & Môi trường,Khoa học môi trường,6.0
STU5131,6.1,10.0,7.4,6.5,6.3,6.0,9.4,INFJ,Luật & Xã hội,Luật kinh tế,4.5
STU7353,4.7,6.9,7.9,6.3,6.2,6.6,8.5,ENFP,Du lịch & Dịch vụ,Quản trị dịch vụ du lịch và lữ hành,5.7
STU3135,6.4,8.3,9.0,6.3,7.3,5.5,7.9,INFP,Ngôn ngữ & Văn hóa,Ngôn ngữ học,4.0
STU5092,6.6,9.4,6.7,5.9,5.7,7.5,8.7,INTJ,Luật & Xã hội,Tâm lý học,4.7
STU2243,6.5,9.8,10.0,5.3,6.5,4.6,8.9,ISFJ,Sư phạm & Giáo dục,Sư phạm Tiếng Anh,4.7
STU1475,8.5,8.2,10.0,5.5,7.0,6.8,5.0,ENTP,Kinh tế & Quản lý,Thương mại điện tử,5.1
STU5941,8.1,5.2,6.5,9.5,8.1,5.9,5.4,ISTP,"Kỹ thuật, Cơ khí & Ô tô",Kỹ thuật cơ khí,4.0
STU1890,9.2,7.8,8.9,6.1,6.6,6.8,5.9,ENTP,Kinh tế & Quản lý,Thương mại điện tử,3.6
STU3436,6.9,6.1,7.0,5.3,4.7,4.1,5.1,ESTJ,Truyền thông & Báo chí,Truyền thông đa phương tiện,3.2
STU4983,6.6,9.4,6.9,6.2,6.1,6.9,10.0,ENTJ,Luật & Xã hội,Công tác xã hội,3.5
STU3706,6.2,8.4,9.7,6.1,5.0,5.0,8.0,ENTP,Truyền thông & Báo chí,Quan hệ công chúng,4.3
STU2022,6.4,7.9,9.9,6.1,5.9,4.4,9.0,ENFJ,Sư phạm & Giáo dục,Tâm lý học giáo dục,4.9
STU4021,5.6,7.4,6.9,6.0,6.1,6.1,7.2,ISFP,Nghệ thuật & Thiết kế,Điêu khắc,4.9
STU7618,7.7,6.4,6.5,4.6,6.8,5.5,4.9,ESFJ,Du lịch & Dịch vụ,Quản trị nhà hàng và dịch vụ ăn uống,2.9
STU5711,9.9,6.0,5.4,8.6,7.0,5.0,6.4,INTJ,"Kỹ thuật, Cơ khí & Ô tô",Công nghệ kỹ thuật ô tô,4.3
STU6161,7.9,6.6,5.6,6.1,8.6,9.2,6.9,ISFP,Nông nghiệp & Môi trường,Công nghệ sinh học,3.7
STU2659,5.9,10.0,8.2,5.9,5.5,6.2,9.1,ESFJ,Sư phạm & Giáo dục,Giáo dục Tiểu học,5.3
STU1131,10.0,6.1,5.9,6.0,8.4,8.7,6.1,ISFP,Y tế & Sức khỏe,Dược học,4.0
STU4830,7.0,10.0,8.3,6.6,6.9,6.4,8.9,ENTJ,Luật & Xã hội,Công tác xã hội,4.4
STU7239,10.0,5.8,7.1,8.8,8.2,5.8,4.2,ISTP,Xây dựng & Quy hoạch,Địa kỹ thuật xây dựng,3.6
STU6627,8.3,6.3,4.9,4.8,9.5,10.0,6.3,ISTJ,Nông nghiệp & Môi trường,Công nghệ sau thu hoạch,3.5
STU4319,6.8,9.4,5.8,5.5,5.5,6.8,7.5,ISFP,Nghệ thuật & Thiết kế,Thiết kế thời trang,3.3
STU7405,5.8,7.3,8.6,7.3,4.9,5.4,7.9,ESFP,Du lịch & Dịch vụ,Du lịch,3.4
STU4145,6.0,7.3,6.4,5.6,6.1,6.0,6.2,ISFP,Nghệ thuật & Thiết kế,Hội họa,3.8
STU1237,10.0,5.3,5.0,6.2,8.4,10.0,5.7,ISFJ,Y tế & Sức khỏe,Dược học,4.9
STU7738,5.4,6.4,9.7,6.7,6.1,5.4,8.6,ESTP,Du lịch & Dịch vụ,Quản trị khách sạn,4.1
STU7182,10.0,6.8,7.1,8.4,7.7,4.6,4.8,ISTJ,Xây dựng & Quy hoạch,Công nghệ kỹ thuật công trình xây dựng,5.1
STU2283,7.7,9.3,7.4,7.4,6.3,6.0,10.0,ESFJ,Sư phạm & Giáo dục,Giáo dục Tiểu học,3.9
STU5431,8.8,6.4,5.0,10.0,7.7,5.8,6.8,ISTJ,"Kỹ thuật, Cơ khí & Ô tô",Kỹ thuật điện,3.3
STU6996,8.9,5.8,5.5,8.2,7.6,6.2,7.6,ISTP,Xây dựng & Quy hoạch,Kỹ thuật cấp thoát nước,4.3
STU4094,5.8,7.9,6.2,6.5,6.1,5.8,6.5,INFJ,Nghệ thuật & Thiết kế,Thiết kế nội thất,4.5
STU5707,9.4,6.5,6.4,10.0,6.2,5.5,6.1,INTJ,"Kỹ thuật, Cơ khí & Ô tô",Kỹ thuật điện tử - viễn thông,4.0
STU7864,5.8,7.0,8.9,6.5,5.7,5.3,9.4,ESFJ,Du lịch & Dịch vụ,Quản lý thể dục thể thao,5.1
STU0387,9.4,5.3,8.6,9.3,6.5,6.5,6.8,INTP,Công nghệ Thông tin & Kỹ thuật Máy tính,Khoa học Máy tính,3.6
STU1629,7.7,7.0,8.8,5.5,7.0,5.0,6.5,ENTJ,Kinh tế & Quản lý,Kinh doanh quốc tế,3.4
STU3586,5.8,9.8,8.1,6.6,5.8,5.6,8.4,ESFP,Truyền thông & Báo chí,Công nghệ truyền thông,4.7
STU2715,6.0,9.4,10.0,5.3,6.9,6.9,7.8,INFP,Ngôn ngữ & Văn hóa,Tiếng Việt và văn hoá Việt Nam,3.5
STU4716,6.1,8.8,7.8,6.1,5.6,5.6,9.6,INTJ,Luật & Xã hội,Luật quốc tế,4.5
STU5699,8.9,7.2,6.7,10.0,8.4,5.2,5.8,ISTJ,"Kỹ thuật, Cơ khí & Ô tô",Kỹ thuật cơ khí,5.2
STU6998,8.5,6.4,5.5,8.8,6.0,6.5,6.9,ISTJ,Xây dựng & Quy hoạch,Kinh tế xây dựng,3.4
STU3190,5.6,8.7,9.8,6.1,4.7,6.9,8.3,ISFP,Ngôn ngữ & Văn hóa,Đông phương học,5.1
STU4306,6.1,8.3,6.0,6.2,5.7,4.7,7.2,INFP,Nghệ thuật & Thiết kế,Đạo diễn Điện ảnh - Truyền hình,4.0
STU0910,9.8,6.1,6.9,5.8,10.0,9.6,5.2,ISFJ,Y tế & Sức khỏe,Quản lý bệnh viện,4.4
STU6047,8.2,4.9,7.5,5.8,7.9,9.6,6.7,INFP,Nông nghiệp & Môi trường,Nông nghiệp,4.2
STU1867,8.9,9.5,9.0,6.3,5.5,5.0,6.0,ESTP,Kinh tế & Quản lý,Hệ thống thông tin quản lý,4.4
STU1843,10.0,8.5,8.5,6.7,6.2,6.8,6.2,ESTP,Kinh tế & Quản lý,Kiểm toán,5.2
STU2498,7.4,10.0,8.6,5.0,5.4,4.7,10.0,ISFJ,Sư phạm & Giáo dục,Giáo dục Tiểu học,2.9
STU6548,8.5,4.7,6.9,5.0,10.0,8.9,6.7,ISFP,Nông nghiệp & Môi trường,Nuôi trồng thủy sản,4.6
STU5188,5.9,10.0,7.2,6.0,6.1,6.6,8.3,ENTJ,Luật & Xã hội,Xã hội học,4.7
STU5787,8.6,6.0,5.1,9.2,8.1,6.4,6.0,ISTJ,"Kỹ thuật, Cơ khí & Ô tô",Kỹ thuật điện,3.3
STU4007,7.1,7.3,6.0,5.6,6.7,6.1,8.6,INFP,Nghệ thuật & Thiết kế,Thiết kế thời trang,4.3
STU2703,6.7,8.3,9.9,5.9,5.2,6.6,8.3,INFP,Ngôn ngữ & Văn hóa,Quốc tế học,4.6
STU6576,8.1,7.5,6.9,6.5,7.8,10.0,7.9,ISFJ,Nông nghiệp & Môi trường,Nông nghiệp,3.6
STU0332,9.0,7.4,8.3,9.7,6.0,5.6,4.1,ENTP,Công nghệ Thông tin & Kỹ thuật Máy tính,Thiết kế vi mạch,4.5
STU4696,5.5,9.5,6.5,5.9,6.4,7.1,9.3,ISTJ,Luật & Xã hội,Xã hội học,5.2
STU6884,9.3,4.8,5.8,8.0,6.5,6.3,5.2,ESTJ,Xây dựng & Quy hoạch,Quản lý xây dựng,4.1
STU2460,7.9,10.0,8.9,5.3,6.5,5.4,9.7,ENFJ,Sư phạm & Giáo dục,Sư phạm Vật lý,4.4
STU1775,9.5,7.4,9.4,6.3,7.0,7.6,6.8,ENTJ,Kinh tế & Quản lý,Marketing,3.4
STU4984,7.8,8.4,7.4,6.2,5.0,5.1,9.6,INTJ,Luật & Xã hội,Luật kinh tế,4.8
STU5235,5.3,9.7,7.3,6.0,5.5,6.6,10.0,ISTJ,Luật & Xã hội,Luật kinh tế,4.6
STU2687,6.3,9.3,10.0,6.6,6.8,4.4,7.4,INTP,Ngôn ngữ & Văn hóa,Tiếng Việt và văn hoá Việt Nam,5.0
STU6745,7.5,5.7,6.0,8.1,8.5,6.9,6.2,ISTJ,Xây dựng & Quy hoạch,Kỹ thuật xây dựng,4.1
STU7790,6.3,6.9,8.9,5.8,5.8,6.8,8.3,ESFP,Du lịch & Dịch vụ,Quản lý thể dục thể thao,5.1
STU7039,8.1,6.1,6.3,7.7,8.0,6.4,5.8,ESTJ,Xây dựng & Quy hoạch,Công nghệ kỹ thuật công trình xây dựng,4.3
STU5883,9.3,5.8,5.5,9.0,6.9,7.5,5.1,INTJ,"Kỹ thuật, Cơ khí & Ô tô",Kỹ thuật cơ điện tử,4.7
STU6163,7.7,4.1,5.8,5.7,9.4,8.5,6.0,ISFP,Nông nghiệp & Môi trường,Thú y,5.1
STU6116,7.8,7.0,6.0,6.1,7.6,9.1,5.9,ISFP,Nông nghiệp & Môi trường,Nuôi trồng thủy sản,4.5
STU5708,7.8,6.8,5.7,10.0,7.2,6.7,6.8,ESTP,"Kỹ thuật, Cơ khí & Ô tô",Kỹ thuật điều khiển và tự động hóa,4.5
STU6022,5.1,6.2,5.0,6.3,3.4,5.6,4.6,INTJ,Nông nghiệp & Môi trường,Khoa học môi trường,2.3
STU0174,8.7,6.2,8.1,7.4,8.6,5.2,5.7,INTP,Công nghệ Thông tin & Kỹ thuật Máy tính,Khoa học Máy tính,5.0
STU3322,4.9,8.9,10.0,7.2,6.7,4.4,8.0,ISFP,Ngôn ngữ & Văn hóa,Ngôn ngữ Trung Quốc,4.3
STU4650,5.5,8.8,5.3,6.6,5.7,6.8,8.0,INFP,Nghệ thuật & Thiết kế,Thiết kế đồ họa,4.3
STU3373,4.5,9.4,8.7,7.0,5.6,7.2,7.3,ENTP,Truyền thông & Báo chí,Thông tin - thư viện,4.2
STU3312,7.4,8.7,9.6,5.7,4.6,5.8,7.3,INTP,Ngôn ngữ & Văn hóa,Tiếng Việt và văn hoá Việt Nam,3.9
STU4797,5.4,7.5,8.1,6.3,4.8,7.0,7.5,ENTJ,Luật & Xã hội,Luật kinh tế,4.0
STU4976,4.3,9.8,8.3,6.9,5.8,6.5,9.9,ENTJ,Luật & Xã hội,Công tác xã hội,4.7
STU6273,8.9,5.1,4.7,5.9,8.2,10.0,5.7,INFP,Nông nghiệp & Môi trường,Công nghệ sinh học,3.4
STU5340,7.5,7.3,6.6,9.7,7.4,6.4,6.3,INTJ,"Kỹ thuật, Cơ khí & Ô tô",Kỹ thuật điện,4.1
STU3404,5.0,8.7,9.7,7.0,7.0,7.0,8.4,ENFP,Truyền thông & Báo chí,Công nghệ truyền thông,3.4
STU0019,8.4,5.7,9.7,9.4,6.0,7.4,5.2,INTP,Công nghệ Thông tin & Kỹ thuật Máy tính,Thiết kế vi mạch,4.2
STU3692,6.0,8.2,8.4,6.9,5.0,5.7,8.0,ENTP,Truyền thông & Báo chí,Truyền thông đa phương tiện,4.2
STU6041,8.2,5.8,5.6,4.6,8.6,9.7,5.0,INFP,Nông nghiệp & Môi trường,Thú y,6.4
STU4097,5.9,9.1,6.0,5.6,6.4,4.6,7.9,INFJ,Nghệ thuật & Thiết kế,Hội họa,3.5
STU3629,5.7,9.2,9.3,5.9,5.4,5.0,8.4,ENTP,Truyền thông & Báo chí,Thông tin - thư viện,4.2
STU6334,7.6,5.0,5.9,6.2,8.6,8.6,5.7,INFP,Nông nghiệp & Môi trường,Khoa học môi trường,4.9
STU2175,7.8,9.7,9.3,4.6,7.0,7.4,9.5,ESFJ,Sư phạm & Giáo dục,Sư phạm Tin học,4.6
STU1357,8.1,9.0,8.5,5.2,5.6,6.6,6.6,ENTP,Kinh tế & Quản lý,Marketing,3.3
STU4852,4.6,9.0,7.7,5.3,6.3,6.2,8.9,ISTJ,Luật & Xã hội,Luật quốc tế,5.3
STU7249,5.2,4.3,4.9,4.4,4.3,4.6,5.2,ENTJ,Xây dựng & Quy hoạch,Công nghệ kỹ thuật công trình xây dựng,2.5
STU3113,6.2,9.5,9.1,5.6,5.8,5.2,9.1,INFP,Ngôn ngữ & Văn hóa,Ngôn ngữ Nhật,4.6
STU0183,9.7,5.2,9.3,10.0,6.8,6.9,5.0,ISTJ,Công nghệ Thông tin & Kỹ thuật Máy tính,Khoa học Máy tính,4.5
STU6250,7.9,6.8,5.9,5.9,9.5,9.3,7.2,ISFP,Nông nghiệp & Môi trường,Nông nghiệp,5.5
STU6327,7.6,5.4,6.0,5.7,9.2,9.8,6.5,ISFJ,Nông nghiệp & Môi trường,Lâm nghiệp đô thị,5.8
STU1813,9.3,7.9,9.4,5.6,6.7,6.7,5.0,ESTP,Kinh tế & Quản lý,Kiểm toán,4.2
STU5167,5.9,8.4,6.4,6.3,5.3,5.0,9.6,ISTJ,Luật & Xã hội,Luật quốc tế,4.8
STU1801,9.7,8.2,8.7,5.6,5.5,5.8,7.3,ENTP,Kinh tế & Quản lý,Thương mại điện tử,5.1
STU2430,6.1,8.7,8.9,5.1,5.7,6.3,8.3,ISFJ,Sư phạm & Giáo dục,Giáo dục Mầm non,3.6
STU6828,9.2,6.9,4.9,8.0,6.8,6.4,6.0,ISTJ,Xây dựng & Quy hoạch,Kỹ thuật xây dựng,4.4
STU6469,8.7,5.6,5.5,5.4,8.9,9.0,7.0,INFP,Nông nghiệp & Môi trường,Thú y,5.1
STU6903,8.3,6.1,6.9,9.1,5.6,7.8,4.6,ISTJ,Xây dựng & Quy hoạch,Địa kỹ thuật xây dựng,3.8
STU5573,9.9,5.9,6.7,9.0,8.4,6.0,6.8,ESTP,"Kỹ thuật, Cơ khí & Ô tô",Kỹ thuật cơ khí,4.9
STU5326,7.3,9.1,7.1,6.9,5.9,7.0,9.4,INFJ,Luật & Xã hội,Luật,4.3
STU7619,5.1,7.8,8.8,6.9,6.0,6.2,7.7,ESTP,Du lịch & Dịch vụ,Du lịch,4.4
STU1160,9.3,5.3,5.6,7.2,9.8,10.0,5.7,INFJ,Y tế & Sức khỏe,Quản lý bệnh viện,5.3
STU1214,8.9,5.2,5.5,5.7,10.0,8.9,5.1,ISTJ,Y tế & Sức khỏe,Điều dưỡng,4.5
STU1326,10.0,7.1,6.1,6.9,8.5,9.7,6.9,ISTJ,Y tế & Sức khỏe,Kỹ thuật phục hồi chức năng,3.5
STU4928,5.7,9.2,8.3,6.4,5.9,6.0,9.3,INFJ,Luật & Xã hội,Chính trị học,3.8
STU1456,9.0,8.4,8.8,6.9,6.1,7.0,6.9,ENTJ,Kinh tế & Quản lý,Kinh tế,3.8
STU4690,6.2,9.1,7.7,6.7,6.8,7.0,8.4,ENTJ,Luật & Xã hội,Tâm lý học,4.5
STU6122,8.6,5.4,5.8,5.7,8.9,7.5,7.5,ISFP,Nông nghiệp & Môi trường,Công nghệ sau thu hoạch,4.7
STU1645,9.5,7.7,9.1,5.1,5.1,5.5,6.1,ESTJ,Kinh tế & Quản lý,Kế toán,4.9
STU2141,8.2,9.2,9.9,7.4,6.2,4.6,8.2,INFJ,Sư phạm & Giáo dục,Sư phạm Tin học,4.8
STU4537,5.1,3.5,5.0,5.1,4.5,7.2,6.6,ESFP,Nghệ thuật & Thiết kế,Thiết kế đồ họa,2.9
STU4458,6.5,7.0,4.8,7.4,7.6,5.9,7.9,INFP,Nghệ thuật & Thiết kế,Hội họa,4.7
STU6460,9.2,5.3,5.5,5.8,8.9,9.5,5.8,ISFJ,Nông nghiệp & Môi trường,Nuôi trồng thủy sản,5.2
STU4379,7.7,8.0,7.1,6.0,6.4,5.8,7.6,INFJ,Nghệ thuật & Thiết kế,Đạo diễn Điện ảnh - Truyền hình,4.4
STU0730,7.7,6.3,4.7,5.6,9.3,10.0,6.1,ISFJ,Y tế & Sức khỏe,Điều dưỡng,3.7
STU4358,6.2,8.4,5.1,5.3,6.3,5.3,5.3,INFJ,Nghệ thuật & Thiết kế,Đạo diễn Điện ảnh - Truyền hình,4.1
STU1937,7.3,8.8,9.3,6.4,6.5,5.9,4.8,ESTJ,Kinh tế & Quản lý,Kế toán,4.1
STU3794,5.5,7.0,4.7,6.9,3.4,5.2,5.9,ISTJ,Truyền thông & Báo chí,Công nghệ truyền thông,3.8
STU7457,5.9,7.6,8.3,6.7,6.3,6.8,8.1,ESTP,Du lịch & Dịch vụ,Quản lý thể dục thể thao,3.1
STU7073,8.5,7.0,4.5,8.7,8.1,6.3,4.5,ISTP,Xây dựng & Quy hoạch,Quản lý xây dựng,4.4
STU5709,8.7,6.3,6.2,9.6,7.2,6.3,5.4,ISTJ,"Kỹ thuật, Cơ khí & Ô tô",Kỹ thuật cơ khí,5.8
STU1111,9.2,5.9,6.7,6.4,9.9,8.9,5.5,ISFP,Y tế & Sức khỏe,Kỹ thuật phục hồi chức năng,5.8
STU6497,7.3,6.1,5.2,6.7,9.1,9.3,7.2,INFP,Nông nghiệp & Môi trường,Lâm nghiệp đô thị,4.9
STU2999,5.4,7.1,9.0,4.9,5.7,6.4,7.9,INTP,Ngôn ngữ & Văn hóa,Đông phương học,5.6
STU2395,7.8,9.7,9.9,6.7,6.1,4.8,10.0,INFJ,Sư phạm & Giáo dục,Tâm lý học giáo dục,4.7
STU1186,10.0,5.0,5.5,5.9,8.6,8.6,7.3,ISFJ,Y tế & Sức khỏe,Quản lý bệnh viện,5.9
STU2008,5.8,9.4,7.8,4.6,6.4,7.1,9.6,ISFJ,Sư phạm & Giáo dục,Sư phạm Tiếng Anh,4.7
STU0194,8.8,6.4,7.0,8.4,6.8,4.5,7.1,ISTP,Công nghệ Thông tin & Kỹ thuật Máy tính,Khoa học Máy tính,5.0
STU6392,8.0,6.1,6.1,4.9,9.1,8.8,4.8,ISTJ,Nông nghiệp & Môi trường,Công nghệ sau thu hoạch,3.6
STU0579,8.9,5.8,8.3,7.8,6.8,6.2,6.9,ENTP,Công nghệ Thông tin & Kỹ thuật Máy tính,Khoa học Máy tính,4.7
STU0772,10.0,6.0,6.4,5.8,9.2,8.8,4.1,ISTJ,Y tế & Sức khỏe,Dược học,3.5
STU2396,6.4,8.6,9.2,7.5,5.8,6.2,10.0,ENFJ,Sư phạm & Giáo dục,Sư phạm Tin học,4.2
STU7912,6.0,7.2,10.0,4.8,5.2,5.8,9.5,ESFJ,Du lịch & Dịch vụ,Quản trị khách sạn,4.6
STU1847,8.7,8.4,7.5,4.9,6.0,7.1,6.1,ENTP,Kinh tế & Quản lý,Tài chính - Ngân hàng,4.0
STU6689,7.9,5.0,5.9,8.3,7.0,6.0,5.5,ISTP,Xây dựng & Quy hoạch,Công nghệ kỹ thuật công trình xây dựng,4.8
STU4275,6.0,8.7,7.1,6.4,6.2,7.1,6.9,INFP,Nghệ thuật & Thiết kế,Hội họa,3.1
STU3741,5.5,9.1,8.3,5.0,5.7,6.0,7.8,ESFP,Truyền thông & Báo chí,Truyền thông đại chúng,3.5
STU4601,5.7,8.4,7.5,5.5,6.3,6.3,8.1,INFP,Nghệ thuật & Thiết kế,Thiết kế đồ họa,5.0
STU5138,7.1,8.6,8.5,5.1,7.1,5.9,9.7,INFJ,Luật & Xã hội,Luật quốc tế,4.8
STU5315,5.8,9.9,6.9,5.0,6.1,5.2,9.0,ENTJ,Luật & Xã hội,Luật quốc tế,4.5
STU2074,7.3,8.6,9.9,7.2,5.2,5.9,8.5,ESFJ,Sư phạm & Giáo dục,Sư phạm Toán học,3.8
STU1897,8.6,7.1,8.0,5.6,5.0,7.0,7.5,ENTP,Kinh tế & Quản lý,Marketing,4.5
STU5889,8.2,6.8,5.7,8.4,9.0,5.3,6.6,ESTP,"Kỹ thuật, Cơ khí & Ô tô",Kỹ thuật cơ điện tử,5.9
STU3660,7.5,9.4,8.3,6.1,4.2,6.0,8.3,ENTP,Truyền thông & Báo chí,Quan hệ công chúng,3.9
STU2380,6.0,9.0,9.0,6.6,5.4,7.6,9.7,ISFJ,Sư phạm & Giáo dục,Giáo dục Tiểu học,4.2
STU1448,8.7,7.3,8.6,6.6,7.3,7.1,7.0,ENTP,Kinh tế & Quản lý,Thương mại điện tử,4.8
STU0343,8.6,4.2,7.9,8.1,6.3,5.1,6.9,ISTJ,Công nghệ Thông tin & Kỹ thuật Máy tính,Mạng máy tính và truyền thông dữ liệu,4.5
STU7052,9.4,6.9,6.6,8.5,5.2,5.7,3.9,ESTJ,Xây dựng & Quy hoạch,Kỹ thuật cấp thoát nước,5.3
STU2528,6.5,7.1,9.7,5.4,5.7,5.8,9.7,ESFJ,Sư phạm & Giáo dục,Sư phạm Tin học,4.6
STU0728,10.0,6.2,6.3,6.4,9.6,9.0,4.9,ISTJ,Y tế & Sức khỏe,Y học cổ truyền,4.7
STU4578,6.5,7.7,6.2,6.2,5.3,5.7,7.9,INFJ,Nghệ thuật & Thiết kế,Thanh nhạc,3.8
STU0977,9.4,6.9,5.8,6.8,9.4,9.5,4.4,ISFP,Y tế & Sức khỏe,Y học cổ truyền,4.6
STU5643,8.9,5.7,5.8,9.3,8.3,6.4,6.6,ESTP,"Kỹ thuật, Cơ khí & Ô tô",Kỹ thuật cơ khí,4.0
STU3517,5.6,9.0,9.0,6.3,6.7,7.0,7.8,ESFP,Truyền thông & Báo chí,Truyền thông đại chúng,4.6
STU5229,5.7,10.0,7.5,7.3,6.6,4.8,10.0,ISTJ,Luật & Xã hội,Luật,6.1
STU7667,6.3,8.8,7.0,6.9,6.5,5.8,9.9,ESFJ,Du lịch & Dịch vụ,Quản lý thể dục thể thao,4.0
STU3941,5.7,9.8,9.1,5.8,6.2,7.4,8.4,ESFP,Truyền thông & Báo chí,Lưu trữ học,3.0
STU1300,8.1,5.3,5.4,6.7,8.8,8.7,6.4,ISFJ,Y tế & Sức khỏe,Dược học,4.4
STU7541,6.8,8.3,8.9,5.6,4.8,5.3,7.5,ESTP,Du lịch & Dịch vụ,Quản trị nhà hàng và dịch vụ ăn uống,3.9
STU0661,9.7,6.0,7.7,10.0,6.3,5.9,6.5,INTP,Công nghệ Thông tin & Kỹ thuật Máy tính,Kỹ thuật phần mềm,4.1
STU1493,8.2,6.5,10.0,8.0,7.8,5.1,6.5,ESTP,Kinh tế & Quản lý,Kế toán,4.6
STU5387,7.7,6.4,5.7,8.8,7.9,6.7,5.5,INTJ,"Kỹ thuật, Cơ khí & Ô tô",Kỹ thuật cơ điện tử,4.8
STU5567,7.5,7.3,6.7,9.6,7.1,6.5,5.1,INTJ,"Kỹ thuật, Cơ khí & Ô tô",Kỹ thuật cơ điện tử,4.6
STU6785,8.7,5.4,7.0,7.6,5.6,6.0,6.5,ISTJ,Xây dựng & Quy hoạch,Kinh tế xây dựng,4.8
STU2316,7.1,9.0,7.6,5.9,5.4,5.5,7.8,INFJ,Sư phạm & Giáo dục,Giáo dục Tiểu học,4.3
STU7419,6.2,7.4,8.1,6.3,8.4,7.2,8.6,ESFP,Du lịch & Dịch vụ,Quản trị nhà hàng và dịch vụ ăn uống,4.5
STU7360,6.1,5.4,7.0,5.3,3.8,6.3,4.3,ISFP,Du lịch & Dịch vụ,Du lịch,1.8
STU1086,9.8,5.3,5.7,5.2,9.3,9.3,6.8,INFJ,Y tế & Sức khỏe,Y học cổ truyền,4.9
STU7538,4.9,8.1,8.4,6.5,5.0,6.4,9.0,ENFP,Du lịch & Dịch vụ,Du lịch,4.9
STU3199,6.0,9.7,8.6,7.6,6.5,7.3,9.0,INTP,Ngôn ngữ & Văn hóa,Ngôn ngữ Anh,4.2
STU6319,5.9,3.6,5.9,4.0,6.6,6.1,5.0,ISFJ,Nông nghiệp & Môi trường,Thú y,3.2
STU5842,9.6,5.4,6.6,8.7,9.1,5.4,6.2,ISTJ,"Kỹ thuật, Cơ khí & Ô tô",Kỹ thuật cơ khí,3.5
STU0068,8.9,5.5,8.7,10.0,6.8,8.0,6.2,ENTP,Công nghệ Thông tin & Kỹ thuật Máy tính,Mạng máy tính và truyền thông dữ liệu,5.1
STU6357,7.4,5.6,6.2,5.8,7.9,8.6,6.8,ISFP,Nông nghiệp & Môi trường,Khoa học cây trồng,3.7
STU2270,6.7,9.5,8.9,5.7,7.4,6.1,9.1,INFJ,Sư phạm & Giáo dục,Sư phạm Ngữ văn,3.6
STU5649,8.7,6.0,5.6,8.7,7.7,6.5,6.0,INTJ,"Kỹ thuật, Cơ khí & Ô tô",Kỹ thuật cơ khí,4.2
STU6876,9.8,5.8,4.8,9.0,7.2,5.8,5.7,ISTP,Xây dựng & Quy hoạch,Địa kỹ thuật xây dựng,4.5
STU6303,7.8,6.5,6.4,5.5,8.8,8.0,6.4,INFP,Nông nghiệp & Môi trường,Công nghệ sinh học,5.0
STU3448,7.1,10.0,9.9,5.6,5.9,6.0,7.3,ENTP,Truyền thông & Báo chí,Truyền thông đa phương tiện,5.5
STU2368,8.3,9.4,9.1,5.7,6.5,6.4,9.2,ENFJ,Sư phạm & Giáo dục,Sư phạm Tin học,5.2
STU4757,4.6,9.4,7.7,6.7,5.1,6.9,10.0,INFJ,Luật & Xã hội,Luật,4.5
STU6184,8.5,5.9,5.9,4.5,9.3,9.6,5.1,ISTJ,Nông nghiệp & Môi trường,Thú y,4.0
STU2513,6.1,9.5,8.9,6.4,6.8,7.5,9.0,ENFJ,Sư phạm & Giáo dục,Giáo dục Mầm non,3.5
STU2724,5.9,8.1,9.3,6.3,5.4,6.4,8.6,ISFP,Ngôn ngữ & Văn hóa,Tiếng Việt và văn hoá Việt Nam,5.0
STU6869,8.3,6.3,5.0,8.9,6.1,4.6,6.8,ISTJ,Xây dựng & Quy hoạch,Công nghệ kỹ thuật công trình xây dựng,4.0
STU5919,8.1,6.2,7.5,8.3,8.4,6.3,6.6,ISTP,"Kỹ thuật, Cơ khí & Ô tô",Kỹ thuật cơ điện tử,3.8
STU1144,10.0,6.5,4.9,5.5,8.5,9.1,6.5,ISFP,Y tế & Sức khỏe,Y học dự phòng,4.7
STU7584,5.6,8.0,8.9,6.2,6.4,5.7,7.2,ESTP,Du lịch & Dịch vụ,Quản trị khách sạn,5.9
STU7643,6.9,8.7,8.5,7.0,4.7,7.1,8.2,ENFP,Du lịch & Dịch vụ,Du lịch,4.4
STU6857,9.2,6.3,7.3,9.6,6.7,7.0,5.5,ISTJ,Xây dựng & Quy hoạch,Quản lý xây dựng,4.9
STU4960,6.2,8.5,6.3,4.5,6.2,6.3,8.6,ISTJ,Luật & Xã hội,Quản lý nhà nước,4.9
STU3790,4.6,9.1,8.5,6.6,5.4,5.7,8.6,ENFP,Truyền thông & Báo chí,Truyền thông đại chúng,4.1
STU2221,7.6,8.9,8.4,5.3,6.5,6.4,9.5,ISFJ,Sư phạm & Giáo dục,Sư phạm Tiếng Anh,4.5
STU2332,5.8,6.4,7.5,6.4,4.8,4.5,5.3,ENTJ,Sư phạm & Giáo dục,Sư phạm Tin học,2.0
STU4880,7.0,9.1,6.6,5.9,6.0,5.2,9.4,INFJ,Luật & Xã hội,Chính trị học,5.0
STU5285,5.9,10.0,8.7,6.0,5.6,5.2,9.0,ISTJ,Luật & Xã hội,Xã hội học,5.4
STU7020,9.0,5.9,4.9,7.8,8.0,5.6,6.7,ESTJ,Xây dựng & Quy hoạch,Công nghệ kỹ thuật công trình xây dựng,4.8
STU4089,7.2,8.3,5.4,7.5,7.8,7.1,7.8,ISFP,Nghệ thuật & Thiết kế,Thiết kế đồ họa,3.8
STU1968,10.0,8.2,9.1,5.9,4.4,4.7,5.9,ENTJ,Kinh tế & Quản lý,Tài chính - Ngân hàng,4.3
STU6258,7.1,6.2,6.9,5.2,8.6,9.4,7.8,INFP,Nông nghiệp & Môi trường,Thú y,5.0
STU7381,6.0,7.3,8.7,6.0,5.7,5.8,9.7,ESFJ,Du lịch & Dịch vụ,Quản trị khách sạn,5.3
STU4366,7.0,9.0,6.7,5.1,4.9,5.9,6.5,INFP,Nghệ thuật & Thiết kế,Thanh nhạc,3.6
STU0424,10.0,6.4,9.5,10.0,6.9,4.9,5.5,ENTP,Công nghệ Thông tin & Kỹ thuật Máy tính,Kỹ thuật phần mềm,4.0
STU6927,10.0,7.0,7.1,8.1,7.0,5.1,4.9,ESTJ,Xây dựng & Quy hoạch,Kỹ thuật xây dựng,4.3
STU1905,8.8,8.7,8.7,4.9,5.2,6.9,5.3,ENTJ,Kinh tế & Quản lý,Marketing,5.2
STU7253,8.7,5.8,6.8,7.8,6.8,7.3,6.8,ISTJ,Xây dựng & Quy hoạch,Địa kỹ thuật xây dựng,2.7
STU3918,5.7,8.8,9.4,5.8,7.8,5.4,8.1,ENTP,Truyền thông & Báo chí,Thông tin - thư viện,4.0
STU3619,7.8,8.2,9.4,6.8,7.4,5.2,8.7,ESFP,Truyền thông & Báo chí,Truyền thông đa phương tiện,4.3
STU0840,9.8,7.0,4.5,5.7,9.5,8.6,7.5,ISTJ,Y tế & Sức khỏe,Y đa khoa,3.9
STU4597,7.0,7.3,6.3,7.0,7.2,6.2,7.5,INFP,Nghệ thuật & Thiết kế,Thiết kế nội thất,5.4
STU5004,6.9,8.4,7.9,4.8,7.4,5.6,9.2,ISTJ,Luật & Xã hội,Luật quốc tế,5.0
STU0142,9.2,5.0,7.7,8.8,8.3,6.5,6.5,ISTJ,Công nghệ Thông tin & Kỹ thuật Máy tính,Công nghệ thông tin,5.0
STU6603,8.6,5.1,5.7,5.6,8.8,8.7,6.0,ISFP,Nông nghiệp & Môi trường,Khoa học cây trồng,4.6
STU1378,8.6,7.5,8.2,6.6,6.2,7.5,5.4,ENTJ,Kinh tế & Quản lý,Thương mại điện tử,5.3
STU3675,5.8,9.2,8.3,6.3,6.8,6.4,7.7,ESFP,Truyền thông & Báo chí,Quan hệ công chúng,4.5
STU6220,6.0,5.9,5.9,6.7,8.3,9.1,6.6,ISTJ,Nông nghiệp & Môi trường,Lâm nghiệp đô thị,4.4
STU7830,5.9,8.3,8.4,5.2,4.9,5.3,6.7,ESFJ,Du lịch & Dịch vụ,Quản trị dịch vụ du lịch và lữ hành,5.4
STU3809,5.4,9.9,8.1,5.3,4.5,5.6,8.7,ENFP,Truyền thông & Báo chí,Lưu trữ học,5.0
STU1139,9.7,6.1,6.2,6.0,7.9,8.9,6.6,ISFP,Y tế & Sức khỏe,Quản lý bệnh viện,3.6
STU2258,6.4,9.0,8.9,5.1,5.3,5.5,9.0,ISFJ,Sư phạm & Giáo dục,Tâm lý học giáo dục,5.6
STU1788,8.2,8.6,10.0,6.2,5.0,5.6,6.3,ESTP,Kinh tế & Quản lý,Kế toán,5.2
STU3939,7.5,9.8,8.9,5.9,6.2,5.2,9.3,ENTP,Truyền thông & Báo chí,Công nghệ truyền thông,5.0
STU5185,4.5,9.6,6.6,4.9,6.9,4.8,9.4,INFJ,Luật & Xã hội,Luật kinh tế,4.1
STU7358,4.3,8.0,10.0,5.3,4.9,4.9,7.4,ESFJ,Du lịch & Dịch vụ,Du lịch,4.9
STU0460,8.9,6.5,9.0,9.1,7.2,5.2,4.2,ISTJ,Công nghệ Thông tin & Kỹ thuật Máy tính,Khoa học Máy tính,4.3
STU7308,9.0,5.0,5.8,8.9,7.9,5.4,5.9,ISTP,Xây dựng & Quy hoạch,Địa kỹ thuật xây dựng,4.3
STU0949,8.4,6.9,6.6,6.5,9.0,9.2,5.2,ISFJ,Y tế & Sức khỏe,Y học dự phòng,4.7
STU3701,4.0,3.3,6.4,5.6,3.7,5.2,4.8,ESTP,Truyền thông & Báo chí,Thông tin - thư viện,3.0
STU1337,8.3,8.0,9.1,6.9,5.8,6.8,5.9,ESTP,Kinh tế & Quản lý,Kiểm toán,3.8
STU4629,6.8,7.7,6.0,7.0,6.8,6.3,7.0,INFJ,Nghệ thuật & Thiết kế,Điêu khắc,3.9
STU6368,7.3,6.5,4.7,6.4,9.1,10.0,6.9,ISTJ,Nông nghiệp & Môi trường,Khoa học cây trồng,4.4
STU1603,7.9,8.7,9.4,7.8,5.3,4.7,6.4,ESTP,Kinh tế & Quản lý,Kế toán,5.8
STU2239,6.1,9.7,7.7,6.4,5.7,7.5,9.6,ISFJ,Sư phạm & Giáo dục,Sư phạm Vật lý,3.9
STU0640,10.0,7.8,8.3,9.1,7.5,7.0,5.7,ISTJ,Công nghệ Thông tin & Kỹ thuật Máy tính,Kỹ thuật phần mềm,4.4
STU7711,6.7,8.7,9.1,6.6,6.0,6.0,7.6,ESTP,Du lịch & Dịch vụ,Quản trị dịch vụ du lịch và lữ hành,4.5
STU3831,4.7,8.3,8.7,4.8,5.4,5.7,7.6,ESFP,Truyền thông & Báo chí,Công nghệ truyền thông,5.3
STU6059,8.2,5.7,7.2,5.5,7.9,9.9,5.3,ISFJ,Nông nghiệp & Môi trường,Công nghệ thực phẩm,4.9
STU7746,6.3,7.3,8.0,7.2,5.6,6.7,8.0,ESFJ,Du lịch & Dịch vụ,Quản trị dịch vụ du lịch và lữ hành,5.8
STU7148,9.4,5.3,7.5,8.1,7.9,5.5,6.8,ISTP,Xây dựng & Quy hoạch,Địa kỹ thuật xây dựng,4.7
STU1071,10.0,4.6,6.8,5.7,8.2,9.5,7.0,ISFJ,Y tế & Sức khỏe,Quản lý bệnh viện,5.0
STU0156,8.5,6.5,10.0,9.2,6.4,5.7,7.0,ENTP,Công nghệ Thông tin & Kỹ thuật Máy tính,Mạng máy tính và truyền thông dữ liệu,3.8
STU2296,6.3,9.4,8.4,5.7,5.0,6.4,9.5,ISFJ,Sư phạm & Giáo dục,Sư phạm Tin học,4.4
STU5101,5.5,9.1,7.6,6.2,5.7,6.6,8.6,ISTJ,Luật & Xã hội,Tâm lý học,4.5
STU4579,6.8,7.3,6.3,5.5,5.7,5.2,9.2,INFP,Nghệ thuật & Thiết kế,Đạo diễn Điện ảnh - Truyền hình,4.4
STU1090,8.9,5.4,6.7,5.9,9.0,9.9,6.9,ISFP,Y tế & Sức khỏe,Quản lý bệnh viện,4.2
STU2941,6.0,9.2,10.0,5.8,6.2,6.4,6.5,INFP,Ngôn ngữ & Văn hóa,Ngôn ngữ học,4.6
STU6761,8.6,6.6,4.8,8.2,7.6,6.4,6.6,ISTJ,Xây dựng & Quy hoạch,Kỹ thuật cấp thoát nước,4.6
STU4385,5.7,9.1,6.1,5.6,6.5,5.3,6.4,INFJ,Nghệ thuật & Thiết kế,Thiết kế công nghiệp,4.8
STU0931,9.0,4.3,7.1,4.9,9.2,8.8,5.7,INFJ,Y tế & Sức khỏe,Quản lý bệnh viện,3.9
STU2910,4.7,9.3,9.1,6.6,5.8,6.2,9.4,INFP,Ngôn ngữ & Văn hóa,Quốc tế học,4.1
STU5149,5.5,8.5,7.5,6.0,6.8,5.0,8.9,ISTJ,Luật & Xã hội,Luật quốc tế,4.7
STU7332,6.2,7.9,10.0,7.0,6.3,6.2,7.8,ESTP,Du lịch & Dịch vụ,Du lịch,4.7
STU3248,7.5,8.6,9.8,4.7,6.4,7.0,7.4,INFP,Ngôn ngữ & Văn hóa,Quốc tế học,4.4
STU7261,8.8,5.3,6.4,9.2,7.0,5.8,5.9,ESTJ,Xây dựng & Quy hoạch,Địa kỹ thuật xây dựng,3.7
STU6330,8.2,7.0,5.6,5.9,7.8,9.7,5.9,ISTJ,Nông nghiệp & Môi trường,Lâm nghiệp đô thị,4.3
STU5864,8.3,6.0,6.6,9.1,7.6,5.0,6.6,ISTP,"Kỹ thuật, Cơ khí & Ô tô",Kỹ thuật điều khiển và tự động hóa,4.4
STU7083,7.9,6.0,5.8,8.4,8.5,5.8,6.2,ISTJ,Xây dựng & Quy hoạch,Công nghệ kỹ thuật công trình xây dựng,3.9
STU6904,8.7,4.6,7.1,8.1,7.5,6.7,5.5,ISTP,Xây dựng & Quy hoạch,Công nghệ kỹ thuật công trình xây dựng,5.1
STU7448,5.7,7.6,9.0,5.8,4.8,6.4,7.7,ENFP,Du lịch & Dịch vụ,Quản trị khách sạn,4.1
STU1699,8.8,7.8,9.4,6.6,6.0,5.6,5.5,ESTJ,Kinh tế & Quản lý,Thương mại điện tử,4.9
STU7519,5.4,8.0,8.8,5.0,6.6,5.9,8.1,ESTP,Du lịch & Dịch vụ,Du lịch,5.1
STU7944,6.7,7.5,9.3,7.9,6.6,7.0,9.3,ENFP,Du lịch & Dịch vụ,Quản lý thể dục thể thao,3.0
STU5410,8.5,5.3,6.4,7.7,7.8,4.2,5.6,ISTJ,"Kỹ thuật, Cơ khí & Ô tô",Kỹ thuật điện tử - viễn thông,3.9
STU3832,6.6,10.0,7.9,6.0,4.8,6.2,7.2,ENFP,Truyền thông & Báo chí,Lưu trữ học,5.5
STU7284,9.7,6.4,5.3,8.8,7.1,6.7,4.9,ESTJ,Xây dựng & Quy hoạch,Kỹ thuật xây dựng,5.1
STU7273,8.2,4.4,5.0,9.2,7.1,4.3,6.0,ISTP,Xây dựng & Quy hoạch,Kỹ thuật xây dựng,6.2
STU0986,9.0,6.8,6.3,5.0,9.6,9.1,4.7,INFJ,Y tế & Sức khỏe,Quản lý bệnh viện,4.3
STU1822,8.4,8.6,9.6,5.2,8.2,5.4,5.7,ESTJ,Kinh tế & Quản lý,Kinh doanh quốc tế,3.6
STU7030,8.6,6.5,6.8,8.7,7.5,4.6,5.4,ISTP,Xây dựng & Quy hoạch,Địa kỹ thuật xây dựng,4.4
STU0588,9.3,5.1,9.6,7.9,6.7,6.5,6.1,ISTJ,Công nghệ Thông tin & Kỹ thuật Máy tính,An toàn thông tin,4.7
STU7620,7.8,7.4,9.2,7.7,6.2,5.3,8.6,ESFP,Du lịch & Dịch vụ,Quản lý thể dục thể thao,5.1
STU5553,7.2,6.6,5.9,8.9,8.8,5.2,7.3,INTJ,"Kỹ thuật, Cơ khí & Ô tô",Công nghệ kỹ thuật ô tô,3.9
STU7278,8.5,5.5,6.0,8.6,7.6,7.3,5.7,ISTP,Xây dựng & Quy hoạch,Công nghệ kỹ thuật công trình xây dựng,5.8
STU7939,6.0,8.9,9.1,5.8,7.2,7.0,7.4,ENFP,Du lịch & Dịch vụ,Quản lý thể dục thể thao,4.5
STU5081,5.3,8.7,8.7,6.6,6.3,4.7,9.5,INFJ,Luật & Xã hội,Chính trị học,4.6
STU6348,7.0,5.4,6.3,6.0,8.6,8.5,5.8,ISFJ,Nông nghiệp & Môi trường,Nông nghiệp,4.4
STU3558,6.0,7.9,8.8,7.8,5.8,6.3,9.2,ENFP,Truyền thông & Báo chí,Lưu trữ học,3.7
STU1396,9.4,7.3,8.8,6.5,5.3,4.6,5.7,ESTP,Kinh tế & Quản lý,Tài chính - Ngân hàng,4.3
STU0265,9.3,6.1,8.3,9.1,6.9,7.2,7.1,ISTP,Công nghệ Thông tin & Kỹ thuật Máy tính,Mạng máy tính và truyền thông dữ liệu,3.3
STU3548,5.4,8.6,8.5,6.0,6.2,6.9,9.0,ENTP,Truyền thông & Báo chí,Truyền thông đa phương tiện,4.8
STU7553,7.1,7.9,8.1,5.5,6.6,6.0,8.9,ESFP,Du lịch & Dịch vụ,Quản trị dịch vụ du lịch và lữ hành,5.1
STU7296,8.3,5.9,6.7,9.4,6.4,6.4,5.0,ISTP,Xây dựng & Quy hoạch,Kỹ thuật xây dựng,5.0
STU5651,9.5,5.0,5.9,9.0,7.0,6.2,5.7,ISTJ,"Kỹ thuật, Cơ khí & Ô tô",Kỹ thuật điện tử - viễn thông,4.0
STU3865,6.3,8.3,8.2,6.8,6.2,6.1,9.0,ENFP,Truyền thông & Báo chí,Truyền thông đa phương tiện,5.0
STU6637,7.1,5.6,7.0,4.8,10.0,8.8,7.1,ISFP,Nông nghiệp & Môi trường,Lâm nghiệp đô thị,3.5
STU2401,4.4,5.0,7.5,5.7,5.3,4.3,6.3,ESTJ,Sư phạm & Giáo dục,Giáo dục Mầm non,2.9
STU5783,8.4,7.8,7.7,9.0,8.6,4.7,7.0,ISTP,"Kỹ thuật, Cơ khí & Ô tô",Kỹ thuật điện,4.4
STU3712,6.6,9.5,8.6,5.2,7.0,6.7,9.2,ESFP,Truyền thông & Báo chí,Truyền thông đại chúng,4.5
STU0247,9.0,6.9,8.2,8.5,8.8,7.9,7.2,ISTP,Công nghệ Thông tin & Kỹ thuật Máy tính,Mạng máy tính và truyền thông dữ liệu,3.8
STU1595,9.0,9.0,8.9,5.4,6.3,4.3,6.5,ENTJ,Kinh tế & Quản lý,Marketing,5.0
STU7765,4.4,8.3,8.6,5.3,5.7,6.5,8.2,ESTP,Du lịch & Dịch vụ,Du lịch,5.1
STU6461,9.1,7.2,5.0,6.1,8.2,8.3,7.0,ISFP,Nông nghiệp & Môi trường,Công nghệ sinh học,4.4
STU0924,8.0,6.9,4.7,7.0,9.2,9.7,4.0,ISFJ,Y tế & Sức khỏe,Y học cổ truyền,5.1
STU4953,5.6,8.9,6.9,5.9,5.4,7.2,10.0,INTJ,Luật & Xã hội,Luật kinh tế,3.8
STU7423,7.0,7.7,9.6,5.1,6.1,6.8,7.3,ESFP,Du lịch & Dịch vụ,Quản trị nhà hàng và dịch vụ ăn uống,3.7
STU0670,8.5,6.8,4.9,5.1,8.9,10.0,5.3,ISFP,Y tế & Sức khỏe,Dược học,4.1
STU3605,5.8,8.7,6.9,5.7,5.8,5.8,7.8,ESFP,Truyền thông & Báo chí,Thông tin - thư viện,4.1
STU1911,8.5,8.1,9.7,7.1,5.8,6.1,5.0,ESTJ,Kinh tế & Quản lý,Kinh doanh quốc tế,3.8
STU5578,8.7,5.1,6.5,10.0,9.1,6.0,6.1,INTJ,"Kỹ thuật, Cơ khí & Ô tô",Kỹ thuật điều khiển và tự động hóa,4.1
STU3959,5.2,9.2,8.4,5.4,6.0,5.4,7.5,ENTP,Truyền thông & Báo chí,Công nghệ truyền thông,3.5
STU2697,5.0,10.0,9.8,7.2,5.6,6.9,8.6,INTP,Ngôn ngữ & Văn hóa,Ngôn ngữ Anh,4.0
STU2592,6.7,9.2,8.7,6.8,5.8,6.5,9.2,ESFJ,Sư phạm & Giáo dục,Tâm lý học giáo dục,3.9
STU1782,9.9,7.3,9.1,5.8,6.8,5.0,6.9,ESTP,Kinh tế & Quản lý,Thương mại điện tử,4.9
STU3014,7.3,8.4,9.4,6.6,4.6,5.1,8.7,ISFP,Ngôn ngữ & Văn hóa,Ngôn ngữ Hàn Quốc,3.3
STU2308,7.2,10.0,9.8,5.3,5.4,7.1,9.6,ENFJ,Sư phạm & Giáo dục,Tâm lý học giáo dục,4.7
STU4787,6.6,9.6,7.9,5.8,6.9,6.5,9.3,ISTJ,Luật & Xã hội,Tâm lý học,4.6
STU3691,5.9,10.0,8.2,4.9,4.8,8.2,7.9,ESFP,Truyền thông & Báo chí,Quan hệ công chúng,4.0
STU0688,9.5,5.0,4.1,5.2,9.2,8.5,5.2,ISFP,Y tế & Sức khỏe,Y học cổ truyền,5.0
STU0613,8.6,4.8,9.9,8.0,7.7,6.0,4.5,INTJ,Công nghệ Thông tin & Kỹ thuật Máy tính,Thiết kế vi mạch,3.5
STU3201,5.6,6.2,4.4,4.5,4.4,6.6,6.8,ENTJ,Ngôn ngữ & Văn hóa,Ngôn ngữ học,2.2
STU2268,7.8,9.8,9.4,6.4,6.7,6.4,8.8,ISFJ,Sư phạm & Giáo dục,Giáo dục Tiểu học,3.7
STU7659,6.6,7.7,9.1,6.5,5.1,5.1,8.2,ESTP,Du lịch & Dịch vụ,Quản lý thể dục thể thao,4.0
STU6080,7.5,6.1,8.0,7.0,8.2,9.5,6.0,ISFJ,Nông nghiệp & Môi trường,Công nghệ sinh học,4.4
STU1899,7.6,8.2,9.1,6.7,5.3,5.0,6.4,ENTJ,Kinh tế & Quản lý,Marketing,4.9
STU5062,6.2,9.1,7.7,6.0,5.4,6.2,9.8,INFJ,Luật & Xã hội,Quản lý nhà nước,4.2
STU0259,7.8,5.1,8.5,9.1,7.1,6.3,4.8,INTJ,Công nghệ Thông tin & Kỹ thuật Máy tính,Mạng máy tính và truyền thông dữ liệu,4.7
STU2925,6.8,8.3,9.6,6.5,6.7,6.6,9.2,INFP,Ngôn ngữ & Văn hóa,Ngôn ngữ Nhật,4.6
STU2823,5.8,8.7,9.1,5.5,6.2,6.5,9.2,ISFP,Ngôn ngữ & Văn hóa,Ngôn ngữ Hàn Quốc,3.8
STU3340,6.4,9.5,9.6,5.4,7.5,5.5,7.1,ENTP,Truyền thông & Báo chí,Công nghệ truyền thông,4.4
STU3526,4.5,10.0,8.5,5.7,5.2,5.7,8.7,ESFP,Truyền thông & Báo chí,Truyền thông đa phương tiện,4.8
STU4564,3.9,4.4,6.6,4.8,4.6,6.8,6.0,ESFP,Nghệ thuật & Thiết kế,Thiết kế thời trang,3.9
STU2286,6.3,5.0,6.3,4.9,5.5,4.4,5.5,ESTP,Sư phạm & Giáo dục,Sư phạm Vật lý,3.6
STU6756,8.6,4.5,6.8,7.9,6.5,4.9,5.1,ISTP,Xây dựng & Quy hoạch,Kỹ thuật cấp thoát nước,4.3
STU0485,9.0,6.1,7.6,8.4,7.3,6.6,5.4,ENTP,Công nghệ Thông tin & Kỹ thuật Máy tính,An toàn thông tin,4.3
STU2212,6.3,9.8,9.5,7.1,5.7,6.8,9.6,ISFJ,Sư phạm & Giáo dục,Sư phạm Ngữ văn,3.1
STU4961,5.3,9.1,7.5,5.3,5.4,7.1,9.8,INTJ,Luật & Xã hội,Chính trị học,4.6
STU2556,6.9,10.0,10.0,5.8,6.3,5.6,10.0,INFJ,Sư phạm & Giáo dục,Sư phạm Ngữ văn,4.8
STU0008,9.3,6.1,7.6,8.9,6.8,6.5,6.9,ENTP,Công nghệ Thông tin & Kỹ thuật Máy tính,Công nghệ thông tin,4.3
STU3658,5.2,10.0,9.0,7.1,7.2,6.5,8.3,ESFP,Truyền thông & Báo chí,Công nghệ truyền thông,4.1
STU7754,6.0,6.7,9.2,6.9,6.8,7.0,8.4,ESFJ,Du lịch & Dịch vụ,Du lịch,4.7
STU4403,6.0,6.8,5.4,5.8,7.4,6.2,7.7,INFJ,Nghệ thuật & Thiết kế,Thanh nhạc,3.8
STU2427,6.3,9.7,8.4,6.3,6.4,5.8,9.4,ESFJ,Sư phạm & Giáo dục,Giáo dục Mầm non,2.8
STU1815,8.5,8.9,7.9,6.4,6.5,5.8,6.2,ESTJ,Kinh tế & Quản lý,Thương mại điện tử,3.9
STU2275,7.9,9.0,8.7,4.8,6.6,5.2,9.3,INFJ,Sư phạm & Giáo dục,Giáo dục Tiểu học,4.1
STU1012,8.6,6.2,7.1,5.8,9.9,8.9,6.9,INFJ,Y tế & Sức khỏe,Dược học,3.8
STU5417,8.9,7.1,6.0,8.0,7.9,5.0,5.3,ISTJ,"Kỹ thuật, Cơ khí & Ô tô",Kỹ thuật điều khiển và tự động hóa,4.5
STU1068,9.8,5.4,6.1,6.4,8.5,9.8,6.0,ISFJ,Y tế & Sức khỏe,Kỹ thuật hình ảnh y học,5.0
STU1992,9.7,8.1,8.8,4.7,6.7,6.9,7.1,ESTJ,Kinh tế & Quản lý,Kiểm toán,4.7
STU3971,6.6,8.7,9.2,5.3,5.9,6.1,9.2,ENTP,Truyền thông & Báo chí,Thông tin - thư viện,4.8
STU5690,9.2,4.4,5.7,8.9,7.4,6.3,7.0,ESTP,"Kỹ thuật, Cơ khí & Ô tô",Kỹ thuật cơ khí,4.0
STU6969,6.4,5.3,5.5,4.2,6.7,5.9,6.2,INTP,Xây dựng & Quy hoạch,Công nghệ kỹ thuật công trình xây dựng,3.0
STU3868,6.3,9.1,8.6,7.3,5.9,6.4,7.5,ENTP,Truyền thông & Báo chí,Truyền thông đa phương tiện,4.3
STU7133,7.8,6.7,5.8,8.0,7.3,5.3,5.4,ISTJ,Xây dựng & Quy hoạch,Công nghệ kỹ thuật công trình xây dựng,3.4
STU3049,5.4,9.6,9.3,6.0,5.9,5.0,7.7,INFP,Ngôn ngữ & Văn hóa,Ngôn ngữ Anh,3.5
STU0782,9.3,5.7,5.7,5.1,7.6,9.7,5.4,ISTJ,Y tế & Sức khỏe,Y học cổ truyền,5.5
STU7753,5.5,9.3,7.6,6.1,6.8,5.3,8.9,ESFJ,Du lịch & Dịch vụ,Quản trị khách sạn,3.4
STU1750,10.0,8.2,10.0,5.3,5.9,6.3,5.3,ENTP,Kinh tế & Quản lý,Thương mại điện tử,4.2
STU2792,6.2,8.1,9.9,7.5,5.5,6.1,8.1,INFP,Ngôn ngữ & Văn hóa,Ngôn ngữ Anh,4.1
STU1092,9.6,5.5,5.2,6.6,9.7,10.0,4.9,INFJ,Y tế & Sức khỏe,Y đa khoa,3.9
STU5529,7.8,4.6,6.4,8.5,6.6,5.6,7.2,ISTJ,"Kỹ thuật, Cơ khí & Ô tô",Kỹ thuật cơ điện tử,4.9
STU6759,7.3,5.4,5.9,9.3,6.3,4.9,4.1,ESTJ,Xây dựng & Quy hoạch,Quản lý xây dựng,4.4
STU6808,9.7,5.8,6.5,9.6,7.3,7.1,5.1,ESTJ,Xây dựng & Quy hoạch,Địa kỹ thuật xây dựng,4.9
STU6488,8.5,4.6,6.5,5.6,8.1,8.5,5.4,ISFP,Nông nghiệp & Môi trường,Công nghệ thực phẩm,5.0
STU2609,6.5,9.4,9.7,5.4,5.3,6.0,10.0,ESFJ,Sư phạm & Giáo dục,Sư phạm Tiếng Anh,5.2
STU6557,8.1,6.5,6.0,5.9,8.7,10.0,4.9,INFP,Nông nghiệp & Môi trường,Công nghệ sinh học,3.7
STU2291,6.5,8.6,9.1,6.2,5.4,5.7,9.1,INFJ,Sư phạm & Giáo dục,Sư phạm Toán học,4.1
STU1728,9.1,8.3,8.4,5.2,6.6,6.8,5.9,ENTP,Kinh tế & Quản lý,Hệ thống thông tin quản lý,4.5
STU0611,8.8,5.5,8.3,9.2,7.6,4.9,7.4,ISTJ,Công nghệ Thông tin & Kỹ thuật Máy tính,An toàn thông tin,5.0
STU4667,7.4,8.7,8.0,6.9,4.9,5.0,10.0,ISTJ,Luật & Xã hội,Chính trị học,5.1
STU0344,9.5,7.2,8.6,8.1,7.3,6.8,5.7,ENTP,Công nghệ Thông tin & Kỹ thuật Máy tính,Công nghệ thông tin,4.2
STU5594,8.8,5.4,6.4,9.7,6.5,6.8,5.9,INTJ,"Kỹ thuật, Cơ khí & Ô tô",Kỹ thuật điều khiển và tự động hóa,4.5
STU6238,4.8,7.0,6.1,5.1,5.6,5.9,4.8,ESFP,Nông nghiệp & Môi trường,Công nghệ thực phẩm,3.0
STU3751,5.5,10.0,8.8,5.5,6.9,5.3,7.8,ESFP,Truyền thông & Báo chí,Công nghệ truyền thông,4.1
STU6918,8.6,5.7,7.2,9.0,7.8,7.2,6.1,ISTP,Xây dựng & Quy hoạch,Công nghệ kỹ thuật công trình xây dựng,4.2
STU6979,9.4,6.3,6.8,9.8,6.4,5.4,6.2,ISTP,Xây dựng & Quy hoạch,Kỹ thuật cấp thoát nước,5.7
STU3216,4.6,8.4,10.0,5.8,6.6,6.3,7.5,INTP,Ngôn ngữ & Văn hóa,Văn học,4.5
STU0098,9.4,4.9,8.4,8.1,7.7,7.2,5.6,ENTP,Công nghệ Thông tin & Kỹ thuật Máy tính,Công nghệ thông tin,4.7
STU5029,5.6,9.3,8.5,5.6,6.4,6.6,8.2,INTJ,Luật & Xã hội,Luật,4.2
STU1538,8.0,7.9,9.6,6.5,7.4,6.7,4.8,ENTJ,Kinh tế & Quản lý,Quản trị kinh doanh,3.6
STU3589,6.4,9.2,10.0,5.1,6.4,6.2,8.2,ESFP,Truyền thông & Báo chí,Quan hệ công chúng,3.8
STU3649,5.4,8.1,7.9,6.2,5.3,6.5,8.2,ENTP,Truyền thông & Báo chí,Thông tin - thư viện,4.2
STU6365,7.6,6.0,5.9,4.8,8.2,8.6,5.2,ISTJ,Nông nghiệp & Môi trường,Thú y,4.4
STU4954,4.1,5.1,4.9,6.4,5.1,4.1,3.1,INFJ,Luật & Xã hội,Quản lý nhà nước,1.7
STU1518,9.0,8.9,8.7,6.4,5.3,5.8,5.0,ENTJ,Kinh tế & Quản lý,Thương mại điện tử,4.7
STU7037,10.0,5.5,6.3,9.7,6.6,6.7,6.8,ESTJ,Xây dựng & Quy hoạch,Công nghệ kỹ thuật công trình xây dựng,3.3
STU4625,7.1,8.0,6.4,5.7,5.7,4.1,8.0,INFP,Nghệ thuật & Thiết kế,Hội họa,4.2
STU4273,7.4,8.3,4.6,6.9,5.3,5.4,6.6,INFJ,Nghệ thuật & Thiết kế,Điêu khắc,4.7
STU3670,4.9,8.1,8.5,4.7,7.0,6.1,7.6,ENFP,Truyền thông & Báo chí,Quan hệ công chúng,4.5
STU2091,6.1,9.2,9.2,5.8,6.8,6.3,9.9,ESFJ,Sư phạm & Giáo dục,Giáo dục Mầm non,4.5
STU0573,10.0,6.4,8.6,8.8,7.0,4.6,5.0,INTP,Công nghệ Thông tin & Kỹ thuật Máy tính,Thiết kế vi mạch,4.9
STU7349,6.3,7.2,9.2,6.9,6.0,6.5,8.4,ESFP,Du lịch & Dịch vụ,Quản lý thể dục thể thao,4.1
STU6060,7.3,6.0,5.4,5.9,9.3,8.6,6.2,ISFJ,Nông nghiệp & Môi trường,Công nghệ thực phẩm,4.3
STU6639,6.7,4.7,6.8,4.7,7.9,9.6,6.0,ISFJ,Nông nghiệp & Môi trường,Công nghệ sinh học,4.9
STU3063,5.5,9.7,9.0,5.8,5.2,7.0,7.7,INTP,Ngôn ngữ & Văn hóa,Văn học,4.0
STU5072,6.9,8.2,7.1,7.7,6.6,5.8,9.3,ENTJ,Luật & Xã hội,Quản lý nhà nước,4.7
STU5844,8.5,6.7,5.9,10.0,8.0,5.9,5.1,ISTP,"Kỹ thuật, Cơ khí & Ô tô",Kỹ thuật cơ khí,3.6
STU5201,5.6,9.8,6.6,4.6,5.3,5.1,8.8,INTJ,Luật & Xã hội,Quản lý nhà nước,4.3
STU5872,7.7,6.9,5.3,9.3,7.3,6.2,5.9,ISTP,"Kỹ thuật, Cơ khí & Ô tô",Kỹ thuật điện,4.7
STU5355,7.6,7.7,4.6,8.2,9.8,6.1,7.2,ISTJ,"Kỹ thuật, Cơ khí & Ô tô",Công nghệ kỹ thuật ô tô,3.5
STU4480,6.5,8.3,4.6,6.5,6.6,5.1,7.6,INFP,Nghệ thuật & Thiết kế,Thiết kế nội thất,3.3
STU0371,9.8,4.9,8.1,8.6,7.3,6.7,5.6,ISTJ,Công nghệ Thông tin & Kỹ thuật Máy tính,Khoa học dữ liệu,5.5
STU1939,8.2,7.7,9.8,6.5,6.9,7.2,6.0,ENTP,Kinh tế & Quản lý,Kinh doanh quốc tế,5.1
STU5662,9.7,5.0,6.8,9.8,7.1,5.9,6.9,ESTP,"Kỹ thuật, Cơ khí & Ô tô",Công nghệ kỹ thuật ô tô,4.6
STU6901,9.2,5.0,6.5,8.3,7.1,6.2,5.9,ISTJ,Xây dựng & Quy hoạch,Quản lý xây dựng,2.9
STU3671,6.2,9.0,9.2,5.7,5.2,5.2,7.5,ENTP,Truyền thông & Báo chí,Lưu trữ học,4.3
STU3653,7.5,8.9,8.3,7.2,7.6,5.5,8.6,ENTP,Truyền thông & Báo chí,Truyền thông đại chúng,3.7
STU2362,6.1,8.8,8.1,6.2,7.1,5.7,8.7,INFJ,Sư phạm & Giáo dục,Sư phạm Vật lý,4.8
STU4261,5.3,8.6,4.9,5.2,6.0,5.0,8.5,ISFP,Nghệ thuật & Thiết kế,Thiết kế nội thất,3.4
STU4988,6.5,9.3,7.7,6.5,6.2,5.2,9.5,ISTJ,Luật & Xã hội,Luật quốc tế,4.4
STU7204,8.7,5.3,5.7,7.8,6.0,5.2,5.7,ISTP,Xây dựng & Quy hoạch,Kỹ thuật cấp thoát nước,3.9
STU3738,5.5,9.3,9.3,5.8,6.0,6.9,8.1,ENTP,Truyền thông & Báo chí,Báo chí,3.8
STU7697,5.7,8.3,7.9,5.7,6.5,4.6,7.7,ESFJ,Du lịch & Dịch vụ,Quản trị khách sạn,3.7
STU5519,8.6,6.9,4.5,10.0,8.7,6.5,6.3,ISTP,"Kỹ thuật, Cơ khí & Ô tô",Kỹ thuật điện tử - viễn thông,4.6
STU5552,9.9,7.5,7.2,10.0,8.3,6.3,5.9,ISTP,"Kỹ thuật, Cơ khí & Ô tô",Kỹ thuật điện tử - viễn thông,4.2
STU1172,5.0,6.9,6.3,4.8,4.8,6.1,4.3,INTJ,Y tế & Sức khỏe,Răng - Hàm - Mặt,2.8
STU5211,6.6,10.0,7.5,5.4,4.8,4.4,8.6,INTJ,Luật & Xã hội,Luật quốc tế,3.1
STU1423,9.2,9.4,8.7,6.4,6.0,6.0,5.4,ENTJ,Kinh tế & Quản lý,Hệ thống thông tin quản lý,4.0
STU7173,8.3,5.7,5.1,8.5,8.0,6.1,4.9,ISTP,Xây dựng & Quy hoạch,Kỹ thuật xây dựng,4.5
STU7038,9.1,5.4,6.4,7.9,6.6,7.5,6.2,ISTJ,Xây dựng & Quy hoạch,Địa kỹ thuật xây dựng,2.6
STU7509,6.5,7.3,9.6,5.2,6.4,6.6,7.6,ESFJ,Du lịch & Dịch vụ,Quản trị khách sạn,3.6
STU0875,9.6,5.9,6.9,5.3,8.8,10.0,5.6,ISTJ,Y tế & Sức khỏe,Y học dự phòng,4.2
STU2298,6.5,9.5,9.7,5.5,6.3,5.3,9.8,ESFJ,Sư phạm & Giáo dục,Sư phạm Tiếng Anh,4.6
STU2644,6.6,10.0,9.3,5.2,5.7,4.1,9.4,ESFJ,Sư phạm & Giáo dục,Giáo dục Mầm non,5.8
STU6928,9.4,5.8,4.6,9.1,6.6,6.9,5.2,ESTJ,Xây dựng & Quy hoạch,Công nghệ kỹ thuật công trình xây dựng,3.1
STU0841,9.7,6.0,6.0,6.1,9.6,9.0,6.5,ISTJ,Y tế & Sức khỏe,Y đa khoa,5.2
STU0582,10.0,5.2,7.7,8.5,7.0,6.8,5.4,INTP,Công nghệ Thông tin & Kỹ thuật Máy tính,Khoa học dữ liệu,4.5
STU0205,9.9,5.2,9.4,9.8,8.1,6.2,6.3,INTP,Công nghệ Thông tin & Kỹ thuật Máy tính,Khoa học dữ liệu,4.9
STU1642,7.9,8.3,9.3,6.9,7.0,5.3,6.3,ENTJ,Kinh tế & Quản lý,Marketing,4.8
STU2015,7.3,10.0,7.9,5.9,7.6,6.8,10.0,ESFJ,Sư phạm & Giáo dục,Giáo dục Mầm non,4.8
STU3254,5.2,8.5,9.4,4.8,5.6,7.0,8.0,INFP,Ngôn ngữ & Văn hóa,Ngôn ngữ Hàn Quốc,4.5
STU4944,5.3,10.0,8.2,7.0,6.0,6.6,9.0,INTJ,Luật & Xã hội,Tâm lý học,4.8
STU0906,8.8,5.2,5.0,5.0,9.2,9.0,5.7,ISFP,Y tế & Sức khỏe,Y học cổ truyền,5.0
STU0632,10.0,6.9,7.6,9.7,7.6,5.0,7.1,INTJ,Công nghệ Thông tin & Kỹ thuật Máy tính,Khoa học dữ liệu,5.7
STU7890,5.8,8.7,8.6,6.1,6.6,5.6,8.4,ESFJ,Du lịch & Dịch vụ,Quản trị khách sạn,4.5
STU7807,6.0,6.1,9.0,5.7,5.4,4.6,8.5,ESFP,Du lịch & Dịch vụ,Quản trị nhà hàng và dịch vụ ăn uống,4.3
STU1975,10.0,9.2,8.3,6.8,6.5,6.0,5.0,ESTJ,Kinh tế & Quản lý,Kinh tế,4.5
STU0163,10.0,7.2,8.2,9.6,7.3,6.6,7.4,INTP,Công nghệ Thông tin & Kỹ thuật Máy tính,Khoa học Máy tính,5.1
STU5462,9.3,6.1,5.0,8.7,7.4,6.1,6.8,ESTP,"Kỹ thuật, Cơ khí & Ô tô",Kỹ thuật điện tử - viễn thông,3.9
STU7181,7.9,6.5,4.5,9.1,6.6,6.2,7.7,ISTJ,Xây dựng & Quy hoạch,Kinh tế xây dựng,4.8
STU7378,6.0,6.5,7.8,5.5,5.7,6.3,8.2,ENFP,Du lịch & Dịch vụ,Quản trị dịch vụ du lịch và lữ hành,3.2
STU4714,6.1,9.2,7.5,6.6,7.0,5.2,8.1,ENTJ,Luật & Xã hội,Tâm lý học,5.0
STU0876,9.6,5.9,7.0,5.5,10.0,8.8,4.9,ISFJ,Y tế & Sức khỏe,Răng - Hàm - Mặt,4.7
STU1432,9.0,9.4,8.0,4.3,6.9,6.2,6.0,ENTP,Kinh tế & Quản lý,Hệ thống thông tin quản lý,4.2
STU4644,6.1,8.0,5.7,5.0,6.5,6.1,7.8,INFP,Nghệ thuật & Thiết kế,Thanh nhạc,4.4
STU6733,8.9,5.6,6.9,8.9,6.9,7.1,6.4,ISTJ,Xây dựng & Quy hoạch,Kỹ thuật xây dựng,5.7
STU4999,5.5,7.7,6.9,6.2,6.8,6.4,8.6,ENTJ,Luật & Xã hội,Quản lý nhà nước,4.7
STU5993,9.3,5.2,7.2,8.7,7.2,6.0,6.4,ISTJ,"Kỹ thuật, Cơ khí & Ô tô",Kỹ thuật điều khiển và tự động hóa,4.5
STU2857,4.9,6.0,5.7,6.6,4.6,6.1,4.7,INFJ,Ngôn ngữ & Văn hóa,Ngôn ngữ Nhật,2.1
STU1862,4.6,5.3,4.9,4.9,4.1,6.2,5.3,ENFP,Kinh tế & Quản lý,Quản trị kinh doanh,3.2
STU2660,6.1,9.0,9.2,5.7,6.0,5.1,9.5,ISFJ,Sư phạm & Giáo dục,Giáo dục Mầm non,4.9
STU3385,5.9,9.7,8.9,5.4,5.1,5.0,9.1,ENTP,Truyền thông & Báo chí,Báo chí,3.5
STU7337,5.6,7.8,7.9,7.1,5.1,6.7,7.0,ESFP,Du lịch & Dịch vụ,Quản trị nhà hàng và dịch vụ ăn uống,4.7
STU7653,6.0,5.1,7.2,6.1,4.5,5.2,6.3,ISTJ,Du lịch & Dịch vụ,Quản trị khách sạn,3.8
STU7199,7.1,3.9,6.2,6.5,7.1,5.4,5.6,ESTP,Xây dựng & Quy hoạch,Kỹ thuật xây dựng,1.5
STU4734,5.0,9.9,7.4,6.2,7.0,6.4,9.8,ISTJ,Luật & Xã hội,Luật quốc tế,3.5
STU3332,4.3,6.3,5.2,6.7,6.8,5.6,6.5,ENTP,Truyền thông & Báo chí,Quan hệ công chúng,3.1
STU6540,8.5,6.4,5.8,6.7,9.6,10.0,5.9,INFP,Nông nghiệp & Môi trường,Công nghệ sinh học,4.7
STU6018,7.4,4.8,5.3,4.5,8.8,8.8,5.0,INFP,Nông nghiệp & Môi trường,Công nghệ thực phẩm,3.9
STU7979,7.0,8.5,9.0,5.2,5.5,6.4,9.0,ENFP,Du lịch & Dịch vụ,Quản trị khách sạn,4.5
STU2097,6.9,8.9,8.9,7.1,7.1,6.2,9.5,ISFJ,Sư phạm & Giáo dục,Sư phạm Tin học,5.4
STU2004,5.7,9.3,9.9,6.0,4.4,7.1,9.5,ESFJ,Sư phạm & Giáo dục,Sư phạm Tin học,4.2
STU5441,8.3,5.6,7.1,8.4,7.5,6.4,6.1,ESTP,"Kỹ thuật, Cơ khí & Ô tô",Kỹ thuật điện tử - viễn thông,3.9
STU0547,10.0,4.6,9.5,9.0,6.6,6.6,4.1,INTJ,Công nghệ Thông tin & Kỹ thuật Máy tính,An toàn thông tin,3.6
STU1450,9.7,8.3,9.0,5.5,6.7,5.7,6.8,ENTJ,Kinh tế & Quản lý,Quản trị kinh doanh,4.6
STU6199,7.7,4.9,6.0,5.3,9.0,9.4,6.1,INFP,Nông nghiệp & Môi trường,Công nghệ sau thu hoạch,4.4
STU2611,4.8,4.5,6.4,5.5,7.1,5.4,3.9,ENTJ,Sư phạm & Giáo dục,Giáo dục Mầm non,2.4
STU1901,7.6,8.3,8.1,5.5,5.0,4.5,6.1,ESTP,Kinh tế & Quản lý,Hệ thống thông tin quản lý,4.7
STU6302,8.2,6.4,6.6,5.2,8.7,9.0,5.6,ISTJ,Nông nghiệp & Môi trường,Lâm nghiệp đô thị,4.9
STU2758,6.5,7.8,8.9,6.3,6.9,8.1,8.1,ISFP,Ngôn ngữ & Văn hóa,Ngôn ngữ Trung Quốc,4.3
STU1886,6.8,6.7,4.2,4.7,7.0,4.5,4.6,ENTP,Kinh tế & Quản lý,Kế toán,2.0
STU7720,5.3,7.4,8.2,6.6,4.8,5.4,8.3,ESFJ,Du lịch & Dịch vụ,Quản trị khách sạn,4.5
STU2098,6.4,8.1,9.0,7.0,6.2,5.8,9.1,INFJ,Sư phạm & Giáo dục,Sư phạm Toán học,4.2
STU6956,10.0,5.3,6.3,8.1,9.0,6.2,6.1,ISTP,Xây dựng & Quy hoạch,Kỹ thuật xây dựng,3.5
STU7180,9.3,6.8,4.5,8.7,6.7,5.5,6.3,ISTP,Xây dựng & Quy hoạch,Kỹ thuật xây dựng,4.3
STU0837,9.1,5.6,5.9,4.9,9.6,9.7,5.7,ISFP,Y tế & Sức khỏe,Kỹ thuật phục hồi chức năng,4.0
STU3472,5.9,10.0,9.8,7.2,5.3,4.8,8.9,ENFP,Truyền thông & Báo chí,Quan hệ công chúng,4.9
STU4698,5.1,9.3,8.1,6.7,5.9,6.0,9.0,INTJ,Luật & Xã hội,Tâm lý học,3.8
STU6362,7.8,5.8,6.1,5.2,9.2,9.3,6.2,ISFP,Nông nghiệp & Môi trường,Khoa học môi trường,4.1
STU2172,6.8,9.0,7.8,5.9,5.5,6.2,10.0,ISFJ,Sư phạm & Giáo dục,Sư phạm Vật lý,4.1
STU6872,8.4,7.0,6.7,8.7,6.7,5.4,7.0,ISTP,Xây dựng & Quy hoạch,Quản lý xây dựng,5.1
STU7267,9.4,6.6,5.4,9.2,7.1,5.8,5.8,ESTJ,Xây dựng & Quy hoạch,Địa kỹ thuật xây dựng,3.4
STU0399,9.7,5.5,8.2,9.9,8.8,5.8,6.5,INTP,Công nghệ Thông tin & Kỹ thuật Máy tính,Khoa học dữ liệu,4.4
STU2011,7.3,9.1,8.9,5.1,5.8,6.6,8.7,INFJ,Sư phạm & Giáo dục,Sư phạm Vật lý,4.8
STU7673,5.6,7.3,9.9,5.2,4.5,5.5,7.9,ESFP,Du lịch & Dịch vụ,Du lịch,4.9
STU1284,9.4,5.9,5.9,6.0,10.0,9.7,5.5,ISFJ,Y tế & Sức khỏe,Y học dự phòng,5.1
STU5642,8.7,4.7,6.5,9.2,8.4,7.8,5.5,INTJ,"Kỹ thuật, Cơ khí & Ô tô",Kỹ thuật cơ điện tử,4.8
STU5847,8.9,5.3,7.1,9.2,6.8,6.8,4.7,ESTP,"Kỹ thuật, Cơ khí & Ô tô",Công nghệ kỹ thuật ô tô,4.4
STU4257,4.8,4.3,4.3,7.5,4.7,5.6,6.0,INTJ,Nghệ thuật & Thiết kế,Thanh nhạc,1.8
STU1837,9.8,7.1,9.9,7.3,5.6,5.6,7.7,ESTJ,Kinh tế & Quản lý,Thương mại điện tử,4.1
STU1020,8.5,7.8,5.5,5.6,10.0,9.6,5.1,ISFP,Y tế & Sức khỏe,Răng - Hàm - Mặt,4.4
STU1327,10.0,5.7,5.6,5.8,9.7,8.7,7.7,INFJ,Y tế & Sức khỏe,Dược học,4.3
STU4962,5.0,9.5,7.4,5.4,6.2,6.5,9.6,ENTJ,Luật & Xã hội,Luật,4.6
STU0476,9.7,5.5,10.0,8.2,6.3,6.0,6.3,INTP,Công nghệ Thông tin & Kỹ thuật Máy tính,Khoa học dữ liệu,4.8
STU2811,5.2,8.4,9.1,5.7,5.1,6.8,8.9,ISFP,Ngôn ngữ & Văn hóa,Ngôn ngữ Trung Quốc,4.0
STU6007,6.5,6.1,5.8,6.0,8.5,9.0,6.1,ISTJ,Nông nghiệp & Môi trường,Công nghệ sinh học,5.2
STU1652,8.4,7.8,8.1,5.7,5.5,5.6,5.8,ENTJ,Kinh tế & Quản lý,Kiểm toán,4.1
STU7415,7.0,8.5,9.2,6.7,5.1,5.5,8.0,ESFP,Du lịch & Dịch vụ,Du lịch,4.4
STU6833,9.4,6.2,7.0,8.3,7.1,5.8,6.3,ISTJ,Xây dựng & Quy hoạch,Kinh tế xây dựng,3.4
STU2529,6.4,8.1,10.0,5.5,5.3,5.9,10.0,INFJ,Sư phạm & Giáo dục,Sư phạm Tiếng Anh,3.4
STU1207,6.6,5.7,7.3,6.1,4.5,5.2,7.1,INFP,Y tế & Sức khỏe,Điều dưỡng,1.7
STU5202,6.4,8.9,8.2,5.6,5.5,5.3,8.6,ISTJ,Luật & Xã hội,Luật kinh tế,4.3
STU7082,8.5,5.5,6.6,8.7,7.6,5.9,7.2,ISTJ,Xây dựng & Quy hoạch,Quản lý xây dựng,3.8
STU6154,6.7,4.6,6.5,6.5,9.7,9.2,5.3,ISTJ,Nông nghiệp & Môi trường,Nông nghiệp,3.7
STU5047,8.5,9.3,8.4,6.0,6.3,5.1,8.7,INFJ,Luật & Xã hội,Chính trị học,3.7
STU0868,6.9,6.7,5.1,3.7,7.2,4.2,4.8,ESTJ,Y tế & Sức khỏe,Kỹ thuật hình ảnh y học,1.8
STU2975,5.9,9.7,10.0,7.3,6.9,4.4,6.9,INTP,Ngôn ngữ & Văn hóa,Đông phương học,5.0
STU0542,10.0,4.9,8.2,9.3,8.8,6.1,7.2,INTP,Công nghệ Thông tin & Kỹ thuật Máy tính,An toàn thông tin,4.9
STU1133,7.3,6.8,4.8,5.0,5.4,5.9,3.9,ISTP,Y tế & Sức khỏe,Điều dưỡng,1.7
STU7739,5.7,8.3,9.7,6.0,6.6,7.4,7.5,ESTP,Du lịch & Dịch vụ,Quản trị nhà hàng và dịch vụ ăn uống,4.0
STU6308,7.0,5.0,6.6,6.2,8.4,8.7,4.6,ISFJ,Nông nghiệp & Môi trường,Khoa học môi trường,4.5
STU3391,6.8,9.8,8.4,6.3,6.5,6.8,8.5,ENFP,Truyền thông & Báo chí,Truyền thông đa phương tiện,4.0
STU5753,8.3,6.3,5.1,10.0,8.2,5.1,5.2,ESTP,"Kỹ thuật, Cơ khí & Ô tô",Robot và Trí tuệ nhân tạo,6.1
STU2963,5.4,9.2,9.9,6.3,5.4,5.6,8.4,INTP,Ngôn ngữ & Văn hóa,Ngôn ngữ Hàn Quốc,3.3
STU4156,7.5,8.3,6.6,5.5,7.1,6.2,9.0,ISFP,Nghệ thuật & Thiết kế,Kiến trúc,4.2
STU3260,6.3,8.3,9.3,7.2,5.5,6.0,8.5,INFP,Ngôn ngữ & Văn hóa,Ngôn ngữ Nhật,3.6
STU5196,6.3,9.8,7.7,7.9,7.7,4.7,10.0,ENTJ,Luật & Xã hội,Luật kinh tế,2.8
STU7889,5.7,6.4,8.6,6.6,5.0,5.2,8.4,ENFP,Du lịch & Dịch vụ,Du lịch,5.2
STU2584,6.0,10.0,8.2,6.7,6.2,6.8,9.5,ENFJ,Sư phạm & Giáo dục,Sư phạm Tiếng Anh,4.6
STU2814,5.9,8.4,9.6,5.7,6.2,7.0,8.8,ISFP,Ngôn ngữ & Văn hóa,Tiếng Việt và văn hoá Việt Nam,4.1
STU7377,5.1,8.1,8.3,6.5,6.1,5.9,6.8,ESFP,Du lịch & Dịch vụ,Quản trị khách sạn,3.4
STU6929,9.1,6.0,6.5,9.4,7.5,6.9,6.9,ESTJ,Xây dựng & Quy hoạch,Kinh tế xây dựng,4.6
STU5509,9.0,7.1,5.8,9.1,8.3,5.3,6.4,ISTP,"Kỹ thuật, Cơ khí & Ô tô",Kỹ thuật điện,4.6
STU3587,5.8,9.6,8.5,5.3,6.4,5.4,8.6,ENFP,Truyền thông & Báo chí,Công nghệ truyền thông,4.8
STU6868,9.6,5.6,5.3,8.4,6.2,5.3,6.5,ESTJ,Xây dựng & Quy hoạch,Địa kỹ thuật xây dựng,3.3
STU7135,9.0,7.1,5.6,8.8,6.7,5.6,5.8,ISTP,Xây dựng & Quy hoạch,Quản lý xây dựng,4.6
STU6803,8.4,5.7,6.6,8.9,6.9,6.5,5.3,ISTP,Xây dựng & Quy hoạch,Địa kỹ thuật xây dựng,5.1
STU2631,5.5,9.0,9.5,6.6,6.8,6.2,8.4,ISFJ,Sư phạm & Giáo dục,Giáo dục Mầm non,3.8
STU6404,7.0,5.5,6.1,5.1,8.9,9.7,4.8,ISTJ,Nông nghiệp & Môi trường,Thú y,3.0
STU5406,8.9,7.3,6.3,9.3,7.6,6.5,6.4,ISTP,"Kỹ thuật, Cơ khí & Ô tô",Kỹ thuật cơ điện tử,5.9
STU1081,9.1,6.4,5.9,7.2,9.9,10.0,7.0,INFJ,Y tế & Sức khỏe,Y học dự phòng,5.2
STU4284,6.7,9.6,5.3,4.3,6.7,6.7,8.1,ISFP,Nghệ thuật & Thiết kế,Đạo diễn Điện ảnh - Truyền hình,5.5
STU2086,7.4,9.5,8.1,5.7,5.8,6.6,10.0,ESFJ,Sư phạm & Giáo dục,Sư phạm Tin học,4.4
STU2453,5.9,4.4,5.1,6.2,6.9,4.6,3.5,INTP,Sư phạm & Giáo dục,Sư phạm Ngữ văn,3.8
STU4967,6.2,9.0,8.6,6.8,5.7,5.7,10.0,ISTJ,Luật & Xã hội,Quản lý nhà nước,4.3
STU2024,6.9,8.7,10.0,7.3,5.6,5.0,8.7,INFJ,Sư phạm & Giáo dục,Sư phạm Tin học,4.9
STU5287,6.0,8.9,7.1,5.4,5.7,5.3,8.1,ENTJ,Luật & Xã hội,Chính trị học,5.3
STU6146,7.6,5.9,6.4,6.3,7.8,10.0,5.3,ISTJ,Nông nghiệp & Môi trường,Công nghệ sau thu hoạch,4.1
STU0227,10.0,5.2,10.0,8.0,7.3,6.1,5.2,INTJ,Công nghệ Thông tin & Kỹ thuật Máy tính,Thiết kế vi mạch,4.5
STU1014,10.0,5.9,5.8,4.8,8.9,8.6,6.8,ISFP,Y tế & Sức khỏe,Điều dưỡng,4.4
STU1930,10.0,7.3,10.0,6.9,6.7,4.8,7.2,ENTP,Kinh tế & Quản lý,Marketing,4.0
STU7111,9.9,7.1,5.4,7.6,7.3,5.2,5.0,ISTP,Xây dựng & Quy hoạch,Quản lý xây dựng,4.4
STU1405,10.0,7.9,7.0,6.1,5.4,4.1,4.5,ESTP,Kinh tế & Quản lý,Thương mại điện tử,3.8
STU2180,6.6,9.2,9.1,7.2,5.3,6.0,10.0,INFJ,Sư phạm & Giáo dục,Giáo dục Mầm non,4.4
STU0698,10.0,5.7,6.8,6.5,8.5,10.0,5.2,ISTJ,Y tế & Sức khỏe,Răng - Hàm - Mặt,4.2
STU1125,10.0,4.9,5.9,5.4,9.9,10.0,6.2,ISFP,Y tế & Sức khỏe,Kỹ thuật hình ảnh y học,5.0
STU3896,3.2,5.8,3.8,5.3,5.2,5.9,5.7,ENTP,Truyền thông & Báo chí,Truyền thông đại chúng,2.4
STU1779,9.2,7.2,8.0,6.8,7.8,5.7,5.7,ESTJ,Kinh tế & Quản lý,Kiểm toán,4.7
STU5108,6.1,9.4,7.0,5.1,5.8,4.6,9.4,ISTJ,Luật & Xã hội,Xã hội học,4.1
STU2635,6.4,9.1,8.6,4.9,7.8,6.8,10.0,ENFJ,Sư phạm & Giáo dục,Sư phạm Vật lý,4.7
STU3490,5.6,4.9,6.4,6.0,4.4,6.6,5.2,ENTP,Truyền thông & Báo chí,Công nghệ truyền thông,2.9
STU1038,10.0,6.5,5.3,6.6,8.3,8.8,6.0,INFJ,Y tế & Sức khỏe,Răng - Hàm - Mặt,4.7
STU2257,6.4,8.3,8.8,6.3,6.5,6.2,8.6,ENFJ,Sư phạm & Giáo dục,Sư phạm Tiếng Anh,5.2
STU5357,8.8,4.8,6.7,10.0,7.4,5.8,5.5,INTJ,"Kỹ thuật, Cơ khí & Ô tô",Kỹ thuật điều khiển và tự động hóa,5.0
STU7897,5.8,8.4,8.4,5.3,6.7,5.6,8.7,ESTP,Du lịch & Dịch vụ,Quản trị nhà hàng và dịch vụ ăn uống,3.7
STU0314,8.8,5.1,9.0,8.3,8.3,5.6,5.1,ENTP,Công nghệ Thông tin & Kỹ thuật Máy tính,An toàn thông tin,3.5
STU2650,7.6,5.3,4.2,6.7,6.3,6.9,5.2,INTJ,Sư phạm & Giáo dục,Sư phạm Vật lý,3.2
STU2282,6.1,8.2,9.1,6.3,6.3,5.4,9.7,ENFJ,Sư phạm & Giáo dục,Sư phạm Vật lý,5.8
STU5734,8.8,5.1,6.2,9.2,7.8,5.9,6.3,INTJ,"Kỹ thuật, Cơ khí & Ô tô",Robot và Trí tuệ nhân tạo,4.0
STU2548,6.7,10.0,8.9,5.2,7.6,6.9,9.9,ISFJ,Sư phạm & Giáo dục,Giáo dục Tiểu học,5.4
STU2160,6.8,9.9,8.2,7.5,5.4,6.4,10.0,ENFJ,Sư phạm & Giáo dục,Sư phạm Tin học,5.7
STU3138,5.4,9.2,10.0,7.2,7.9,7.7,8.2,ISFP,Ngôn ngữ & Văn hóa,Ngôn ngữ học,4.0
STU7079,3.6,4.5,6.9,4.5,6.4,5.7,7.5,ISTJ,Xây dựng & Quy hoạch,Kỹ thuật cấp thoát nước,2.3
STU3968,5.9,9.5,7.5,6.6,6.6,5.7,8.9,ENFP,Truyền thông & Báo chí,Thông tin - thư viện,4.0
STU1429,10.0,7.6,8.5,5.2,5.7,6.2,6.0,ENTJ,Kinh tế & Quản lý,Quản trị kinh doanh,4.7
STU5679,8.4,6.2,5.9,9.7,8.0,6.0,6.3,ISTP,"Kỹ thuật, Cơ khí & Ô tô",Kỹ thuật cơ điện tử,4.6
STU2521,7.3,9.6,9.4,5.8,5.5,6.6,9.4,ENFJ,Sư phạm & Giáo dục,Giáo dục Tiểu học,5.4
STU5144,5.5,8.8,6.9,6.3,5.9,7.9,10.0,INTJ,Luật & Xã hội,Luật kinh tế,4.6
STU6651,9.3,6.2,6.9,5.8,8.1,9.9,5.4,ISFP,Nông nghiệp & Môi trường,Nuôi trồng thủy sản,3.5
STU5915,8.1,6.6,5.8,10.0,6.6,6.0,7.1,INTJ,"Kỹ thuật, Cơ khí & Ô tô",Kỹ thuật cơ khí,3.7
STU0449,9.3,7.0,7.2,8.9,9.0,5.0,6.6,ISTJ,Công nghệ Thông tin & Kỹ thuật Máy tính,Thiết kế vi mạch,4.4
STU5050,5.4,9.8,7.3,7.1,6.4,5.8,9.6,INFJ,Luật & Xã hội,Luật quốc tế,3.9
STU1285,10.0,7.1,5.5,5.4,10.0,9.4,6.5,ISFP,Y tế & Sức khỏe,Răng - Hàm - Mặt,4.5
STU3728,6.5,9.5,8.5,5.6,4.7,5.7,9.2,ENTP,Truyền thông & Báo chí,Lưu trữ học,4.3
STU0362,8.0,6.6,10.0,9.7,6.5,4.4,6.4,INTJ,Công nghệ Thông tin & Kỹ thuật Máy tính,Mạng máy tính và truyền thông dữ liệu,5.3
STU6442,6.9,5.4,6.3,5.0,8.5,8.9,5.6,ISFP,Nông nghiệp & Môi trường,Lâm nghiệp đô thị,4.1
STU7563,6.2,6.8,9.9,5.7,5.8,6.1,8.2,ESFP,Du lịch & Dịch vụ,Du lịch,3.2
STU2461,7.3,9.8,9.6,5.1,6.2,7.0,8.8,ESFJ,Sư phạm & Giáo dục,Giáo dục Mầm non,4.2
STU0023,9.8,6.4,8.1,9.5,8.4,5.4,6.1,ISTP,Công nghệ Thông tin & Kỹ thuật Máy tính,Thiết kế vi mạch,5.6
STU2067,6.8,9.1,9.3,5.7,4.9,6.2,9.1,INFJ,Sư phạm & Giáo dục,Giáo dục Tiểu học,3.7
STU1654,8.9,7.5,8.8,5.1,6.2,5.5,6.0,ENTJ,Kinh tế & Quản lý,Kinh doanh quốc tế,4.1
STU0703,8.7,5.9,5.2,6.0,10.0,9.1,5.7,ISFP,Y tế & Sức khỏe,Y đa khoa,4.2
STU5791,10.0,7.6,6.4,8.7,8.1,4.8,5.3,INTJ,"Kỹ thuật, Cơ khí & Ô tô",Kỹ thuật điện,4.5
STU2744,4.8,7.3,9.8,5.2,6.6,6.2,8.1,ISFP,Ngôn ngữ & Văn hóa,Ngôn ngữ Trung Quốc,3.7
STU1377,8.3,7.3,9.8,6.8,5.7,6.7,4.9,ESTJ,Kinh tế & Quản lý,Hệ thống thông tin quản lý,4.0
STU6500,7.4,5.5,5.4,5.1,8.9,9.3,5.8,INFP,Nông nghiệp & Môi trường,Công nghệ sinh học,3.9
STU2469,6.7,9.9,9.3,6.2,6.4,4.7,8.8,ENFJ,Sư phạm & Giáo dục,Sư phạm Tin học,4.7
STU3755,5.4,9.0,8.9,5.5,6.2,5.4,7.7,ENFP,Truyền thông & Báo chí,Báo chí,3.1
STU2326,5.8,8.6,8.6,5.6,7.5,5.4,9.1,INFJ,Sư phạm & Giáo dục,Sư phạm Vật lý,4.9
STU0461,10.0,6.6,9.6,10.0,7.2,5.7,5.6,INTP,Công nghệ Thông tin & Kỹ thuật Máy tính,An toàn thông tin,4.9
STU4184,6.0,8.7,5.8,4.7,4.1,7.2,6.6,ISFP,Nghệ thuật & Thiết kế,Đạo diễn Điện ảnh - Truyền hình,4.2
STU4083,4.8,8.1,5.8,5.1,5.5,5.0,7.6,ISFP,Nghệ thuật & Thiết kế,Điêu khắc,4.8
STU1487,9.5,9.3,9.1,6.7,6.4,6.8,5.7,ESTP,Kinh tế & Quản lý,Kinh doanh quốc tế,4.2
STU3679,6.1,8.7,9.1,5.7,5.2,6.8,6.2,ESFP,Truyền thông & Báo chí,Báo chí,5.1
STU0283,5.7,5.9,5.7,6.5,5.4,5.9,4.6,INFJ,Công nghệ Thông tin & Kỹ thuật Máy tính,Khoa học Máy tính,3.8
STU4559,7.5,9.2,7.0,5.5,6.4,4.8,6.3,INFJ,Nghệ thuật & Thiết kế,Hội họa,4.6
STU4309,6.1,6.9,5.1,6.1,6.2,5.4,7.6,INFJ,Nghệ thuật & Thiết kế,Điêu khắc,4.3
STU4866,7.2,8.9,7.7,5.4,6.8,6.1,8.9,INFJ,Luật & Xã hội,Xã hội học,4.3
STU3538,6.0,9.6,8.9,5.1,5.9,6.2,8.7,ESFP,Truyền thông & Báo chí,Báo chí,4.7
STU5625,7.6,5.0,5.4,10.0,8.5,5.8,5.6,ISTJ,"Kỹ thuật, Cơ khí & Ô tô",Công nghệ kỹ thuật ô tô,5.6
STU2582,6.3,8.8,8.7,6.3,6.1,6.7,9.6,ENFJ,Sư phạm & Giáo dục,Sư phạm Vật lý,4.2
STU1369,9.7,6.8,10.0,5.6,5.3,4.8,4.4,ENTP,Kinh tế & Quản lý,Quản trị kinh doanh,3.8
STU7210,9.4,7.4,7.7,9.2,5.9,5.7,5.8,ISTP,Xây dựng & Quy hoạch,Công nghệ kỹ thuật công trình xây dựng,4.1
STU5629,10.0,5.2,5.0,8.9,8.1,6.8,5.6,ISTJ,"Kỹ thuật, Cơ khí & Ô tô",Kỹ thuật cơ khí,4.5
STU0598,10.0,6.3,8.1,8.0,8.4,4.7,5.5,ENTP,Công nghệ Thông tin & Kỹ thuật Máy tính,Khoa học dữ liệu,4.8
STU4352,7.4,7.9,6.6,7.1,6.1,5.1,7.9,INFJ,Nghệ thuật & Thiết kế,Thiết kế đồ họa,4.5
STU6496,8.5,7.1,5.1,6.8,9.7,9.3,6.9,ISTJ,Nông nghiệp & Môi trường,Nông nghiệp,4.4
STU4759,7.0,8.2,6.6,5.9,6.2,6.2,8.4,ENTJ,Luật & Xã hội,Chính trị học,4.3
STU7931,6.8,6.5,6.1,7.4,6.3,6.4,5.8,INTP,Du lịch & Dịch vụ,Quản trị dịch vụ du lịch và lữ hành,3.1
STU7528,5.6,7.7,9.4,6.1,6.7,6.9,8.7,ESTP,Du lịch & Dịch vụ,Quản trị khách sạn,4.9
STU6307,7.3,5.7,5.8,5.1,8.6,9.4,6.2,ISTJ,Nông nghiệp & Môi trường,Khoa học môi trường,5.0
STU3469,5.5,8.8,8.9,5.0,6.1,5.1,8.8,ENTP,Truyền thông & Báo chí,Quan hệ công chúng,4.7
STU5115,6.0,9.0,7.8,6.8,5.9,5.3,9.4,INTJ,Luật & Xã hội,Công tác xã hội,3.6
STU2991,6.5,9.8,8.8,6.4,4.8,7.3,8.0,INTP,Ngôn ngữ & Văn hóa,Đông phương học,4.7
STU7113,8.2,7.2,7.2,8.8,8.5,6.6,6.0,ISTP,Xây dựng & Quy hoạch,Quản lý xây dựng,5.3
STU7835,6.5,6.9,8.8,6.5,5.1,6.8,8.9,ESFP,Du lịch & Dịch vụ,Du lịch,5.1
STU2545,5.7,9.3,9.8,4.7,5.8,6.9,9.8,ISFJ,Sư phạm & Giáo dục,Sư phạm Vật lý,4.9
STU5947,7.9,7.1,6.8,9.4,8.1,6.1,5.1,ISTJ,"Kỹ thuật, Cơ khí & Ô tô",Robot và Trí tuệ nhân tạo,5.1
STU5859,9.9,5.3,6.7,9.8,6.5,7.9,6.4,ISTJ,"Kỹ thuật, Cơ khí & Ô tô",Kỹ thuật điều khiển và tự động hóa,4.6
STU4067,5.4,7.4,6.4,5.4,5.5,5.6,7.0,ISFP,Nghệ thuật & Thiết kế,Đạo diễn Điện ảnh - Truyền hình,4.1
STU3989,7.3,9.9,8.9,6.8,5.9,5.5,9.7,ESFP,Truyền thông & Báo chí,Thông tin - thư viện,4.4
STU7716,5.7,8.0,8.3,6.2,6.4,6.2,8.5,ENFP,Du lịch & Dịch vụ,Quản lý thể dục thể thao,4.7
STU0686,8.7,6.1,5.5,5.9,9.0,10.0,6.3,INFJ,Y tế & Sức khỏe,Quản lý bệnh viện,4.6
STU5580,8.9,5.2,5.7,10.0,6.6,6.4,5.9,ISTP,"Kỹ thuật, Cơ khí & Ô tô",Kỹ thuật điều khiển và tự động hóa,3.8
STU3244,6.1,7.6,10.0,5.0,5.3,5.2,8.1,INTP,Ngôn ngữ & Văn hóa,Ngôn ngữ học,3.9
STU6192,8.4,6.2,4.9,5.2,9.1,9.6,5.6,ISTJ,Nông nghiệp & Môi trường,Lâm nghiệp đô thị,4.5
STU4084,6.3,8.4,6.6,4.9,6.1,6.4,5.9,INFP,Nghệ thuật & Thiết kế,Thiết kế nội thất,4.5
STU2838,5.0,7.9,9.1,6.4,5.9,5.9,7.3,ISFP,Ngôn ngữ & Văn hóa,Tiếng Việt và văn hoá Việt Nam,3.3
STU3698,5.4,9.1,8.8,5.2,5.7,6.0,6.7,ENTP,Truyền thông & Báo chí,Truyền thông đại chúng,4.7
STU4942,4.6,9.5,8.0,6.2,5.8,6.1,9.4,INFJ,Luật & Xã hội,Luật,4.7
STU7009,9.5,5.4,5.6,9.2,7.2,5.3,4.5,ESTJ,Xây dựng & Quy hoạch,Kỹ thuật xây dựng,4.3
STU4041,6.3,7.8,5.5,7.0,6.5,5.1,7.8,INFJ,Nghệ thuật & Thiết kế,Thanh nhạc,4.1
STU2231,6.6,9.2,9.5,6.1,7.3,6.9,10.0,ISFJ,Sư phạm & Giáo dục,Giáo dục Mầm non,4.1
STU5838,10.0,5.8,5.6,9.6,8.1,6.2,5.5,ESTP,"Kỹ thuật, Cơ khí & Ô tô",Công nghệ kỹ thuật ô tô,4.7
STU2321,7.0,10.0,8.8,6.4,5.0,6.4,10.0,INFJ,Sư phạm & Giáo dục,Sư phạm Vật lý,4.8
STU4879,4.7,8.3,8.3,5.3,5.5,7.3,8.8,INTJ,Luật & Xã hội,Luật,4.8
STU0522,9.7,6.3,10.0,10.0,6.6,6.3,4.3,ENTP,Công nghệ Thông tin & Kỹ thuật Máy tính,Khoa học Máy tính,5.2
STU0523,9.2,6.4,8.1,9.9,7.0,6.9,5.4,INTP,Công nghệ Thông tin & Kỹ thuật Máy tính,Kỹ thuật phần mềm,5.0
STU6245,6.9,5.5,5.6,4.9,9.6,8.5,5.3,ISFP,Nông nghiệp & Môi trường,Nông nghiệp,4.0
STU6436,7.7,5.9,5.3,5.9,10.0,8.9,5.2,ISFP,Nông nghiệp & Môi trường,Thú y,4.1
STU7846,5.7,8.7,8.3,5.0,5.8,6.4,9.4,ESFP,Du lịch & Dịch vụ,Du lịch,5.2
STU6410,4.6,5.2,5.2,6.1,6.2,5.1,6.4,ENFJ,Nông nghiệp & Môi trường,Công nghệ thực phẩm,1.4
STU0781,10.0,6.6,5.6,6.6,8.5,8.5,7.0,INFJ,Y tế & Sức khỏe,Điều dưỡng,4.5
STU6256,8.4,5.7,6.8,5.9,9.3,9.0,4.4,INFP,Nông nghiệp & Môi trường,Lâm nghiệp đô thị,4.2
STU6139,7.6,5.1,6.3,5.5,9.3,8.3,4.4,ISFJ,Nông nghiệp & Môi trường,Nông nghiệp,5.3
STU0652,9.4,7.2,8.4,9.9,7.0,5.5,6.7,INTJ,Công nghệ Thông tin & Kỹ thuật Máy tính,Khoa học Máy tính,5.1
STU6782,7.1,6.0,5.5,6.7,5.9,5.6,5.0,ISFP,Xây dựng & Quy hoạch,Quản lý xây dựng,1.4
STU2197,6.7,9.6,8.1,7.6,5.6,6.8,7.9,ISFJ,Sư phạm & Giáo dục,Sư phạm Ngữ văn,5.1
STU0370,9.7,6.3,9.8,10.0,7.7,6.1,6.4,ISTJ,Công nghệ Thông tin & Kỹ thuật Máy tính,Thiết kế vi mạch,3.2
STU5247,4.3,8.9,6.8,6.0,5.3,5.0,8.6,ENTJ,Luật & Xã hội,Chính trị học,4.3
STU4215,4.4,8.0,7.2,4.8,6.2,6.3,7.3,ISFP,Nghệ thuật & Thiết kế,Thiết kế nội thất,4.6
STU0378,9.1,6.7,8.8,7.7,7.9,5.6,5.9,ISTJ,Công nghệ Thông tin & Kỹ thuật Máy tính,Công nghệ thông tin,4.2
STU7478,4.6,7.0,9.0,6.5,6.0,6.8,8.1,ESFJ,Du lịch & Dịch vụ,Quản lý thể dục thể thao,3.8
STU2217,6.7,8.2,9.5,5.3,5.9,5.0,9.2,ESFJ,Sư phạm & Giáo dục,Sư phạm Vật lý,4.5
STU6090,8.1,7.2,7.0,6.5,8.3,8.6,5.1,ISFJ,Nông nghiệp & Môi trường,Công nghệ sinh học,4.3
STU1614,8.2,6.5,10.0,5.8,5.4,5.8,6.3,ESTJ,Kinh tế & Quản lý,Kiểm toán,4.9
STU7174,9.3,6.4,5.4,7.9,8.5,7.0,6.1,ISTP,Xây dựng & Quy hoạch,Kỹ thuật cấp thoát nước,4.0
STU3633,6.9,9.0,8.4,5.8,6.2,5.5,8.7,ESFP,Truyền thông & Báo chí,Truyền thông đại chúng,4.2
STU0963,9.3,6.1,4.9,4.9,9.5,9.2,4.9,ISTJ,Y tế & Sức khỏe,Điều dưỡng,4.3
STU7194,7.9,6.1,4.9,9.9,5.9,5.3,5.8,ESTJ,Xây dựng & Quy hoạch,Kỹ thuật cấp thoát nước,5.5
STU7498,6.2,7.1,9.4,7.2,6.0,7.0,8.3,ESFP,Du lịch & Dịch vụ,Quản lý thể dục thể thao,3.9
STU6096,7.8,5.5,5.6,5.6,9.0,9.2,6.1,INFP,Nông nghiệp & Môi trường,Khoa học môi trường,4.6
STU5423,8.2,6.1,7.0,8.3,7.7,5.4,6.9,INTJ,"Kỹ thuật, Cơ khí & Ô tô",Kỹ thuật điều khiển và tự động hóa,4.0
STU0360,8.7,5.2,10.0,10.0,7.1,5.5,5.4,INTJ,Công nghệ Thông tin & Kỹ thuật Máy tính,An toàn thông tin,5.1
STU3840,6.5,9.6,8.3,5.7,6.1,5.6,8.0,ENTP,Truyền thông & Báo chí,Báo chí,5.1
STU7741,5.3,8.4,8.4,5.1,7.1,5.6,8.2,ENFP,Du lịch & Dịch vụ,Quản trị khách sạn,3.4
STU1247,8.8,6.0,5.6,5.5,9.1,9.4,4.7,ISTJ,Y tế & Sức khỏe,Kỹ thuật phục hồi chức năng,3.8
STU7819,6.6,6.1,8.8,6.3,6.2,5.2,8.2,ESTP,Du lịch & Dịch vụ,Quản trị khách sạn,5.3
STU5088,6.4,9.7,8.5,5.8,5.7,5.5,9.6,INFJ,Luật & Xã hội,Luật quốc tế,5.4
STU3695,7.2,9.6,9.8,6.1,5.2,6.9,9.3,ESFP,Truyền thông & Báo chí,Công nghệ truyền thông,5.4
STU6751,9.6,5.6,5.3,10.0,5.4,5.2,6.8,ISTJ,Xây dựng & Quy hoạch,Kỹ thuật cấp thoát nước,5.1
STU2568,6.5,9.5,9.0,6.4,6.6,5.4,9.8,ESFJ,Sư phạm & Giáo dục,Tâm lý học giáo dục,5.8
STU3424,5.4,9.3,8.6,5.8,6.2,6.4,8.3,ESFP,Truyền thông & Báo chí,Báo chí,4.6
STU2038,7.8,9.2,9.9,6.1,7.3,7.2,9.6,INFJ,Sư phạm & Giáo dục,Giáo dục Mầm non,4.7
STU0773,9.0,6.3,4.5,7.1,9.5,8.8,6.6,ISTJ,Y tế & Sức khỏe,Y học cổ truyền,3.5
STU7490,6.3,7.3,9.0,5.3,4.8,5.0,8.7,ESFP,Du lịch & Dịch vụ,Quản trị khách sạn,5.5
STU3563,6.2,9.7,8.7,6.2,7.4,5.2,7.9,ENFP,Truyền thông & Báo chí,Lưu trữ học,3.4
STU7561,7.4,8.3,10.0,6.6,7.1,5.5,8.7,ESFJ,Du lịch & Dịch vụ,Quản trị dịch vụ du lịch và lữ hành,4.2
STU7306,7.9,5.0,5.5,8.2,6.4,7.2,6.8,ISTJ,Xây dựng & Quy hoạch,Quản lý xây dựng,4.7
STU7411,7.6,7.9,8.6,7.1,6.2,6.2,8.9,ENFP,Du lịch & Dịch vụ,Quản lý thể dục thể thao,4.0
STU4532,6.3,9.3,7.4,5.6,4.5,5.0,6.2,ISFP,Nghệ thuật & Thiết kế,Thiết kế đồ họa,4.8
STU1675,9.2,9.5,9.3,6.6,6.3,6.0,6.2,ESTP,Kinh tế & Quản lý,Kế toán,4.6
STU0366,9.6,5.3,9.5,9.5,7.4,7.3,4.2,ENTP,Công nghệ Thông tin & Kỹ thuật Máy tính,Công nghệ thông tin,4.4
STU5256,7.1,9.1,7.5,7.2,5.8,5.7,9.1,ISTJ,Luật & Xã hội,Luật kinh tế,3.9
STU5639,8.0,6.3,7.2,9.2,8.5,6.7,7.4,ESTP,"Kỹ thuật, Cơ khí & Ô tô",Kỹ thuật điều khiển và tự động hóa,4.1
STU4328,5.9,8.3,4.5,6.6,6.1,6.6,5.9,INFJ,Nghệ thuật & Thiết kế,Thiết kế nội thất,4.4
STU0148,8.9,6.5,8.4,8.5,5.4,6.1,5.7,ENTP,Công nghệ Thông tin & Kỹ thuật Máy tính,Thiết kế vi mạch,4.2
STU7066,7.7,5.9,5.6,10.0,7.1,5.1,5.6,ESTJ,Xây dựng & Quy hoạch,Kỹ thuật cấp thoát nước,3.9
STU3089,4.8,9.1,10.0,6.3,5.7,6.7,8.7,INFP,Ngôn ngữ & Văn hóa,Tiếng Việt và văn hoá Việt Nam,5.5
STU6310,7.0,6.0,7.3,5.6,9.4,9.3,4.1,INFP,Nông nghiệp & Môi trường,Công nghệ thực phẩm,4.4
STU0408,9.6,5.7,8.3,9.1,8.1,5.4,5.2,ISTJ,Công nghệ Thông tin & Kỹ thuật Máy tính,Khoa học dữ liệu,4.0
STU7379,4.9,7.5,9.4,6.2,5.6,5.9,8.9,ESTP,Du lịch & Dịch vụ,Quản trị khách sạn,3.6
STU3457,6.8,10.0,9.4,6.3,5.7,7.4,7.7,ENFP,Truyền thông & Báo chí,Báo chí,4.5
STU4183,6.9,7.9,4.4,5.0,6.4,6.5,7.3,INFP,Nghệ thuật & Thiết kế,Thiết kế đồ họa,3.6
STU3577,6.3,9.9,8.7,5.6,6.6,5.7,7.8,ESFP,Truyền thông & Báo chí,Thông tin - thư viện,4.7
STU3272,7.0,5.8,4.0,6.3,6.4,6.5,5.0,ISFP,Ngôn ngữ & Văn hóa,Quốc tế học,2.7
STU4941,5.2,10.0,7.8,6.3,5.2,5.8,9.8,INFJ,Luật & Xã hội,Công tác xã hội,4.2
STU1032,10.0,7.1,5.4,5.8,8.5,8.9,7.4,INFJ,Y tế & Sức khỏe,Y đa khoa,4.5
STU6897,7.4,5.9,7.2,7.7,7.8,6.3,5.8,ESTJ,Xây dựng & Quy hoạch,Kỹ thuật xây dựng,4.4
STU0856,9.2,7.1,6.2,6.8,9.3,9.3,5.2,ISFP,Y tế & Sức khỏe,Răng - Hàm - Mặt,4.2
STU3927,6.9,8.7,8.3,6.0,6.2,6.4,8.9,ESFP,Truyền thông & Báo chí,Truyền thông đa phương tiện,3.8
STU0079,9.8,4.9,8.0,9.4,6.4,5.6,6.3,ISTJ,Công nghệ Thông tin & Kỹ thuật Máy tính,Khoa học Máy tính,3.9
STU2248,6.8,8.8,8.7,6.4,5.3,7.8,9.9,ENFJ,Sư phạm & Giáo dục,Sư phạm Tin học,3.9
STU5926,9.8,7.1,5.6,8.3,7.5,5.6,6.2,INTJ,"Kỹ thuật, Cơ khí & Ô tô",Kỹ thuật cơ điện tử,4.1
STU7300,8.5,6.2,5.9,8.1,8.0,6.3,6.7,ESTJ,Xây dựng & Quy hoạch,Kinh tế xây dựng,4.4
STU7348,5.0,6.0,9.5,6.0,5.3,7.4,7.6,ESTP,Du lịch & Dịch vụ,Quản trị nhà hàng và dịch vụ ăn uống,4.4
STU6190,7.3,6.6,5.8,5.1,9.5,8.8,5.5,ISFP,Nông nghiệp & Môi trường,Công nghệ sau thu hoạch,4.0
STU7758,6.4,8.8,8.4,5.7,5.4,5.8,8.2,ESFP,Du lịch & Dịch vụ,Du lịch,4.4
STU0789,8.7,5.3,5.3,5.3,9.3,10.0,6.8,INFJ,Y tế & Sức khỏe,Kỹ thuật phục hồi chức năng,4.5
STU2280,7.4,7.2,8.5,6.3,6.2,6.8,8.6,ISFJ,Sư phạm & Giáo dục,Sư phạm Tin học,3.8
STU4096,6.3,9.5,6.2,6.2,5.2,5.4,7.3,INFJ,Nghệ thuật & Thiết kế,Điêu khắc,3.6
STU3898,6.3,9.2,8.2,6.9,6.5,5.7,6.4,ENTP,Truyền thông & Báo chí,Công nghệ truyền thông,4.3
STU5214,7.0,9.2,7.8,5.9,7.7,5.9,8.8,INTJ,Luật & Xã hội,Quản lý nhà nước,4.8
STU6642,8.4,6.2,6.2,5.6,8.2,7.9,7.5,ISFJ,Nông nghiệp & Môi trường,Nông nghiệp,4.7
STU3632,5.8,9.1,8.9,7.2,5.6,6.1,8.4,ENFP,Truyền thông & Báo chí,Báo chí,4.0
STU7026,8.4,5.4,4.8,10.0,7.6,4.9,5.6,ISTP,Xây dựng & Quy hoạch,Địa kỹ thuật xây dựng,4.9
STU0425,9.1,6.9,9.5,9.1,8.4,5.1,6.7,ENTP,Công nghệ Thông tin & Kỹ thuật Máy tính,Kỹ thuật phần mềm,4.3
STU0393,10.0,5.6,7.2,9.7,8.5,6.8,7.3,ENTP,Công nghệ Thông tin & Kỹ thuật Máy tính,An toàn thông tin,4.6
STU5973,8.1,6.2,6.3,9.9,8.4,4.8,5.2,ESTP,"Kỹ thuật, Cơ khí & Ô tô",Kỹ thuật cơ điện tử,4.7
STU7542,5.0,6.8,8.5,5.0,6.6,5.7,8.4,ESTP,Du lịch & Dịch vụ,Quản lý thể dục thể thao,3.6
STU4201,6.7,8.2,5.7,7.6,7.3,7.4,7.7,INFJ,Nghệ thuật & Thiết kế,Hội họa,4.8
STU2673,6.7,9.1,10.0,4.9,5.7,6.9,7.5,INTP,Ngôn ngữ & Văn hóa,Văn học,3.7
STU7311,7.8,5.9,5.8,8.2,7.0,5.5,5.1,ISTJ,Xây dựng & Quy hoạch,Quản lý xây dựng,3.5
STU5408,8.0,6.3,6.5,9.3,8.6,6.1,4.8,ISTJ,"Kỹ thuật, Cơ khí & Ô tô",Kỹ thuật điện,4.8
STU3494,6.9,9.3,8.0,6.0,7.3,6.6,7.8,ENTP,Truyền thông & Báo chí,Quan hệ công chúng,3.7
STU1460,8.5,9.1,9.1,5.3,4.2,5.0,4.9,ENTJ,Kinh tế & Quản lý,Kế toán,5.1
STU5774,7.6,5.5,6.1,8.8,7.9,5.9,5.3,ISTP,"Kỹ thuật, Cơ khí & Ô tô",Kỹ thuật cơ điện tử,4.1
STU5404,8.3,5.9,4.9,8.9,7.4,6.2,6.7,ISTJ,"Kỹ thuật, Cơ khí & Ô tô",Robot và Trí tuệ nhân tạo,5.0
STU7218,8.4,7.2,6.8,8.8,6.4,5.1,5.8,ESTJ,Xây dựng & Quy hoạch,Kinh tế xây dựng,4.8
STU3836,5.2,10.0,8.8,7.2,6.7,5.8,8.1,ENFP,Truyền thông & Báo chí,Lưu trữ học,3.8
STU6987,8.0,6.1,6.6,9.4,9.1,5.9,5.5,ESTJ,Xây dựng & Quy hoạch,Công nghệ kỹ thuật công trình xây dựng,4.5
STU6193,7.6,6.3,7.1,5.9,8.1,8.9,5.0,INFP,Nông nghiệp & Môi trường,Khoa học cây trồng,4.1
STU7603,5.8,6.8,8.9,6.2,6.4,5.7,8.5,ESTP,Du lịch & Dịch vụ,Du lịch,4.7
STU4725,7.3,8.3,7.8,6.8,7.7,6.5,9.9,ISTJ,Luật & Xã hội,Công tác xã hội,3.8
STU6209,7.1,6.3,4.9,5.9,9.5,9.4,6.3,INFP,Nông nghiệp & Môi trường,Lâm nghiệp đô thị,4.2
STU2356,6.7,10.0,8.8,4.4,6.4,6.6,9.7,ENFJ,Sư phạm & Giáo dục,Tâm lý học giáo dục,4.8
STU7893,5.4,8.0,9.2,7.0,6.7,5.2,7.5,ESFP,Du lịch & Dịch vụ,Quản lý thể dục thể thao,4.4
STU2443,6.9,9.3,7.2,6.9,5.7,5.2,8.6,ESFJ,Sư phạm & Giáo dục,Giáo dục Mầm non,3.6
STU5413,8.6,5.1,5.9,9.8,8.3,4.5,5.3,INTJ,"Kỹ thuật, Cơ khí & Ô tô",Kỹ thuật điều khiển và tự động hóa,3.6
STU7333,6.3,8.8,8.8,4.8,5.6,6.6,8.1,ESFP,Du lịch & Dịch vụ,Du lịch,5.2
STU6222,8.0,5.7,7.7,5.3,9.0,9.1,5.3,ISFP,Nông nghiệp & Môi trường,Công nghệ sau thu hoạch,5.0
STU0465,10.0,4.9,9.4,8.1,7.7,6.3,7.3,ENTP,Công nghệ Thông tin & Kỹ thuật Máy tính,An toàn thông tin,4.0
STU0164,8.9,6.6,8.5,9.5,6.6,7.0,6.6,INTJ,Công nghệ Thông tin & Kỹ thuật Máy tính,Thiết kế vi mạch,4.8
STU6921,9.6,6.7,7.1,9.5,7.2,5.0,6.4,ISTJ,Xây dựng & Quy hoạch,Kinh tế xây dựng,4.2
STU7160,9.0,4.5,6.3,8.3,7.1,5.1,5.6,ISTJ,Xây dựng & Quy hoạch,Quản lý xây dựng,4.5
STU7655,5.5,7.3,9.7,6.0,5.5,6.2,9.2,ESTP,Du lịch & Dịch vụ,Du lịch,5.7
STU7922,5.8,7.5,9.0,5.9,4.9,6.5,7.9,ESFJ,Du lịch & Dịch vụ,Quản trị dịch vụ du lịch và lữ hành,4.3
STU2010,6.0,9.3,8.4,5.6,5.5,6.2,10.0,ESFJ,Sư phạm & Giáo dục,Sư phạm Tin học,4.1
STU3085,5.5,8.7,10.0,5.2,5.5,4.7,8.5,INFP,Ngôn ngữ & Văn hóa,Ngôn ngữ học,4.8
STU0901,9.7,5.9,5.4,5.8,9.3,9.5,6.4,ISFP,Y tế & Sức khỏe,Y học cổ truyền,5.2
STU6260,6.5,4.6,4.4,6.1,5.4,4.5,6.2,INTP,Nông nghiệp & Môi trường,Công nghệ thực phẩm,1.6
STU4838,5.6,10.0,7.8,4.7,5.1,5.2,8.8,INFJ,Luật & Xã hội,Quản lý nhà nước,4.2
STU2294,6.6,9.2,9.4,5.7,7.2,7.0,9.2,ENFJ,Sư phạm & Giáo dục,Sư phạm Ngữ văn,4.1
STU4482,5.8,8.0,6.2,7.0,5.2,6.9,8.1,INFJ,Nghệ thuật & Thiết kế,Thanh nhạc,3.5
STU4606,5.8,8.2,5.4,6.3,6.3,5.9,7.3,INFJ,Nghệ thuật & Thiết kế,Điêu khắc,4.4
STU3717,6.3,5.0,5.8,5.0,4.6,5.6,5.4,INTP,Truyền thông & Báo chí,Truyền thông đại chúng,1.0
STU6636,6.7,5.4,6.2,5.2,8.5,9.4,4.4,ISFP,Nông nghiệp & Môi trường,Nuôi trồng thủy sản,4.4
STU1765,8.8,9.2,7.3,7.6,6.0,6.3,5.9,ENTP,Kinh tế & Quản lý,Kế toán,4.3
STU1550,10.0,7.2,9.4,5.5,6.7,6.4,4.7,ENTP,Kinh tế & Quản lý,Kinh tế quốc tế,4.9
STU3030,5.9,8.4,9.2,5.1,5.2,4.6,9.2,ISFP,Ngôn ngữ & Văn hóa,Văn học,3.6
STU6724,8.1,6.1,5.8,9.0,5.9,6.8,5.1,ISTJ,Xây dựng & Quy hoạch,Kỹ thuật cấp thoát nước,4.4
STU2045,5.8,9.3,10.0,5.7,4.8,4.6,9.7,ISFJ,Sư phạm & Giáo dục,Sư phạm Vật lý,4.6
STU0768,9.2,5.1,6.2,6.1,8.1,9.4,5.7,ISFJ,Y tế & Sức khỏe,Y học dự phòng,5.2
STU1509,9.9,7.3,8.5,6.5,6.2,5.9,6.1,ENTP,Kinh tế & Quản lý,Kinh tế quốc tế,4.3
STU7761,7.1,7.6,8.7,6.6,5.3,5.8,8.5,ESFP,Du lịch & Dịch vụ,Quản lý thể dục thể thao,4.9
STU4518,6.4,7.5,5.6,6.5,5.9,7.5,8.4,INFJ,Nghệ thuật & Thiết kế,Thiết kế thời trang,4.9
STU4220,6.0,8.3,4.8,7.2,5.5,5.6,6.6,INFJ,Nghệ thuật & Thiết kế,Thanh nhạc,4.6
STU6645,9.3,6.6,5.9,6.8,10.0,10.0,5.9,ISTJ,Nông nghiệp & Môi trường,Nuôi trồng thủy sản,3.7
STU6630,7.2,5.7,6.2,5.5,8.4,9.5,5.2,ISFJ,Nông nghiệp & Môi trường,Nuôi trồng thủy sản,4.1
STU3293,4.9,9.6,9.8,6.0,7.4,6.2,9.3,INFP,Ngôn ngữ & Văn hóa,Ngôn ngữ Anh,3.9
STU0820,9.7,7.3,5.4,6.0,10.0,8.9,7.2,INFJ,Y tế & Sức khỏe,Dược học,3.3
STU1404,8.9,9.0,8.1,5.5,6.7,5.4,5.2,ESTP,Kinh tế & Quản lý,Quản trị kinh doanh,4.6
STU1383,8.1,7.8,10.0,6.0,5.7,6.0,7.2,ENTJ,Kinh tế & Quản lý,Thương mại điện tử,3.6
STU2149,7.2,8.0,9.5,5.9,5.6,6.0,9.9,ISFJ,Sư phạm & Giáo dục,Giáo dục Tiểu học,4.0
STU1639,8.8,8.5,8.2,4.9,4.6,6.6,6.7,ESTP,Kinh tế & Quản lý,Kinh tế quốc tế,5.2
STU7681,4.6,6.6,8.4,6.7,6.9,6.2,7.7,ENFP,Du lịch & Dịch vụ,Quản trị khách sạn,3.7
STU0400,9.9,5.4,9.6,9.5,8.1,7.7,6.6,ENTP,Công nghệ Thông tin & Kỹ thuật Máy tính,An toàn thông tin,4.4
STU0883,9.8,5.9,6.8,6.9,9.0,9.5,7.4,ISTJ,Y tế & Sức khỏe,Răng - Hàm - Mặt,3.5
STU3566,6.4,9.1,8.9,5.2,6.2,5.9,8.9,ESFP,Truyền thông & Báo chí,Quan hệ công chúng,4.9
STU7143,7.8,4.9,6.4,8.6,6.7,7.6,6.3,ISTP,Xây dựng & Quy hoạch,Kỹ thuật xây dựng,3.1
STU1180,9.4,6.7,6.2,6.7,9.5,9.8,7.7,ISFP,Y tế & Sức khỏe,Y học dự phòng,3.7
STU4245,5.5,7.6,5.9,7.2,6.2,5.8,7.3,ISFP,Nghệ thuật & Thiết kế,Thiết kế thời trang,4.4
STU5219,6.5,5.7,6.1,5.5,5.7,6.2,6.2,INTP,Luật & Xã hội,Quản lý nhà nước,2.2
STU5461,8.5,6.6,6.5,10.0,7.8,7.2,5.8,ESTP,"Kỹ thuật, Cơ khí & Ô tô",Kỹ thuật cơ khí,4.7
STU2131,5.7,9.3,10.0,4.9,6.7,5.9,10.0,ENFJ,Sư phạm & Giáo dục,Sư phạm Tiếng Anh,4.2
STU5079,5.8,8.5,7.1,4.5,6.5,6.4,8.6,ISTJ,Luật & Xã hội,Chính trị học,3.8
STU0457,10.0,6.3,9.3,10.0,7.5,6.1,5.8,INTJ,Công nghệ Thông tin & Kỹ thuật Máy tính,Mạng máy tính và truyền thông dữ liệu,4.5
STU7566,6.1,7.8,7.0,6.5,6.1,4.6,8.4,ESFP,Du lịch & Dịch vụ,Du lịch,5.2
STU1951,8.1,7.3,9.2,6.2,5.3,6.4,6.0,ENTP,Kinh tế & Quản lý,Kế toán,3.9
STU0690,9.3,6.4,6.5,5.3,9.1,10.0,4.9,ISFP,Y tế & Sức khỏe,Y học dự phòng,4.2
STU6320,6.8,7.0,6.1,5.7,8.7,9.5,5.3,ISFP,Nông nghiệp & Môi trường,Khoa học cây trồng,3.4
STU7714,4.9,8.1,8.4,6.0,7.1,6.6,8.8,ENFP,Du lịch & Dịch vụ,Quản lý thể dục thể thao,4.4
STU1954,8.4,7.2,9.9,4.5,7.5,5.9,5.7,ESTJ,Kinh tế & Quản lý,Kiểm toán,3.9
STU2711,4.6,9.7,10.0,5.2,6.0,5.7,8.1,INFP,Ngôn ngữ & Văn hóa,Ngôn ngữ Hàn Quốc,3.5
STU5906,8.6,5.8,5.3,9.4,7.5,6.2,6.8,INTJ,"Kỹ thuật, Cơ khí & Ô tô",Công nghệ kỹ thuật ô tô,5.0
STU5940,6.6,5.1,5.9,4.3,6.9,6.0,5.8,ESFP,"Kỹ thuật, Cơ khí & Ô tô",Kỹ thuật điện,2.1
STU4350,5.3,8.7,5.8,6.8,4.9,6.8,7.2,INFP,Nghệ thuật & Thiết kế,Hội họa,3.9
STU6941,9.2,5.8,5.1,9.1,7.0,6.2,6.0,ISTJ,Xây dựng & Quy hoạch,Địa kỹ thuật xây dựng,4.3
STU1885,8.8,8.0,8.9,5.3,4.9,8.0,6.0,ESTJ,Kinh tế & Quản lý,Kiểm toán,4.8
STU6024,7.6,6.7,6.2,6.2,9.5,10.0,6.1,ISTJ,Nông nghiệp & Môi trường,Khoa học cây trồng,4.0
STU7068,9.5,6.6,5.6,7.7,6.8,6.3,5.2,ISTJ,Xây dựng & Quy hoạch,Quản lý xây dựng,5.0
STU2495,6.4,9.0,9.5,4.5,7.3,6.3,9.7,ESFJ,Sư phạm & Giáo dục,Tâm lý học giáo dục,4.0
STU3037,4.4,7.9,9.3,5.8,6.8,7.6,7.4,INFP,Ngôn ngữ & Văn hóa,Ngôn ngữ Nhật,4.2
STU3604,6.7,4.8,4.9,4.5,4.7,4.6,6.6,ESTJ,Truyền thông & Báo chí,Báo chí,1.7
STU0846,8.8,6.2,5.9,4.9,8.4,8.1,6.2,ISFP,Y tế & Sức khỏe,Quản lý bệnh viện,5.7
STU0543,8.9,7.8,9.3,8.2,6.6,5.0,4.9,INTJ,Công nghệ Thông tin & Kỹ thuật Máy tính,Kỹ thuật phần mềm,4.3
STU3725,5.8,9.7,7.6,5.3,4.8,6.7,7.0,ENTP,Truyền thông & Báo chí,Công nghệ truyền thông,2.9
STU4188,5.1,7.8,5.8,6.2,7.5,6.0,7.3,ISFP,Nghệ thuật & Thiết kế,Điêu khắc,2.9
STU3680,5.3,10.0,9.2,5.4,6.5,7.4,8.0,ENFP,Truyền thông & Báo chí,Lưu trữ học,3.8
STU6385,7.4,7.5,6.3,4.4,9.3,10.0,5.9,ISTJ,Nông nghiệp & Môi trường,Nuôi trồng thủy sản,4.2
STU6541,7.7,6.3,6.0,5.9,8.0,10.0,6.7,ISFJ,Nông nghiệp & Môi trường,Công nghệ sau thu hoạch,5.2
STU5496,8.5,6.3,5.6,9.0,7.7,6.5,7.3,INTJ,"Kỹ thuật, Cơ khí & Ô tô",Robot và Trí tuệ nhân tạo,3.9
STU2965,5.2,8.0,8.5,6.1,5.6,6.3,7.6,ISFP,Ngôn ngữ & Văn hóa,Ngôn ngữ Hàn Quốc,3.7
STU2530,6.9,9.2,9.7,6.2,6.8,5.4,9.4,INFJ,Sư phạm & Giáo dục,Sư phạm Toán học,3.1
STU1049,8.3,5.5,6.1,6.7,9.7,9.7,5.5,ISFP,Y tế & Sức khỏe,Y đa khoa,4.1
STU1961,8.9,9.2,8.9,7.4,5.1,4.9,7.7,ESTP,Kinh tế & Quản lý,Thương mại điện tử,4.6
STU2531,7.2,7.9,9.9,6.4,5.8,6.7,9.8,ISFJ,Sư phạm & Giáo dục,Sư phạm Tin học,5.9
STU5890,8.6,4.7,5.4,9.1,8.7,6.6,6.6,ISTJ,"Kỹ thuật, Cơ khí & Ô tô",Kỹ thuật điện,4.5
STU0238,10.0,5.1,9.5,9.6,8.2,7.7,4.7,INTJ,Công nghệ Thông tin & Kỹ thuật Máy tính,Khoa học dữ liệu,4.2
STU4918,5.2,9.7,7.1,5.8,6.1,6.6,10.0,INFJ,Luật & Xã hội,Công tác xã hội,3.0
STU1134,10.0,6.5,6.7,4.7,10.0,9.0,6.0,INFJ,Y tế & Sức khỏe,Điều dưỡng,5.4
STU6614,6.4,5.6,5.9,5.4,8.1,10.0,6.3,INFP,Nông nghiệp & Môi trường,Khoa học cây trồng,4.0
STU4260,7.2,8.7,6.1,7.1,5.4,7.2,8.1,INFJ,Nghệ thuật & Thiết kế,Điêu khắc,4.7
STU5913,8.8,5.4,6.3,9.0,7.2,5.4,6.5,ISTJ,"Kỹ thuật, Cơ khí & Ô tô",Kỹ thuật điện,4.3
STU6012,8.5,6.6,5.8,5.5,9.0,8.3,5.7,ISFJ,Nông nghiệp & Môi trường,Lâm nghiệp đô thị,5.4
STU6838,8.6,6.2,4.0,8.9,6.4,5.8,5.0,ISTP,Xây dựng & Quy hoạch,Kinh tế xây dựng,5.0
STU2979,4.6,5.3,4.7,4.3,4.6,5.6,4.7,ENTP,Ngôn ngữ & Văn hóa,Đông phương học,2.7
STU7867,5.4,7.6,9.5,6.5,7.3,6.8,7.5,ESFJ,Du lịch & Dịch vụ,Quản lý thể dục thể thao,4.6
STU6150,7.8,5.6,5.8,5.9,8.7,9.9,5.0,INFP,Nông nghiệp & Môi trường,Công nghệ sinh học,3.5
STU7090,8.6,6.2,5.2,8.6,8.2,6.0,4.2,ISTP,Xây dựng & Quy hoạch,Kỹ thuật cấp thoát nước,4.6
STU5964,8.8,5.2,5.7,8.5,8.2,5.6,4.7,ESTP,"Kỹ thuật, Cơ khí & Ô tô",Công nghệ kỹ thuật ô tô,4.6
STU3920,5.8,9.2,8.8,6.3,6.9,4.7,9.5,ENTP,Truyền thông & Báo chí,Truyền thông đại chúng,4.2
STU3139,4.9,8.6,10.0,6.0,5.8,5.8,6.7,ISFP,Ngôn ngữ & Văn hóa,Ngôn ngữ Anh,4.4
STU7134,9.6,5.8,6.1,9.6,7.8,5.0,5.6,ISTJ,Xây dựng & Quy hoạch,Quản lý xây dựng,3.3
STU4074,6.6,7.1,5.4,7.8,6.3,6.3,6.3,INFJ,Nghệ thuật & Thiết kế,Thiết kế đồ họa,4.7
STU6871,9.0,5.4,8.1,9.7,7.7,7.2,7.4,ESTJ,Xây dựng & Quy hoạch,Quản lý xây dựng,4.5
STU3230,5.8,5.4,5.6,6.3,4.7,5.8,5.9,ENTP,Ngôn ngữ & Văn hóa,Đông phương học,1.4
STU1827,8.6,9.0,7.6,4.4,6.3,6.1,6.3,ENTP,Kinh tế & Quản lý,Tài chính - Ngân hàng,5.3
STU0594,9.0,5.7,10.0,7.9,6.1,6.2,5.8,INTJ,Công nghệ Thông tin & Kỹ thuật Máy tính,Khoa học Máy tính,4.3
STU2726,5.6,7.8,10.0,5.3,5.5,7.0,9.3,INFP,Ngôn ngữ & Văn hóa,Ngôn ngữ Anh,3.7
STU4138,7.2,8.8,6.1,6.6,6.6,5.4,8.7,INFP,Nghệ thuật & Thiết kế,Thiết kế nội thất,4.0
STU0561,10.0,6.6,8.4,8.3,5.7,7.3,7.7,ISTP,Công nghệ Thông tin & Kỹ thuật Máy tính,Công nghệ thông tin,4.2
STU6267,7.6,6.0,6.3,5.4,9.1,8.5,5.4,ISFJ,Nông nghiệp & Môi trường,Công nghệ sinh học,4.2
STU5634,9.1,5.8,6.3,9.7,7.9,5.0,5.8,INTJ,"Kỹ thuật, Cơ khí & Ô tô",Kỹ thuật cơ điện tử,4.3
STU0244,9.9,6.4,8.5,8.5,6.0,4.8,4.4,INTP,Công nghệ Thông tin & Kỹ thuật Máy tính,Khoa học Máy tính,3.9
STU4438,6.8,9.4,4.3,4.7,6.2,5.2,7.3,ISFP,Nghệ thuật & Thiết kế,Thiết kế nội thất,3.6
STU5548,8.2,4.6,5.7,9.5,7.0,5.0,4.8,ISTP,"Kỹ thuật, Cơ khí & Ô tô",Kỹ thuật cơ điện tử,5.4
STU0406,9.2,6.7,9.4,9.4,7.7,7.5,7.2,ENTP,Công nghệ Thông tin & Kỹ thuật Máy tính,Mạng máy tính và truyền thông dữ liệu,3.8
STU1443,9.9,8.5,8.3,7.0,6.8,5.4,6.0,ENTJ,Kinh tế & Quản lý,Kế toán,4.0
STU0262,9.2,6.3,8.8,9.3,7.0,5.1,6.3,ENTP,Công nghệ Thông tin & Kỹ thuật Máy tính,Công nghệ thông tin,5.0
STU5364,9.0,5.4,6.5,10.0,8.1,4.4,5.7,ISTP,"Kỹ thuật, Cơ khí & Ô tô",Robot và Trí tuệ nhân tạo,4.1
STU7291,8.0,6.7,4.8,8.5,6.4,8.0,3.7,ESTJ,Xây dựng & Quy hoạch,Kỹ thuật cấp thoát nước,4.0
STU1690,9.3,8.0,8.1,6.8,4.6,5.0,6.0,ENTP,Kinh tế & Quản lý,Tài chính - Ngân hàng,3.0
STU1726,9.1,8.2,8.5,6.3,5.6,6.4,5.3,ENTJ,Kinh tế & Quản lý,Hệ thống thông tin quản lý,4.2
STU6523,6.7,6.6,6.3,5.3,8.8,9.9,5.6,INFP,Nông nghiệp & Môi trường,Lâm nghiệp đô thị,4.4
STU4931,5.6,10.0,7.4,6.2,5.7,5.5,9.0,INTJ,Luật & Xã hội,Tâm lý học,3.3
STU2497,7.1,8.1,9.1,6.4,5.5,6.5,9.0,ISFJ,Sư phạm & Giáo dục,Sư phạm Tiếng Anh,3.8
STU5378,9.5,7.1,6.1,8.9,7.3,7.2,6.5,ESTP,"Kỹ thuật, Cơ khí & Ô tô",Kỹ thuật điều khiển và tự động hóa,3.9
STU0341,7.2,5.6,9.1,9.9,7.8,5.5,4.4,ISTJ,Công nghệ Thông tin & Kỹ thuật Máy tính,Công nghệ thông tin,4.0
STU5584,4.5,5.3,6.6,5.3,4.9,6.7,5.0,ESFP,"Kỹ thuật, Cơ khí & Ô tô",Kỹ thuật điện tử - viễn thông,1.4
STU1602,8.2,9.3,8.3,7.5,5.6,6.4,5.6,ENTP,Kinh tế & Quản lý,Quản trị kinh doanh,4.0
STU4577,5.8,8.4,6.8,5.6,4.9,7.5,6.1,ISFP,Nghệ thuật & Thiết kế,Điêu khắc,3.8
STU3726,7.0,9.1,8.7,6.5,6.7,5.8,7.5,ESFP,Truyền thông & Báo chí,Thông tin - thư viện,6.2
STU7910,5.5,7.3,8.5,6.5,5.4,6.0,8.4,ESFJ,Du lịch & Dịch vụ,Quản trị dịch vụ du lịch và lữ hành,4.1
STU2786,5.4,8.2,10.0,6.6,6.1,5.5,7.2,INFP,Ngôn ngữ & Văn hóa,Ngôn ngữ học,4.5
STU1524,8.7,7.7,7.5,6.3,6.0,6.6,5.4,ESTP,Kinh tế & Quản lý,Thương mại điện tử,5.1
STU6605,8.1,6.0,6.2,5.8,9.5,9.8,6.8,ISFP,Nông nghiệp & Môi trường,Nuôi trồng thủy sản,3.8
STU7671,5.5,8.2,8.2,5.4,6.7,6.9,7.4,ENFP,Du lịch & Dịch vụ,Du lịch,4.2
STU7403,5.6,7.1,7.8,6.7,6.3,6.0,8.4,ESFJ,Du lịch & Dịch vụ,Quản lý thể dục thể thao,4.3
STU6822,7.6,7.0,5.2,8.7,6.8,5.4,6.2,ISTP,Xây dựng & Quy hoạch,Kỹ thuật xây dựng,5.0
STU6465,8.0,6.9,7.2,5.4,9.3,9.5,5.1,ISFP,Nông nghiệp & Môi trường,Khoa học môi trường,4.2
STU1767,9.3,7.2,8.7,5.5,7.6,7.3,5.4,ENTJ,Kinh tế & Quản lý,Quản trị kinh doanh,4.6
STU7882,5.4,8.3,8.4,6.1,7.0,5.5,8.4,ESFJ,Du lịch & Dịch vụ,Quản trị nhà hàng và dịch vụ ăn uống,4.5
STU4038,7.2,7.8,6.6,6.8,5.3,5.9,6.2,ISFP,Nghệ thuật & Thiết kế,Thanh nhạc,5.2
STU5472,8.1,8.7,6.8,9.8,8.2,5.8,5.6,ISTJ,"Kỹ thuật, Cơ khí & Ô tô",Kỹ thuật điện,5.0
STU6518,8.0,5.7,6.6,5.0,8.6,9.3,5.1,ISFJ,Nông nghiệp & Môi trường,Khoa học môi trường,5.2
STU6482,6.7,6.0,6.3,5.8,8.6,9.3,7.3,ISFP,Nông nghiệp & Môi trường,Nông nghiệp,4.4
STU7473,4.9,7.9,9.9,6.5,5.8,6.4,8.6,ENFP,Du lịch & Dịch vụ,Quản trị nhà hàng và dịch vụ ăn uống,3.7
STU0364,8.1,5.6,9.0,9.9,6.7,4.9,6.6,INTP,Công nghệ Thông tin & Kỹ thuật Máy tính,Mạng máy tính và truyền thông dữ liệu,3.7
STU7902,6.1,8.3,8.7,4.7,6.7,5.1,8.4,ESFJ,Du lịch & Dịch vụ,Quản trị nhà hàng và dịch vụ ăn uống,3.8
STU7190,8.4,6.4,4.8,9.3,7.6,4.1,5.6,ISTP,Xây dựng & Quy hoạch,Kỹ thuật cấp thoát nước,3.8
STU4726,6.7,9.1,7.1,5.6,7.5,5.9,8.7,INTJ,Luật & Xã hội,Tâm lý học,4.6
STU4444,7.2,8.2,5.4,6.9,5.5,5.3,6.7,INFJ,Nghệ thuật & Thiết kế,Kiến trúc,4.9
STU7791,5.7,7.5,9.1,6.0,6.2,5.1,7.4,ESFJ,Du lịch & Dịch vụ,Quản lý thể dục thể thao,4.6
STU7380,5.2,8.5,8.3,5.1,5.9,6.5,8.0,ENFP,Du lịch & Dịch vụ,Quản lý thể dục thể thao,3.7
STU2563,7.5,8.2,9.9,4.7,5.8,5.4,10.0,INFJ,Sư phạm & Giáo dục,Giáo dục Tiểu học,5.3
STU7488,6.3,7.9,8.3,5.9,5.6,5.8,7.6,ESFJ,Du lịch & Dịch vụ,Quản trị dịch vụ du lịch và lữ hành,4.0
STU7327,6.1,6.2,8.7,6.0,5.6,6.1,6.9,ENFP,Du lịch & Dịch vụ,Quản trị dịch vụ du lịch và lữ hành,4.4
STU7417,4.5,7.4,8.6,6.2,6.4,5.3,6.9,ESFP,Du lịch & Dịch vụ,Quản lý thể dục thể thao,4.5
STU3084,5.3,5.1,5.2,5.7,4.1,6.5,4.7,ISTJ,Ngôn ngữ & Văn hóa,Ngôn ngữ Hàn Quốc,3.3
STU7363,6.5,8.3,8.6,5.1,5.8,5.1,7.6,ENFP,Du lịch & Dịch vụ,Quản trị dịch vụ du lịch và lữ hành,3.3
STU2103,7.0,10.0,9.9,5.6,6.6,6.4,10.0,ISFJ,Sư phạm & Giáo dục,Tâm lý học giáo dục,4.3
STU0633,5.7,2.8,4.3,4.1,6.3,6.5,5.0,ISFP,Công nghệ Thông tin & Kỹ thuật Máy tính,Khoa học dữ liệu,3.2
STU2494,6.7,9.3,9.3,5.5,6.2,5.4,8.7,INFJ,Sư phạm & Giáo dục,Sư phạm Vật lý,4.0
STU2666,5.2,8.1,9.7,4.5,6.0,6.7,8.9,INTP,Ngôn ngữ & Văn hóa,Quốc tế học,4.9
STU5880,8.6,6.4,5.6,8.5,7.4,5.0,7.6,ISTJ,"Kỹ thuật, Cơ khí & Ô tô",Kỹ thuật cơ điện tử,5.2
STU4407,4.5,3.6,4.6,5.7,5.1,7.1,6.2,ISFP,Nghệ thuật & Thiết kế,Điêu khắc,3.7
STU7335,5.2,7.1,8.4,5.8,6.9,5.3,8.4,ENFP,Du lịch & Dịch vụ,Quản lý thể dục thể thao,4.1
STU5681,7.6,6.2,4.5,9.6,7.3,5.0,7.0,ESTP,"Kỹ thuật, Cơ khí & Ô tô",Kỹ thuật điện,5.2
STU2335,6.7,8.6,9.3,5.0,5.0,5.7,8.9,INFJ,Sư phạm & Giáo dục,Sư phạm Tin học,3.3
STU6135,8.2,6.9,6.1,6.9,8.2,8.8,6.7,INFP,Nông nghiệp & Môi trường,Công nghệ sinh học,3.5
STU3620,6.9,10.0,9.5,7.6,5.1,6.4,8.5,ENFP,Truyền thông & Báo chí,Thông tin - thư viện,5.1
STU3884,7.2,8.2,8.9,5.8,6.7,6.1,7.7,ESFP,Truyền thông & Báo chí,Thông tin - thư viện,3.5
STU5434,8.1,5.2,7.1,9.5,7.5,5.7,4.7,ESTP,"Kỹ thuật, Cơ khí & Ô tô",Kỹ thuật cơ khí,3.1
STU4212,5.0,7.5,6.3,6.2,5.6,4.7,7.1,INFJ,Nghệ thuật & Thiết kế,Thiết kế đồ họa,4.3
STU1495,9.6,7.4,8.6,5.8,6.5,5.5,5.2,ENTP,Kinh tế & Quản lý,Kinh doanh quốc tế,4.2
STU2402,6.5,8.7,8.2,5.3,6.6,6.3,9.6,ESFJ,Sư phạm & Giáo dục,Sư phạm Ngữ văn,5.9
STU3875,5.3,8.6,8.3,7.1,4.9,6.7,7.7,ENTP,Truyền thông & Báo chí,Công nghệ truyền thông,3.4
STU1233,8.8,5.9,6.5,5.7,9.3,9.7,5.4,ISTJ,Y tế & Sức khỏe,Quản lý bệnh viện,3.8
STU2662,6.3,9.3,9.0,4.3,8.2,5.4,9.3,ESFJ,Sư phạm & Giáo dục,Sư phạm Vật lý,4.4
STU2818,6.1,7.6,9.2,6.3,5.8,5.6,7.9,INFP,Ngôn ngữ & Văn hóa,Ngôn ngữ học,4.2
STU5466,9.3,6.6,4.6,10.0,7.0,6.8,4.8,ISTP,"Kỹ thuật, Cơ khí & Ô tô",Kỹ thuật điện tử - viễn thông,3.4
STU7303,8.3,6.2,6.4,8.0,8.0,5.5,7.1,ESTJ,Xây dựng & Quy hoạch,Kỹ thuật cấp thoát nước,5.0
STU7705,5.0,8.3,7.7,7.0,6.1,6.0,8.2,ESFJ,Du lịch & Dịch vụ,Quản trị nhà hàng và dịch vụ ăn uống,3.4
STU6351,8.3,5.6,6.7,5.6,8.1,9.2,5.8,ISFJ,Nông nghiệp & Môi trường,Nuôi trồng thủy sản,4.4
STU4154,7.6,8.1,6.4,4.7,6.2,5.9,7.6,INFJ,Nghệ thuật & Thiết kế,Thiết kế đồ họa,5.9
STU5963,9.1,5.2,5.7,8.9,6.7,4.8,7.4,ISTP,"Kỹ thuật, Cơ khí & Ô tô",Kỹ thuật điều khiển và tự động hóa,3.3
STU3062,7.2,7.9,10.0,6.9,5.4,5.2,9.1,INFP,Ngôn ngữ & Văn hóa,Văn học,4.4
STU6836,8.5,5.9,7.2,9.5,6.8,6.0,7.5,ISTP,Xây dựng & Quy hoạch,Kỹ thuật xây dựng,4.3
STU7903,5.6,5.1,4.3,6.8,6.9,4.5,4.4,ISFP,Du lịch & Dịch vụ,Quản lý thể dục thể thao,1.6
STU1736,8.5,7.4,7.6,6.9,5.5,5.2,5.4,ENTJ,Kinh tế & Quản lý,Kinh doanh quốc tế,4.7
STU2824,4.9,8.4,9.6,6.2,6.4,5.1,8.4,INTP,Ngôn ngữ & Văn hóa,Ngôn ngữ Hàn Quốc,4.0
STU6102,7.1,5.4,5.4,5.6,8.8,9.1,5.8,ISFJ,Nông nghiệp & Môi trường,Khoa học môi trường,3.1
STU5492,8.7,5.6,5.8,8.4,8.1,5.0,7.3,ESTP,"Kỹ thuật, Cơ khí & Ô tô",Kỹ thuật điện tử - viễn thông,4.2
STU2476,6.8,9.8,8.9,6.8,6.7,6.5,9.5,ISFJ,Sư phạm & Giáo dục,Giáo dục Mầm non,4.2
STU2565,7.3,9.7,9.8,6.1,5.1,5.5,9.5,ESFJ,Sư phạm & Giáo dục,Tâm lý học giáo dục,3.8
STU7963,6.0,7.7,9.2,5.6,5.5,6.9,7.4,ESFP,Du lịch & Dịch vụ,Quản lý thể dục thể thao,4.4
STU6734,8.3,5.3,5.3,7.4,7.1,5.2,5.6,ISTJ,Xây dựng & Quy hoạch,Quản lý xây dựng,4.0
STU6189,8.2,7.4,5.5,5.2,9.0,8.8,6.1,ISFP,Nông nghiệp & Môi trường,Khoa học môi trường,4.0
STU0708,9.6,5.6,6.5,7.4,7.9,9.2,6.7,ISTJ,Y tế & Sức khỏe,Y đa khoa,3.2
STU3047,5.6,9.1,9.9,5.6,4.8,7.3,7.4,ISFP,Ngôn ngữ & Văn hóa,Ngôn ngữ Anh,3.8
STU6824,8.0,6.5,5.2,7.9,7.4,4.1,5.6,ISTJ,Xây dựng & Quy hoạch,Kinh tế xây dựng,3.7
STU5190,4.9,8.2,8.0,7.2,5.1,4.6,9.0,INFJ,Luật & Xã hội,Quản lý nhà nước,4.6
STU6108,8.4,6.7,6.4,5.6,9.9,8.8,7.9,ISTJ,Nông nghiệp & Môi trường,Lâm nghiệp đô thị,5.2
STU0073,9.6,5.6,8.0,10.0,6.0,6.4,6.4,INTJ,Công nghệ Thông tin & Kỹ thuật Máy tính,Khoa học dữ liệu,4.6
STU4449,6.5,8.4,6.5,6.3,5.2,4.5,8.4,INFP,Nghệ thuật & Thiết kế,Đạo diễn Điện ảnh - Truyền hình,4.3
STU4840,5.4,9.4,7.6,5.7,5.0,6.9,8.7,INFJ,Luật & Xã hội,Quản lý nhà nước,4.8
STU7476,7.4,6.8,8.4,6.8,6.9,5.6,7.7,ENFP,Du lịch & Dịch vụ,Quản lý thể dục thể thao,4.0
STU5102,4.7,10.0,7.4,6.8,7.1,6.4,9.0,INFJ,Luật & Xã hội,Tâm lý học,4.6
STU1191,10.0,6.6,6.2,3.6,10.0,9.9,6.5,INFJ,Y tế & Sức khỏe,Y học cổ truyền,5.2
STU2602,6.8,9.4,8.2,5.5,5.5,5.8,9.9,ENFJ,Sư phạm & Giáo dục,Giáo dục Mầm non,3.5
STU1126,8.7,4.9,5.0,6.8,9.7,10.0,5.7,INFJ,Y tế & Sức khỏe,Quản lý bệnh viện,4.9
STU1242,9.9,6.4,6.5,5.2,9.7,8.7,7.0,ISFJ,Y tế & Sức khỏe,Y học cổ truyền,4.6
STU7163,9.8,5.5,7.4,9.8,6.4,7.3,4.4,ISTJ,Xây dựng & Quy hoạch,Kỹ thuật xây dựng,4.5
STU6597,8.4,6.5,7.1,5.2,8.5,8.8,5.9,ISTJ,Nông nghiệp & Môi trường,Thú y,4.0
STU7467,6.8,7.6,8.2,6.3,5.6,6.0,9.1,ESTP,Du lịch & Dịch vụ,Du lịch,5.3
STU3352,6.7,9.7,8.1,7.0,6.6,7.3,7.8,ENFP,Truyền thông & Báo chí,Lưu trữ học,6.0
STU5095,5.4,8.4,7.2,5.6,5.4,4.6,9.3,INFJ,Luật & Xã hội,Chính trị học,4.9
STU4009,7.1,8.0,6.0,5.7,7.0,6.7,7.9,ISFP,Nghệ thuật & Thiết kế,Thiết kế đồ họa,4.5
STU1578,9.4,8.4,8.3,5.6,7.7,5.7,5.9,ESTP,Kinh tế & Quản lý,Kế toán,5.1
STU3907,6.6,8.7,8.5,5.6,6.6,5.8,7.1,ESFP,Truyền thông & Báo chí,Quan hệ công chúng,4.1
STU3730,6.0,9.6,8.9,6.0,5.2,6.3,9.2,ENTP,Truyền thông & Báo chí,Truyền thông đa phương tiện,3.4
STU4359,4.3,8.1,6.2,6.1,5.0,6.9,6.8,ISFP,Nghệ thuật & Thiết kế,Đạo diễn Điện ảnh - Truyền hình,4.0
STU1344,8.5,8.1,8.1,5.7,5.3,5.7,5.8,ESTJ,Kinh tế & Quản lý,Kế toán,4.1
STU7970,5.3,7.3,8.2,6.7,5.3,5.2,7.7,ESTP,Du lịch & Dịch vụ,Du lịch,4.3
STU6085,8.8,6.7,5.5,5.5,9.9,10.0,5.8,INFP,Nông nghiệp & Môi trường,Thú y,5.4
STU0441,8.0,4.6,9.5,8.9,8.6,5.0,5.0,INTJ,Công nghệ Thông tin & Kỹ thuật Máy tính,An toàn thông tin,3.5
STU1101,9.4,6.0,4.9,7.2,10.0,8.2,7.3,ISFJ,Y tế & Sức khỏe,Y học cổ truyền,5.1
STU2638,6.9,9.5,8.2,6.1,6.2,5.4,8.8,ESFJ,Sư phạm & Giáo dục,Giáo dục Tiểu học,4.0
STU5648,4.7,4.7,5.3,6.8,4.8,6.4,5.1,INTJ,"Kỹ thuật, Cơ khí & Ô tô",Kỹ thuật cơ điện tử,2.0
STU0650,9.9,5.5,9.5,8.5,7.0,6.3,7.0,INTJ,Công nghệ Thông tin & Kỹ thuật Máy tính,Kỹ thuật phần mềm,4.2
STU1547,8.5,8.8,9.2,5.6,5.9,6.1,5.0,ENTJ,Kinh tế & Quản lý,Kinh tế quốc tế,4.7
STU6087,7.7,6.0,6.2,6.8,9.8,9.2,6.6,INFP,Nông nghiệp & Môi trường,Công nghệ thực phẩm,4.1
STU6107,6.9,5.0,6.3,6.8,7.9,8.1,5.8,INFP,Nông nghiệp & Môi trường,Nuôi trồng thủy sản,4.3
STU2853,4.8,8.9,9.1,5.9,5.3,5.6,7.3,INFP,Ngôn ngữ & Văn hóa,Ngôn ngữ Hàn Quốc,4.3
STU3504,5.2,9.5,8.2,5.8,6.7,5.8,8.1,ESFP,Truyền thông & Báo chí,Truyền thông đa phương tiện,4.9
STU6657,8.0,5.3,6.2,5.8,8.1,7.8,6.7,INFP,Nông nghiệp & Môi trường,Khoa học môi trường,4.3
STU0631,5.9,6.2,6.5,4.6,6.4,6.3,4.3,ESTJ,Công nghệ Thông tin & Kỹ thuật Máy tính,Mạng máy tính và truyền thông dữ liệu,1.9
STU4769,5.8,8.6,7.4,5.7,5.4,7.1,10.0,ISTJ,Luật & Xã hội,Luật quốc tế,3.9
STU1250,8.2,6.4,5.6,6.6,9.2,9.9,5.1,ISFP,Y tế & Sức khỏe,Y học cổ truyền,4.2
STU5479,6.9,7.6,3.7,5.4,4.1,4.2,3.7,INFJ,"Kỹ thuật, Cơ khí & Ô tô",Kỹ thuật cơ điện tử,2.5
STU0483,9.7,8.1,7.7,9.2,5.3,6.6,5.0,ENTP,Công nghệ Thông tin & Kỹ thuật Máy tính,Mạng máy tính và truyền thông dữ liệu,4.5
STU1585,8.8,7.6,8.3,7.6,5.6,5.8,8.0,ESTP,Kinh tế & Quản lý,Kế toán,5.5
STU4677,6.9,10.0,6.9,6.3,5.3,6.2,9.4,INFJ,Luật & Xã hội,Luật kinh tế,4.2
STU1463,9.2,8.2,8.6,6.1,6.7,4.8,6.9,ENTP,Kinh tế & Quản lý,Kiểm toán,4.0
STU3041,5.7,8.5,8.1,6.4,6.7,6.0,8.6,INTP,Ngôn ngữ & Văn hóa,Văn học,3.0
STU5011,5.1,9.7,7.7,6.2,4.8,7.8,9.0,ISTJ,Luật & Xã hội,Xã hội học,4.4
STU6157,7.3,7.0,4.7,5.2,8.4,8.6,6.1,INFP,Nông nghiệp & Môi trường,Công nghệ sinh học,3.9
STU3274,5.1,9.2,8.4,5.9,5.5,4.8,7.8,INFP,Ngôn ngữ & Văn hóa,Văn học,4.8
STU3684,4.8,7.4,6.4,6.3,4.6,4.5,6.1,INFJ,Truyền thông & Báo chí,Quan hệ công chúng,1.7
STU4146,6.8,8.7,7.8,6.3,5.9,6.1,7.3,INFP,Nghệ thuật & Thiết kế,Thiết kế thời trang,4.9
STU5647,8.4,4.5,4.8,8.2,8.0,6.5,4.5,ISTJ,"Kỹ thuật, Cơ khí & Ô tô",Kỹ thuật cơ khí,3.5
STU4955,4.7,9.9,7.8,7.3,6.2,5.7,10.0,INTJ,Luật & Xã hội,Xã hội học,4.9
STU3226,5.7,8.6,10.0,6.7,5.1,6.1,7.7,ISFP,Ngôn ngữ & Văn hóa,Ngôn ngữ học,4.2
STU1073,8.8,5.8,6.6,7.6,9.4,9.2,6.6,ISTJ,Y tế & Sức khỏe,Dược học,3.9
STU4816,6.1,9.9,8.6,6.6,4.6,5.3,9.1,ENTJ,Luật & Xã hội,Quản lý nhà nước,4.9
STU2632,6.2,8.6,9.2,7.1,5.9,4.7,9.8,INFJ,Sư phạm & Giáo dục,Tâm lý học giáo dục,5.3
STU1661,9.0,7.7,10.0,6.2,6.9,6.8,7.0,ESTP,Kinh tế & Quản lý,Kinh tế,3.9
STU2426,7.2,8.0,8.5,7.2,5.6,6.4,9.9,ESFJ,Sư phạm & Giáo dục,Giáo dục Mầm non,3.5
STU5080,5.9,8.6,7.2,6.3,6.4,6.9,9.7,ISTJ,Luật & Xã hội,Công tác xã hội,4.1
STU6741,8.4,5.7,6.3,8.9,6.7,5.1,4.6,ISTJ,Xây dựng & Quy hoạch,Quản lý xây dựng,4.9
STU6082,7.5,6.1,5.4,6.5,9.6,8.7,4.9,ISFJ,Nông nghiệp & Môi trường,Nuôi trồng thủy sản,5.0
STU3098,6.8,8.8,8.7,6.8,6.1,6.5,9.1,INTP,Ngôn ngữ & Văn hóa,Ngôn ngữ Trung Quốc,4.3
STU3977,5.4,9.6,9.5,6.0,6.7,6.0,8.7,ENFP,Truyền thông & Báo chí,Truyền thông đa phương tiện,4.0
STU7157,8.4,5.5,6.2,9.9,6.9,5.5,5.5,ISTJ,Xây dựng & Quy hoạch,Địa kỹ thuật xây dựng,4.8
STU7583,5.4,7.4,9.6,6.1,6.5,5.3,8.9,ESFP,Du lịch & Dịch vụ,Du lịch,4.2
STU5694,8.6,4.6,6.1,10.0,8.1,7.3,6.4,ESTP,"Kỹ thuật, Cơ khí & Ô tô",Kỹ thuật điện,4.5
STU6340,7.9,4.8,4.9,6.2,9.7,7.6,5.9,ISFP,Nông nghiệp & Môi trường,Nông nghiệp,4.1
STU5292,6.4,9.3,8.1,7.0,5.4,5.6,8.6,ENTJ,Luật & Xã hội,Luật quốc tế,4.9
STU1409,7.5,8.9,9.2,6.9,6.5,6.7,5.5,ENTJ,Kinh tế & Quản lý,Kế toán,5.2
STU1846,8.1,7.9,8.8,6.9,6.5,6.4,6.4,ESTP,Kinh tế & Quản lý,Hệ thống thông tin quản lý,3.8
STU1799,10.0,8.6,7.3,4.6,5.3,5.9,6.4,ENTJ,Kinh tế & Quản lý,Tài chính - Ngân hàng,4.3
STU3958,6.2,10.0,8.5,5.9,5.4,6.8,7.5,ENTP,Truyền thông & Báo chí,Lưu trữ học,4.1
STU1476,9.9,7.2,8.4,7.7,6.0,7.3,6.5,ENTP,Kinh tế & Quản lý,Kinh tế quốc tế,4.8
STU5799,8.7,5.7,5.2,8.2,7.1,6.5,5.3,ISTJ,"Kỹ thuật, Cơ khí & Ô tô",Kỹ thuật điện,4.9
STU0036,10.0,6.1,9.9,8.7,7.3,5.8,6.9,INTJ,Công nghệ Thông tin & Kỹ thuật Máy tính,Mạng máy tính và truyền thông dữ liệu,3.7
STU6089,6.5,6.8,7.6,6.0,8.1,9.1,5.8,INFP,Nông nghiệp & Môi trường,Công nghệ thực phẩm,2.9
STU0445,9.8,5.2,7.0,9.6,7.3,5.4,6.1,INTJ,Công nghệ Thông tin & Kỹ thuật Máy tính,Khoa học dữ liệu,3.3
STU2360,6.6,8.6,9.7,6.5,6.1,5.4,9.9,INFJ,Sư phạm & Giáo dục,Giáo dục Mầm non,3.0
STU3655,4.6,8.8,8.4,3.9,6.4,6.0,6.7,ENTP,Truyền thông & Báo chí,Lưu trữ học,3.4
STU6286,6.5,6.2,5.3,5.5,9.0,9.4,5.4,ISFJ,Nông nghiệp & Môi trường,Lâm nghiệp đô thị,4.9
STU3180,6.7,9.5,9.0,6.7,5.9,6.5,9.0,ISFP,Ngôn ngữ & Văn hóa,Văn học,4.0
STU1287,9.1,6.3,5.6,6.8,9.2,9.1,4.9,INFJ,Y tế & Sức khỏe,Y đa khoa,3.7
STU5935,9.4,5.3,7.2,8.8,8.2,6.1,6.3,INTJ,"Kỹ thuật, Cơ khí & Ô tô",Kỹ thuật điều khiển và tự động hóa,4.6
STU4446,6.3,8.9,6.7,5.5,5.8,5.9,8.3,INFJ,Nghệ thuật & Thiết kế,Kiến trúc,5.8
STU3417,6.4,9.3,8.9,7.1,5.3,6.0,8.2,ENTP,Truyền thông & Báo chí,Báo chí,3.5
STU2138,7.0,9.2,9.9,6.6,6.6,6.7,8.9,ISFJ,Sư phạm & Giáo dục,Sư phạm Ngữ văn,3.5
STU2637,5.5,8.7,8.9,6.8,4.6,5.8,9.3,ISFJ,Sư phạm & Giáo dục,Sư phạm Vật lý,3.1
STU4017,5.9,8.9,4.8,6.4,6.3,5.6,7.6,INFJ,Nghệ thuật & Thiết kế,Thanh nhạc,3.7
STU7715,7.3,7.4,8.2,6.2,5.3,6.7,8.4,ENFP,Du lịch & Dịch vụ,Quản trị khách sạn,4.4
STU1682,9.8,6.8,9.8,5.1,5.6,6.5,6.2,ENTJ,Kinh tế & Quản lý,Hệ thống thông tin quản lý,4.8
STU5824,7.1,5.3,6.7,9.9,8.2,4.7,6.8,ESTP,"Kỹ thuật, Cơ khí & Ô tô",Kỹ thuật điện,4.3
STU5276,5.5,9.5,8.5,5.3,6.6,4.9,10.0,ENTJ,Luật & Xã hội,Chính trị học,5.1
STU1693,8.7,8.6,9.7,6.1,6.5,5.7,5.5,ENTJ,Kinh tế & Quản lý,Kinh tế quốc tế,4.0
STU5908,9.2,6.0,5.7,8.8,7.6,6.2,6.0,ISTP,"Kỹ thuật, Cơ khí & Ô tô",Kỹ thuật điều khiển và tự động hóa,4.3
STU6370,7.9,5.4,5.4,5.7,9.4,8.4,5.5,ISFP,Nông nghiệp & Môi trường,Nông nghiệp,4.2
STU3636,7.2,9.4,9.7,5.5,6.2,5.8,7.8,ESFP,Truyền thông & Báo chí,Quan hệ công chúng,4.7
STU0373,8.6,6.7,9.1,9.3,7.9,5.9,5.5,INTJ,Công nghệ Thông tin & Kỹ thuật Máy tính,Khoa học Máy tính,4.5
STU6693,7.5,7.6,5.6,9.2,7.6,6.1,7.1,ESTJ,Xây dựng & Quy hoạch,Kỹ thuật cấp thoát nước,4.9
STU5454,8.7,4.8,6.1,8.6,7.0,6.0,5.3,ESTP,"Kỹ thuật, Cơ khí & Ô tô",Công nghệ kỹ thuật ô tô,3.7
STU4883,5.5,9.7,7.3,4.6,5.8,6.4,8.1,INFJ,Luật & Xã hội,Tâm lý học,2.9
STU7569,5.3,8.3,7.7,6.1,4.8,6.6,7.4,ESFP,Du lịch & Dịch vụ,Quản trị khách sạn,5.1
STU0141,10.0,5.0,10.0,8.0,7.1,7.1,5.1,INTP,Công nghệ Thông tin & Kỹ thuật Máy tính,Khoa học dữ liệu,5.3
STU4885,5.8,8.2,7.9,6.4,6.5,6.0,9.7,INTJ,Luật & Xã hội,Luật,4.3
STU4420,5.0,6.6,7.1,6.1,6.3,5.5,6.0,INFJ,Nghệ thuật & Thiết kế,Đạo diễn Điện ảnh - Truyền hình,3.9
STU7723,7.2,7.7,8.4,5.5,7.1,5.5,8.7,ESTP,Du lịch & Dịch vụ,Quản trị dịch vụ du lịch và lữ hành,4.7
STU6573,7.1,4.4,5.2,5.9,10.0,9.5,5.6,ISTJ,Nông nghiệp & Môi trường,Nuôi trồng thủy sản,5.0
STU0715,8.6,6.1,6.2,6.4,9.0,9.7,6.6,ISFJ,Y tế & Sức khỏe,Kỹ thuật hình ảnh y học,5.2
STU5244,5.6,9.0,8.4,4.6,5.5,5.7,9.3,INFJ,Luật & Xã hội,Luật kinh tế,4.4
STU3189,7.1,7.7,8.9,6.4,5.1,5.8,8.2,ISFP,Ngôn ngữ & Văn hóa,Ngôn ngữ Hàn Quốc,4.5
STU7063,7.1,6.6,5.8,9.1,7.9,5.8,5.8,ISTP,Xây dựng & Quy hoạch,Kỹ thuật cấp thoát nước,4.4
STU4432,6.8,8.5,7.3,7.0,5.6,5.1,7.9,INFP,Nghệ thuật & Thiết kế,Kiến trúc,3.2
STU5609,8.8,6.8,5.8,9.1,7.1,4.3,5.5,ISTP,"Kỹ thuật, Cơ khí & Ô tô",Kỹ thuật điện,3.6
STU0407,9.6,4.2,7.3,9.7,7.6,7.0,5.9,INTJ,Công nghệ Thông tin & Kỹ thuật Máy tính,Khoa học Máy tính,4.6
STU0021,6.2,5.5,4.9,4.2,6.5,7.0,6.2,ENTP,Công nghệ Thông tin & Kỹ thuật Máy tính,Kỹ thuật phần mềm,3.4
STU1005,8.9,6.4,7.0,6.5,8.8,10.0,4.9,ISFJ,Y tế & Sức khỏe,Điều dưỡng,4.9
STU4987,7.3,10.0,7.7,6.2,5.2,7.4,10.0,ENTJ,Luật & Xã hội,Quản lý nhà nước,4.0
STU2412,5.2,9.7,9.7,5.4,6.1,6.1,9.3,ENFJ,Sư phạm & Giáo dục,Sư phạm Vật lý,4.6
STU2546,6.1,8.8,7.9,6.6,5.8,4.6,10.0,INFJ,Sư phạm & Giáo dục,Tâm lý học giáo dục,3.9
STU5999,4.4,6.7,4.2,6.8,5.8,5.5,6.0,ESTJ,Nông nghiệp & Môi trường,Thú y,2.2
STU2391,7.9,9.7,9.5,5.8,6.1,6.7,9.4,ENFJ,Sư phạm & Giáo dục,Sư phạm Tin học,3.9
STU6426,7.0,6.0,6.9,5.2,10.0,9.9,5.8,INFP,Nông nghiệp & Môi trường,Công nghệ sau thu hoạch,4.1
STU0043,8.9,5.9,7.5,9.8,8.1,6.7,5.1,ISTJ,Công nghệ Thông tin & Kỹ thuật Máy tính,Thiết kế vi mạch,4.6
STU2831,5.8,8.0,9.8,6.4,6.1,6.5,7.1,INTP,Ngôn ngữ & Văn hóa,Ngôn ngữ Nhật,2.8
STU3372,7.3,10.0,8.8,4.5,6.4,6.1,8.5,ESFP,Truyền thông & Báo chí,Truyền thông đại chúng,4.3
STU3023,5.5,8.4,8.9,4.8,5.3,6.7,8.7,INTP,Ngôn ngữ & Văn hóa,Ngôn ngữ Anh,4.9
STU3365,7.0,8.5,8.4,4.6,5.5,5.4,8.5,ENTP,Truyền thông & Báo chí,Lưu trữ học,4.6
STU4400,4.6,7.9,6.3,7.5,5.2,5.9,7.3,INFP,Nghệ thuật & Thiết kế,Thiết kế thời trang,4.1
STU5253,5.6,8.4,7.9,6.8,5.6,5.6,9.2,ISTJ,Luật & Xã hội,Luật quốc tế,3.6
STU0012,9.0,5.3,8.9,9.1,5.6,7.5,5.3,ISTP,Công nghệ Thông tin & Kỹ thuật Máy tính,Khoa học Máy tính,5.6
STU4761,7.8,5.6,6.7,5.9,5.6,6.4,4.6,ENTP,Luật & Xã hội,Luật quốc tế,2.2
STU1178,9.7,7.0,5.9,4.1,10.0,9.1,7.7,INFJ,Y tế & Sức khỏe,Kỹ thuật hình ảnh y học,5.1
STU1948,9.6,8.2,9.2,6.2,7.5,5.5,6.9,ESTP,Kinh tế & Quản lý,Hệ thống thông tin quản lý,3.8
STU2502,7.4,9.6,8.2,4.8,6.6,6.0,9.9,INFJ,Sư phạm & Giáo dục,Tâm lý học giáo dục,5.1
STU2864,6.8,10.0,9.4,5.1,7.0,5.6,8.1,INFP,Ngôn ngữ & Văn hóa,Quốc tế học,4.5
STU3866,5.4,10.0,8.8,6.2,6.9,5.9,8.4,ESFP,Truyền thông & Báo chí,Thông tin - thư viện,4.3
STU1027,9.5,5.8,4.7,5.1,9.8,9.3,5.4,INFJ,Y tế & Sức khỏe,Điều dưỡng,4.4
STU3849,6.0,8.8,9.4,7.3,6.3,7.5,8.1,ENTP,Truyền thông & Báo chí,Thông tin - thư viện,4.7
STU2990,5.5,10.0,8.5,6.4,6.0,5.2,7.2,INFP,Ngôn ngữ & Văn hóa,Tiếng Việt và văn hoá Việt Nam,4.4
STU0962,8.9,6.9,6.4,5.2,9.4,8.6,5.0,ISTJ,Y tế & Sức khỏe,Quản lý bệnh viện,3.0
STU2890,5.4,9.6,9.1,4.8,5.3,5.7,8.9,ISFP,Ngôn ngữ & Văn hóa,Ngôn ngữ Trung Quốc,4.4
STU3016,7.6,10.0,9.6,4.9,6.3,6.1,8.5,INTP,Ngôn ngữ & Văn hóa,Ngôn ngữ Anh,4.9
STU3339,5.9,9.0,8.5,7.0,5.8,6.1,7.6,ESFP,Truyền thông & Báo chí,Công nghệ truyền thông,4.9
STU5661,7.2,5.5,4.8,8.1,7.6,6.1,5.9,ISTP,"Kỹ thuật, Cơ khí & Ô tô",Kỹ thuật điều khiển và tự động hóa,4.4
STU0736,9.2,4.3,5.2,6.1,9.3,8.3,7.0,ISFJ,Y tế & Sức khỏe,Răng - Hàm - Mặt,4.4
STU4401,6.0,9.7,4.6,6.2,4.8,6.5,9.0,ISFP,Nghệ thuật & Thiết kế,Thiết kế nội thất,4.5
STU1441,9.5,8.3,10.0,5.7,6.0,6.3,4.7,ESTJ,Kinh tế & Quản lý,Kinh doanh quốc tế,4.3
STU2876,5.7,7.8,8.9,6.1,6.1,5.8,7.3,ISFP,Ngôn ngữ & Văn hóa,Quốc tế học,5.8
STU3987,6.1,8.9,8.6,5.7,6.8,4.6,8.3,ESFP,Truyền thông & Báo chí,Quan hệ công chúng,5.1
STU0917,10.0,6.3,4.7,5.1,10.0,8.3,6.4,ISTJ,Y tế & Sức khỏe,Kỹ thuật hình ảnh y học,4.9
STU6673,8.8,6.6,5.0,9.0,8.3,6.1,5.6,ESTJ,Xây dựng & Quy hoạch,Kỹ thuật xây dựng,3.2
STU6973,4.0,5.3,4.3,4.9,6.4,3.9,5.2,ESFJ,Xây dựng & Quy hoạch,Quản lý xây dựng,1.2
STU4090,6.3,8.0,5.6,6.4,6.2,5.9,6.6,INFJ,Nghệ thuật & Thiết kế,Điêu khắc,4.0
STU7382,5.7,8.7,8.2,4.9,6.4,6.0,9.4,ENFP,Du lịch & Dịch vụ,Quản trị dịch vụ du lịch và lữ hành,3.8
STU6251,7.7,5.3,6.8,5.8,7.6,8.4,4.4,ISFP,Nông nghiệp & Môi trường,Công nghệ sau thu hoạch,4.5
STU2773,6.6,7.6,8.8,5.4,7.0,6.9,7.6,ISFP,Ngôn ngữ & Văn hóa,Ngôn ngữ Nhật,3.9
STU1625,8.9,8.1,9.3,5.9,5.9,5.3,5.5,ESTP,Kinh tế & Quản lý,Kinh tế quốc tế,4.7
STU6342,8.2,5.3,4.9,5.9,9.0,9.5,6.7,ISTJ,Nông nghiệp & Môi trường,Nuôi trồng thủy sản,4.7
STU0822,9.7,6.0,4.6,6.3,9.7,7.9,4.8,INFJ,Y tế & Sức khỏe,Răng - Hàm - Mặt,4.7
STU1368,8.7,7.0,8.3,4.9,5.4,5.1,5.1,ESTJ,Kinh tế & Quản lý,Kế toán,3.7
STU3713,6.1,8.5,9.2,5.8,5.8,6.7,9.5,ENFP,Truyền thông & Báo chí,Truyền thông đa phương tiện,4.9
STU7767,6.2,6.5,8.7,5.7,6.3,5.7,8.7,ENFP,Du lịch & Dịch vụ,Quản lý thể dục thể thao,4.2
STU7183,9.3,6.3,6.6,7.9,7.2,6.4,5.3,ISTP,Xây dựng & Quy hoạch,Kỹ thuật xây dựng,4.9
STU0851,9.3,6.3,7.1,5.0,9.8,8.8,5.6,ISFJ,Y tế & Sức khỏe,Y học cổ truyền,5.0
STU1001,8.2,7.0,5.8,5.7,10.0,10.0,5.6,ISTJ,Y tế & Sức khỏe,Y học cổ truyền,4.5
STU6702,6.1,6.1,4.6,7.2,6.3,5.2,4.2,ESFP,Xây dựng & Quy hoạch,Công nghệ kỹ thuật công trình xây dựng,3.3
STU4115,5.1,7.0,6.4,5.7,5.6,5.9,5.5,ISFP,Nghệ thuật & Thiết kế,Thanh nhạc,3.9
STU1638,9.2,8.2,10.0,6.5,6.2,5.6,6.2,ESTJ,Kinh tế & Quản lý,Kinh tế quốc tế,4.1
STU1668,9.5,8.5,6.8,7.1,5.1,6.5,7.3,ESTJ,Kinh tế & Quản lý,Kinh tế,4.5
STU4590,4.7,9.1,6.6,5.7,5.8,5.8,7.1,INFJ,Nghệ thuật & Thiết kế,Đạo diễn Điện ảnh - Truyền hình,4.1
STU3174,3.7,5.7,5.4,6.8,6.7,4.6,6.9,ISFJ,Ngôn ngữ & Văn hóa,Ngôn ngữ Hàn Quốc,0.5
STU6092,8.3,6.2,4.8,5.5,8.8,9.3,5.6,ISTJ,Nông nghiệp & Môi trường,Lâm nghiệp đô thị,4.5
STU1348,7.6,7.1,10.0,6.2,5.0,5.7,5.2,ENTJ,Kinh tế & Quản lý,Kinh tế quốc tế,3.8
STU6248,7.9,7.2,6.7,5.8,8.7,8.4,7.2,ISTJ,Nông nghiệp & Môi trường,Nuôi trồng thủy sản,4.8
STU3231,4.4,9.3,9.4,6.1,6.0,6.9,8.7,INTP,Ngôn ngữ & Văn hóa,Quốc tế học,4.6
STU5640,10.0,5.8,5.7,9.5,9.0,6.1,6.4,ISTP,"Kỹ thuật, Cơ khí & Ô tô",Kỹ thuật điện tử - viễn thông,4.5
STU6424,7.9,5.9,5.8,6.0,8.6,8.2,5.4,ISFJ,Nông nghiệp & Môi trường,Công nghệ sau thu hoạch,3.5
STU4784,5.7,10.0,8.2,4.7,6.2,7.5,8.3,ISTJ,Luật & Xã hội,Công tác xã hội,4.3
STU6253,7.9,6.9,6.0,6.7,8.4,9.6,4.7,ISFP,Nông nghiệp & Môi trường,Thú y,3.6
STU3233,5.8,9.0,10.0,6.9,5.9,5.6,9.4,INFP,Ngôn ngữ & Văn hóa,Ngôn ngữ Nhật,4.2
STU6543,8.1,5.9,6.7,5.8,8.4,8.2,6.4,ISTJ,Nông nghiệp & Môi trường,Lâm nghiệp đô thị,5.1
STU0704,8.7,6.2,6.4,5.1,9.3,9.4,6.1,INFJ,Y tế & Sức khỏe,Răng - Hàm - Mặt,4.7
STU5106,6.7,9.4,7.1,5.0,5.7,5.6,10.0,ISTJ,Luật & Xã hội,Chính trị học,4.9
STU6376,7.6,6.1,5.5,6.0,8.0,9.3,4.6,ISFP,Nông nghiệp & Môi trường,Khoa học cây trồng,4.3
STU3292,5.4,8.2,8.7,6.1,4.9,5.9,8.6,INTP,Ngôn ngữ & Văn hóa,Quốc tế học,4.6
STU3674,6.4,8.6,7.6,6.5,5.7,6.1,5.7,ENTP,Truyền thông & Báo chí,Công nghệ truyền thông,4.5
STU2409,7.4,10.0,7.7,5.5,7.2,6.1,9.6,INFJ,Sư phạm & Giáo dục,Tâm lý học giáo dục,3.0
STU7372,5.4,6.3,8.9,5.7,5.8,6.5,8.3,ESFJ,Du lịch & Dịch vụ,Du lịch,3.9
STU1328,9.0,5.4,6.7,7.0,9.8,9.0,5.2,ISFJ,Y tế & Sức khỏe,Y học cổ truyền,3.8
STU7438,6.0,8.1,8.4,4.6,5.7,7.0,7.3,ESFJ,Du lịch & Dịch vụ,Du lịch,4.7
STU5407,9.1,6.3,6.1,9.9,6.2,6.6,5.6,ISTP,"Kỹ thuật, Cơ khí & Ô tô",Kỹ thuật cơ điện tử,4.7
STU6558,4.3,3.6,4.5,4.9,5.3,5.2,4.6,INFP,Nông nghiệp & Môi trường,Công nghệ thực phẩm,1.7
STU4910,6.8,9.7,8.5,6.3,5.0,4.9,8.7,INTJ,Luật & Xã hội,Luật,4.0
STU4441,5.4,8.0,5.4,6.8,6.9,5.3,7.4,ISFP,Nghệ thuật & Thiết kế,Thanh nhạc,5.0
STU6682,8.8,5.6,6.4,9.7,6.1,5.7,8.0,ISTP,Xây dựng & Quy hoạch,Địa kỹ thuật xây dựng,4.1
STU0987,9.0,5.2,5.7,7.2,9.5,9.6,6.1,ISFP,Y tế & Sức khỏe,Răng - Hàm - Mặt,5.3
STU6353,8.7,7.0,4.7,5.0,7.7,9.8,6.7,ISTJ,Nông nghiệp & Môi trường,Công nghệ sau thu hoạch,3.7
STU7255,9.3,6.6,7.2,8.3,8.3,6.1,6.3,ISTJ,Xây dựng & Quy hoạch,Kỹ thuật xây dựng,5.0
STU6879,8.5,5.0,6.5,8.9,7.8,6.9,6.6,ISTJ,Xây dựng & Quy hoạch,Công nghệ kỹ thuật công trình xây dựng,3.7
STU6621,7.3,6.5,5.8,6.4,9.3,10.0,5.5,ISFJ,Nông nghiệp & Môi trường,Nông nghiệp,4.3
STU4050,5.7,8.2,6.3,6.4,6.4,6.9,6.6,INFP,Nghệ thuật & Thiết kế,Kiến trúc,5.2
STU3486,6.4,10.0,8.5,6.0,6.9,6.0,6.2,ENFP,Truyền thông & Báo chí,Lưu trữ học,3.8
STU2475,6.9,9.0,8.3,5.1,5.5,6.7,10.0,INFJ,Sư phạm & Giáo dục,Giáo dục Tiểu học,3.9
STU5239,3.7,6.3,5.2,5.8,5.1,4.9,4.4,ISTJ,Luật & Xã hội,Luật kinh tế,1.6
STU3874,5.3,8.3,7.8,5.0,7.1,7.2,8.9,ENTP,Truyền thông & Báo chí,Quan hệ công chúng,4.2
STU1199,8.7,7.0,7.0,5.6,9.4,10.0,6.1,ISTJ,Y tế & Sức khỏe,Răng - Hàm - Mặt,4.1
STU4182,5.6,8.1,5.3,5.8,5.8,5.9,6.7,INFP,Nghệ thuật & Thiết kế,Hội họa,5.2
STU1519,9.5,7.5,10.0,7.1,8.2,5.2,6.8,ESTJ,Kinh tế & Quản lý,Quản trị kinh doanh,4.0
STU6634,7.5,6.0,4.7,5.2,10.0,8.9,5.9,ISFJ,Nông nghiệp & Môi trường,Thú y,5.0
STU5478,10.0,7.0,6.7,8.0,7.9,5.3,6.1,ESTP,"Kỹ thuật, Cơ khí & Ô tô",Kỹ thuật điều khiển và tự động hóa,5.0
STU1800,8.6,7.4,9.1,6.6,5.8,6.5,5.9,ESTJ,Kinh tế & Quản lý,Thương mại điện tử,4.4
STU1015,9.0,5.7,6.2,5.2,10.0,9.0,5.8,ISFJ,Y tế & Sức khỏe,Điều dưỡng,5.1
STU0129,9.1,5.8,9.7,8.3,5.4,5.8,6.2,ISTJ,Công nghệ Thông tin & Kỹ thuật Máy tính,Khoa học Máy tính,4.3
STU1365,9.6,9.0,10.0,5.8,5.4,7.0,6.8,ESTJ,Kinh tế & Quản lý,Marketing,4.5
STU6158,7.7,4.9,5.5,5.2,8.1,8.8,4.8,ISTJ,Nông nghiệp & Môi trường,Lâm nghiệp đô thị,4.5
STU4471,6.4,8.0,6.3,5.6,6.7,7.1,8.6,INFP,Nghệ thuật & Thiết kế,Thiết kế đồ họa,4.0
STU0892,9.0,6.4,6.6,5.5,8.8,8.9,6.4,ISFP,Y tế & Sức khỏe,Quản lý bệnh viện,4.6
STU2794,6.9,8.0,9.2,5.9,6.1,5.4,7.2,INTP,Ngôn ngữ & Văn hóa,Ngôn ngữ Trung Quốc,3.8
STU6715,9.0,6.3,6.8,8.0,7.2,5.6,6.7,ISTJ,Xây dựng & Quy hoạch,Công nghệ kỹ thuật công trình xây dựng,4.7
STU5456,9.4,5.7,6.1,8.7,5.6,6.0,6.2,INTJ,"Kỹ thuật, Cơ khí & Ô tô",Kỹ thuật điện tử - viễn thông,4.3
STU4404,5.7,8.3,5.4,6.0,8.6,6.3,8.1,INFP,Nghệ thuật & Thiết kế,Điêu khắc,4.2
STU7607,6.6,7.4,9.4,5.4,5.5,6.5,8.2,ESFJ,Du lịch & Dịch vụ,Quản trị khách sạn,3.9
STU5414,8.7,6.1,6.6,9.4,8.2,5.6,6.8,ESTP,"Kỹ thuật, Cơ khí & Ô tô",Kỹ thuật điện,4.5
STU6861,8.9,5.1,7.5,8.1,7.4,5.7,5.5,ISTP,Xây dựng & Quy hoạch,Kỹ thuật xây dựng,4.6
STU3250,5.4,9.4,9.1,6.0,5.9,5.3,8.3,ISFP,Ngôn ngữ & Văn hóa,Quốc tế học,4.6
STU6788,10.0,7.0,6.7,7.3,7.1,4.5,5.5,ISTJ,Xây dựng & Quy hoạch,Quản lý xây dựng,4.7
STU1209,9.5,6.2,5.0,6.3,9.1,9.8,7.4,ISTJ,Y tế & Sức khỏe,Y học cổ truyền,4.8
STU3869,6.9,9.3,9.1,6.2,4.9,6.1,7.0,ENTP,Truyền thông & Báo chí,Truyền thông đa phương tiện,4.0
STU7206,10.0,5.3,7.0,8.4,7.2,7.0,6.7,ISTJ,Xây dựng & Quy hoạch,Kinh tế xây dựng,4.9
STU4066,7.3,7.7,5.4,5.7,6.6,5.9,7.3,INFJ,Nghệ thuật & Thiết kế,Thiết kế nội thất,4.9
STU6867,7.7,6.7,6.2,8.3,8.7,5.8,6.2,ISTJ,Xây dựng & Quy hoạch,Công nghệ kỹ thuật công trình xây dựng,3.6
STU6073,8.3,5.8,6.2,6.6,8.7,9.4,5.6,INFP,Nông nghiệp & Môi trường,Nông nghiệp,5.4
STU1240,10.0,5.6,5.2,6.3,9.8,9.4,4.8,INFJ,Y tế & Sức khỏe,Kỹ thuật hình ảnh y học,3.6
STU2290,5.7,8.9,9.0,5.5,7.6,6.9,8.9,INFJ,Sư phạm & Giáo dục,Giáo dục Mầm non,4.8
STU2741,7.9,10.0,9.7,5.8,5.9,6.4,7.6,INTP,Ngôn ngữ & Văn hóa,Đông phương học,4.0
STU0276,8.9,6.6,9.7,8.5,6.5,6.5,6.3,ISTP,Công nghệ Thông tin & Kỹ thuật Máy tính,Công nghệ thông tin,4.8
STU4586,6.9,8.5,5.8,5.5,4.9,6.7,8.6,ISFP,Nghệ thuật & Thiết kế,Hội họa,4.2
STU1036,8.4,5.5,6.9,7.2,8.2,10.0,6.6,ISTJ,Y tế & Sức khỏe,Y học cổ truyền,5.6
STU1230,5.0,5.8,4.9,5.3,6.6,5.3,6.3,INTJ,Y tế & Sức khỏe,Răng - Hàm - Mặt,2.7
STU1009,9.4,6.1,6.1,5.9,8.3,8.3,4.5,INFJ,Y tế & Sức khỏe,Y đa khoa,4.0
STU6519,7.2,5.4,7.3,5.3,8.7,10.0,5.8,INFP,Nông nghiệp & Môi trường,Nuôi trồng thủy sản,4.2
STU5179,6.3,10.0,7.9,5.3,4.9,6.1,8.6,ENTJ,Luật & Xã hội,Luật,3.8
STU3829,6.2,10.0,9.0,5.5,5.8,6.7,9.6,ENFP,Truyền thông & Báo chí,Thông tin - thư viện,4.6
STU2533,6.1,10.0,9.5,7.4,6.2,5.6,10.0,ENFJ,Sư phạm & Giáo dục,Tâm lý học giáo dục,4.4
STU4294,5.5,10.0,5.9,7.0,6.8,6.5,7.2,ISFP,Nghệ thuật & Thiết kế,Đạo diễn Điện ảnh - Truyền hình,4.5
STU1059,9.0,6.2,5.8,6.0,8.5,8.9,8.1,INFJ,Y tế & Sức khỏe,Dược học,3.8
STU5944,9.7,5.7,5.9,8.7,7.4,7.2,5.3,ESTP,"Kỹ thuật, Cơ khí & Ô tô",Robot và Trí tuệ nhân tạo,3.1
STU0282,9.6,6.5,8.6,9.9,8.3,6.3,6.7,INTP,Công nghệ Thông tin & Kỹ thuật Máy tính,An toàn thông tin,4.0
STU1044,8.9,5.2,6.0,7.1,9.2,9.7,5.0,ISFP,Y tế & Sức khỏe,Quản lý bệnh viện,4.4
STU1317,8.4,5.7,5.3,5.1,9.5,8.3,4.9,ISFP,Y tế & Sức khỏe,Kỹ thuật phục hồi chức năng,3.6
STU0969,10.0,7.9,5.9,7.2,8.9,8.3,5.5,ISTJ,Y tế & Sức khỏe,Kỹ thuật phục hồi chức năng,3.6
STU2382,6.9,8.5,9.7,5.4,6.4,5.8,9.3,ESFJ,Sư phạm & Giáo dục,Sư phạm Tin học,5.8
STU6382,8.5,5.7,7.2,5.1,8.5,10.0,6.3,ISTJ,Nông nghiệp & Môi trường,Lâm nghiệp đô thị,3.7
STU1940,8.2,8.7,8.3,8.0,7.2,5.2,5.1,ESTP,Kinh tế & Quản lý,Kiểm toán,4.8
STU5750,8.9,6.4,5.1,9.4,8.2,7.3,6.7,ISTP,"Kỹ thuật, Cơ khí & Ô tô",Kỹ thuật cơ điện tử,3.9
STU1275,9.7,6.1,6.7,7.3,8.9,9.7,7.2,ISFJ,Y tế & Sức khỏe,Y đa khoa,4.1
STU0620,9.8,7.8,8.6,7.8,7.5,5.3,6.6,ISTJ,Công nghệ Thông tin & Kỹ thuật Máy tính,Công nghệ thông tin,4.2
STU5817,7.9,6.8,4.8,8.0,6.2,6.5,5.1,ISTJ,"Kỹ thuật, Cơ khí & Ô tô",Robot và Trí tuệ nhân tạo,4.0
STU1743,10.0,8.4,9.6,7.8,6.4,6.4,6.9,ENTJ,Kinh tế & Quản lý,Kinh doanh quốc tế,5.2
STU1391,9.5,9.1,8.8,7.5,5.2,5.4,5.0,ENTP,Kinh tế & Quản lý,Marketing,5.1
STU6512,9.3,6.1,4.6,4.8,8.0,9.8,7.1,ISFP,Nông nghiệp & Môi trường,Lâm nghiệp đô thị,4.4
STU1580,9.1,7.6,8.8,6.7,4.9,5.1,7.3,ESTP,Kinh tế & Quản lý,Quản trị kinh doanh,4.3
STU1656,9.3,8.0,8.9,6.7,6.6,7.4,6.1,ENTJ,Kinh tế & Quản lý,Kiểm toán,4.1
STU3569,4.8,9.1,8.7,5.8,6.4,5.3,8.6,ENFP,Truyền thông & Báo chí,Truyền thông đại chúng,4.1
STU2353,7.0,9.5,8.6,7.7,5.4,6.1,9.6,ESFJ,Sư phạm & Giáo dục,Giáo dục Mầm non,4.9
STU2213,7.6,9.9,9.3,6.5,7.5,7.4,9.7,ESFJ,Sư phạm & Giáo dục,Sư phạm Ngữ văn,5.3
STU7942,6.6,7.4,9.9,5.9,6.1,7.2,9.5,ENFP,Du lịch & Dịch vụ,Du lịch,4.4
STU3179,6.0,9.2,9.2,6.2,7.4,6.5,7.1,ISFP,Ngôn ngữ & Văn hóa,Ngôn ngữ học,4.4
STU3193,6.6,9.7,9.1,6.3,5.7,6.0,7.6,INFP,Ngôn ngữ & Văn hóa,Đông phương học,4.0
STU1308,9.4,5.9,5.7,5.1,8.7,9.1,6.9,INFJ,Y tế & Sức khỏe,Kỹ thuật phục hồi chức năng,3.6
STU0576,10.0,6.2,8.9,10.0,5.7,6.8,6.0,INTJ,Công nghệ Thông tin & Kỹ thuật Máy tính,Công nghệ thông tin,4.6
STU2361,6.6,9.1,8.4,6.7,6.2,6.9,10.0,ENFJ,Sư phạm & Giáo dục,Sư phạm Vật lý,4.6
STU1281,9.9,5.4,5.1,7.3,8.9,10.0,6.5,ISFJ,Y tế & Sức khỏe,Dược học,3.9
STU6506,6.1,6.0,4.9,6.8,8.8,9.0,5.7,INFP,Nông nghiệp & Môi trường,Công nghệ sau thu hoạch,4.6
STU4958,4.8,9.2,6.7,5.0,5.7,7.2,10.0,ENTJ,Luật & Xã hội,Xã hội học,4.1
STU7651,5.3,7.0,7.7,8.0,5.8,6.6,8.4,ESTP,Du lịch & Dịch vụ,Quản trị nhà hàng và dịch vụ ăn uống,4.5
STU1994,8.5,8.5,9.8,5.7,6.1,6.9,5.3,ESTJ,Kinh tế & Quản lý,Kinh doanh quốc tế,4.4
STU2640,6.1,9.2,9.4,5.9,7.3,5.7,9.3,INFJ,Sư phạm & Giáo dục,Tâm lý học giáo dục,4.5
STU0270,8.7,5.6,8.6,10.0,6.8,4.7,6.2,ENTP,Công nghệ Thông tin & Kỹ thuật Máy tính,Thiết kế vi mạch,5.5
STU0630,8.6,4.7,8.8,8.8,6.0,6.5,5.5,ISTJ,Công nghệ Thông tin & Kỹ thuật Máy tính,Mạng máy tính và truyền thông dữ liệu,4.8
STU6900,9.8,5.9,6.0,8.5,6.6,6.8,5.0,ESTJ,Xây dựng & Quy hoạch,Công nghệ kỹ thuật công trình xây dựng,3.9
STU3082,6.4,8.3,10.0,6.0,5.8,5.3,9.0,INFP,Ngôn ngữ & Văn hóa,Tiếng Việt và văn hoá Việt Nam,5.1
STU3467,5.9,9.8,8.7,5.6,6.6,6.4,7.3,ESFP,Truyền thông & Báo chí,Công nghệ truyền thông,4.6
STU6985,7.9,7.5,6.1,7.9,7.2,6.3,5.4,ESTJ,Xây dựng & Quy hoạch,Công nghệ kỹ thuật công trình xây dựng,4.7
STU4397,5.4,9.6,6.2,7.0,5.7,5.3,7.8,ISFP,Nghệ thuật & Thiết kế,Hội họa,4.3
STU4024,6.7,7.3,6.3,4.7,5.2,5.3,6.8,ISFP,Nghệ thuật & Thiết kế,Thiết kế thời trang,4.4
STU7571,6.6,7.4,8.4,7.5,6.5,5.4,7.8,ESFP,Du lịch & Dịch vụ,Quản lý thể dục thể thao,4.3
STU5544,8.4,7.1,7.3,8.8,7.7,5.2,5.2,INTJ,"Kỹ thuật, Cơ khí & Ô tô",Kỹ thuật cơ điện tử,4.5
STU5569,9.6,5.5,6.0,9.4,7.2,6.0,5.4,INTJ,"Kỹ thuật, Cơ khí & Ô tô",Kỹ thuật cơ khí,5.2
STU2047,6.2,9.3,9.4,7.5,4.8,5.8,9.4,ENFJ,Sư phạm & Giáo dục,Sư phạm Vật lý,3.9
STU4357,5.4,8.7,5.8,4.8,5.1,5.8,7.5,INFP,Nghệ thuật & Thiết kế,Kiến trúc,4.5
STU6283,8.6,6.2,7.0,4.8,8.2,9.8,4.9,ISFP,Nông nghiệp & Môi trường,Công nghệ thực phẩm,5.5
STU2114,7.4,9.0,8.3,5.7,6.6,5.6,9.2,ESFJ,Sư phạm & Giáo dục,Giáo dục Mầm non,4.5
STU0028,9.7,6.0,8.7,8.3,7.7,6.4,6.4,INTP,Công nghệ Thông tin & Kỹ thuật Máy tính,Khoa học dữ liệu,4.5
STU2041,7.4,8.4,9.2,6.7,6.0,6.8,9.6,INFJ,Sư phạm & Giáo dục,Sư phạm Vật lý,4.1
STU3929,7.0,9.5,7.7,6.4,6.1,6.8,8.1,ENFP,Truyền thông & Báo chí,Công nghệ truyền thông,3.9
STU7227,8.7,4.7,5.3,8.3,8.3,6.7,6.7,ISTP,Xây dựng & Quy hoạch,Địa kỹ thuật xây dựng,5.8
STU3217,5.2,8.6,10.0,4.8,5.9,7.1,8.0,INFP,Ngôn ngữ & Văn hóa,Ngôn ngữ Nhật,4.3
STU7446,4.1,4.0,6.9,6.8,4.1,5.1,5.5,INTJ,Du lịch & Dịch vụ,Quản trị dịch vụ du lịch và lữ hành,2.4
STU3815,6.5,9.0,7.5,6.3,5.9,5.2,8.1,ENTP,Truyền thông & Báo chí,Thông tin - thư viện,3.4
STU0130,9.6,6.2,7.9,10.0,6.6,6.4,6.1,INTJ,Công nghệ Thông tin & Kỹ thuật Máy tính,Thiết kế vi mạch,4.2
STU5937,9.0,5.6,7.0,8.4,7.7,6.8,5.7,ISTP,"Kỹ thuật, Cơ khí & Ô tô",Kỹ thuật cơ điện tử,4.7
STU7842,5.0,7.6,9.3,4.9,6.4,6.6,7.3,ESTP,Du lịch & Dịch vụ,Quản trị khách sạn,4.4
STU4600,5.6,9.2,6.4,5.0,4.5,6.7,7.4,INFP,Nghệ thuật & Thiết kế,Hội họa,4.1
STU0014,10.0,7.0,7.5,9.6,6.8,6.3,5.4,INTJ,Công nghệ Thông tin & Kỹ thuật Máy tính,Kỹ thuật phần mềm,5.2
STU6862,9.1,6.1,6.2,9.9,7.9,6.1,5.3,ISTJ,Xây dựng & Quy hoạch,Quản lý xây dựng,3.5
STU4477,5.4,8.4,4.8,5.6,5.2,7.1,8.6,INFP,Nghệ thuật & Thiết kế,Điêu khắc,5.4
STU1526,7.3,8.7,9.5,4.9,6.2,5.3,5.7,ESTP,Kinh tế & Quản lý,Kinh tế quốc tế,4.7
STU2366,7.7,9.4,10.0,6.0,6.2,5.7,8.6,ESFJ,Sư phạm & Giáo dục,Sư phạm Toán học,4.3
STU4649,4.4,8.7,5.2,4.5,6.5,5.3,6.3,INFJ,Nghệ thuật & Thiết kế,Thiết kế thời trang,6.3
STU3053,5.9,9.0,9.1,5.5,5.3,4.7,8.4,ISFP,Ngôn ngữ & Văn hóa,Quốc tế học,4.5
STU4006,5.9,7.4,7.0,6.2,6.6,6.5,7.1,INFP,Nghệ thuật & Thiết kế,Điêu khắc,5.4
STU2341,5.9,9.6,7.3,6.1,5.1,6.5,9.5,ESFJ,Sư phạm & Giáo dục,Sư phạm Tin học,4.7
STU0375,8.1,5.2,8.3,9.2,7.4,7.3,6.7,INTJ,Công nghệ Thông tin & Kỹ thuật Máy tính,Mạng máy tính và truyền thông dữ liệu,4.3
STU5836,9.6,6.2,6.0,10.0,7.4,5.0,4.9,ISTP,"Kỹ thuật, Cơ khí & Ô tô",Robot và Trí tuệ nhân tạo,4.1
STU6875,9.4,6.3,6.6,9.0,6.5,7.4,6.0,ESTJ,Xây dựng & Quy hoạch,Địa kỹ thuật xây dựng,4.3
STU0940,8.2,5.5,6.6,7.3,9.2,9.2,6.1,ISFP,Y tế & Sức khỏe,Điều dưỡng,5.2
STU7646,5.7,3.2,4.9,5.6,5.5,6.0,6.6,INFJ,Du lịch & Dịch vụ,Quản trị nhà hàng và dịch vụ ăn uống,3.2
STU4574,5.9,10.0,6.9,7.3,5.8,6.4,7.9,ISFP,Nghệ thuật & Thiết kế,Thiết kế thời trang,4.4
STU2148,6.6,8.8,9.5,6.6,5.4,5.5,8.6,INFJ,Sư phạm & Giáo dục,Sư phạm Vật lý,3.7
STU3592,4.9,10.0,10.0,5.4,6.3,6.4,7.1,ENTP,Truyền thông & Báo chí,Truyền thông đại chúng,4.2
STU6323,6.7,5.1,6.4,6.4,9.4,9.5,6.5,INFP,Nông nghiệp & Môi trường,Nuôi trồng thủy sản,4.3
STU7259,8.7,6.7,5.6,8.7,6.6,5.8,5.7,ISTP,Xây dựng & Quy hoạch,Công nghệ kỹ thuật công trình xây dựng,3.8
STU6725,8.5,5.6,6.6,9.5,8.0,6.2,4.9,ESTJ,Xây dựng & Quy hoạch,Kỹ thuật cấp thoát nước,3.5
STU3624,5.7,9.2,8.8,5.8,5.2,5.5,9.1,ENTP,Truyền thông & Báo chí,Truyền thông đại chúng,3.7
STU0530,10.0,6.0,8.6,8.4,7.2,5.7,5.5,ISTP,Công nghệ Thông tin & Kỹ thuật Máy tính,Thiết kế vi mạch,4.9
STU3715,5.8,9.2,8.9,4.6,5.9,5.9,7.2,ENFP,Truyền thông & Báo chí,Truyền thông đa phương tiện,4.9
STU6252,7.4,5.4,6.0,6.0,9.2,9.5,5.2,ISFJ,Nông nghiệp & Môi trường,Khoa học môi trường,3.9
STU4733,5.7,8.5,8.6,6.7,5.6,6.1,8.5,ISTJ,Luật & Xã hội,Tâm lý học,4.4
STU1270,8.4,5.7,5.7,6.2,8.9,8.8,6.9,ISFJ,Y tế & Sức khỏe,Quản lý bệnh viện,4.9
STU4282,6.5,8.8,4.9,5.8,6.8,5.8,7.9,INFP,Nghệ thuật & Thiết kế,Hội họa,4.3
STU1395,9.5,7.7,7.6,6.3,5.4,7.6,5.8,ENTP,Kinh tế & Quản lý,Kinh tế,4.1
STU4851,6.5,10.0,7.2,6.7,6.3,5.2,9.6,ISTJ,Luật & Xã hội,Quản lý nhà nước,4.7
STU4010,6.1,8.5,7.0,7.4,5.5,6.6,9.0,INFP,Nghệ thuật & Thiết kế,Thiết kế đồ họa,4.5
STU4391,5.9,9.5,7.1,7.3,6.2,5.7,7.6,ISFP,Nghệ thuật & Thiết kế,Đạo diễn Điện ảnh - Truyền hình,4.7
STU1798,8.4,7.9,7.8,5.6,5.7,5.9,5.4,ESTP,Kinh tế & Quản lý,Thương mại điện tử,4.3
STU2980,5.9,8.3,9.4,6.6,5.7,5.9,8.0,INFP,Ngôn ngữ & Văn hóa,Quốc tế học,4.0
STU1442,9.4,9.2,8.0,6.5,6.9,5.8,5.3,ESTP,Kinh tế & Quản lý,Kiểm toán,3.7
STU7279,4.2,5.7,5.6,5.6,5.8,4.7,4.1,ENFJ,Xây dựng & Quy hoạch,Kinh tế xây dựng,3.1
STU7779,6.4,7.7,8.7,4.9,6.3,5.5,7.9,ENFP,Du lịch & Dịch vụ,Quản lý thể dục thể thao,4.9
STU3812,7.1,9.3,9.6,6.2,5.9,6.3,7.8,ENFP,Truyền thông & Báo chí,Truyền thông đại chúng,4.3
STU5632,8.3,5.8,5.6,8.1,7.7,8.1,5.9,INTJ,"Kỹ thuật, Cơ khí & Ô tô",Công nghệ kỹ thuật ô tô,4.4
STU1274,9.8,7.0,5.5,5.8,9.4,9.2,6.9,INFJ,Y tế & Sức khỏe,Y học dự phòng,5.3
STU4704,6.8,9.9,8.2,5.7,6.5,6.5,9.4,INFJ,Luật & Xã hội,Quản lý nhà nước,4.4
STU1713,9.2,7.1,8.8,4.3,5.8,6.7,5.0,ESTP,Kinh tế & Quản lý,Hệ thống thông tin quản lý,4.5
STU0956,9.0,5.5,5.6,5.5,9.2,8.7,5.3,ISTJ,Y tế & Sức khỏe,Kỹ thuật hình ảnh y học,4.3
STU5931,8.1,6.2,6.1,10.0,7.9,6.4,5.7,ISTP,"Kỹ thuật, Cơ khí & Ô tô",Robot và Trí tuệ nhân tạo,3.9
STU7698,5.5,8.2,8.3,5.1,6.8,6.8,7.7,ESFP,Du lịch & Dịch vụ,Quản trị nhà hàng và dịch vụ ăn uống,4.5
STU7834,4.8,8.9,8.9,6.5,5.2,5.1,7.9,ESFJ,Du lịch & Dịch vụ,Du lịch,5.4
STU7339,5.8,8.5,8.5,5.3,7.0,6.0,7.7,ESFP,Du lịch & Dịch vụ,Quản lý thể dục thể thao,5.5
STU0404,8.2,6.9,9.8,7.7,7.8,5.7,5.2,INTP,Công nghệ Thông tin & Kỹ thuật Máy tính,Khoa học Máy tính,3.9
STU2072,6.6,8.7,9.3,6.8,5.8,4.9,9.4,ESFJ,Sư phạm & Giáo dục,Tâm lý học giáo dục,3.5
STU7590,4.8,8.0,8.4,5.6,6.4,7.1,8.1,ESFP,Du lịch & Dịch vụ,Quản trị nhà hàng và dịch vụ ăn uống,4.2
STU1978,9.2,6.8,8.9,5.8,7.0,4.8,6.5,ESTJ,Kinh tế & Quản lý,Kinh doanh quốc tế,4.1
STU0159,8.8,7.2,9.3,10.0,8.2,6.1,6.5,ENTP,Công nghệ Thông tin & Kỹ thuật Máy tính,An toàn thông tin,5.7
STU3889,6.1,8.5,8.7,6.8,7.3,5.7,7.3,ESFP,Truyền thông & Báo chí,Thông tin - thư viện,3.9
STU5452,8.4,6.6,6.7,9.8,7.6,6.9,7.3,ISTP,"Kỹ thuật, Cơ khí & Ô tô",Kỹ thuật cơ điện tử,4.0
STU0903,9.0,6.0,5.1,6.3,7.9,8.7,6.3,INFJ,Y tế & Sức khỏe,Y học cổ truyền,5.4
STU0353,9.0,5.9,8.7,10.0,5.5,5.3,6.1,ISTJ,Công nghệ Thông tin & Kỹ thuật Máy tính,Thiết kế vi mạch,4.1
STU5327,5.5,8.1,7.2,7.2,6.3,5.3,9.6,ISTJ,Luật & Xã hội,Chính trị học,4.0
STU4541,6.9,7.3,7.2,5.6,5.8,5.8,6.7,ISFP,Nghệ thuật & Thiết kế,Hội họa,4.4
STU4131,6.1,8.3,5.1,5.3,6.0,6.9,7.0,INFJ,Nghệ thuật & Thiết kế,Hội họa,4.0
STU0755,10.0,6.3,6.4,5.9,10.0,8.8,7.6,INFJ,Y tế & Sức khỏe,Quản lý bệnh viện,4.0
STU2972,4.8,5.5,5.8,4.6,5.7,4.7,4.3,ESFJ,Ngôn ngữ & Văn hóa,Đông phương học,2.3
STU7952,5.2,7.7,8.7,5.8,5.3,6.0,8.7,ENFP,Du lịch & Dịch vụ,Quản trị dịch vụ du lịch và lữ hành,4.3
STU2921,5.6,9.4,9.4,6.0,6.8,5.3,8.8,INFP,Ngôn ngữ & Văn hóa,Đông phương học,5.0
STU0312,9.9,5.6,8.6,9.5,7.7,7.0,5.3,ISTP,Công nghệ Thông tin & Kỹ thuật Máy tính,An toàn thông tin,4.6
STU4645,4.6,8.5,6.2,5.6,5.3,5.5,8.5,ISFP,Nghệ thuật & Thiết kế,Thiết kế nội thất,4.2
STU0662,8.5,4.9,9.8,9.2,8.2,5.9,5.6,INTP,Công nghệ Thông tin & Kỹ thuật Máy tính,Mạng máy tính và truyền thông dữ liệu,3.2
STU1990,8.7,7.7,8.6,6.3,6.4,6.7,4.7,ESTP,Kinh tế & Quản lý,Marketing,3.9
STU3666,6.7,9.4,7.6,6.1,6.1,7.3,8.5,ENFP,Truyền thông & Báo chí,Truyền thông đại chúng,4.1
STU0307,9.0,5.1,9.0,9.2,7.9,5.2,6.9,INTJ,Công nghệ Thông tin & Kỹ thuật Máy tính,Thiết kế vi mạch,4.6
STU2336,6.7,9.1,8.7,4.7,3.6,6.0,9.5,ISFJ,Sư phạm & Giáo dục,Sư phạm Ngữ văn,3.5
STU4791,5.4,8.6,7.6,6.8,6.7,5.3,8.9,INFJ,Luật & Xã hội,Luật kinh tế,3.9
STU2357,7.0,9.6,8.9,5.7,6.0,6.4,9.5,INFJ,Sư phạm & Giáo dục,Sư phạm Tiếng Anh,5.2
STU3703,5.2,9.7,9.7,5.7,7.0,6.6,7.7,ENFP,Truyền thông & Báo chí,Thông tin - thư viện,5.8
STU3805,5.9,8.2,9.3,6.3,5.6,6.3,8.2,ENTP,Truyền thông & Báo chí,Truyền thông đại chúng,3.5
STU1928,8.0,7.3,7.9,5.7,4.8,5.5,5.7,ENTJ,Kinh tế & Quản lý,Kinh tế,4.3
STU7014,8.9,5.7,6.1,9.6,7.7,6.9,6.8,ISTJ,Xây dựng & Quy hoạch,Kỹ thuật cấp thoát nước,4.3
STU3428,5.8,7.8,9.1,7.0,5.3,7.2,8.3,ENTP,Truyền thông & Báo chí,Báo chí,5.8
STU0750,9.2,5.2,5.3,6.0,8.9,10.0,5.2,ISFJ,Y tế & Sức khỏe,Kỹ thuật phục hồi chức năng,3.7
STU3639,7.0,9.8,8.3,6.6,6.8,5.8,8.5,ESFP,Truyền thông & Báo chí,Công nghệ truyền thông,5.1
STU5827,9.6,6.7,7.0,9.9,7.4,4.5,6.3,INTJ,"Kỹ thuật, Cơ khí & Ô tô",Kỹ thuật điều khiển và tự động hóa,4.7
STU1267,8.7,5.1,5.9,6.8,9.8,9.6,6.8,ISTJ,Y tế & Sức khỏe,Dược học,4.3
STU5858,8.4,6.6,5.1,8.8,8.3,6.5,5.5,ISTP,"Kỹ thuật, Cơ khí & Ô tô",Kỹ thuật cơ khí,3.7
STU6079,8.3,6.1,5.0,5.6,9.5,10.0,6.7,INFP,Nông nghiệp & Môi trường,Công nghệ thực phẩm,4.5
STU7071,8.4,5.8,5.0,8.6,7.2,4.7,5.3,ISTJ,Xây dựng & Quy hoạch,Kinh tế xây dựng,4.8
STU3596,5.7,10.0,8.7,6.7,5.6,7.3,9.2,ESFP,Truyền thông & Báo chí,Lưu trữ học,4.2
STU2135,6.3,7.8,8.8,5.3,6.3,5.1,8.8,INFJ,Sư phạm & Giáo dục,Tâm lý học giáo dục,4.4
STU5067,5.7,9.4,7.7,5.2,6.9,5.2,9.1,INTJ,Luật & Xã hội,Luật kinh tế,4.0
STU4110,5.1,8.5,4.4,5.6,5.3,5.0,6.7,INFP,Nghệ thuật & Thiết kế,Thiết kế công nghiệp,3.9
STU4970,4.8,8.9,8.2,7.5,6.3,6.0,9.4,INTJ,Luật & Xã hội,Xã hội học,4.6
STU4905,5.9,9.4,8.0,6.9,5.5,5.5,8.2,ISTJ,Luật & Xã hội,Luật kinh tế,4.2
STU0515,9.3,6.3,7.5,10.0,6.7,6.9,6.3,INTJ,Công nghệ Thông tin & Kỹ thuật Máy tính,Kỹ thuật phần mềm,4.1
STU7150,8.1,6.2,4.9,9.9,7.1,5.9,5.6,ISTP,Xây dựng & Quy hoạch,Quản lý xây dựng,4.4
STU0410,7.6,7.2,8.7,9.2,6.9,6.9,5.5,ISTJ,Công nghệ Thông tin & Kỹ thuật Máy tính,An toàn thông tin,4.6
STU5975,9.0,5.9,5.0,10.0,7.3,6.2,5.7,ISTP,"Kỹ thuật, Cơ khí & Ô tô",Kỹ thuật điện tử - viễn thông,3.2
STU7959,7.4,8.3,8.9,6.2,5.5,5.4,7.3,ENFP,Du lịch & Dịch vụ,Du lịch,4.2
STU7898,5.9,7.6,8.6,5.6,6.3,6.1,7.6,ESFJ,Du lịch & Dịch vụ,Quản trị khách sạn,4.1
STU6931,8.3,5.9,6.7,9.4,8.6,5.1,6.5,ISTP,Xây dựng & Quy hoạch,Công nghệ kỹ thuật công trình xây dựng,3.8
STU0208,8.9,7.2,7.2,9.1,6.6,5.8,6.1,INTP,Công nghệ Thông tin & Kỹ thuật Máy tính,Thiết kế vi mạch,3.7
STU6859,9.4,6.8,4.9,7.8,6.5,7.0,5.6,ISTJ,Xây dựng & Quy hoạch,Kinh tế xây dựng,3.5
STU0459,8.8,5.7,8.8,9.9,8.2,6.4,5.6,INTP,Công nghệ Thông tin & Kỹ thuật Máy tính,Thiết kế vi mạch,3.9
STU2055,5.2,4.7,5.4,4.1,4.3,4.6,4.0,INTP,Sư phạm & Giáo dục,Sư phạm Ngữ văn,2.2
STU2431,7.4,10.0,9.3,7.4,6.2,6.4,9.7,INFJ,Sư phạm & Giáo dục,Tâm lý học giáo dục,4.1
STU0251,9.5,6.3,9.5,9.6,8.2,6.2,5.4,INTJ,Công nghệ Thông tin & Kỹ thuật Máy tính,Thiết kế vi mạch,3.7
STU6830,8.8,5.6,5.2,10.0,6.2,5.5,6.3,ISTJ,Xây dựng & Quy hoạch,Kỹ thuật cấp thoát nước,5.3
STU5438,8.0,6.6,6.0,9.9,8.6,6.7,5.7,INTJ,"Kỹ thuật, Cơ khí & Ô tô",Công nghệ kỹ thuật ô tô,5.7
STU1108,9.2,6.4,6.2,7.5,9.3,9.1,6.0,ISTJ,Y tế & Sức khỏe,Dược học,3.9
STU6489,6.7,5.7,5.7,5.3,8.7,9.6,5.5,ISTJ,Nông nghiệp & Môi trường,Công nghệ thực phẩm,4.7
STU1714,9.7,7.5,8.9,5.2,7.5,6.3,6.1,ESTJ,Kinh tế & Quản lý,Kế toán,4.8
STU3912,5.4,9.9,7.7,4.9,7.3,5.6,8.6,ENTP,Truyền thông & Báo chí,Công nghệ truyền thông,4.1
STU6439,7.0,5.5,6.6,6.5,10.0,10.0,5.3,ISFJ,Nông nghiệp & Môi trường,Thú y,5.3
STU0716,8.4,5.9,6.9,7.5,9.3,9.3,6.3,ISTJ,Y tế & Sức khỏe,Kỹ thuật hình ảnh y học,3.9
STU0553,8.5,6.6,9.0,8.1,7.4,6.8,5.7,INTJ,Công nghệ Thông tin & Kỹ thuật Máy tính,Khoa học dữ liệu,4.3
STU1440,9.6,9.6,9.8,6.6,5.4,6.0,4.9,ENTP,Kinh tế & Quản lý,Kinh doanh quốc tế,3.9
STU2271,7.6,9.7,9.8,5.4,5.8,7.1,9.3,ESFJ,Sư phạm & Giáo dục,Sư phạm Tiếng Anh,4.3
STU3145,4.8,9.2,9.3,6.6,6.6,5.1,7.3,INFP,Ngôn ngữ & Văn hóa,Ngôn ngữ Trung Quốc,5.0
STU7626,4.3,7.4,7.4,5.8,6.2,5.3,7.4,ESFJ,Du lịch & Dịch vụ,Quản trị nhà hàng và dịch vụ ăn uống,4.6
STU1926,8.2,8.9,9.6,6.5,5.3,5.9,6.3,ESTP,Kinh tế & Quản lý,Tài chính - Ngân hàng,4.3
STU0635,10.0,5.4,7.6,9.4,7.0,5.3,5.2,ENTP,Công nghệ Thông tin & Kỹ thuật Máy tính,Mạng máy tính và truyền thông dữ liệu,4.7
STU0317,9.7,5.6,6.9,8.2,7.2,7.5,5.5,ENTP,Công nghệ Thông tin & Kỹ thuật Máy tính,Mạng máy tính và truyền thông dữ liệu,5.5
STU7506,5.6,5.6,4.5,3.6,5.6,6.3,6.1,ENFP,Du lịch & Dịch vụ,Quản trị khách sạn,3.8
STU5425,8.0,6.1,5.2,9.3,8.0,5.6,5.4,ISTP,"Kỹ thuật, Cơ khí & Ô tô",Kỹ thuật điện tử - viễn thông,4.4
STU0428,10.0,6.7,8.9,7.7,8.4,6.0,6.2,ISTP,Công nghệ Thông tin & Kỹ thuật Máy tính,Khoa học dữ liệu,4.2
STU5945,8.6,5.3,5.8,9.6,7.9,5.7,6.6,ESTP,"Kỹ thuật, Cơ khí & Ô tô",Kỹ thuật điều khiển và tự động hóa,5.2
STU0106,8.6,6.5,10.0,10.0,7.7,7.1,5.3,INTJ,Công nghệ Thông tin & Kỹ thuật Máy tính,Công nghệ thông tin,4.1
STU3042,5.0,8.7,10.0,4.1,6.0,7.0,8.4,ISFP,Ngôn ngữ & Văn hóa,Ngôn ngữ Anh,4.0
STU4239,6.5,8.7,7.5,6.0,4.3,5.9,6.6,INFJ,Nghệ thuật & Thiết kế,Thiết kế thời trang,4.0
STU2170,6.9,8.9,9.2,6.7,5.8,5.5,8.6,INFJ,Sư phạm & Giáo dục,Sư phạm Tiếng Anh,4.0
STU1710,9.3,8.6,10.0,5.2,5.9,6.9,5.8,ESTP,Kinh tế & Quản lý,Kinh tế quốc tế,4.6
STU0090,8.6,6.8,8.8,9.7,6.4,6.4,6.3,ENTP,Công nghệ Thông tin & Kỹ thuật Máy tính,Khoa học Máy tính,5.2
STU2242,6.7,9.9,8.5,4.9,5.8,7.7,10.0,ESFJ,Sư phạm & Giáo dục,Sư phạm Ngữ văn,4.3
STU3175,4.4,4.7,6.6,6.7,4.9,5.4,4.8,ESFJ,Ngôn ngữ & Văn hóa,Quốc tế học,3.7
STU7164,9.6,5.5,6.6,9.0,7.1,8.5,5.9,ISTJ,Xây dựng & Quy hoạch,Công nghệ kỹ thuật công trình xây dựng,4.0
STU1950,8.7,7.4,9.2,6.5,6.2,6.1,6.5,ENTJ,Kinh tế & Quản lý,Kinh tế quốc tế,4.9
STU4045,6.3,7.3,5.6,4.8,6.1,7.4,8.0,ISFP,Nghệ thuật & Thiết kế,Thiết kế đồ họa,5.2
STU2849,5.6,9.3,8.8,6.0,4.5,6.8,8.1,INFP,Ngôn ngữ & Văn hóa,Ngôn ngữ Anh,5.0
STU0002,10.0,4.7,7.8,8.6,5.5,5.4,4.8,INTP,Công nghệ Thông tin & Kỹ thuật Máy tính,Công nghệ thông tin,4.4
STU4338,5.4,9.1,5.0,7.8,6.8,7.4,7.3,INFJ,Nghệ thuật & Thiết kế,Thiết kế nội thất,4.9
STU0936,9.0,5.3,4.8,6.5,9.0,9.3,6.6,ISFP,Y tế & Sức khỏe,Quản lý bệnh viện,3.9
STU6849,8.6,6.6,7.0,8.8,6.9,6.9,5.7,ESTJ,Xây dựng & Quy hoạch,Công nghệ kỹ thuật công trình xây dựng,4.4
STU2721,6.5,8.6,9.5,5.6,5.1,5.3,6.7,INTP,Ngôn ngữ & Văn hóa,Ngôn ngữ Anh,4.1
STU5206,6.9,8.3,8.6,6.0,6.2,6.7,9.1,ENTJ,Luật & Xã hội,Quản lý nhà nước,3.9
STU6131,7.1,6.4,6.1,4.7,7.8,8.5,5.2,INFP,Nông nghiệp & Môi trường,Công nghệ sau thu hoạch,4.7
STU0592,9.3,7.9,10.0,8.7,7.8,6.2,6.5,ENTP,Công nghệ Thông tin & Kỹ thuật Máy tính,Mạng máy tính và truyền thông dữ liệu,4.3
STU7701,4.2,6.9,9.1,5.8,6.1,6.4,8.0,ESFP,Du lịch & Dịch vụ,Quản trị nhà hàng và dịch vụ ăn uống,3.7
STU6009,8.1,5.4,7.0,6.5,8.2,9.4,5.9,ISTJ,Nông nghiệp & Môi trường,Công nghệ sinh học,3.8
STU2937,5.9,8.3,9.5,5.4,5.2,5.6,6.8,ISFP,Ngôn ngữ & Văn hóa,Ngôn ngữ Anh,5.2
STU2449,6.8,9.5,8.3,5.9,6.4,7.0,9.6,ESFJ,Sư phạm & Giáo dục,Sư phạm Tiếng Anh,4.6
STU1577,9.4,6.5,9.1,4.8,4.9,5.7,6.8,ENTP,Kinh tế & Quản lý,Hệ thống thông tin quản lý,3.2
STU6437,8.1,6.5,4.9,6.5,8.6,9.4,5.6,INFP,Nông nghiệp & Môi trường,Công nghệ thực phẩm,4.9
STU7813,6.1,8.4,8.4,6.0,6.1,5.6,7.6,ESFJ,Du lịch & Dịch vụ,Du lịch,5.3
STU0214,9.1,4.8,8.2,8.5,7.0,5.6,6.7,ENTP,Công nghệ Thông tin & Kỹ thuật Máy tính,Thiết kế vi mạch,5.5
STU0779,9.7,6.9,5.2,6.3,9.1,9.4,6.5,ISFJ,Y tế & Sức khỏe,Kỹ thuật phục hồi chức năng,4.5
STU6769,7.8,7.9,7.1,9.5,8.2,6.2,6.7,ISTJ,Xây dựng & Quy hoạch,Công nghệ kỹ thuật công trình xây dựng,3.6
STU3497,5.2,8.8,8.8,6.3,5.5,7.2,7.5,ESFP,Truyền thông & Báo chí,Thông tin - thư viện,4.9
STU6278,7.6,6.0,5.7,4.9,8.2,9.0,7.4,ISFP,Nông nghiệp & Môi trường,Nông nghiệp,4.3
STU2044,6.8,9.0,9.5,7.3,5.6,4.7,9.0,ISFJ,Sư phạm & Giáo dục,Tâm lý học giáo dục,3.4
STU7251,7.8,6.1,5.4,9.0,8.7,6.5,6.2,ISTP,Xây dựng & Quy hoạch,Kỹ thuật xây dựng,4.9
STU5421,9.8,6.8,6.8,9.3,7.8,5.3,5.0,ISTJ,"Kỹ thuật, Cơ khí & Ô tô",Công nghệ kỹ thuật ô tô,4.6
STU1568,9.5,7.1,8.9,4.9,5.4,5.5,4.7,ESTJ,Kinh tế & Quản lý,Kinh tế quốc tế,5.1
STU0166,9.2,5.4,8.4,9.1,6.2,5.2,6.2,ENTP,Công nghệ Thông tin & Kỹ thuật Máy tính,Khoa học Máy tính,4.1
STU4703,5.1,10.0,6.6,6.3,6.2,6.2,10.0,INFJ,Luật & Xã hội,Luật,4.5
STU3567,5.0,9.8,8.4,5.7,7.2,5.9,7.6,ESFP,Truyền thông & Báo chí,Quan hệ công chúng,4.7
STU6128,8.7,6.3,6.6,4.9,9.2,8.5,6.8,INFP,Nông nghiệp & Môi trường,Khoa học môi trường,5.4
STU7595,5.5,9.0,7.6,7.6,5.7,7.0,6.9,ESFP,Du lịch & Dịch vụ,Quản trị khách sạn,4.4
STU5440,8.8,5.2,5.0,10.0,8.7,5.0,5.3,ISTP,"Kỹ thuật, Cơ khí & Ô tô",Công nghệ kỹ thuật ô tô,4.5
STU2014,6.9,9.5,8.4,4.5,6.0,6.5,9.3,ESFJ,Sư phạm & Giáo dục,Sư phạm Tiếng Anh,4.5
STU0274,10.0,6.6,8.4,9.5,6.3,6.0,5.7,ISTJ,Công nghệ Thông tin & Kỹ thuật Máy tính,Kỹ thuật phần mềm,5.3
STU3861,6.4,10.0,9.0,7.1,6.2,6.5,8.5,ENFP,Truyền thông & Báo chí,Công nghệ truyền thông,4.6
STU4168,6.0,8.9,6.4,5.4,6.1,5.9,8.6,INFJ,Nghệ thuật & Thiết kế,Thiết kế nội thất,4.1
STU6383,7.8,5.6,5.6,5.4,7.3,10.0,6.1,ISFP,Nông nghiệp & Môi trường,Lâm nghiệp đô thị,4.3
STU3789,7.4,9.5,7.8,6.2,6.4,6.5,6.6,ENFP,Truyền thông & Báo chí,Báo chí,4.7
STU5184,5.6,8.9,7.5,6.8,4.2,5.3,9.3,ENTJ,Luật & Xã hội,Luật,4.4
STU0395,9.5,5.5,8.7,7.9,8.6,5.0,5.9,INTJ,Công nghệ Thông tin & Kỹ thuật Máy tính,An toàn thông tin,4.5
STU0584,9.0,6.3,8.2,9.9,8.2,7.4,7.5,ENTP,Công nghệ Thông tin & Kỹ thuật Máy tính,Thiết kế vi mạch,5.1
STU7858,6.8,7.6,9.7,5.9,6.4,6.0,8.4,ESFJ,Du lịch & Dịch vụ,Du lịch,4.5
STU7965,6.8,7.5,7.9,6.7,5.4,5.8,8.2,ESFP,Du lịch & Dịch vụ,Quản lý thể dục thể thao,4.1
STU7408,6.3,7.3,8.0,6.0,5.8,4.6,7.4,ENFP,Du lịch & Dịch vụ,Quản trị dịch vụ du lịch và lữ hành,4.8
STU6574,7.9,5.6,6.0,5.4,9.5,8.9,6.0,INFP,Nông nghiệp & Môi trường,Khoa học môi trường,5.3
STU7639,6.2,8.4,9.1,7.7,5.5,6.0,8.4,ESFP,Du lịch & Dịch vụ,Du lịch,4.7
STU6471,8.0,6.4,5.4,6.1,9.3,8.8,5.0,ISTJ,Nông nghiệp & Môi trường,Nông nghiệp,4.3
STU0521,10.0,5.4,10.0,10.0,7.6,5.7,5.9,ENTP,Công nghệ Thông tin & Kỹ thuật Máy tính,Mạng máy tính và truyền thông dữ liệu,3.4
STU1764,5.3,7.3,4.9,4.9,4.2,5.9,6.6,ESFP,Kinh tế & Quản lý,Kinh tế,4.0
STU1876,8.9,7.6,8.7,7.2,5.1,7.5,5.7,ENTP,Kinh tế & Quản lý,Kinh doanh quốc tế,4.2
STU5356,7.9,5.5,6.0,10.0,7.4,5.3,5.2,ESTP,"Kỹ thuật, Cơ khí & Ô tô",Kỹ thuật cơ khí,4.2
STU3966,6.7,9.7,9.6,7.0,6.0,7.0,6.8,ENFP,Truyền thông & Báo chí,Truyền thông đa phương tiện,4.4
STU3345,4.9,8.9,8.2,6.1,5.0,7.2,8.2,ESFP,Truyền thông & Báo chí,Quan hệ công chúng,5.0
STU2254,5.7,8.3,9.7,6.2,4.8,6.2,9.5,ISFJ,Sư phạm & Giáo dục,Giáo dục Tiểu học,4.0
STU3225,7.1,8.7,9.4,5.9,6.0,5.6,8.7,INFP,Ngôn ngữ & Văn hóa,Tiếng Việt và văn hoá Việt Nam,3.5
STU0527,9.1,7.3,8.2,9.3,7.4,5.6,7.4,ISTP,Công nghệ Thông tin & Kỹ thuật Máy tính,An toàn thông tin,4.6
STU2947,5.4,8.8,10.0,6.2,6.3,5.1,7.4,ISFP,Ngôn ngữ & Văn hóa,Ngôn ngữ Nhật,4.8
STU4474,5.4,7.8,6.2,7.1,7.7,4.5,9.0,ISFP,Nghệ thuật & Thiết kế,Hội họa,5.1
STU3900,5.7,8.3,7.4,4.4,5.8,6.4,8.4,ENFP,Truyền thông & Báo chí,Quan hệ công chúng,3.9
STU5656,8.6,6.9,7.2,8.2,7.5,5.2,5.1,ESTP,"Kỹ thuật, Cơ khí & Ô tô",Kỹ thuật điện tử - viễn thông,4.3
STU0693,9.7,5.3,6.1,5.1,9.7,9.2,6.1,ISTJ,Y tế & Sức khỏe,Y đa khoa,4.0
STU7551,7.0,8.1,8.3,6.9,5.8,5.3,8.5,ENFP,Du lịch & Dịch vụ,Quản trị dịch vụ du lịch và lữ hành,5.0
STU4445,5.1,7.3,5.3,6.3,5.9,4.7,7.7,INFJ,Nghệ thuật & Thiết kế,Thiết kế đồ họa,3.2
STU3634,5.0,7.9,8.0,5.5,5.5,6.5,7.8,ENFP,Truyền thông & Báo chí,Báo chí,4.9
STU5806,9.4,5.6,7.1,9.7,8.2,6.5,5.0,ISTJ,"Kỹ thuật, Cơ khí & Ô tô",Công nghệ kỹ thuật ô tô,3.8
STU1051,8.7,6.5,5.6,6.5,8.6,9.8,5.7,ISFP,Y tế & Sức khỏe,Dược học,4.2
STU0591,8.8,6.2,9.3,8.8,7.2,5.4,5.4,ISTP,Công nghệ Thông tin & Kỹ thuật Máy tính,Khoa học Máy tính,4.3
STU0520,9.8,4.9,7.2,8.7,7.1,5.1,6.0,ENTP,Công nghệ Thông tin & Kỹ thuật Máy tính,An toàn thông tin,3.6
STU3381,6.8,9.9,8.6,6.7,7.0,5.3,9.9,ESFP,Truyền thông & Báo chí,Công nghệ truyền thông,3.8
STU3677,5.8,9.7,9.7,6.6,8.2,7.4,7.7,ENTP,Truyền thông & Báo chí,Thông tin - thư viện,3.5
STU5777,8.7,5.9,6.2,9.3,9.1,5.7,5.2,ESTP,"Kỹ thuật, Cơ khí & Ô tô",Kỹ thuật điện,4.2
STU6590,8.1,5.1,6.9,5.7,8.8,9.2,5.3,INFP,Nông nghiệp & Môi trường,Thú y,4.4
STU5180,7.4,8.7,8.3,4.2,6.3,6.5,8.4,ISTJ,Luật & Xã hội,Xã hội học,4.5
STU1608,9.6,9.0,7.7,6.6,4.9,5.7,7.0,ESTJ,Kinh tế & Quản lý,Kinh tế quốc tế,4.6
STU3611,6.1,8.6,9.5,4.5,6.4,6.6,8.6,ENFP,Truyền thông & Báo chí,Lưu trữ học,2.7
STU7621,7.0,8.3,8.8,6.8,6.8,6.8,8.1,ENFP,Du lịch & Dịch vụ,Quản lý thể dục thể thao,5.1
STU7989,5.6,8.1,8.2,5.7,5.6,5.9,7.9,ENFP,Du lịch & Dịch vụ,Quản trị khách sạn,5.1
STU1810,10.0,8.8,9.8,6.4,6.4,5.5,5.4,ESTJ,Kinh tế & Quản lý,Kinh doanh quốc tế,4.2
STU0792,9.6,6.1,5.7,5.3,9.4,9.4,4.5,ISFJ,Y tế & Sức khỏe,Răng - Hàm - Mặt,5.7
STU0793,10.0,6.3,6.2,5.4,9.2,9.7,6.2,ISTJ,Y tế & Sức khỏe,Răng - Hàm - Mặt,4.1
STU6578,7.8,5.7,5.8,5.5,7.7,9.6,6.3,INFP,Nông nghiệp & Môi trường,Thú y,4.1
STU1856,9.4,8.7,9.5,6.4,7.1,7.5,6.6,ESTJ,Kinh tế & Quản lý,Kinh tế,4.1
STU1981,8.7,8.3,9.1,6.3,6.4,6.7,6.7,ENTP,Kinh tế & Quản lý,Kinh tế quốc tế,4.9
STU3234,6.2,9.2,8.7,6.7,5.5,5.9,8.0,INTP,Ngôn ngữ & Văn hóa,Ngôn ngữ Anh,4.3
STU3599,5.1,8.3,9.2,4.9,5.5,5.5,8.0,ESFP,Truyền thông & Báo chí,Lưu trữ học,4.4
STU0934,8.0,5.3,5.4,5.3,9.0,9.1,6.2,ISFJ,Y tế & Sức khỏe,Kỹ thuật phục hồi chức năng,5.3
STU3964,5.4,8.7,9.5,5.4,6.0,7.2,8.0,ENTP,Truyền thông & Báo chí,Lưu trữ học,3.7
STU5954,8.9,5.9,5.3,8.0,7.7,6.2,7.4,ISTP,"Kỹ thuật, Cơ khí & Ô tô",Kỹ thuật điện tử - viễn thông,4.2
STU5627,9.0,5.8,6.8,9.9,8.3,5.7,6.9,ISTJ,"Kỹ thuật, Cơ khí & Ô tô",Kỹ thuật điện tử - viễn thông,4.2
STU5507,8.3,6.7,6.1,9.3,7.4,6.8,6.0,ESTP,"Kỹ thuật, Cơ khí & Ô tô",Kỹ thuật cơ khí,4.1
STU7418,2.9,6.2,6.1,5.4,4.9,7.2,4.9,INFJ,Du lịch & Dịch vụ,Du lịch,2.5
STU4180,6.7,7.1,5.8,5.6,6.8,6.2,8.0,INFP,Nghệ thuật & Thiết kế,Kiến trúc,5.4
STU4027,4.5,8.6,6.6,5.1,5.5,5.8,7.4,INFJ,Nghệ thuật & Thiết kế,Thiết kế công nghiệp,4.5
STU7084,9.2,7.9,7.4,8.3,7.4,4.5,5.3,ISTP,Xây dựng & Quy hoạch,Kỹ thuật xây dựng,5.0
STU4117,3.7,7.3,5.7,6.9,5.8,5.8,4.9,INFJ,Nghệ thuật & Thiết kế,Thiết kế thời trang,2.4
STU0989,9.3,6.4,5.1,6.5,9.8,9.5,5.6,ISFP,Y tế & Sức khỏe,Kỹ thuật hình ảnh y học,3.8
STU7189,7.3,4.9,5.1,5.0,6.6,6.4,3.9,INTJ,Xây dựng & Quy hoạch,Quản lý xây dựng,3.8
STU3454,4.8,9.9,9.2,5.4,6.1,6.1,7.7,ENTP,Truyền thông & Báo chí,Lưu trữ học,3.8
STU7302,7.7,6.4,7.0,8.2,5.5,6.7,5.9,ISTP,Xây dựng & Quy hoạch,Địa kỹ thuật xây dựng,3.9
STU3779,5.4,10.0,8.8,6.5,6.2,6.1,7.9,ENFP,Truyền thông & Báo chí,Truyền thông đa phương tiện,4.2
STU5659,8.6,5.9,5.5,8.9,8.4,6.9,5.7,ESTP,"Kỹ thuật, Cơ khí & Ô tô",Kỹ thuật điện,5.1
STU6711,8.9,6.7,5.0,8.2,7.2,7.2,5.1,ESTJ,Xây dựng & Quy hoạch,Kỹ thuật cấp thoát nước,3.2
STU3094,6.5,8.4,9.6,6.5,7.4,7.0,8.4,INFP,Ngôn ngữ & Văn hóa,Tiếng Việt và văn hoá Việt Nam,5.1
STU3156,4.9,8.1,9.9,5.8,7.2,4.4,7.7,ISFP,Ngôn ngữ & Văn hóa,Văn học,3.5
STU5070,6.1,9.0,7.1,6.2,6.5,5.0,8.3,ISTJ,Luật & Xã hội,Luật,4.8
STU5807,8.5,7.1,5.6,9.4,8.3,6.4,6.5,ISTP,"Kỹ thuật, Cơ khí & Ô tô",Kỹ thuật điện,4.3
STU3202,4.7,8.9,7.7,7.9,5.8,7.6,7.6,INFP,Ngôn ngữ & Văn hóa,Văn học,5.6
STU6456,7.7,5.2,6.6,6.7,9.3,9.2,6.5,ISFP,Nông nghiệp & Môi trường,Công nghệ sinh học,3.8
STU1099,8.4,6.3,7.5,6.7,8.4,8.4,6.5,ISFJ,Y tế & Sức khỏe,Y học cổ truyền,4.7
STU6644,8.6,6.7,5.5,5.4,7.6,9.0,6.1,ISTJ,Nông nghiệp & Môi trường,Khoa học môi trường,4.5
STU2845,4.9,8.3,9.1,7.5,5.0,6.0,8.5,INFP,Ngôn ngữ & Văn hóa,Ngôn ngữ học,4.1
STU0887,9.1,6.8,5.7,6.7,9.0,8.0,6.0,ISFJ,Y tế & Sức khỏe,Điều dưỡng,4.5
STU7883,6.5,8.2,7.8,6.0,6.3,6.1,8.1,ESFP,Du lịch & Dịch vụ,Quản lý thể dục thể thao,4.8
STU6207,7.4,6.8,6.2,5.3,8.8,10.0,5.5,ISTJ,Nông nghiệp & Môi trường,Nông nghiệp,4.7
STU0516,8.8,6.1,10.0,7.0,7.5,6.7,6.2,INTP,Công nghệ Thông tin & Kỹ thuật Máy tính,Thiết kế vi mạch,4.5
STU7375,5.6,8.3,8.2,7.6,6.6,6.7,7.9,ENFP,Du lịch & Dịch vụ,Du lịch,4.7
STU4834,6.7,8.8,7.9,6.5,6.5,6.3,9.8,INTJ,Luật & Xã hội,Luật,4.4
STU1454,10.0,8.3,9.8,6.4,7.0,6.9,5.7,ENTJ,Kinh tế & Quản lý,Hệ thống thông tin quản lý,4.7
STU3554,4.9,8.0,9.3,6.7,5.4,7.2,6.6,ESFP,Truyền thông & Báo chí,Quan hệ công chúng,5.0
STU3610,7.2,9.5,7.2,7.7,7.5,5.7,9.4,ENFP,Truyền thông & Báo chí,Thông tin - thư viện,4.9
STU4666,6.2,10.0,8.2,5.7,6.5,6.0,10.0,ENTJ,Luật & Xã hội,Quản lý nhà nước,4.6
STU2507,5.6,9.6,8.2,7.1,5.3,5.6,10.0,ISFJ,Sư phạm & Giáo dục,Sư phạm Vật lý,4.5
STU2995,6.1,8.8,8.6,6.4,4.8,5.6,8.7,INTP,Ngôn ngữ & Văn hóa,Ngôn ngữ Nhật,3.7
STU4000,5.1,7.3,5.8,6.4,5.9,5.2,8.0,INFP,Nghệ thuật & Thiết kế,Điêu khắc,4.8
STU7573,5.8,7.1,9.3,5.9,5.3,5.0,8.8,ESFJ,Du lịch & Dịch vụ,Quản trị nhà hàng và dịch vụ ăn uống,6.0
STU0907,9.4,6.6,6.8,4.4,9.5,9.5,7.3,ISTJ,Y tế & Sức khỏe,Y học cổ truyền,3.9
STU0029,9.3,6.4,8.4,10.0,7.7,5.9,6.4,ISTP,Công nghệ Thông tin & Kỹ thuật Máy tính,Khoa học dữ liệu,4.2
STU7875,7.2,7.7,9.0,7.3,7.8,6.6,8.4,ESFP,Du lịch & Dịch vụ,Quản trị nhà hàng và dịch vụ ăn uống,4.1
STU2508,5.5,10.0,10.0,5.5,5.8,6.5,8.4,ISFJ,Sư phạm & Giáo dục,Sư phạm Vật lý,4.9
STU2429,5.3,9.7,9.6,5.7,5.3,6.2,8.8,INFJ,Sư phạm & Giáo dục,Tâm lý học giáo dục,4.2
STU5044,6.4,5.6,5.4,4.2,5.2,4.9,5.8,INFP,Luật & Xã hội,Luật,2.4
STU5347,9.6,6.7,6.0,9.8,7.9,7.1,6.5,INTJ,"Kỹ thuật, Cơ khí & Ô tô",Kỹ thuật cơ điện tử,4.1
STU0763,9.1,5.4,5.7,6.1,9.5,10.0,6.3,ISTJ,Y tế & Sức khỏe,Kỹ thuật phục hồi chức năng,4.7
STU3748,6.1,9.3,9.1,6.3,6.8,6.1,8.1,ENTP,Truyền thông & Báo chí,Lưu trữ học,5.9
STU4812,6.2,8.6,7.5,5.3,5.7,7.0,8.8,INTJ,Luật & Xã hội,Tâm lý học,4.5
STU0285,9.7,6.3,8.4,8.8,6.8,6.0,6.9,INTP,Công nghệ Thông tin & Kỹ thuật Máy tính,Khoa học dữ liệu,4.4
STU0687,9.2,5.4,5.7,5.6,9.2,9.6,6.0,ISTJ,Y tế & Sức khỏe,Y đa khoa,4.1
STU7388,6.9,9.2,7.9,5.4,6.5,6.7,8.4,ESFJ,Du lịch & Dịch vụ,Quản lý thể dục thể thao,4.0
STU2354,6.5,9.2,10.0,5.1,5.6,6.4,8.8,ISFJ,Sư phạm & Giáo dục,Sư phạm Tin học,4.7
STU6435,7.9,6.4,6.7,6.8,9.5,8.9,4.4,INFP,Nông nghiệp & Môi trường,Công nghệ sau thu hoạch,5.0
STU7891,6.8,9.5,8.0,7.1,6.3,6.4,8.4,ESFJ,Du lịch & Dịch vụ,Quản trị nhà hàng và dịch vụ ăn uống,4.5
STU0022,10.0,5.2,9.3,9.2,8.3,6.4,6.2,INTP,Công nghệ Thông tin & Kỹ thuật Máy tính,Kỹ thuật phần mềm,4.8
STU2753,7.1,7.7,9.6,5.4,5.4,6.3,8.1,ISFP,Ngôn ngữ & Văn hóa,Ngôn ngữ học,4.4
STU0886,3.9,6.5,5.2,4.9,6.5,4.2,5.4,INTP,Y tế & Sức khỏe,Y học dự phòng,1.3
STU0918,9.9,5.6,5.7,6.5,8.3,9.4,6.0,INFJ,Y tế & Sức khỏe,Quản lý bệnh viện,4.5
STU1041,8.3,4.5,7.1,4.7,9.6,8.3,6.4,ISFJ,Y tế & Sức khỏe,Y đa khoa,5.3
STU6347,7.0,6.2,5.2,6.5,8.2,9.7,6.5,INFP,Nông nghiệp & Môi trường,Công nghệ thực phẩm,5.7
STU1266,8.4,5.7,6.9,6.9,9.4,9.9,6.9,ISFJ,Y tế & Sức khỏe,Dược học,3.6
STU4580,5.1,8.7,5.6,6.0,6.4,5.9,6.8,ISFP,Nghệ thuật & Thiết kế,Thanh nhạc,3.9
STU6925,10.0,6.9,4.7,8.9,6.9,6.4,5.6,ESTJ,Xây dựng & Quy hoạch,Kinh tế xây dựng,3.6
STU7433,5.9,7.1,8.0,5.0,5.3,6.3,9.2,ENFP,Du lịch & Dịch vụ,Quản trị nhà hàng và dịch vụ ăn uống,4.7
STU0278,10.0,4.9,8.7,10.0,7.4,5.5,5.5,ENTP,Công nghệ Thông tin & Kỹ thuật Máy tính,Công nghệ thông tin,5.2
STU5085,6.6,9.6,8.0,5.7,6.0,6.9,8.9,ENTJ,Luật & Xã hội,Luật quốc tế,5.7
STU2085,7.4,10.0,9.0,7.1,6.5,5.2,9.4,ISFJ,Sư phạm & Giáo dục,Sư phạm Vật lý,3.2
STU1246,9.3,7.0,6.1,6.1,8.5,8.4,5.8,ISFJ,Y tế & Sức khỏe,Y học dự phòng,3.4
STU2383,8.0,10.0,9.4,5.8,5.9,6.3,9.6,ISFJ,Sư phạm & Giáo dục,Giáo dục Mầm non,5.5
STU0572,8.8,4.7,9.6,9.2,8.0,5.4,6.0,ENTP,Công nghệ Thông tin & Kỹ thuật Máy tính,Công nghệ thông tin,3.7
STU1436,8.1,7.5,10.0,5.4,7.5,7.1,7.6,ENTJ,Kinh tế & Quản lý,Kinh tế,4.2
STU3903,5.4,9.5,8.8,5.0,5.4,6.3,8.0,ENFP,Truyền thông & Báo chí,Thông tin - thư viện,5.4
STU5090,3.7,7.4,5.7,6.9,4.8,4.6,4.6,ENTJ,Luật & Xã hội,Tâm lý học,1.7
STU1248,9.7,5.3,5.6,5.2,9.1,9.5,6.3,ISTJ,Y tế & Sức khỏe,Kỹ thuật phục hồi chức năng,4.3
STU6006,8.2,6.8,6.1,5.1,7.8,9.6,6.9,INFP,Nông nghiệp & Môi trường,Công nghệ sinh học,5.0
STU4682,6.1,10.0,7.0,5.1,5.1,5.8,9.7,INTJ,Luật & Xã hội,Chính trị học,4.2
STU3527,5.8,9.4,7.8,5.4,6.6,4.9,9.4,ENTP,Truyền thông & Báo chí,Lưu trữ học,4.3
STU2515,7.5,10.0,10.0,4.6,6.2,6.6,9.6,ESFJ,Sư phạm & Giáo dục,Sư phạm Toán học,5.0
STU5446,8.8,5.7,5.1,9.6,8.4,7.4,5.9,INTJ,"Kỹ thuật, Cơ khí & Ô tô",Kỹ thuật điện tử - viễn thông,4.2
STU1008,9.0,5.7,4.9,6.1,7.7,8.3,5.5,ISTJ,Y tế & Sức khỏe,Răng - Hàm - Mặt,4.3
STU4771,6.3,9.7,8.7,6.2,4.7,5.8,7.3,INFJ,Luật & Xã hội,Quản lý nhà nước,4.0
STU4544,6.4,7.4,7.7,5.5,4.9,7.0,8.0,INFP,Nghệ thuật & Thiết kế,Thanh nhạc,5.2
STU6030,8.1,6.2,6.3,5.4,8.0,8.9,4.7,ISTJ,Nông nghiệp & Môi trường,Khoa học cây trồng,4.6
STU6930,8.6,5.7,6.1,7.7,5.4,5.0,6.4,ISTJ,Xây dựng & Quy hoạch,Kỹ thuật cấp thoát nước,3.1
STU2065,6.0,8.4,9.0,6.3,6.9,5.3,9.8,ESFJ,Sư phạm & Giáo dục,Sư phạm Toán học,3.5
STU5353,9.0,5.1,5.8,9.4,7.7,5.6,6.1,ISTJ,"Kỹ thuật, Cơ khí & Ô tô",Công nghệ kỹ thuật ô tô,4.8
STU6767,9.5,6.7,6.7,9.6,7.2,7.7,4.7,ESTJ,Xây dựng & Quy hoạch,Địa kỹ thuật xây dựng,4.4
STU1691,8.5,8.9,9.3,6.1,6.3,5.9,6.7,ESTJ,Kinh tế & Quản lý,Hệ thống thông tin quản lý,4.5
STU6905,8.1,5.9,6.5,9.6,6.2,5.0,6.5,ISTP,Xây dựng & Quy hoạch,Quản lý xây dựng,5.2
STU7262,8.0,5.0,4.7,8.9,6.9,5.7,7.2,ISTJ,Xây dựng & Quy hoạch,Kỹ thuật xây dựng,4.0
STU5344,7.9,5.9,5.3,10.0,9.1,4.7,5.5,ISTJ,"Kỹ thuật, Cơ khí & Ô tô",Robot và Trí tuệ nhân tạo,4.7
STU1986,9.8,8.3,8.5,5.8,6.8,7.3,6.6,ENTP,Kinh tế & Quản lý,Kinh tế,5.2
STU0295,9.9,6.7,10.0,9.1,7.2,6.3,5.4,ISTJ,Công nghệ Thông tin & Kỹ thuật Máy tính,An toàn thông tin,5.5
STU1548,8.2,7.8,8.7,7.2,6.6,5.4,5.6,ENTJ,Kinh tế & Quản lý,Thương mại điện tử,4.1
STU2013,7.5,9.1,8.8,5.3,7.4,7.4,10.0,ISFJ,Sư phạm & Giáo dục,Sư phạm Toán học,4.4
STU0589,8.4,6.4,8.4,8.1,8.3,5.6,5.9,INTJ,Công nghệ Thông tin & Kỹ thuật Máy tính,An toàn thông tin,3.9
STU3330,5.7,8.2,8.9,6.7,6.7,5.7,8.6,ISFP,Ngôn ngữ & Văn hóa,Ngôn ngữ Anh,4.1
STU2404,5.9,8.6,9.6,6.7,5.3,5.7,9.2,INFJ,Sư phạm & Giáo dục,Sư phạm Tin học,4.4
STU2130,6.9,10.0,8.7,5.9,6.5,7.2,9.3,ENFJ,Sư phạm & Giáo dục,Sư phạm Tiếng Anh,4.6
STU3999,7.0,8.3,5.6,5.4,6.4,6.4,7.3,INFJ,Nghệ thuật & Thiết kế,Kiến trúc,4.7
STU7004,9.2,5.9,5.9,8.3,6.3,5.6,4.8,ISTP,Xây dựng & Quy hoạch,Quản lý xây dựng,4.2
STU3742,6.9,9.1,9.3,6.9,4.8,5.2,8.4,ENFP,Truyền thông & Báo chí,Truyền thông đại chúng,4.1
STU3509,7.2,10.0,8.6,6.4,5.5,5.0,7.5,ENFP,Truyền thông & Báo chí,Lưu trữ học,4.9
STU2720,4.8,7.2,9.9,5.5,5.4,5.2,7.5,INTP,Ngôn ngữ & Văn hóa,Ngôn ngữ Anh,4.9
STU4522,6.1,9.4,6.0,6.5,6.7,4.4,7.3,INFP,Nghệ thuật & Thiết kế,Thiết kế công nghiệp,3.8
STU5151,4.4,8.7,7.2,5.9,5.4,7.1,9.3,ENTJ,Luật & Xã hội,Chính trị học,3.9
STU7282,7.5,7.0,6.2,8.4,7.6,7.7,5.6,ISTP,Xây dựng & Quy hoạch,Kinh tế xây dựng,4.6
STU7290,8.0,6.4,6.2,8.4,7.8,7.2,4.1,ISTP,Xây dựng & Quy hoạch,Kinh tế xây dựng,4.7
STU0557,8.4,6.0,9.1,9.2,7.9,6.4,6.0,ISTP,Công nghệ Thông tin & Kỹ thuật Máy tính,Kỹ thuật phần mềm,5.3
STU4796,6.6,9.7,8.4,5.0,6.4,7.8,10.0,ISTJ,Luật & Xã hội,Tâm lý học,3.9
STU2470,6.3,9.2,9.2,4.7,5.2,5.7,8.9,ESFJ,Sư phạm & Giáo dục,Tâm lý học giáo dục,4.6
STU3739,5.9,8.2,9.0,5.7,6.7,7.3,9.1,ENTP,Truyền thông & Báo chí,Truyền thông đại chúng,5.2
STU4287,5.2,8.6,4.8,5.9,6.6,5.6,8.4,ISFP,Nghệ thuật & Thiết kế,Đạo diễn Điện ảnh - Truyền hình,4.1
STU6585,8.0,5.0,4.8,5.5,9.7,8.1,4.7,INFP,Nông nghiệp & Môi trường,Thú y,5.0
STU5290,5.5,6.7,6.8,5.9,5.3,5.5,5.8,ISFP,Luật & Xã hội,Luật,1.5
STU1717,8.7,7.7,9.3,6.7,5.1,5.5,6.9,ENTJ,Kinh tế & Quản lý,Kinh doanh quốc tế,3.7
STU2605,6.1,8.5,9.4,5.9,5.4,6.9,9.0,INFJ,Sư phạm & Giáo dục,Tâm lý học giáo dục,5.7
STU6596,7.8,7.3,6.1,5.6,7.7,9.5,5.1,ISTJ,Nông nghiệp & Môi trường,Công nghệ sau thu hoạch,4.2
STU1705,9.7,7.3,8.1,5.8,5.9,5.3,5.7,ENTJ,Kinh tế & Quản lý,Marketing,3.9
STU2140,6.7,10.0,9.1,5.6,5.1,7.1,9.7,ISFJ,Sư phạm & Giáo dục,Sư phạm Tiếng Anh,5.2
STU3240,6.9,9.5,7.7,7.0,5.9,6.7,9.1,INTP,Ngôn ngữ & Văn hóa,Văn học,3.9
STU2384,5.8,8.5,8.9,5.0,6.1,5.9,8.3,ISFJ,Sư phạm & Giáo dục,Giáo dục Tiểu học,4.2
STU4312,6.1,8.6,7.1,6.4,6.1,5.8,6.0,ISFP,Nghệ thuật & Thiết kế,Đạo diễn Điện ảnh - Truyền hình,4.1
STU1286,9.2,5.9,6.7,6.3,8.6,8.6,6.2,ISFJ,Y tế & Sức khỏe,Răng - Hàm - Mặt,3.8
STU6811,9.8,6.0,6.5,8.4,7.6,6.7,6.5,ISTP,Xây dựng & Quy hoạch,Kỹ thuật xây dựng,4.3
STU6344,8.5,5.6,5.6,5.3,8.3,8.8,7.2,ISTJ,Nông nghiệp & Môi trường,Khoa học cây trồng,6.0
STU7145,8.9,5.4,6.9,8.6,8.7,5.2,6.3,ESTJ,Xây dựng & Quy hoạch,Kinh tế xây dựng,5.0
STU3931,7.0,10.0,8.8,5.0,5.4,6.2,7.0,ESFP,Truyền thông & Báo chí,Báo chí,3.4
STU5986,8.4,8.1,5.3,9.2,8.8,6.3,6.7,ISTJ,"Kỹ thuật, Cơ khí & Ô tô",Kỹ thuật cơ khí,4.8
STU6058,7.3,6.4,5.5,5.5,9.3,9.5,6.1,ISFJ,Nông nghiệp & Môi trường,Lâm nghiệp đô thị,4.1
STU1592,8.7,9.1,8.1,5.5,6.2,5.6,5.7,ENTJ,Kinh tế & Quản lý,Thương mại điện tử,4.1
STU7507,5.3,7.7,8.0,6.6,6.2,6.0,7.5,ESFP,Du lịch & Dịch vụ,Quản trị nhà hàng và dịch vụ ăn uống,5.2
STU7087,9.3,6.5,6.9,8.7,6.6,4.5,4.8,ISTJ,Xây dựng & Quy hoạch,Công nghệ kỹ thuật công trình xây dựng,4.4
STU2163,5.9,9.0,10.0,5.0,6.4,6.7,9.0,INFJ,Sư phạm & Giáo dục,Sư phạm Tiếng Anh,4.7
STU2397,7.1,9.8,8.8,6.0,6.1,6.2,9.8,ESFJ,Sư phạm & Giáo dục,Tâm lý học giáo dục,4.3
STU0318,9.8,5.3,9.6,9.2,8.2,5.2,4.8,ISTJ,Công nghệ Thông tin & Kỹ thuật Máy tính,Mạng máy tính và truyền thông dữ liệu,4.5
STU7176,7.9,4.6,5.1,7.9,7.5,6.4,5.4,ISTJ,Xây dựng & Quy hoạch,Kỹ thuật cấp thoát nước,2.9
STU3112,5.8,9.4,9.2,5.1,5.1,6.6,8.1,ISFP,Ngôn ngữ & Văn hóa,Ngôn ngữ Anh,3.8
STU5234,7.0,9.0,6.1,6.9,5.2,6.9,9.7,ENTJ,Luật & Xã hội,Xã hội học,3.8
STU6389,7.9,5.7,5.1,5.6,9.0,9.8,4.7,ISFJ,Nông nghiệp & Môi trường,Lâm nghiệp đô thị,3.7
STU7752,5.4,7.1,9.0,5.1,6.5,5.3,8.4,ESFP,Du lịch & Dịch vụ,Quản lý thể dục thể thao,3.7
STU4037,6.7,7.4,5.7,7.0,6.8,5.7,8.3,INFJ,Nghệ thuật & Thiết kế,Hội họa,4.9
STU0796,8.6,7.7,4.9,4.8,9.4,10.0,5.7,ISTJ,Y tế & Sức khỏe,Kỹ thuật hình ảnh y học,5.2
STU3021,6.2,9.6,9.1,7.3,5.5,7.1,8.6,INFP,Ngôn ngữ & Văn hóa,Ngôn ngữ học,3.7
STU1712,9.0,6.8,9.1,6.5,5.9,6.3,5.4,ESTJ,Kinh tế & Quản lý,Kế toán,4.0
STU3388,6.1,9.8,8.2,4.1,5.6,4.2,8.7,ENTP,Truyền thông & Báo chí,Truyền thông đại chúng,5.3
STU0037,9.7,6.9,7.7,9.1,7.0,4.6,7.2,ISTP,Công nghệ Thông tin & Kỹ thuật Máy tính,Khoa học dữ liệu,3.0
STU4550,5.7,8.6,5.8,7.4,6.0,7.3,7.3,INFJ,Nghệ thuật & Thiết kế,Thiết kế đồ họa,3.9
STU0914,9.5,5.6,4.7,5.4,8.8,9.2,6.2,ISTJ,Y tế & Sức khỏe,Kỹ thuật hình ảnh y học,4.0
STU5722,9.4,6.5,5.2,9.5,7.8,5.3,5.7,ESTP,"Kỹ thuật, Cơ khí & Ô tô",Kỹ thuật điện,4.1
STU5296,6.0,8.6,7.3,5.5,6.2,6.6,10.0,INFJ,Luật & Xã hội,Luật quốc tế,4.8
STU3973,6.4,9.3,8.9,6.4,6.5,5.5,7.6,ENFP,Truyền thông & Báo chí,Công nghệ truyền thông,4.0
STU5371,8.5,5.0,5.8,8.6,8.7,5.8,5.7,ISTJ,"Kỹ thuật, Cơ khí & Ô tô",Kỹ thuật cơ khí,4.6
STU4134,5.7,7.0,4.8,6.8,6.5,5.8,6.2,INFJ,Nghệ thuật & Thiết kế,Điêu khắc,4.5
STU0975,10.0,6.5,3.8,5.7,9.7,9.3,6.3,INFJ,Y tế & Sức khỏe,Y học cổ truyền,4.9
STU0984,10.0,5.5,8.1,6.3,10.0,9.5,8.1,ISFP,Y tế & Sức khỏe,Dược học,3.7
STU7146,9.0,7.3,6.2,10.0,6.2,5.0,7.0,ISTJ,Xây dựng & Quy hoạch,Kỹ thuật cấp thoát nước,3.9
STU1419,8.8,7.7,7.6,7.2,5.2,5.4,5.9,ENTJ,Kinh tế & Quản lý,Marketing,4.2
STU1561,8.0,8.1,8.3,5.9,5.3,5.8,5.3,ESTP,Kinh tế & Quản lý,Kế toán,4.6
STU4136,6.5,7.4,5.8,5.8,6.6,5.8,6.9,INFJ,Nghệ thuật & Thiết kế,Kiến trúc,3.6
STU5583,7.7,5.5,5.1,9.4,7.7,7.4,6.2,ISTJ,"Kỹ thuật, Cơ khí & Ô tô",Kỹ thuật cơ khí,4.6
STU6378,5.9,4.9,5.3,6.8,6.0,7.0,6.6,ESFP,Nông nghiệp & Môi trường,Khoa học môi trường,2.4
STU4266,6.7,7.4,5.7,5.1,6.2,6.5,7.8,ISFP,Nghệ thuật & Thiết kế,Thanh nhạc,3.7
STU1356,9.1,8.4,10.0,6.7,5.8,7.2,4.8,ESTJ,Kinh tế & Quản lý,Marketing,3.8
STU7482,6.8,7.8,9.5,7.1,5.9,6.1,8.8,ESTP,Du lịch & Dịch vụ,Quản trị khách sạn,3.8
STU7576,6.2,8.9,8.7,6.2,5.0,6.2,8.1,ENFP,Du lịch & Dịch vụ,Quản trị dịch vụ du lịch và lữ hành,3.8
STU0988,9.6,5.3,5.6,7.0,9.3,9.2,7.0,INFJ,Y tế & Sức khỏe,Quản lý bệnh viện,3.9
STU2683,5.1,9.4,9.6,5.9,6.6,6.2,7.2,INFP,Ngôn ngữ & Văn hóa,Văn học,4.3
STU5048,5.8,10.0,8.4,5.7,6.3,5.7,9.8,ENTJ,Luật & Xã hội,Công tác xã hội,4.0
STU1641,6.0,5.5,4.9,5.5,4.2,4.5,5.9,ESTJ,Kinh tế & Quản lý,Kinh doanh quốc tế,2.6
STU1291,4.9,4.4,5.9,4.6,6.0,5.9,6.7,ISFP,Y tế & Sức khỏe,Kỹ thuật phục hồi chức năng,1.8
STU3682,5.5,5.2,6.3,5.9,4.7,7.0,5.2,INTP,Truyền thông & Báo chí,Thông tin - thư viện,2.8
STU1381,6.1,5.3,5.6,6.5,4.8,7.0,4.4,ENTJ,Kinh tế & Quản lý,Kinh tế quốc tế,1.0
STU1934,9.1,6.8,8.6,5.5,5.9,6.8,5.5,ENTP,Kinh tế & Quản lý,Kế toán,4.0
STU4676,5.6,9.9,7.6,7.0,7.0,5.6,9.2,INTJ,Luật & Xã hội,Xã hội học,4.4
STU6729,9.5,4.9,5.0,8.6,7.8,6.4,5.0,ESTJ,Xây dựng & Quy hoạch,Địa kỹ thuật xây dựng,4.5
STU3161,6.1,9.5,10.0,5.4,6.2,5.3,8.0,INFP,Ngôn ngữ & Văn hóa,Ngôn ngữ Hàn Quốc,4.5
STU2031,6.8,9.2,8.1,6.2,6.3,5.7,10.0,ESFJ,Sư phạm & Giáo dục,Sư phạm Ngữ văn,3.8
STU0893,9.7,5.9,6.0,6.7,9.0,9.3,5.8,ISFP,Y tế & Sức khỏe,Y học dự phòng,4.5
STU4877,6.3,10.0,9.0,5.4,6.3,5.3,8.2,ENTJ,Luật & Xã hội,Tâm lý học,5.6
STU4070,5.1,7.9,5.3,5.4,6.6,6.2,7.4,INFP,Nghệ thuật & Thiết kế,Điêu khắc,5.0
STU4256,6.7,7.6,5.6,5.8,6.1,6.6,8.1,INFJ,Nghệ thuật & Thiết kế,Đạo diễn Điện ảnh - Truyền hình,4.1
STU0003,9.4,5.3,8.0,8.9,6.0,5.3,7.2,ISTJ,Công nghệ Thông tin & Kỹ thuật Máy tính,Công nghệ thông tin,3.8
STU2110,5.9,8.8,8.9,6.8,6.6,4.4,9.5,ISFJ,Sư phạm & Giáo dục,Sư phạm Toán học,4.2
STU0850,9.7,5.6,6.9,6.4,8.0,8.6,4.8,INFJ,Y tế & Sức khỏe,Y học dự phòng,2.5
STU2738,6.6,6.9,5.5,5.7,3.9,4.3,5.0,ENFP,Ngôn ngữ & Văn hóa,Quốc tế học,2.5
STU2467,6.1,10.0,9.9,6.4,7.7,6.2,9.1,ESFJ,Sư phạm & Giáo dục,Sư phạm Tin học,3.9
STU1915,9.6,8.8,8.7,6.5,5.5,5.6,4.9,ESTP,Kinh tế & Quản lý,Kế toán,4.9
STU1597,8.8,7.8,9.4,5.6,6.3,5.6,6.0,ENTP,Kinh tế & Quản lý,Kinh doanh quốc tế,4.4
STU5873,8.2,5.2,5.7,10.0,7.4,4.9,6.8,INTJ,"Kỹ thuật, Cơ khí & Ô tô",Kỹ thuật cơ khí,4.8
STU1914,7.8,8.2,9.0,6.9,5.9,5.2,7.0,ENTJ,Kinh tế & Quản lý,Kinh doanh quốc tế,5.7
STU5140,6.8,9.2,8.2,5.4,6.6,4.7,10.0,INFJ,Luật & Xã hội,Công tác xã hội,4.3
STU7525,6.0,7.7,8.6,6.1,6.7,7.1,7.3,ESFP,Du lịch & Dịch vụ,Du lịch,4.7
STU5641,8.3,6.7,5.8,9.0,7.7,5.1,5.4,ESTP,"Kỹ thuật, Cơ khí & Ô tô",Robot và Trí tuệ nhân tạo,4.6
STU2737,5.5,9.1,10.0,6.1,6.1,6.8,9.0,ISFP,Ngôn ngữ & Văn hóa,Đông phương học,3.2
STU0727,9.3,5.1,5.6,6.3,8.8,9.0,5.0,ISFJ,Y tế & Sức khỏe,Kỹ thuật hình ảnh y học,4.0
STU0054,8.7,6.1,8.8,10.0,6.7,6.5,5.1,INTP,Công nghệ Thông tin & Kỹ thuật Máy tính,Thiết kế vi mạch,3.9
STU1797,9.2,8.0,10.0,5.6,6.7,6.1,6.9,ENTP,Kinh tế & Quản lý,Tài chính - Ngân hàng,5.0
STU3846,6.8,9.8,8.4,6.0,6.2,5.1,8.0,ENTP,Truyền thông & Báo chí,Truyền thông đại chúng,4.0
STU6008,7.2,6.2,5.5,6.7,8.6,10.0,6.4,ISFP,Nông nghiệp & Môi trường,Thú y,4.7
STU2554,7.6,7.7,7.7,6.2,5.6,5.5,9.5,ISFJ,Sư phạm & Giáo dục,Sư phạm Tiếng Anh,4.3
STU2801,5.5,9.1,9.9,4.7,6.7,6.5,8.5,ISFP,Ngôn ngữ & Văn hóa,Ngôn ngữ Anh,3.6
STU0937,9.5,7.0,6.3,6.6,7.7,9.5,6.4,INFJ,Y tế & Sức khỏe,Kỹ thuật hình ảnh y học,3.8
STU7061,5.5,6.8,5.5,4.2,6.1,6.8,4.7,INFP,Xây dựng & Quy hoạch,Công nghệ kỹ thuật công trình xây dựng,2.7
STU0825,8.5,5.0,6.8,6.6,9.7,10.0,7.2,ISTJ,Y tế & Sức khỏe,Điều dưỡng,4.4
STU4322,5.8,7.8,6.8,5.6,5.4,6.7,7.3,ISFP,Nghệ thuật & Thiết kế,Kiến trúc,3.8
STU3402,4.9,8.4,7.9,6.0,6.4,8.1,8.4,ENFP,Truyền thông & Báo chí,Truyền thông đa phương tiện,4.6
STU1390,9.2,7.5,8.6,6.0,6.4,6.5,6.1,ENTP,Kinh tế & Quản lý,Marketing,4.7
STU3565,5.6,9.4,8.2,6.7,6.5,5.7,6.5,ESFP,Truyền thông & Báo chí,Quan hệ công chúng,4.4
STU0885,9.3,6.2,7.3,5.2,9.2,8.3,6.7,ISFJ,Y tế & Sức khỏe,Điều dưỡng,3.8
STU5430,9.5,5.4,5.0,9.8,6.5,5.3,6.1,ESTP,"Kỹ thuật, Cơ khí & Ô tô",Kỹ thuật điều khiển và tự động hóa,3.6
STU5704,9.0,5.7,6.0,9.5,6.7,6.7,6.3,ISTJ,"Kỹ thuật, Cơ khí & Ô tô",Kỹ thuật điều khiển và tự động hóa,3.6
STU5691,8.5,5.2,6.0,8.8,7.8,4.7,6.7,ESTP,"Kỹ thuật, Cơ khí & Ô tô",Kỹ thuật cơ điện tử,4.5
STU4868,5.7,9.7,6.3,6.0,6.4,6.3,9.9,ENTJ,Luật & Xã hội,Luật quốc tế,4.2
STU1869,9.7,8.8,9.6,5.6,5.2,6.5,4.2,ESTJ,Kinh tế & Quản lý,Kiểm toán,4.7
STU5182,7.8,9.1,7.8,6.3,6.3,6.9,9.0,ISTJ,Luật & Xã hội,Xã hội học,3.0
STU0011,4.7,4.8,5.0,4.7,4.1,4.4,5.4,INTP,Công nghệ Thông tin & Kỹ thuật Máy tính,Công nghệ thông tin,3.4
STU3416,6.1,9.6,8.9,4.9,6.7,6.6,8.0,ENTP,Truyền thông & Báo chí,Truyền thông đa phương tiện,4.2
STU5422,8.7,5.5,6.7,8.2,7.3,6.6,5.4,ISTJ,"Kỹ thuật, Cơ khí & Ô tô",Kỹ thuật điện tử - viễn thông,4.7
STU1464,9.4,7.6,8.7,6.5,4.9,6.0,5.9,ENTP,Kinh tế & Quản lý,Marketing,3.0
STU0807,8.7,6.8,6.0,5.6,9.6,9.0,7.4,ISFJ,Y tế & Sức khỏe,Kỹ thuật hình ảnh y học,4.7
STU6522,7.3,5.5,6.2,5.4,10.0,9.2,5.3,ISTJ,Nông nghiệp & Môi trường,Thú y,4.5
STU6290,7.9,6.3,5.2,6.1,8.4,10.0,5.5,ISTJ,Nông nghiệp & Môi trường,Khoa học môi trường,3.8
STU4069,5.9,5.6,4.2,4.3,3.7,6.3,4.9,INTP,Nghệ thuật & Thiết kế,Kiến trúc,2.9
STU2109,6.6,8.6,9.5,4.7,5.7,6.9,10.0,ISFJ,Sư phạm & Giáo dục,Sư phạm Vật lý,4.9
STU6750,8.8,6.0,6.6,8.4,7.3,6.8,5.7,ISTP,Xây dựng & Quy hoạch,Địa kỹ thuật xây dựng,3.4
STU7921,6.9,8.8,10.0,6.5,6.4,6.6,8.7,ENFP,Du lịch & Dịch vụ,Quản trị nhà hàng và dịch vụ ăn uống,4.3
STU2235,7.3,9.5,9.8,6.1,6.1,5.6,9.0,ISFJ,Sư phạm & Giáo dục,Sư phạm Vật lý,3.7
STU0964,9.0,6.6,5.5,5.6,9.1,10.0,7.2,ISTJ,Y tế & Sức khỏe,Điều dưỡng,3.4
STU4495,6.7,7.7,5.9,6.4,4.8,5.8,8.0,INFP,Nghệ thuật & Thiết kế,Thiết kế đồ họa,4.3
STU2633,6.6,9.6,8.3,5.0,5.8,6.5,10.0,ENFJ,Sư phạm & Giáo dục,Sư phạm Tin học,3.8
STU6095,7.2,6.1,5.5,6.5,8.3,9.1,4.7,ISFJ,Nông nghiệp & Môi trường,Nuôi trồng thủy sản,4.3
STU0705,9.5,6.4,7.0,6.3,9.2,9.5,5.2,ISFP,Y tế & Sức khỏe,Điều dưỡng,3.6
STU0432,9.6,7.1,9.1,8.3,7.7,8.0,5.1,ISTP,Công nghệ Thông tin & Kỹ thuật Máy tính,Thiết kế vi mạch,5.3
STU4389,5.6,9.4,5.5,4.7,6.6,6.7,5.8,INFP,Nghệ thuật & Thiết kế,Thiết kế nội thất,4.2
STU6078,7.9,7.2,6.6,5.4,9.8,9.1,5.1,ISFP,Nông nghiệp & Môi trường,Công nghệ sau thu hoạch,4.8
STU0146,9.1,6.6,9.2,8.2,6.0,5.8,5.8,INTJ,Công nghệ Thông tin & Kỹ thuật Máy tính,Mạng máy tính và truyền thông dữ liệu,3.9
STU2034,7.6,9.5,9.5,6.3,6.5,5.7,9.3,ESFJ,Sư phạm & Giáo dục,Sư phạm Toán học,4.7
STU6712,4.0,6.6,6.4,5.8,4.5,5.5,5.6,ENTP,Xây dựng & Quy hoạch,Quản lý xây dựng,3.9
STU1166,10.0,5.4,6.6,5.7,9.0,9.4,6.0,ISTJ,Y tế & Sức khỏe,Răng - Hàm - Mặt,4.3
STU3501,7.0,9.3,7.7,6.0,5.4,6.5,8.8,ENTP,Truyền thông & Báo chí,Quan hệ công chúng,5.3
STU2051,6.9,8.1,8.9,6.7,6.3,4.7,10.0,ENFJ,Sư phạm & Giáo dục,Sư phạm Toán học,5.4
STU3761,4.8,9.3,9.0,6.8,5.2,5.9,9.7,ENFP,Truyền thông & Báo chí,Quan hệ công chúng,4.3
STU2625,7.0,10.0,9.6,5.7,7.0,4.4,9.2,ISFJ,Sư phạm & Giáo dục,Giáo dục Tiểu học,4.8
STU4485,6.9,8.5,5.5,5.6,4.2,5.7,6.9,INFP,Nghệ thuật & Thiết kế,Kiến trúc,4.0
STU4436,6.1,9.4,6.1,6.7,4.5,5.2,8.1,INFP,Nghệ thuật & Thiết kế,Thiết kế đồ họa,4.2
STU6373,8.4,5.8,5.0,5.3,9.0,9.7,4.8,ISFP,Nông nghiệp & Môi trường,Khoa học cây trồng,3.8
STU6203,7.5,5.1,6.3,4.7,7.8,7.2,5.1,INFP,Nông nghiệp & Môi trường,Nông nghiệp,4.5
STU4362,6.5,8.2,5.7,6.9,6.0,7.3,6.9,ISFP,Nghệ thuật & Thiết kế,Kiến trúc,5.4
STU2425,6.8,9.6,8.7,6.5,5.5,5.1,9.5,ESFJ,Sư phạm & Giáo dục,Sư phạm Vật lý,5.0
STU1263,9.3,7.0,5.7,6.0,10.0,9.1,5.1,ISFJ,Y tế & Sức khỏe,Dược học,4.4
STU1772,8.4,9.6,10.0,5.6,7.0,7.1,6.5,ENTJ,Kinh tế & Quản lý,Kinh tế quốc tế,4.5
STU3512,6.5,9.1,9.5,5.3,5.5,7.3,7.4,ENFP,Truyền thông & Báo chí,Báo chí,4.0
STU0272,9.4,5.9,8.3,8.1,6.6,6.2,6.4,ISTP,Công nghệ Thông tin & Kỹ thuật Máy tính,Thiết kế vi mạch,4.9
STU4793,5.3,9.9,7.6,6.6,6.4,6.6,8.1,ENTJ,Luật & Xã hội,Luật quốc tế,3.7
STU7956,6.2,7.6,9.3,4.4,8.0,6.4,8.8,ESFP,Du lịch & Dịch vụ,Quản lý thể dục thể thao,5.0
STU0245,9.3,6.0,8.8,10.0,6.6,5.9,7.0,ENTP,Công nghệ Thông tin & Kỹ thuật Máy tính,Khoa học Máy tính,5.9
STU7744,5.1,7.9,7.6,6.4,6.3,6.9,8.9,ESFP,Du lịch & Dịch vụ,Quản trị khách sạn,5.6
STU4573,6.2,7.7,5.8,6.3,7.6,5.5,7.2,INFP,Nghệ thuật & Thiết kế,Đạo diễn Điện ảnh - Truyền hình,4.7
STU2033,6.7,9.3,8.2,6.0,6.6,6.4,9.4,INFJ,Sư phạm & Giáo dục,Sư phạm Toán học,4.2
STU7367,5.9,7.5,8.5,6.1,5.9,6.6,9.3,ESFP,Du lịch & Dịch vụ,Quản lý thể dục thể thao,4.1
STU6322,6.9,6.1,5.4,6.2,9.1,7.9,5.1,INFP,Nông nghiệp & Môi trường,Công nghệ thực phẩm,3.6
STU0814,9.5,6.7,4.9,6.8,9.9,8.5,6.0,INFJ,Y tế & Sức khỏe,Y đa khoa,3.8
STU6011,8.1,5.6,6.3,6.5,9.0,8.7,6.3,ISFP,Nông nghiệp & Môi trường,Khoa học cây trồng,4.4
STU3811,7.0,9.3,8.3,5.3,6.4,6.2,7.9,ENTP,Truyền thông & Báo chí,Công nghệ truyền thông,5.0
STU7938,7.3,7.8,8.3,6.0,6.4,7.2,8.6,ENFP,Du lịch & Dịch vụ,Quản trị khách sạn,3.3
STU7927,6.2,7.2,7.6,7.0,7.1,6.9,7.8,ESFP,Du lịch & Dịch vụ,Quản trị khách sạn,3.9
STU6495,5.9,5.5,6.8,4.3,10.0,9.7,6.4,INFP,Nông nghiệp & Môi trường,Nuôi trồng thủy sản,5.0
STU1805,10.0,9.6,9.9,4.6,6.4,5.8,5.2,ENTP,Kinh tế & Quản lý,Tài chính - Ngân hàng,4.6
STU6795,8.0,5.4,5.7,8.2,6.0,7.8,7.2,ISTP,Xây dựng & Quy hoạch,Quản lý xây dựng,4.2
STU4347,6.3,4.1,5.4,6.0,6.9,6.1,4.8,ISFP,Nghệ thuật & Thiết kế,Thiết kế nội thất,3.9
STU2462,6.5,8.7,9.6,4.8,6.7,5.2,9.1,ESFJ,Sư phạm & Giáo dục,Tâm lý học giáo dục,4.7
STU0546,9.1,5.2,8.1,8.4,8.4,5.1,7.5,INTP,Công nghệ Thông tin & Kỹ thuật Máy tính,Thiết kế vi mạch,3.6
STU3242,5.0,9.6,10.0,6.5,5.8,5.9,8.1,ISFP,Ngôn ngữ & Văn hóa,Ngôn ngữ Anh,3.3
STU0739,9.0,5.2,4.8,5.4,9.6,8.9,6.6,INFJ,Y tế & Sức khỏe,Quản lý bệnh viện,4.5
STU0311,8.1,4.3,7.8,7.8,7.3,5.2,6.6,INTP,Công nghệ Thông tin & Kỹ thuật Máy tính,Mạng máy tính và truyền thông dữ liệu,3.3
STU3522,6.8,9.5,9.5,6.2,5.7,6.4,9.4,ENTP,Truyền thông & Báo chí,Lưu trữ học,4.8
STU1132,9.0,6.1,5.0,5.3,9.9,8.6,6.3,ISTJ,Y tế & Sức khỏe,Dược học,3.8
STU5546,9.4,5.3,5.9,9.5,8.8,7.3,6.4,ISTJ,"Kỹ thuật, Cơ khí & Ô tô",Kỹ thuật điện tử - viễn thông,5.5
STU7865,6.9,7.1,8.8,6.1,6.3,6.6,8.0,ESFJ,Du lịch & Dịch vụ,Quản trị nhà hàng và dịch vụ ăn uống,5.0
STU4112,6.0,8.2,5.9,6.6,5.6,6.6,6.9,INFJ,Nghệ thuật & Thiết kế,Thanh nhạc,3.4
STU2770,6.3,7.7,9.7,6.7,6.1,5.5,6.8,INTP,Ngôn ngữ & Văn hóa,Ngôn ngữ học,4.4
STU0921,9.4,7.7,6.3,5.6,8.7,8.3,5.2,ISFJ,Y tế & Sức khỏe,Quản lý bệnh viện,5.6
STU7777,7.0,7.7,9.4,6.2,6.3,6.1,8.9,ESFJ,Du lịch & Dịch vụ,Du lịch,4.9
STU3588,5.4,8.9,10.0,6.8,5.6,5.1,8.1,ESFP,Truyền thông & Báo chí,Lưu trữ học,4.0
STU3960,5.5,8.5,7.6,7.1,5.8,6.8,8.2,ENTP,Truyền thông & Báo chí,Lưu trữ học,4.1
STU0039,8.4,6.5,8.0,7.7,7.8,6.1,4.9,ISTJ,Công nghệ Thông tin & Kỹ thuật Máy tính,Khoa học dữ liệu,4.3
STU4460,5.4,9.1,6.3,5.9,6.7,5.6,8.0,ISFP,Nghệ thuật & Thiết kế,Đạo diễn Điện ảnh - Truyền hình,5.1
STU4279,5.2,9.6,6.9,5.4,5.7,6.6,6.5,INFP,Nghệ thuật & Thiết kế,Thiết kế nội thất,3.5
STU2984,7.1,4.9,4.5,6.6,7.4,6.1,5.1,INFP,Ngôn ngữ & Văn hóa,Ngôn ngữ Nhật,1.9
STU5291,5.9,9.3,7.9,5.2,5.0,7.1,8.7,INFJ,Luật & Xã hội,Tâm lý học,4.7
STU7973,6.1,6.3,8.6,6.2,4.3,7.4,8.2,ESFP,Du lịch & Dịch vụ,Quản trị dịch vụ du lịch và lữ hành,3.8
STU5218,5.5,9.4,8.1,7.0,5.8,7.1,9.2,INTJ,Luật & Xã hội,Công tác xã hội,4.9
STU2668,6.7,8.4,9.3,6.4,5.5,5.7,7.8,ISFP,Ngôn ngữ & Văn hóa,Ngôn ngữ Trung Quốc,5.2
STU3224,7.7,7.9,9.5,5.8,7.1,5.7,8.1,ISFP,Ngôn ngữ & Văn hóa,Quốc tế học,5.1
STU1183,10.0,7.5,6.6,5.8,10.0,10.0,6.0,INFJ,Y tế & Sức khỏe,Dược học,3.8
STU7256,8.9,6.2,6.1,9.4,5.6,5.4,6.6,ISTJ,Xây dựng & Quy hoạch,Quản lý xây dựng,5.1
STU0615,3.7,5.2,6.0,4.8,4.2,5.6,5.9,INTP,Công nghệ Thông tin & Kỹ thuật Máy tính,Mạng máy tính và truyền thông dữ liệu,2.0
STU7843,5.1,6.6,7.5,6.1,5.5,7.6,8.3,ESFJ,Du lịch & Dịch vụ,Quản trị nhà hàng và dịch vụ ăn uống,3.0
STU1467,8.6,8.3,8.5,6.4,6.9,5.1,5.6,ESTJ,Kinh tế & Quản lý,Kiểm toán,4.4
STU4498,6.3,8.6,6.2,4.5,5.7,6.4,7.0,INFP,Nghệ thuật & Thiết kế,Hội họa,4.8
STU3043,5.3,8.0,9.7,6.3,5.1,6.3,8.5,ISFP,Ngôn ngữ & Văn hóa,Tiếng Việt và văn hoá Việt Nam,4.1
STU0935,9.5,6.0,6.1,6.2,8.4,10.0,6.2,ISFP,Y tế & Sức khỏe,Điều dưỡng,4.4
STU2420,7.3,9.4,8.1,5.6,5.7,6.8,9.5,ENFJ,Sư phạm & Giáo dục,Sư phạm Ngữ văn,3.5
STU5086,5.1,10.0,8.5,5.3,5.9,7.1,8.5,INTJ,Luật & Xã hội,Luật,4.5
STU7215,7.1,6.7,7.0,8.8,6.4,7.0,6.2,ISTP,Xây dựng & Quy hoạch,Công nghệ kỹ thuật công trình xây dựng,4.7
STU6483,8.2,5.2,6.0,5.2,8.7,9.4,7.2,ISFJ,Nông nghiệp & Môi trường,Khoa học cây trồng,4.3
STU4823,5.6,8.9,8.3,5.4,6.3,7.1,9.3,INTJ,Luật & Xã hội,Xã hội học,4.7
STU0827,9.3,5.7,6.9,5.7,9.5,9.6,6.2,INFJ,Y tế & Sức khỏe,Điều dưỡng,4.3
STU1522,8.5,7.7,8.9,6.9,6.1,4.3,7.0,ESTP,Kinh tế & Quản lý,Kiểm toán,4.6
STU2931,6.9,9.0,10.0,6.2,6.7,6.6,6.9,INFP,Ngôn ngữ & Văn hóa,Đông phương học,5.5
STU4233,7.6,8.3,5.1,6.2,6.4,5.3,8.5,ISFP,Nghệ thuật & Thiết kế,Thiết kế nội thất,4.8
STU0629,9.2,6.3,7.8,9.0,7.1,6.3,7.9,ISTP,Công nghệ Thông tin & Kỹ thuật Máy tính,An toàn thông tin,4.7
STU4431,5.0,8.5,4.7,6.8,5.0,5.5,8.8,ISFP,Nghệ thuật & Thiết kế,Đạo diễn Điện ảnh - Truyền hình,4.4
STU3854,6.6,9.6,9.3,7.4,5.6,6.7,8.4,ENTP,Truyền thông & Báo chí,Truyền thông đa phương tiện,3.5
STU0391,8.9,7.1,8.1,8.5,6.8,5.7,6.6,INTP,Công nghệ Thông tin & Kỹ thuật Máy tính,Mạng máy tính và truyền thông dữ liệu,4.3
STU4346,5.5,8.6,7.5,5.9,4.8,5.5,7.5,INFP,Nghệ thuật & Thiết kế,Kiến trúc,5.1
STU7781,5.9,8.0,8.0,5.7,6.2,6.4,9.4,ESTP,Du lịch & Dịch vụ,Quản trị dịch vụ du lịch và lữ hành,3.6
STU5914,10.0,5.2,8.0,9.6,8.1,6.6,6.8,ISTJ,"Kỹ thuật, Cơ khí & Ô tô",Kỹ thuật điện tử - viễn thông,4.1
STU3991,6.8,8.2,8.0,5.5,5.8,7.1,9.0,ENFP,Truyền thông & Báo chí,Quan hệ công chúng,3.6
STU0401,8.7,5.1,9.7,9.1,7.4,4.5,5.3,INTJ,Công nghệ Thông tin & Kỹ thuật Máy tính,Khoa học Máy tính,4.5
STU4807,5.2,9.2,7.3,6.6,4.9,5.7,10.0,ISTJ,Luật & Xã hội,Tâm lý học,3.3
STU5136,6.7,10.0,7.2,5.3,6.6,5.4,8.3,ISTJ,Luật & Xã hội,Xã hội học,3.4
STU6464,7.4,5.4,4.9,5.4,9.7,9.2,7.4,ISFJ,Nông nghiệp & Môi trường,Công nghệ sau thu hoạch,4.7
STU3360,7.0,9.3,7.5,5.3,5.7,5.2,7.5,ESFP,Truyền thông & Báo chí,Báo chí,4.7
STU0047,9.3,6.0,8.8,8.3,6.4,6.0,5.3,ISTJ,Công nghệ Thông tin & Kỹ thuật Máy tính,Khoa học dữ liệu,5.5
STU5658,9.1,6.4,7.0,9.8,8.2,5.8,6.9,ISTJ,"Kỹ thuật, Cơ khí & Ô tô",Robot và Trí tuệ nhân tạo,4.0
STU7660,4.9,7.8,10.0,5.2,4.5,6.9,8.1,ESFP,Du lịch & Dịch vụ,Quản trị nhà hàng và dịch vụ ăn uống,4.1
STU7877,6.7,8.9,9.5,6.6,6.3,5.9,8.4,ESFJ,Du lịch & Dịch vụ,Quản trị dịch vụ du lịch và lữ hành,4.6
STU3643,5.6,9.2,9.7,7.1,6.5,5.9,8.3,ENFP,Truyền thông & Báo chí,Thông tin - thư viện,4.9
STU3727,4.6,9.3,8.7,4.8,4.5,5.9,6.8,ESFP,Truyền thông & Báo chí,Truyền thông đa phương tiện,4.1
STU7317,8.0,5.4,6.3,8.9,5.8,6.1,5.7,ISTP,Xây dựng & Quy hoạch,Địa kỹ thuật xây dựng,4.4
STU5209,6.9,9.4,8.0,6.5,4.9,5.9,9.0,ENTJ,Luật & Xã hội,Quản lý nhà nước,5.0
STU5320,4.9,9.0,6.5,5.5,5.3,6.6,10.0,ISTJ,Luật & Xã hội,Chính trị học,4.0
STU7748,6.1,7.9,8.0,7.2,4.7,5.7,7.7,ESTP,Du lịch & Dịch vụ,Du lịch,5.3
STU2422,6.7,9.4,8.9,7.3,5.7,7.3,9.7,INFJ,Sư phạm & Giáo dục,Sư phạm Tin học,4.2
STU5605,6.8,3.8,6.1,6.2,6.8,4.6,4.3,ISFP,"Kỹ thuật, Cơ khí & Ô tô",Kỹ thuật điện,3.5
STU1751,9.8,9.0,9.0,5.7,6.5,4.9,5.5,ESTP,Kinh tế & Quản lý,Kế toán,4.5
STU7718,6.2,9.0,9.8,5.8,6.8,6.5,8.4,ENFP,Du lịch & Dịch vụ,Du lịch,4.7
STU6551,8.7,6.1,5.1,5.6,9.0,10.0,5.3,ISFJ,Nông nghiệp & Môi trường,Nuôi trồng thủy sản,4.3
STU4063,5.1,7.8,5.2,5.9,5.3,6.1,7.5,ISFP,Nghệ thuật & Thiết kế,Thiết kế công nghiệp,3.6
STU7559,4.9,7.7,8.0,6.2,6.1,6.2,7.6,ESFJ,Du lịch & Dịch vụ,Quản lý thể dục thể thao,3.6
STU0339,8.9,5.9,10.0,9.9,6.9,4.8,6.1,ISTP,Công nghệ Thông tin & Kỹ thuật Máy tính,Khoa học Máy tính,4.0
STU0216,10.0,6.6,9.6,8.3,6.9,5.3,6.3,ISTJ,Công nghệ Thông tin & Kỹ thuật Máy tính,An toàn thông tin,4.0
STU3664,6.3,9.0,9.4,6.8,7.1,6.0,8.4,ESFP,Truyền thông & Báo chí,Quan hệ công chúng,3.9
STU1342,9.7,8.1,7.2,7.0,4.6,6.3,5.9,ENTP,Kinh tế & Quản lý,Marketing,3.9
STU7310,8.2,5.5,6.0,9.0,6.9,6.4,5.6,ISTP,Xây dựng & Quy hoạch,Kinh tế xây dựng,5.4
STU7954,4.2,7.5,7.7,5.7,6.0,6.3,8.2,ENFP,Du lịch & Dịch vụ,Quản trị nhà hàng và dịch vụ ăn uống,4.4
STU3895,6.1,9.3,8.1,6.4,7.5,6.6,8.0,ENTP,Truyền thông & Báo chí,Thông tin - thư viện,4.3
STU3641,6.2,8.4,10.0,6.6,4.5,5.0,7.5,ENFP,Truyền thông & Báo chí,Báo chí,4.6
STU0330,9.9,4.6,9.3,8.2,8.0,5.4,6.7,ENTP,Công nghệ Thông tin & Kỹ thuật Máy tính,An toàn thông tin,4.5
STU7452,6.5,4.3,7.6,4.6,4.1,8.0,5.8,ISTP,Du lịch & Dịch vụ,Quản lý thể dục thể thao,2.5
STU3005,5.2,6.1,6.5,6.9,7.6,6.2,5.2,ESTJ,Ngôn ngữ & Văn hóa,Ngôn ngữ Trung Quốc,3.1
STU7628,6.5,7.9,8.7,7.3,5.7,5.8,9.0,ESTP,Du lịch & Dịch vụ,Quản trị khách sạn,4.6
STU3116,4.7,5.5,6.7,6.2,5.5,6.8,4.0,INFJ,Ngôn ngữ & Văn hóa,Văn học,2.4
STU7721,5.8,7.2,10.0,4.7,5.4,7.4,7.5,ENFP,Du lịch & Dịch vụ,Quản trị khách sạn,6.1
STU2323,6.7,9.4,10.0,5.6,6.2,7.3,9.3,ISFJ,Sư phạm & Giáo dục,Sư phạm Tiếng Anh,4.9
STU4198,6.2,9.0,5.3,5.8,6.2,6.2,9.1,ISFP,Nghệ thuật & Thiết kế,Thanh nhạc,5.3
STU3550,6.0,9.4,8.8,5.8,6.6,5.6,7.9,ENTP,Truyền thông & Báo chí,Lưu trữ học,4.9
STU1459,9.3,8.2,9.5,6.9,5.9,5.5,6.0,ENTJ,Kinh tế & Quản lý,Thương mại điện tử,3.9
STU0172,9.2,6.8,9.2,10.0,7.6,6.9,5.8,ISTJ,Công nghệ Thông tin & Kỹ thuật Máy tính,Kỹ thuật phần mềm,4.3
STU4204,6.0,9.7,6.2,6.8,5.5,5.4,8.2,INFP,Nghệ thuật & Thiết kế,Đạo diễn Điện ảnh - Truyền hình,4.0
STU6698,8.7,6.9,6.2,9.0,7.0,6.7,6.0,ESTJ,Xây dựng & Quy hoạch,Công nghệ kỹ thuật công trình xây dựng,4.6
STU3570,5.6,8.2,8.7,6.1,5.8,6.6,8.5,ENFP,Truyền thông & Báo chí,Truyền thông đại chúng,3.7
STU4227,5.6,7.5,6.1,6.3,6.8,6.5,6.8,INFP,Nghệ thuật & Thiết kế,Thiết kế đồ họa,3.4
STU5159,5.1,9.9,8.9,6.3,7.0,4.6,8.0,ENTJ,Luật & Xã hội,Tâm lý học,4.4
STU6525,8.8,5.8,6.7,5.4,8.9,9.1,4.8,ISFJ,Nông nghiệp & Môi trường,Nuôi trồng thủy sản,4.4
STU6186,8.0,5.6,6.8,6.0,7.3,9.6,6.7,ISFJ,Nông nghiệp & Môi trường,Lâm nghiệp đô thị,5.7
STU7170,8.8,5.7,5.6,8.6,7.7,8.1,6.2,ISTP,Xây dựng & Quy hoạch,Kỹ thuật cấp thoát nước,3.8
STU0939,8.3,5.7,5.9,6.6,9.0,9.2,5.7,ISFP,Y tế & Sức khỏe,Y học cổ truyền,5.0
STU0061,10.0,5.5,8.4,10.0,6.2,6.2,6.5,ISTP,Công nghệ Thông tin & Kỹ thuật Máy tính,Khoa học dữ liệu,3.9
STU1241,9.4,7.2,6.0,6.1,8.2,8.6,4.9,ISTJ,Y tế & Sức khỏe,Y học dự phòng,4.5
STU5761,8.7,5.1,6.6,9.9,7.1,6.0,6.6,INTJ,"Kỹ thuật, Cơ khí & Ô tô",Kỹ thuật điều khiển và tự động hóa,5.1
STU5137,5.9,10.0,7.3,5.4,5.4,5.3,9.4,ENTJ,Luật & Xã hội,Chính trị học,5.1
STU6683,8.6,6.2,6.9,9.5,7.9,5.4,5.5,ISTP,Xây dựng & Quy hoạch,Kỹ thuật cấp thoát nước,5.8
STU2121,7.6,9.3,8.7,5.6,6.2,6.6,8.8,ESFJ,Sư phạm & Giáo dục,Sư phạm Vật lý,4.7
STU1525,7.2,8.0,8.0,6.9,6.0,5.5,5.2,ENTP,Kinh tế & Quản lý,Thương mại điện tử,5.0
STU0154,9.7,4.6,9.5,8.9,8.2,6.6,5.4,ISTP,Công nghệ Thông tin & Kỹ thuật Máy tính,Công nghệ thông tin,4.9
STU0482,9.5,6.0,8.3,9.2,6.3,4.9,6.2,ENTP,Công nghệ Thông tin & Kỹ thuật Máy tính,Khoa học Máy tính,4.2
STU6123,5.8,4.7,4.5,5.6,9.2,9.8,5.1,INFP,Nông nghiệp & Môi trường,Lâm nghiệp đô thị,4.4
STU4461,5.8,7.6,6.7,7.5,6.9,7.1,6.4,INFJ,Nghệ thuật & Thiết kế,Kiến trúc,4.1
STU3921,6.5,9.5,7.5,5.7,6.5,5.5,8.0,ENFP,Truyền thông & Báo chí,Công nghệ truyền thông,4.4
STU1763,9.3,8.0,8.5,5.7,5.3,5.5,5.9,ESTJ,Kinh tế & Quản lý,Marketing,4.7
STU0751,8.8,5.3,6.3,6.5,8.5,9.2,4.8,ISFJ,Y tế & Sức khỏe,Y đa khoa,3.7
STU1786,9.6,7.9,8.7,7.0,5.1,4.9,6.3,ENTP,Kinh tế & Quản lý,Kinh tế,4.8
STU6650,7.9,5.7,6.7,5.3,8.7,9.5,6.6,ISFP,Nông nghiệp & Môi trường,Nông nghiệp,5.3
STU6213,7.0,7.4,6.8,5.8,9.0,8.5,6.3,INFP,Nông nghiệp & Môi trường,Công nghệ sinh học,4.8
STU4502,6.5,7.6,5.4,5.5,5.2,7.5,6.5,INFP,Nghệ thuật & Thiết kế,Thiết kế thời trang,3.8
STU4854,6.0,8.9,7.7,5.0,5.6,7.0,9.7,ENTJ,Luật & Xã hội,Công tác xã hội,4.3
STU2712,6.2,7.9,8.2,7.5,5.7,6.1,8.4,INTP,Ngôn ngữ & Văn hóa,Ngôn ngữ Anh,4.4
STU6466,7.2,5.1,5.6,6.7,10.0,9.6,6.4,ISTJ,Nông nghiệp & Môi trường,Nông nghiệp,3.8
STU4194,6.7,7.4,6.2,6.8,4.5,4.5,7.0,ISFP,Nghệ thuật & Thiết kế,Hội họa,4.1
STU1334,7.6,7.7,7.9,5.3,6.0,4.9,5.3,ESTJ,Kinh tế & Quản lý,Marketing,5.3
STU7118,8.2,6.2,5.0,8.6,7.3,6.8,4.7,ISTP,Xây dựng & Quy hoạch,Kỹ thuật xây dựng,4.1
STU2855,5.9,8.1,9.0,6.9,6.0,6.3,8.4,ISFP,Ngôn ngữ & Văn hóa,Ngôn ngữ Hàn Quốc,5.6
STU0187,9.2,5.2,8.8,7.6,7.5,4.9,5.0,ISTJ,Công nghệ Thông tin & Kỹ thuật Máy tính,Kỹ thuật phần mềm,3.8
STU1137,9.4,4.7,5.8,5.4,10.0,9.6,6.0,ISFJ,Y tế & Sức khỏe,Kỹ thuật hình ảnh y học,4.8
STU2059,7.1,9.3,9.6,6.0,7.3,6.0,9.8,INFJ,Sư phạm & Giáo dục,Giáo dục Mầm non,3.9
STU6706,8.3,6.7,6.2,8.1,7.1,8.1,5.1,ESTJ,Xây dựng & Quy hoạch,Quản lý xây dựng,5.0
STU6700,8.2,5.9,5.3,7.8,8.4,4.9,6.6,ISTP,Xây dựng & Quy hoạch,Công nghệ kỹ thuật công trình xây dựng,5.9
STU0149,9.1,5.9,6.6,7.6,8.0,6.2,7.2,ENTP,Công nghệ Thông tin & Kỹ thuật Máy tính,Thiết kế vi mạch,4.9
STU4125,6.2,9.6,5.0,6.7,5.5,5.6,6.9,ISFP,Nghệ thuật & Thiết kế,Thiết kế nội thất,4.0
STU4890,5.2,9.1,8.4,5.6,7.2,6.8,9.2,ENTJ,Luật & Xã hội,Quản lý nhà nước,4.6
STU6478,7.3,5.8,5.9,4.5,8.6,9.1,5.6,INFP,Nông nghiệp & Môi trường,Khoa học môi trường,4.1
STU3364,5.9,8.6,8.1,5.7,7.1,6.7,7.6,ENFP,Truyền thông & Báo chí,Lưu trữ học,3.5
STU4789,6.5,9.3,7.8,6.2,5.4,6.2,8.4,ISTJ,Luật & Xã hội,Luật,4.2
STU2867,5.4,9.4,9.6,6.2,6.1,5.7,8.2,INFP,Ngôn ngữ & Văn hóa,Quốc tế học,3.4
STU3777,5.3,10.0,9.6,5.4,6.9,5.7,7.5,ENTP,Truyền thông & Báo chí,Thông tin - thư viện,5.0
STU1387,8.8,8.7,8.7,6.2,7.5,6.6,4.8,ENTJ,Kinh tế & Quản lý,Quản trị kinh doanh,4.1
STU5942,8.9,6.7,6.9,9.5,7.2,5.6,5.0,INTJ,"Kỹ thuật, Cơ khí & Ô tô",Kỹ thuật cơ điện tử,5.0
STU7548,5.4,7.2,9.4,6.8,6.7,5.6,7.6,ESFJ,Du lịch & Dịch vụ,Quản trị nhà hàng và dịch vụ ăn uống,4.7
STU7466,6.7,7.3,9.7,6.6,6.0,5.1,7.3,ESTP,Du lịch & Dịch vụ,Quản trị dịch vụ du lịch và lữ hành,4.2
STU5696,9.0,5.4,5.7,9.3,8.5,4.8,5.3,INTJ,"Kỹ thuật, Cơ khí & Ô tô",Kỹ thuật cơ khí,4.7
STU3630,5.1,10.0,9.8,5.8,6.2,4.9,6.2,ESFP,Truyền thông & Báo chí,Truyền thông đa phương tiện,3.5
STU7192,9.0,4.5,7.0,9.5,7.2,6.8,5.1,ESTJ,Xây dựng & Quy hoạch,Địa kỹ thuật xây dựng,5.1
STU4798,5.3,8.9,8.1,7.0,5.7,5.6,9.4,INTJ,Luật & Xã hội,Luật kinh tế,5.3
STU3029,5.2,8.1,8.6,5.2,5.6,5.3,9.0,ISFP,Ngôn ngữ & Văn hóa,Đông phương học,4.7
STU2970,5.4,9.0,9.8,4.4,5.6,6.6,6.9,ISFP,Ngôn ngữ & Văn hóa,Đông phương học,4.1
STU6954,8.4,6.8,6.7,9.4,6.3,5.7,5.6,ISTP,Xây dựng & Quy hoạch,Công nghệ kỹ thuật công trình xây dựng,4.2
STU1709,8.5,8.9,8.4,5.7,5.1,4.6,6.6,ESTJ,Kinh tế & Quản lý,Quản trị kinh doanh,3.9
STU2954,6.5,8.7,8.8,6.3,6.6,6.6,6.9,INFP,Ngôn ngữ & Văn hóa,Ngôn ngữ Hàn Quốc,4.8
STU0455,10.0,6.9,7.2,10.0,5.5,6.7,5.2,INTJ,Công nghệ Thông tin & Kỹ thuật Máy tính,Thiết kế vi mạch,4.2
STU6137,6.9,6.0,6.9,7.3,7.9,9.7,5.0,ISTJ,Nông nghiệp & Môi trường,Công nghệ sinh học,4.1
STU6687,9.7,6.3,6.6,9.2,5.8,6.2,5.1,ISTJ,Xây dựng & Quy hoạch,Kỹ thuật cấp thoát nước,4.5
STU0610,9.7,6.2,8.6,7.4,7.2,5.9,6.4,INTP,Công nghệ Thông tin & Kỹ thuật Máy tính,Mạng máy tính và truyền thông dữ liệu,4.7
STU4264,5.9,9.0,7.0,6.5,7.5,4.9,7.6,INFP,Nghệ thuật & Thiết kế,Thiết kế công nghiệp,3.9
STU4827,4.7,9.0,7.3,6.2,6.7,5.9,9.7,ENTJ,Luật & Xã hội,Luật quốc tế,4.8
STU6781,9.0,5.7,4.9,9.3,6.3,5.1,5.2,ESTJ,Xây dựng & Quy hoạch,Công nghệ kỹ thuật công trình xây dựng,3.3
STU2075,7.7,8.9,8.8,5.5,5.7,6.3,9.4,INFJ,Sư phạm & Giáo dục,Tâm lý học giáo dục,4.3
STU4053,4.6,9.0,5.8,4.8,4.9,6.7,7.8,INFJ,Nghệ thuật & Thiết kế,Thiết kế nội thất,4.9
STU6502,6.9,6.2,5.3,6.0,8.7,8.4,4.6,ISFP,Nông nghiệp & Môi trường,Công nghệ thực phẩm,3.7
STU1623,10.0,8.5,8.9,5.8,7.4,7.1,6.5,ESTJ,Kinh tế & Quản lý,Kiểm toán,5.0
STU4684,6.1,9.9,7.8,6.1,6.2,5.6,8.7,ISTJ,Luật & Xã hội,Xã hội học,5.2
STU5498,8.6,7.6,5.3,9.5,7.6,5.8,4.6,ISTJ,"Kỹ thuật, Cơ khí & Ô tô",Kỹ thuật điều khiển và tự động hóa,4.7
STU5797,8.9,7.0,4.9,8.3,8.3,6.8,5.8,ISTJ,"Kỹ thuật, Cơ khí & Ô tô",Kỹ thuật điện tử - viễn thông,4.6
STU7007,10.0,6.5,6.0,9.5,8.0,5.8,5.7,ISTJ,Xây dựng & Quy hoạch,Địa kỹ thuật xây dựng,4.1
STU0041,9.6,7.3,7.8,9.9,8.1,6.0,5.2,ISTP,Công nghệ Thông tin & Kỹ thuật Máy tính,Khoa học Máy tính,3.8
STU5476,6.1,4.3,4.5,6.1,4.4,6.0,4.6,INFJ,"Kỹ thuật, Cơ khí & Ô tô",Kỹ thuật cơ khí,3.5
STU2090,6.5,8.4,9.6,6.8,6.1,5.3,9.0,INFJ,Sư phạm & Giáo dục,Sư phạm Toán học,3.5
STU3925,7.5,8.8,7.9,5.7,4.6,5.2,7.8,ESFP,Truyền thông & Báo chí,Truyền thông đại chúng,4.8
STU2176,6.3,10.0,8.6,6.3,5.2,7.3,9.7,ENFJ,Sư phạm & Giáo dục,Sư phạm Vật lý,4.0
STU0075,9.8,6.8,7.7,9.8,8.4,5.8,6.0,ISTJ,Công nghệ Thông tin & Kỹ thuật Máy tính,Thiết kế vi mạch,5.0
STU6401,8.0,7.7,6.2,4.5,7.8,9.5,5.8,INFP,Nông nghiệp & Môi trường,Công nghệ sinh học,5.1
STU7880,5.2,8.8,7.8,6.1,6.3,6.6,8.4,ESFP,Du lịch & Dịch vụ,Quản trị dịch vụ du lịch và lữ hành,3.6
STU2658,5.5,9.5,9.7,5.1,4.1,5.3,9.1,ISFJ,Sư phạm & Giáo dục,Giáo dục Tiểu học,5.2
STU3181,6.3,7.3,9.3,5.2,5.7,6.6,7.3,INFP,Ngôn ngữ & Văn hóa,Ngôn ngữ Anh,4.0
STU2077,6.3,9.4,9.5,6.5,4.6,6.2,9.1,ISFJ,Sư phạm & Giáo dục,Sư phạm Tiếng Anh,4.1
STU0442,9.5,6.4,8.1,9.6,6.9,5.8,6.2,INTJ,Công nghệ Thông tin & Kỹ thuật Máy tính,Kỹ thuật phần mềm,4.3
STU2052,6.1,8.9,8.7,7.2,5.4,6.9,10.0,INFJ,Sư phạm & Giáo dục,Sư phạm Vật lý,4.4
STU2542,8.4,9.0,8.8,7.1,5.7,4.8,9.4,ENFJ,Sư phạm & Giáo dục,Sư phạm Vật lý,3.6
STU1302,10.0,6.0,5.9,5.3,10.0,8.6,7.4,ISTJ,Y tế & Sức khỏe,Kỹ thuật hình ảnh y học,4.8
STU7350,6.0,8.3,8.7,6.9,5.3,6.8,9.5,ESFP,Du lịch & Dịch vụ,Quản trị nhà hàng và dịch vụ ăn uống,4.3
STU3431,6.2,9.8,8.5,7.1,5.9,6.3,9.1,ENTP,Truyền thông & Báo chí,Báo chí,4.9
STU1305,8.8,5.6,6.6,5.9,10.0,8.2,6.0,ISFP,Y tế & Sức khỏe,Y đa khoa,4.2
STU0237,9.2,5.3,8.5,9.3,7.5,6.0,5.3,ISTP,Công nghệ Thông tin & Kỹ thuật Máy tính,Thiết kế vi mạch,3.6
STU7351,4.5,7.3,8.3,5.2,4.9,5.3,7.7,ESFP,Du lịch & Dịch vụ,Du lịch,4.0
STU2600,6.1,9.9,10.0,5.8,5.8,4.5,9.4,INFJ,Sư phạm & Giáo dục,Tâm lý học giáo dục,4.6
STU4617,5.6,8.1,6.0,5.9,6.8,6.8,8.4,ISFP,Nghệ thuật & Thiết kế,Thiết kế đồ họa,4.5
STU2574,6.7,9.1,9.2,5.9,7.2,6.4,9.5,ESFJ,Sư phạm & Giáo dục,Sư phạm Tin học,3.4
STU3281,5.9,5.3,5.3,4.6,5.4,6.7,4.3,ESTJ,Ngôn ngữ & Văn hóa,Ngôn ngữ Trung Quốc,2.6
STU3187,5.7,8.0,10.0,7.6,5.9,6.5,9.3,INTP,Ngôn ngữ & Văn hóa,Văn học,4.6
STU3954,6.2,8.8,7.4,5.2,5.4,5.7,7.8,ESFP,Truyền thông & Báo chí,Báo chí,3.3
STU2769,5.9,9.8,9.1,5.8,5.4,6.6,8.3,INTP,Ngôn ngữ & Văn hóa,Đông phương học,4.3
STU4832,6.3,9.8,8.8,6.6,7.2,5.8,9.1,INTJ,Luật & Xã hội,Chính trị học,5.3
STU4224,5.6,7.8,4.5,6.2,7.2,5.4,8.0,INFP,Nghệ thuật & Thiết kế,Hội họa,4.5
STU2107,6.9,9.0,8.3,5.8,6.4,5.6,9.8,INFJ,Sư phạm & Giáo dục,Sư phạm Toán học,4.2
STU2680,6.0,9.2,9.8,5.7,5.4,7.1,6.3,INTP,Ngôn ngữ & Văn hóa,Đông phương học,5.3
STU2762,4.1,9.0,8.7,5.5,6.2,7.0,6.7,INFP,Ngôn ngữ & Văn hóa,Tiếng Việt và văn hoá Việt Nam,4.6
STU4689,5.2,9.2,7.3,5.0,7.5,6.5,10.0,ISTJ,Luật & Xã hội,Luật kinh tế,4.4
STU5400,8.6,6.7,6.6,9.2,8.6,7.0,4.9,ESTP,"Kỹ thuật, Cơ khí & Ô tô",Kỹ thuật cơ khí,4.5
STU1388,9.2,8.5,7.5,5.4,6.7,6.0,5.5,ESTP,Kinh tế & Quản lý,Kế toán,4.9
STU7500,5.4,8.6,7.8,6.3,6.8,7.9,7.6,ESFP,Du lịch & Dịch vụ,Quản lý thể dục thể thao,4.2
STU7235,8.4,6.9,5.9,8.7,6.2,4.8,6.8,ISTP,Xây dựng & Quy hoạch,Kỹ thuật xây dựng,5.3
STU6431,7.8,6.8,4.9,6.3,9.6,9.3,5.8,ISFJ,Nông nghiệp & Môi trường,Công nghệ thực phẩm,4.0
STU6883,8.7,5.5,6.6,7.2,7.2,5.5,5.1,ESTJ,Xây dựng & Quy hoạch,Công nghệ kỹ thuật công trình xây dựng,5.2
STU7704,6.7,8.1,9.0,7.0,7.3,6.8,7.9,ESFJ,Du lịch & Dịch vụ,Quản trị dịch vụ du lịch và lữ hành,4.3
STU5001,6.1,9.2,8.5,6.5,8.0,5.2,8.7,ISTJ,Luật & Xã hội,Xã hội học,4.4
STU5854,9.1,5.2,5.4,9.2,7.7,6.7,6.4,INTJ,"Kỹ thuật, Cơ khí & Ô tô",Kỹ thuật điều khiển và tự động hóa,4.6
STU1280,9.0,5.4,5.5,6.4,8.9,9.1,6.6,ISFJ,Y tế & Sức khỏe,Quản lý bệnh viện,4.8
STU7136,8.7,7.2,5.4,9.3,8.4,6.9,6.8,ISTP,Xây dựng & Quy hoạch,Quản lý xây dựng,3.6
STU7827,5.8,7.6,9.5,5.5,5.4,6.7,7.8,ESTP,Du lịch & Dịch vụ,Quản lý thể dục thể thao,3.8
STU1556,9.1,8.4,8.7,5.5,5.6,5.3,5.6,ENTP,Kinh tế & Quản lý,Kiểm toán,3.9
STU7230,9.0,7.3,7.3,10.0,6.9,6.6,4.0,ESTJ,Xây dựng & Quy hoạch,Công nghệ kỹ thuật công trình xây dựng,3.8
STU3191,5.7,7.0,8.7,6.7,5.6,5.3,6.1,INFP,Ngôn ngữ & Văn hóa,Tiếng Việt và văn hoá Việt Nam,3.4
STU4567,5.4,8.9,6.9,6.8,6.3,7.2,7.6,INFJ,Nghệ thuật & Thiết kế,Thiết kế nội thất,4.2
STU4803,4.8,9.9,7.3,6.0,5.6,6.3,8.3,ENTJ,Luật & Xã hội,Luật kinh tế,3.7
STU7495,5.3,8.3,9.0,5.9,5.5,6.9,7.5,ESFP,Du lịch & Dịch vụ,Quản trị dịch vụ du lịch và lữ hành,5.9
STU4842,7.1,9.3,6.8,6.6,6.0,6.1,9.6,INTJ,Luật & Xã hội,Công tác xã hội,4.1
STU3595,5.5,9.7,8.3,5.7,6.4,5.5,7.6,ESFP,Truyền thông & Báo chí,Báo chí,5.2
STU6036,7.2,5.9,6.7,6.6,9.2,8.9,5.8,ISTJ,Nông nghiệp & Môi trường,Khoa học môi trường,3.8
STU1921,8.6,8.0,8.4,5.3,5.6,6.5,6.6,ESTP,Kinh tế & Quản lý,Kinh tế quốc tế,4.5
STU0514,9.9,5.9,9.0,8.1,7.0,7.1,6.5,INTJ,Công nghệ Thông tin & Kỹ thuật Máy tính,Kỹ thuật phần mềm,4.8
STU4178,5.9,7.9,6.0,6.6,5.3,5.4,7.6,INFJ,Nghệ thuật & Thiết kế,Thiết kế nội thất,4.8
STU1309,8.8,4.9,4.6,6.3,9.7,8.8,6.0,ISTJ,Y tế & Sức khỏe,Dược học,4.6
STU5668,8.3,5.7,6.4,8.2,7.7,4.9,6.5,INTJ,"Kỹ thuật, Cơ khí & Ô tô",Robot và Trí tuệ nhân tạo,6.0
STU0915,6.9,5.9,6.2,4.2,4.3,4.9,6.4,ENTJ,Y tế & Sức khỏe,Điều dưỡng,1.5
STU3453,6.5,9.4,8.0,5.4,5.9,7.5,6.6,ENFP,Truyền thông & Báo chí,Báo chí,5.0
STU3696,7.1,9.4,9.6,7.2,6.7,5.5,7.8,ENTP,Truyền thông & Báo chí,Truyền thông đa phương tiện,4.9
STU4243,5.0,8.0,5.8,7.0,6.3,6.5,7.4,INFJ,Nghệ thuật & Thiết kế,Thanh nhạc,4.0
STU3157,5.2,8.5,9.2,5.7,5.9,5.7,9.2,ISFP,Ngôn ngữ & Văn hóa,Ngôn ngữ Hàn Quốc,4.3
STU2199,5.7,5.6,5.3,4.6,7.2,4.2,5.0,INTP,Sư phạm & Giáo dục,Sư phạm Ngữ văn,4.1
STU0775,5.4,5.3,5.5,5.3,5.3,5.8,6.5,ISTJ,Y tế & Sức khỏe,Kỹ thuật hình ảnh y học,2.8
STU4426,5.1,7.1,6.0,4.7,6.8,5.6,8.2,ISFP,Nghệ thuật & Thiết kế,Thiết kế thời trang,4.5
STU6151,4.1,5.4,6.2,4.8,6.4,6.9,6.7,ISFJ,Nông nghiệp & Môi trường,Công nghệ sau thu hoạch,1.6
STU6098,7.7,5.3,6.5,6.0,9.2,10.0,5.5,ISTJ,Nông nghiệp & Môi trường,Công nghệ thực phẩm,5.2
STU0944,9.7,6.5,5.7,6.3,9.4,8.7,4.5,ISFP,Y tế & Sức khỏe,Y đa khoa,3.6
STU0823,9.8,6.1,6.6,4.7,10.0,10.0,5.6,INFJ,Y tế & Sức khỏe,Dược học,4.0
STU5006,4.5,4.7,6.7,6.6,6.6,5.8,4.8,INFJ,Luật & Xã hội,Quản lý nhà nước,2.0
STU4278,6.1,8.1,6.3,6.2,6.1,5.8,7.1,INFP,Nghệ thuật & Thiết kế,Kiến trúc,4.7
STU0165,9.9,5.9,8.9,8.8,6.4,5.8,6.0,ISTP,Công nghệ Thông tin & Kỹ thuật Máy tính,Khoa học Máy tính,4.0
STU5620,4.8,4.1,6.0,6.3,6.1,6.9,5.3,ESFJ,"Kỹ thuật, Cơ khí & Ô tô",Kỹ thuật điện,1.3
STU4548,6.4,8.9,4.3,6.3,5.2,5.7,7.6,INFP,Nghệ thuật & Thiết kế,Thiết kế công nghiệp,5.0
STU3984,6.5,10.0,9.5,5.9,5.9,5.9,7.5,ENTP,Truyền thông & Báo chí,Truyền thông đại chúng,4.0
STU2539,7.2,8.8,8.0,5.3,5.9,5.1,10.0,INFJ,Sư phạm & Giáo dục,Sư phạm Toán học,4.8
STU7616,6.1,7.5,8.7,6.0,7.4,5.5,8.3,ESTP,Du lịch & Dịch vụ,Quản trị khách sạn,5.0
STU1312,9.5,6.2,6.0,5.1,7.9,8.8,5.1,ISFP,Y tế & Sức khỏe,Y đa khoa,4.7
STU5208,5.3,8.4,8.4,6.3,5.5,6.6,9.4,INFJ,Luật & Xã hội,Chính trị học,4.6
STU7269,9.4,6.8,6.9,8.5,5.7,5.7,4.7,ESTJ,Xây dựng & Quy hoạch,Công nghệ kỹ thuật công trình xây dựng,5.1
STU5384,4.9,4.7,5.9,6.3,5.3,4.6,5.2,ESFP,"Kỹ thuật, Cơ khí & Ô tô",Công nghệ kỹ thuật ô tô,1.6
STU6668,8.7,6.0,6.6,8.9,7.6,4.6,6.3,ESTJ,Xây dựng & Quy hoạch,Kỹ thuật cấp thoát nước,3.6
STU7413,6.9,8.0,8.2,7.2,6.9,5.1,8.6,ENFP,Du lịch & Dịch vụ,Du lịch,3.7
STU3301,4.5,8.6,9.5,6.9,5.5,7.1,8.5,INFP,Ngôn ngữ & Văn hóa,Ngôn ngữ Trung Quốc,3.9
STU3311,5.0,8.9,9.1,6.2,6.1,6.7,8.3,ISFP,Ngôn ngữ & Văn hóa,Quốc tế học,4.5
STU0328,9.7,7.0,10.0,9.5,7.6,7.1,4.5,INTJ,Công nghệ Thông tin & Kỹ thuật Máy tính,An toàn thông tin,5.0
STU5887,9.6,4.9,5.2,9.4,8.3,5.0,6.2,ISTJ,"Kỹ thuật, Cơ khí & Ô tô",Kỹ thuật điện,4.7
STU2491,7.9,10.0,10.0,5.1,5.8,4.8,8.8,ENFJ,Sư phạm & Giáo dục,Sư phạm Tin học,5.4
STU7675,7.2,7.7,8.6,6.1,6.3,6.3,8.4,ESFP,Du lịch & Dịch vụ,Du lịch,4.4
STU6104,7.3,7.3,4.3,5.6,8.4,9.9,5.1,INFP,Nông nghiệp & Môi trường,Nông nghiệp,4.0
STU5955,8.4,5.2,5.0,8.7,6.8,6.1,6.9,INTJ,"Kỹ thuật, Cơ khí & Ô tô",Kỹ thuật điều khiển và tự động hóa,4.8
STU7486,6.5,7.7,9.1,6.1,5.7,5.5,9.1,ESFP,Du lịch & Dịch vụ,Du lịch,4.1
STU4409,6.0,9.0,7.1,6.7,4.9,5.6,7.2,ISFP,Nghệ thuật & Thiết kế,Đạo diễn Điện ảnh - Truyền hình,3.3
STU0833,8.9,5.9,4.8,6.1,8.8,8.6,6.7,ISFJ,Y tế & Sức khỏe,Răng - Hàm - Mặt,4.6
STU3080,5.7,9.5,9.3,7.0,5.8,5.5,8.9,ISFP,Ngôn ngữ & Văn hóa,Tiếng Việt và văn hoá Việt Nam,5.3
STU3463,5.7,9.4,9.2,4.8,6.2,6.2,8.5,ESFP,Truyền thông & Báo chí,Báo chí,4.5
STU5298,6.4,8.7,7.6,6.2,5.7,5.5,10.0,ISTJ,Luật & Xã hội,Luật quốc tế,3.9
STU7008,8.4,6.1,5.5,7.8,7.9,4.6,5.3,ESTJ,Xây dựng & Quy hoạch,Địa kỹ thuật xây dựng,5.1
STU0055,9.1,5.7,8.9,9.4,4.7,6.5,5.2,ISTP,Công nghệ Thông tin & Kỹ thuật Máy tính,An toàn thông tin,4.1
STU6231,7.9,5.2,5.5,6.8,8.8,10.0,6.3,ISFJ,Nông nghiệp & Môi trường,Nuôi trồng thủy sản,3.6
STU4065,6.5,6.8,5.3,6.1,5.1,5.2,7.1,ISFP,Nghệ thuật & Thiết kế,Hội họa,4.0
STU3452,4.9,8.3,8.6,7.4,6.3,5.7,7.7,ENTP,Truyền thông & Báo chí,Quan hệ công chúng,5.5
STU6306,6.9,7.3,5.8,5.3,8.0,9.6,5.5,ISFP,Nông nghiệp & Môi trường,Lâm nghiệp đô thị,4.1
STU1902,10.0,8.6,8.4,6.7,5.1,5.7,6.9,ENTJ,Kinh tế & Quản lý,Marketing,3.8
STU1482,9.4,8.0,10.0,5.6,6.1,6.0,5.3,ENTJ,Kinh tế & Quản lý,Marketing,4.2
STU4874,6.0,8.5,7.1,5.3,7.2,5.5,10.0,INTJ,Luật & Xã hội,Luật kinh tế,5.5
STU4896,6.4,8.8,9.5,7.2,5.7,5.7,8.1,INFJ,Luật & Xã hội,Luật kinh tế,4.2
STU4151,5.3,8.9,5.9,7.1,5.7,5.7,6.7,ISFP,Nghệ thuật & Thiết kế,Kiến trúc,4.2
STU3336,6.9,8.4,9.3,6.0,7.1,6.4,8.4,ENTP,Truyền thông & Báo chí,Truyền thông đa phương tiện,5.3
STU6017,8.4,4.9,5.7,7.0,7.4,9.2,5.0,ISFP,Nông nghiệp & Môi trường,Nuôi trồng thủy sản,5.0
STU4927,6.0,7.8,7.5,6.7,5.9,7.0,9.3,INTJ,Luật & Xã hội,Chính trị học,4.3
STU0947,9.4,6.0,7.1,6.3,10.0,9.6,7.1,ISTJ,Y tế & Sức khỏe,Kỹ thuật hình ảnh y học,4.6
STU5798,8.9,5.3,6.9,9.5,6.7,5.8,5.7,ESTP,"Kỹ thuật, Cơ khí & Ô tô",Kỹ thuật cơ điện tử,3.5
STU3294,6.7,8.9,10.0,5.4,5.9,5.3,7.8,INTP,Ngôn ngữ & Văn hóa,Ngôn ngữ Nhật,3.7
STU2162,5.9,8.8,7.9,4.6,5.7,7.3,10.0,INFJ,Sư phạm & Giáo dục,Sư phạm Tin học,4.8
STU7731,5.5,8.0,9.2,6.2,6.1,6.6,7.8,ESFP,Du lịch & Dịch vụ,Quản lý thể dục thể thao,3.7
STU5084,5.7,10.0,6.6,5.0,6.7,5.0,9.2,ISTJ,Luật & Xã hội,Tâm lý học,4.1
STU6772,8.3,6.1,5.0,9.1,7.9,6.6,5.9,ESTJ,Xây dựng & Quy hoạch,Kỹ thuật cấp thoát nước,4.8
STU3058,6.3,8.3,8.8,5.8,5.4,5.5,9.5,INTP,Ngôn ngữ & Văn hóa,Đông phương học,4.2
STU5491,8.4,7.1,5.8,9.5,8.3,5.1,6.4,ISTJ,"Kỹ thuật, Cơ khí & Ô tô",Kỹ thuật điện,4.3
STU0769,7.7,5.8,5.2,6.0,9.0,8.5,5.9,ISTJ,Y tế & Sức khỏe,Răng - Hàm - Mặt,4.6
STU7512,5.8,8.8,9.0,6.1,6.0,5.9,8.8,ESTP,Du lịch & Dịch vụ,Du lịch,4.5
STU3496,6.6,8.9,8.4,5.2,5.0,7.1,6.6,ENFP,Truyền thông & Báo chí,Quan hệ công chúng,4.1
STU0286,8.7,6.8,8.7,9.9,8.0,5.8,4.4,ENTP,Công nghệ Thông tin & Kỹ thuật Máy tính,Mạng máy tính và truyền thông dữ liệu,3.7
STU7894,6.6,8.0,8.6,5.1,5.4,6.3,8.9,ESFJ,Du lịch & Dịch vụ,Quản trị dịch vụ du lịch và lữ hành,5.1
STU4525,6.5,8.6,6.4,6.5,7.1,7.1,8.3,INFJ,Nghệ thuật & Thiết kế,Đạo diễn Điện ảnh - Truyền hình,3.3
STU7112,8.6,6.2,7.4,8.8,6.1,6.8,5.6,ESTJ,Xây dựng & Quy hoạch,Công nghệ kỹ thuật công trình xây dựng,4.6
STU2333,6.4,9.4,10.0,6.9,6.7,5.4,9.0,ENFJ,Sư phạm & Giáo dục,Giáo dục Mầm non,4.5
STU2718,6.8,8.9,10.0,6.7,5.7,6.0,8.4,INFP,Ngôn ngữ & Văn hóa,Tiếng Việt và văn hoá Việt Nam,4.7
STU2080,6.6,9.8,9.0,5.8,7.3,6.7,9.4,ISFJ,Sư phạm & Giáo dục,Sư phạm Toán học,4.6
STU3390,6.6,8.8,8.2,6.4,5.6,4.7,9.4,ESFP,Truyền thông & Báo chí,Truyền thông đại chúng,4.0
STU0723,10.0,5.2,6.0,6.8,9.4,9.3,5.4,ISFP,Y tế & Sức khỏe,Y đa khoa,4.2
STU0952,9.6,6.1,6.4,6.8,10.0,8.9,7.3,INFJ,Y tế & Sức khỏe,Y học dự phòng,3.7
STU6970,8.8,6.9,6.8,8.7,5.7,7.3,6.2,ISTJ,Xây dựng & Quy hoạch,Địa kỹ thuật xây dựng,4.7
STU2263,7.2,9.4,9.2,6.7,5.5,5.4,9.4,ESFJ,Sư phạm & Giáo dục,Sư phạm Tin học,4.5
STU0990,3.6,6.7,6.7,5.1,5.5,5.9,5.7,ENFP,Y tế & Sức khỏe,Kỹ thuật hình ảnh y học,2.6
STU3213,6.3,8.0,10.0,6.0,5.9,7.3,8.5,INTP,Ngôn ngữ & Văn hóa,Văn học,4.8
STU1760,9.5,8.9,8.3,6.4,6.9,6.1,6.6,ESTJ,Kinh tế & Quản lý,Thương mại điện tử,5.2
STU6567,8.4,4.9,7.2,6.9,9.3,9.6,6.1,ISTJ,Nông nghiệp & Môi trường,Công nghệ sinh học,3.8
STU4423,5.7,7.6,7.2,6.6,5.1,7.1,6.5,INFP,Nghệ thuật & Thiết kế,Kiến trúc,4.0
STU5480,9.2,6.1,5.7,7.9,8.0,5.5,5.4,ESTP,"Kỹ thuật, Cơ khí & Ô tô",Công nghệ kỹ thuật ô tô,4.2
STU1725,8.4,7.1,10.0,6.7,6.6,5.1,6.0,ENTJ,Kinh tế & Quản lý,Kiểm toán,3.8
STU5183,6.4,9.7,7.0,6.1,5.9,7.1,9.7,INTJ,Luật & Xã hội,Luật kinh tế,4.6
STU0342,9.7,5.9,8.4,9.2,6.1,6.1,6.8,INTP,Công nghệ Thông tin & Kỹ thuật Máy tính,Khoa học Máy tính,4.0
STU3702,6.9,8.4,9.1,7.0,5.9,5.6,8.1,ENFP,Truyền thông & Báo chí,Truyền thông đa phương tiện,3.8
STU4244,5.9,8.7,5.4,6.4,5.7,5.5,8.0,ISFP,Nghệ thuật & Thiết kế,Đạo diễn Điện ảnh - Truyền hình,4.9
STU0689,8.8,6.7,6.1,6.5,8.2,9.4,7.1,ISFJ,Y tế & Sức khỏe,Y đa khoa,4.1
STU3433,5.2,10.0,9.4,5.6,5.8,4.6,7.6,ENFP,Truyền thông & Báo chí,Công nghệ truyền thông,4.4
STU5204,7.1,4.1,4.4,3.6,4.6,4.5,4.9,INTP,Luật & Xã hội,Luật quốc tế,3.4
STU4945,5.6,9.7,9.1,5.9,7.0,5.9,8.6,ISTJ,Luật & Xã hội,Chính trị học,4.1
STU0967,9.1,5.7,6.8,5.6,8.9,9.4,6.4,ISFP,Y tế & Sức khỏe,Điều dưỡng,4.7
STU7543,6.3,6.8,8.4,6.3,4.9,6.5,8.3,ESFJ,Du lịch & Dịch vụ,Quản trị dịch vụ du lịch và lữ hành,4.5
STU7226,8.3,6.2,6.4,10.0,6.6,6.3,5.2,ISTJ,Xây dựng & Quy hoạch,Kỹ thuật xây dựng,4.8
STU2204,7.0,9.8,9.1,5.9,5.2,6.4,9.8,ESFJ,Sư phạm & Giáo dục,Tâm lý học giáo dục,4.2
STU2714,6.3,7.9,8.9,6.5,6.2,6.2,9.2,ISFP,Ngôn ngữ & Văn hóa,Ngôn ngữ Nhật,5.3
STU4758,5.0,9.0,7.5,6.4,5.7,7.0,9.1,ENTJ,Luật & Xã hội,Xã hội học,3.8
STU5099,6.2,9.8,7.0,6.1,6.5,7.4,9.4,ENTJ,Luật & Xã hội,Luật quốc tế,4.3
STU7045,9.6,7.5,6.2,7.8,7.1,6.5,7.8,ESTJ,Xây dựng & Quy hoạch,Quản lý xây dựng,4.3
STU7312,8.0,7.0,6.9,9.1,7.2,7.0,6.0,ESTJ,Xây dựng & Quy hoạch,Địa kỹ thuật xây dựng,4.6
STU7048,8.0,5.5,6.5,8.1,7.0,5.0,5.9,ISTJ,Xây dựng & Quy hoạch,Kinh tế xây dựng,3.4
STU5281,6.5,10.0,7.8,4.7,6.6,6.6,9.5,ENTJ,Luật & Xã hội,Luật,4.4
STU5976,8.6,6.7,6.4,8.9,7.3,5.0,5.6,ESTP,"Kỹ thuật, Cơ khí & Ô tô",Kỹ thuật điện,4.6
STU3573,5.6,9.0,9.3,7.3,6.4,5.3,8.3,ESFP,Truyền thông & Báo chí,Quan hệ công chúng,4.3
STU4806,6.3,8.8,8.3,6.4,7.4,5.8,7.5,ENTJ,Luật & Xã hội,Luật kinh tế,3.8
STU5300,6.7,10.0,7.3,5.9,6.2,6.8,8.9,ENTJ,Luật & Xã hội,Chính trị học,3.7
STU1991,9.1,9.5,7.8,5.5,5.4,6.4,5.8,ESTJ,Kinh tế & Quản lý,Quản trị kinh doanh,3.4
STU4121,6.5,9.2,6.5,6.0,5.3,6.6,7.0,INFJ,Nghệ thuật & Thiết kế,Hội họa,4.2
STU4760,6.3,8.9,8.7,5.8,5.6,5.5,9.5,INTJ,Luật & Xã hội,Tâm lý học,4.0
STU6561,7.5,6.6,7.1,4.6,8.1,7.7,6.5,ISFP,Nông nghiệp & Môi trường,Công nghệ thực phẩm,4.2
STU5299,5.4,8.2,7.3,5.3,5.3,6.4,9.5,ENTJ,Luật & Xã hội,Luật,3.5
STU6990,8.1,6.2,6.1,7.7,6.9,6.1,5.9,ISTP,Xây dựng & Quy hoạch,Kinh tế xây dựng,4.4
STU4972,5.9,9.3,8.8,3.9,5.6,5.9,9.9,ISTJ,Luật & Xã hội,Luật quốc tế,4.9
STU7570,6.2,6.6,8.7,5.6,6.2,6.9,8.6,ENFP,Du lịch & Dịch vụ,Quản trị khách sạn,4.7
STU5035,6.7,9.8,7.3,6.6,5.7,5.3,8.3,INFJ,Luật & Xã hội,Chính trị học,5.3
STU3601,4.7,7.5,8.5,5.3,6.4,4.3,7.1,ENTP,Truyền thông & Báo chí,Thông tin - thư viện,4.7
STU6491,6.7,5.6,6.0,4.7,9.2,8.5,5.0,INFP,Nông nghiệp & Môi trường,Khoa học môi trường,3.8
STU7295,10.0,5.8,5.9,8.9,7.8,6.1,5.0,ISTP,Xây dựng & Quy hoạch,Quản lý xây dựng,4.2
STU7953,5.3,7.1,9.4,4.4,5.8,5.8,8.7,ESTP,Du lịch & Dịch vụ,Quản trị dịch vụ du lịch và lữ hành,5.0
STU6591,8.3,4.9,5.6,5.5,8.5,8.8,5.9,ISFJ,Nông nghiệp & Môi trường,Công nghệ thực phẩm,5.1
STU0386,10.0,6.0,8.0,8.9,5.7,6.5,4.6,INTJ,Công nghệ Thông tin & Kỹ thuật Máy tính,Khoa học Máy tính,4.5
STU6980,9.0,5.1,7.1,9.4,7.3,5.7,5.4,ISTP,Xây dựng & Quy hoạch,Kinh tế xây dựng,4.2
STU7297,9.6,5.1,6.4,8.7,7.3,6.5,6.8,ISTP,Xây dựng & Quy hoạch,Quản lý xây dựng,3.3
STU0537,10.0,6.7,7.4,8.3,7.3,6.2,5.2,ISTP,Công nghệ Thông tin & Kỹ thuật Máy tính,Thiết kế vi mạch,4.0
STU6388,7.4,4.7,5.5,6.1,8.3,8.4,6.5,ISTJ,Nông nghiệp & Môi trường,Công nghệ thực phẩm,3.4
STU7455,6.5,8.4,7.6,6.6,4.7,7.0,9.1,ESFJ,Du lịch & Dịch vụ,Quản trị nhà hàng và dịch vụ ăn uống,3.8
STU5033,7.3,9.9,8.2,5.2,6.6,4.7,9.1,ENTJ,Luật & Xã hội,Tâm lý học,4.1
STU4213,5.9,8.8,5.8,6.5,6.4,6.9,8.7,ISFP,Nghệ thuật & Thiết kế,Thanh nhạc,4.5
STU6457,8.3,5.4,4.9,5.6,8.9,9.1,6.5,ISTJ,Nông nghiệp & Môi trường,Lâm nghiệp đô thị,4.6
STU3508,6.5,8.8,9.6,5.3,6.5,5.6,8.7,ENTP,Truyền thông & Báo chí,Công nghệ truyền thông,4.5
STU0202,8.4,4.9,8.1,9.5,6.5,7.0,6.4,INTJ,Công nghệ Thông tin & Kỹ thuật Máy tính,An toàn thông tin,3.4
STU1333,10.0,8.6,7.9,5.4,5.4,5.9,7.5,ESTP,Kinh tế & Quản lý,Kinh tế quốc tế,4.1
STU3503,6.5,9.9,9.0,7.1,7.1,7.4,8.2,ESFP,Truyền thông & Báo chí,Quan hệ công chúng,4.4
STU2709,5.7,8.2,8.6,5.6,6.4,7.2,7.2,INFP,Ngôn ngữ & Văn hóa,Quốc tế học,3.7
STU6031,7.0,4.8,5.6,5.3,9.1,9.7,4.2,ISFJ,Nông nghiệp & Môi trường,Lâm nghiệp đô thị,4.7
STU5032,6.6,9.2,6.8,6.1,4.9,5.7,10.0,ISTJ,Luật & Xã hội,Xã hội học,4.0
STU6515,8.5,5.0,7.1,5.9,7.9,9.0,6.6,ISFJ,Nông nghiệp & Môi trường,Công nghệ sinh học,3.7
STU4663,6.7,8.1,8.3,6.9,6.2,7.0,9.7,ENTJ,Luật & Xã hội,Công tác xã hội,4.4
STU4022,4.8,4.6,7.0,6.3,4.5,6.1,4.7,ISFP,Nghệ thuật & Thiết kế,Thanh nhạc,2.7
STU1855,4.0,4.9,4.1,5.6,5.0,4.0,6.6,ESTJ,Kinh tế & Quản lý,Quản trị kinh doanh,2.4
STU7443,6.1,6.8,8.8,6.4,5.4,4.9,8.8,ESTP,Du lịch & Dịch vụ,Quản trị dịch vụ du lịch và lữ hành,3.8
STU2873,5.5,9.5,10.0,6.7,5.5,4.8,8.2,INTP,Ngôn ngữ & Văn hóa,Ngôn ngữ học,3.2
STU3031,5.4,8.9,10.0,5.1,5.6,6.5,6.2,INFP,Ngôn ngữ & Văn hóa,Ngôn ngữ Hàn Quốc,3.9
STU1206,8.4,7.2,7.1,6.3,8.5,8.7,5.1,INFJ,Y tế & Sức khỏe,Kỹ thuật hình ảnh y học,3.8
STU1646,9.6,9.2,8.9,5.6,5.6,5.1,6.9,ESTP,Kinh tế & Quản lý,Kinh tế,5.1
STU3418,4.7,9.0,8.6,5.4,5.5,4.6,9.0,ESFP,Truyền thông & Báo chí,Thông tin - thư viện,4.8
STU3477,5.9,8.4,8.6,7.3,6.7,6.0,9.1,ENTP,Truyền thông & Báo chí,Truyền thông đa phương tiện,4.2
STU6730,7.5,6.7,7.2,10.0,6.6,5.6,6.2,ISTJ,Xây dựng & Quy hoạch,Kinh tế xây dựng,5.7
STU2862,5.1,9.1,10.0,7.2,5.5,6.7,9.7,INTP,Ngôn ngữ & Văn hóa,Ngôn ngữ học,5.2
STU1793,10.0,8.3,7.9,5.3,6.1,6.2,7.3,ESTP,Kinh tế & Quản lý,Kinh doanh quốc tế,3.7
STU5527,9.9,6.4,5.9,10.0,7.8,7.4,6.0,ISTP,"Kỹ thuật, Cơ khí & Ô tô",Kỹ thuật điện,4.5
STU3798,6.5,9.9,10.0,5.7,6.4,6.3,7.5,ENFP,Truyền thông & Báo chí,Quan hệ công chúng,2.9
STU3369,6.0,8.7,7.9,5.7,6.4,6.0,8.3,ENFP,Truyền thông & Báo chí,Quan hệ công chúng,4.5
STU3368,6.5,10.0,8.7,7.3,6.9,7.0,6.8,ENTP,Truyền thông & Báo chí,Truyền thông đại chúng,4.5
STU3534,6.5,10.0,8.4,5.9,6.7,6.4,8.5,ENFP,Truyền thông & Báo chí,Truyền thông đa phương tiện,3.8
STU7015,9.0,6.3,4.7,8.8,5.2,7.1,5.9,ISTJ,Xây dựng & Quy hoạch,Kỹ thuật xây dựng,4.6
STU5110,5.3,9.1,7.7,5.9,6.7,5.3,8.2,INFJ,Luật & Xã hội,Chính trị học,3.1
STU6025,8.2,5.3,6.1,5.4,8.7,9.0,6.8,INFP,Nông nghiệp & Môi trường,Lâm nghiệp đô thị,5.6
STU3450,5.4,9.2,8.7,6.4,6.3,6.4,9.4,ESFP,Truyền thông & Báo chí,Quan hệ công chúng,4.8
STU0604,8.6,5.0,7.8,8.4,6.2,6.0,6.3,INTP,Công nghệ Thông tin & Kỹ thuật Máy tính,Thiết kế vi mạch,3.9
STU3057,6.0,8.9,9.7,7.0,7.1,6.3,7.4,ISFP,Ngôn ngữ & Văn hóa,Ngôn ngữ Hàn Quốc,3.7
STU7622,6.1,7.4,8.7,4.7,6.7,6.2,8.6,ESTP,Du lịch & Dịch vụ,Du lịch,4.7
STU0127,9.0,6.2,7.3,10.0,7.4,7.8,5.3,ENTP,Công nghệ Thông tin & Kỹ thuật Máy tính,Thiết kế vi mạch,5.2
STU7836,5.6,8.1,8.3,6.0,6.5,6.2,8.0,ESFP,Du lịch & Dịch vụ,Quản trị dịch vụ du lịch và lữ hành,4.2
STU3877,5.3,9.6,8.3,7.1,5.1,5.5,8.4,ESFP,Truyền thông & Báo chí,Lưu trữ học,3.8
STU2936,7.3,9.4,10.0,6.0,7.2,6.1,9.0,INTP,Ngôn ngữ & Văn hóa,Ngôn ngữ Trung Quốc,4.2
STU5444,8.8,5.6,6.6,8.6,8.5,6.7,6.6,ISTJ,"Kỹ thuật, Cơ khí & Ô tô",Kỹ thuật cơ điện tử,4.3
STU4452,4.2,5.6,4.2,4.7,4.9,6.5,6.2,ISFP,Nghệ thuật & Thiết kế,Thiết kế nội thất,2.5
STU3532,5.9,6.6,5.7,4.9,4.4,4.3,5.7,INTP,Truyền thông & Báo chí,Truyền thông đa phương tiện,1.7
STU2731,5.1,8.8,9.5,5.1,5.3,7.7,7.8,ISFP,Ngôn ngữ & Văn hóa,Ngôn ngữ Nhật,4.8
STU0828,8.3,5.8,5.9,5.7,9.8,10.0,6.7,ISTJ,Y tế & Sức khỏe,Dược học,3.9
STU1640,10.0,7.8,9.3,6.1,6.3,6.5,5.4,ENTP,Kinh tế & Quản lý,Quản trị kinh doanh,3.4
STU0985,9.9,4.9,5.8,6.7,9.4,9.8,5.4,ISFJ,Y tế & Sức khỏe,Dược học,4.8
STU3282,7.0,9.5,9.3,6.2,6.5,6.1,9.0,INTP,Ngôn ngữ & Văn hóa,Ngôn ngữ Trung Quốc,3.7
STU7941,6.2,8.2,9.4,7.1,5.5,7.6,8.6,ESTP,Du lịch & Dịch vụ,Quản lý thể dục thể thao,4.9
STU2189,8.3,8.8,7.9,5.4,6.3,5.6,9.7,INFJ,Sư phạm & Giáo dục,Sư phạm Vật lý,4.4
STU7362,6.7,8.0,9.3,5.3,6.5,5.9,8.9,ESTP,Du lịch & Dịch vụ,Quản trị dịch vụ du lịch và lữ hành,4.9
STU2444,7.3,9.2,9.9,5.6,6.7,5.6,9.4,INFJ,Sư phạm & Giáo dục,Giáo dục Mầm non,4.8
STU0363,9.1,6.0,9.6,8.8,6.4,5.9,6.6,ISTP,Công nghệ Thông tin & Kỹ thuật Máy tính,Khoa học Máy tính,4.6
STU2350,7.3,9.1,8.7,4.8,6.8,6.3,9.1,ISFJ,Sư phạm & Giáo dục,Sư phạm Vật lý,4.1
STU0346,8.6,6.0,6.9,9.3,5.6,4.9,5.6,INTJ,Công nghệ Thông tin & Kỹ thuật Máy tính,Công nghệ thông tin,4.2
STU0815,8.9,5.0,5.2,5.0,9.3,8.2,5.4,ISFJ,Y tế & Sức khỏe,Răng - Hàm - Mặt,5.2
STU6167,8.6,6.2,5.0,5.4,8.3,8.8,7.2,ISFJ,Nông nghiệp & Môi trường,Công nghệ sinh học,3.9
STU4808,5.6,9.3,7.8,6.4,5.6,5.3,8.5,INTJ,Luật & Xã hội,Luật quốc tế,5.7
STU3206,5.5,8.6,9.2,6.0,6.3,4.4,8.9,INTP,Ngôn ngữ & Văn hóa,Ngôn ngữ Nhật,4.8
STU6643,8.8,6.8,5.3,6.3,9.5,10.0,6.5,ISFP,Nông nghiệp & Môi trường,Thú y,4.4
STU7654,7.0,8.9,8.2,6.9,5.8,6.0,8.6,ESFP,Du lịch & Dịch vụ,Quản trị dịch vụ du lịch và lữ hành,4.1
STU5962,9.2,6.3,5.0,8.7,7.8,6.8,6.0,INTJ,"Kỹ thuật, Cơ khí & Ô tô",Kỹ thuật điện tử - viễn thông,3.8
STU3326,5.1,8.6,10.0,5.2,6.2,6.5,8.8,ISFP,Ngôn ngữ & Văn hóa,Tiếng Việt và văn hoá Việt Nam,5.0
STU4107,6.1,9.0,4.8,5.4,6.9,4.7,7.1,INFP,Nghệ thuật & Thiết kế,Hội họa,4.6
STU7154,7.8,5.2,5.4,8.8,6.4,6.7,6.5,ESTJ,Xây dựng & Quy hoạch,Công nghệ kỹ thuật công trình xây dựng,3.7
STU2117,5.2,9.9,9.4,6.6,6.8,5.5,8.9,ENFJ,Sư phạm & Giáo dục,Sư phạm Tiếng Anh,3.6
STU1835,10.0,8.5,7.4,4.8,6.8,6.5,4.7,ESTP,Kinh tế & Quản lý,Kinh tế quốc tế,4.7
STU0794,9.3,6.5,5.6,5.7,9.1,9.4,5.5,ISFP,Y tế & Sức khỏe,Kỹ thuật hình ảnh y học,5.8
STU7904,6.8,7.8,8.2,6.5,6.3,6.7,7.5,ESTP,Du lịch & Dịch vụ,Quản trị khách sạn,4.7
STU2675,7.0,8.9,9.7,6.3,6.0,7.5,7.9,ISFP,Ngôn ngữ & Văn hóa,Ngôn ngữ Nhật,5.7
STU0095,10.0,6.6,8.8,10.0,9.1,4.8,4.8,ISTJ,Công nghệ Thông tin & Kỹ thuật Máy tính,An toàn thông tin,4.3
STU4226,5.2,8.0,6.1,6.9,6.6,6.7,7.2,INFJ,Nghệ thuật & Thiết kế,Đạo diễn Điện ảnh - Truyền hình,3.7
STU3757,6.0,9.8,10.0,4.2,5.7,7.0,8.3,ESFP,Truyền thông & Báo chí,Báo chí,4.6
STU2892,5.9,8.8,9.0,5.8,6.5,7.9,8.1,INTP,Ngôn ngữ & Văn hóa,Tiếng Việt và văn hoá Việt Nam,4.7
STU2372,6.6,9.8,9.2,5.7,5.2,7.7,9.7,INFJ,Sư phạm & Giáo dục,Tâm lý học giáo dục,4.0
STU6898,9.4,5.7,5.7,8.6,7.2,6.5,4.8,ISTP,Xây dựng & Quy hoạch,Công nghệ kỹ thuật công trình xây dựng,4.0
STU6622,7.7,6.5,6.0,6.0,8.4,9.8,6.1,INFP,Nông nghiệp & Môi trường,Nuôi trồng thủy sản,4.1
STU7088,9.4,5.8,6.1,8.2,7.1,6.0,5.6,ISTJ,Xây dựng & Quy hoạch,Công nghệ kỹ thuật công trình xây dựng,5.0
STU3229,5.7,8.2,9.4,4.9,6.7,7.1,7.1,INTP,Ngôn ngữ & Văn hóa,Ngôn ngữ Anh,3.6
STU6159,7.4,6.4,5.0,6.0,9.8,8.6,6.7,ISTJ,Nông nghiệp & Môi trường,Nuôi trồng thủy sản,4.2
STU6360,8.2,7.0,4.8,6.1,8.1,9.6,6.3,ISTJ,Nông nghiệp & Môi trường,Thú y,4.5
STU5997,7.9,6.3,6.5,5.5,9.4,8.0,7.5,ISFJ,Nông nghiệp & Môi trường,Khoa học môi trường,4.2
STU6831,7.7,6.9,7.7,9.4,7.5,5.8,6.0,ISTJ,Xây dựng & Quy hoạch,Kỹ thuật cấp thoát nước,4.6
STU7127,9.9,5.6,6.9,9.3,6.4,5.7,7.2,ISTP,Xây dựng & Quy hoạch,Công nghệ kỹ thuật công trình xây dựng,5.2
STU6029,6.6,6.2,5.4,5.9,8.8,9.4,6.1,ISFJ,Nông nghiệp & Môi trường,Công nghệ sinh học,4.8
STU2854,5.7,9.5,9.5,5.6,7.4,4.4,7.6,INFP,Ngôn ngữ & Văn hóa,Ngôn ngữ Anh,4.2
STU7396,6.6,6.8,8.7,6.9,6.4,6.1,8.5,ESFJ,Du lịch & Dịch vụ,Quản lý thể dục thể thao,4.9
STU2913,5.9,8.9,9.9,4.3,5.4,7.1,9.1,INTP,Ngôn ngữ & Văn hóa,Văn học,4.5
STU1866,9.4,8.9,8.6,5.1,7.4,6.1,6.9,ENTP,Kinh tế & Quản lý,Kinh tế quốc tế,3.8
STU5755,8.7,5.5,6.7,9.8,7.5,6.4,6.3,INTJ,"Kỹ thuật, Cơ khí & Ô tô",Công nghệ kỹ thuật ô tô,4.9
STU4613,5.3,8.5,7.2,6.7,5.3,6.9,8.4,ISFP,Nghệ thuật & Thiết kế,Thiết kế nội thất,4.4
STU1858,9.1,7.8,9.4,4.5,5.6,5.4,6.9,ESTJ,Kinh tế & Quản lý,Kế toán,4.3
STU2646,7.3,8.3,9.6,7.0,5.4,4.8,10.0,ENFJ,Sư phạm & Giáo dục,Tâm lý học giáo dục,3.6
STU2244,7.4,9.2,9.5,6.3,6.5,5.6,9.1,ENFJ,Sư phạm & Giáo dục,Giáo dục Mầm non,3.6
STU5374,8.3,5.2,6.3,8.8,7.3,7.3,5.4,ISTJ,"Kỹ thuật, Cơ khí & Ô tô",Kỹ thuật điện tử - viễn thông,4.4
STU2337,6.2,9.3,8.5,7.7,5.3,6.4,8.8,ENFJ,Sư phạm & Giáo dục,Tâm lý học giáo dục,4.7
STU0951,9.6,5.8,6.4,5.3,8.4,9.6,5.3,INFJ,Y tế & Sức khỏe,Răng - Hàm - Mặt,5.3
STU3069,7.3,8.8,10.0,7.1,6.5,6.8,8.4,INFP,Ngôn ngữ & Văn hóa,Ngôn ngữ Hàn Quốc,4.3
STU1121,9.9,5.5,7.0,5.1,8.5,9.3,6.4,ISTJ,Y tế & Sức khỏe,Răng - Hàm - Mặt,3.6
STU2598,6.6,9.9,10.0,5.1,5.6,6.2,9.3,ESFJ,Sư phạm & Giáo dục,Sư phạm Tiếng Anh,4.7
STU2205,7.2,8.8,9.4,6.6,6.5,6.8,9.5,ENFJ,Sư phạm & Giáo dục,Tâm lý học giáo dục,5.1
STU0420,9.7,5.5,7.6,9.1,7.9,5.4,6.0,ENTP,Công nghệ Thông tin & Kỹ thuật Máy tính,Kỹ thuật phần mềm,5.8
STU0923,9.3,6.8,7.6,5.7,10.0,9.6,7.1,ISTJ,Y tế & Sức khỏe,Kỹ thuật hình ảnh y học,4.9
STU1255,4.7,5.7,5.7,5.4,6.5,5.5,6.1,INFP,Y tế & Sức khỏe,Kỹ thuật hình ảnh y học,0.1
STU0478,10.0,6.8,9.6,8.9,7.7,6.1,5.3,ENTP,Công nghệ Thông tin & Kỹ thuật Máy tính,Khoa học Máy tính,4.2
STU2036,8.4,9.0,8.1,7.2,6.4,6.3,10.0,INFJ,Sư phạm & Giáo dục,Sư phạm Toán học,3.2
STU7356,5.9,6.9,8.3,5.8,7.4,5.8,8.1,ESFJ,Du lịch & Dịch vụ,Quản trị khách sạn,4.6
STU5789,8.3,7.0,5.6,9.8,6.5,6.6,5.7,ISTP,"Kỹ thuật, Cơ khí & Ô tô",Kỹ thuật điều khiển và tự động hóa,4.9
STU5743,9.2,6.4,7.1,10.0,6.9,6.7,5.8,INTJ,"Kỹ thuật, Cơ khí & Ô tô",Công nghệ kỹ thuật ô tô,4.0
STU5568,7.6,6.3,6.4,9.6,7.9,5.7,5.1,INTJ,"Kỹ thuật, Cơ khí & Ô tô",Kỹ thuật cơ khí,4.8
STU1203,9.3,5.7,6.0,7.7,10.0,9.0,6.0,ISFJ,Y tế & Sức khỏe,Kỹ thuật hình ảnh y học,4.6
STU6535,7.4,5.9,4.6,5.3,9.0,8.6,5.0,INFP,Nông nghiệp & Môi trường,Khoa học cây trồng,4.5
STU2627,8.1,8.6,8.5,5.6,4.7,6.0,8.9,INFJ,Sư phạm & Giáo dục,Sư phạm Tin học,5.2
STU5766,10.0,6.6,5.3,9.3,8.2,7.1,6.6,INTJ,"Kỹ thuật, Cơ khí & Ô tô",Kỹ thuật cơ điện tử,4.4
STU7687,5.1,7.7,7.7,5.1,5.3,6.5,9.3,ENFP,Du lịch & Dịch vụ,Du lịch,4.7
STU1971,9.4,7.7,8.2,5.3,6.0,5.5,6.4,ENTJ,Kinh tế & Quản lý,Kế toán,4.5
STU3111,5.4,8.0,10.0,6.1,5.2,6.4,8.0,INTP,Ngôn ngữ & Văn hóa,Văn học,5.5
STU4019,6.4,8.2,5.3,6.2,5.8,6.3,8.4,ISFP,Nghệ thuật & Thiết kế,Kiến trúc,5.6
STU2152,5.9,10.0,7.9,4.9,6.0,6.8,9.0,ESFJ,Sư phạm & Giáo dục,Sư phạm Tin học,4.0
STU3688,5.9,10.0,7.4,5.9,5.7,5.6,8.1,ESFP,Truyền thông & Báo chí,Truyền thông đại chúng,4.0
STU4917,6.3,8.0,7.1,7.0,5.7,6.6,9.2,INFJ,Luật & Xã hội,Luật,3.7
STU1998,10.0,8.0,8.7,6.2,6.6,5.9,6.2,ENTJ,Kinh tế & Quản lý,Kiểm toán,5.0
STU4034,6.4,6.9,4.9,5.0,5.6,5.2,6.9,INFP,Nghệ thuật & Thiết kế,Thanh nhạc,4.2
STU7831,6.2,8.3,9.1,5.8,6.6,6.4,7.6,ENFP,Du lịch & Dịch vụ,Quản trị dịch vụ du lịch và lữ hành,3.9
STU3055,6.3,8.4,9.2,5.4,7.3,6.4,7.9,INFP,Ngôn ngữ & Văn hóa,Ngôn ngữ Anh,4.4
STU1249,10.0,4.8,5.1,6.8,9.6,7.9,5.0,INFJ,Y tế & Sức khỏe,Kỹ thuật phục hồi chức năng,3.6
STU2193,6.4,9.1,8.1,4.9,5.9,7.6,9.8,INFJ,Sư phạm & Giáo dục,Tâm lý học giáo dục,4.1
STU2713,5.1,8.9,9.5,6.6,5.6,7.2,6.2,INTP,Ngôn ngữ & Văn hóa,Ngôn ngữ Trung Quốc,4.0
STU0993,9.5,6.1,6.7,6.0,10.0,8.8,6.0,ISFJ,Y tế & Sức khỏe,Răng - Hàm - Mặt,3.8
STU2191,7.0,10.0,9.9,5.5,5.6,5.3,9.4,ESFJ,Sư phạm & Giáo dục,Giáo dục Mầm non,4.7
STU4671,5.6,9.8,7.9,5.9,6.4,6.6,8.9,ENTJ,Luật & Xã hội,Tâm lý học,4.1
STU5143,5.3,10.0,8.2,6.5,6.4,5.4,9.1,ISTJ,Luật & Xã hội,Tâm lý học,4.9
STU5985,9.1,5.2,6.2,9.3,7.5,4.7,6.7,ISTP,"Kỹ thuật, Cơ khí & Ô tô",Robot và Trí tuệ nhân tạo,6.1
STU6566,7.5,6.1,6.4,5.1,9.6,9.8,7.0,INFP,Nông nghiệp & Môi trường,Công nghệ thực phẩm,4.7
STU3763,7.6,4.2,6.0,5.8,6.8,8.0,4.5,ISFP,Truyền thông & Báo chí,Báo chí,1.9
STU3598,6.3,9.7,9.3,6.2,6.1,4.8,7.3,ESFP,Truyền thông & Báo chí,Báo chí,3.5
STU4712,6.1,8.5,7.7,5.6,5.7,5.2,9.5,INTJ,Luật & Xã hội,Tâm lý học,2.8
STU1319,10.0,6.9,6.5,4.5,8.2,9.1,6.4,ISFP,Y tế & Sức khỏe,Y đa khoa,3.8
STU1864,9.5,8.4,10.0,5.6,5.8,7.1,6.4,ESTP,Kinh tế & Quản lý,Quản trị kinh doanh,3.8
STU2344,7.9,9.1,8.1,5.6,6.6,6.7,9.3,ESFJ,Sư phạm & Giáo dục,Sư phạm Tiếng Anh,3.8
STU2450,6.1,8.7,7.8,5.3,5.9,5.2,10.0,ISFJ,Sư phạm & Giáo dục,Sư phạm Tin học,4.1
STU2137,7.8,9.5,7.7,7.0,5.2,6.0,8.7,INFJ,Sư phạm & Giáo dục,Sư phạm Ngữ văn,3.7
STU1066,8.3,6.6,4.8,5.9,8.7,9.4,5.1,INFJ,Y tế & Sức khỏe,Y đa khoa,4.0
STU5869,8.8,5.3,6.4,9.3,6.6,7.7,6.5,ISTJ,"Kỹ thuật, Cơ khí & Ô tô",Kỹ thuật cơ điện tử,4.5
STU7925,5.8,7.9,8.5,5.6,6.9,6.2,8.6,ESFP,Du lịch & Dịch vụ,Quản lý thể dục thể thao,4.0
STU4228,5.1,9.6,5.7,5.7,7.3,6.0,7.3,ISFP,Nghệ thuật & Thiết kế,Thiết kế đồ họa,3.6
STU2622,7.3,8.8,9.6,6.2,5.5,6.7,9.3,ESFJ,Sư phạm & Giáo dục,Sư phạm Ngữ văn,4.7
STU0078,10.0,6.4,7.2,8.2,6.0,5.9,5.3,ISTJ,Công nghệ Thông tin & Kỹ thuật Máy tính,Khoa học dữ liệu,4.3
STU2899,7.4,8.6,9.8,6.3,6.2,6.0,7.9,ISFP,Ngôn ngữ & Văn hóa,Tiếng Việt và văn hoá Việt Nam,5.2
STU6149,6.6,5.5,5.9,5.4,9.5,9.8,6.5,INFP,Nông nghiệp & Môi trường,Khoa học môi trường,4.2
STU4821,7.4,9.2,7.3,7.1,5.5,5.3,8.8,INFJ,Luật & Xã hội,Tâm lý học,3.8
STU1315,4.3,4.5,6.4,3.8,5.0,4.4,3.6,ENTJ,Y tế & Sức khỏe,Kỹ thuật phục hồi chức năng,4.7
STU5948,8.0,5.6,6.9,7.7,7.7,5.8,5.2,ISTJ,"Kỹ thuật, Cơ khí & Ô tô",Kỹ thuật điện tử - viễn thông,4.4
STU7885,6.1,8.0,7.4,7.3,5.6,5.3,8.2,ESTP,Du lịch & Dịch vụ,Quản trị nhà hàng và dịch vụ ăn uống,5.0
STU6983,8.9,6.3,7.6,8.4,7.3,6.8,4.9,ESTJ,Xây dựng & Quy hoạch,Quản lý xây dựng,4.9
STU0873,10.0,4.6,6.7,6.5,9.5,9.0,7.1,ISFJ,Y tế & Sức khỏe,Y học cổ truyền,4.2
STU3851,5.3,8.8,8.3,6.6,6.5,7.4,8.4,ENFP,Truyền thông & Báo chí,Công nghệ truyền thông,5.7
STU5469,9.1,5.4,6.3,9.9,9.0,6.4,7.0,ESTP,"Kỹ thuật, Cơ khí & Ô tô",Kỹ thuật điện,4.7
STU5952,8.5,5.3,5.7,9.0,6.4,6.9,5.0,ISTJ,"Kỹ thuật, Cơ khí & Ô tô",Robot và Trí tuệ nhân tạo,4.1
STU7638,7.1,8.2,9.7,6.5,5.2,6.8,9.0,ESFP,Du lịch & Dịch vụ,Quản trị khách sạn,4.4
STU2966,5.5,8.4,9.0,5.8,7.2,5.7,7.7,ISFP,Ngôn ngữ & Văn hóa,Ngôn ngữ Nhật,5.4
STU3392,6.3,9.8,8.5,5.6,7.3,5.3,8.7,ENTP,Truyền thông & Báo chí,Quan hệ công chúng,4.7
STU5416,5.6,4.9,5.4,4.0,6.8,6.1,6.5,INTJ,"Kỹ thuật, Cơ khí & Ô tô",Kỹ thuật điện,2.6
STU2561,7.8,8.9,9.0,5.8,7.1,5.7,9.3,ISFJ,Sư phạm & Giáo dục,Sư phạm Tin học,4.6
STU7822,5.7,7.6,7.7,4.0,7.2,6.5,6.7,ESFP,Du lịch & Dịch vụ,Quản trị dịch vụ du lịch và lữ hành,3.8
STU2636,5.3,4.9,4.3,4.9,6.0,5.9,4.1,INFJ,Sư phạm & Giáo dục,Sư phạm Ngữ văn,3.2
STU5257,6.8,10.0,7.8,5.1,7.5,4.6,9.2,INFJ,Luật & Xã hội,Xã hội học,4.3
STU3531,6.2,9.6,8.4,5.8,5.0,6.5,8.9,ESFP,Truyền thông & Báo chí,Thông tin - thư viện,3.7
STU0376,9.4,6.7,8.6,9.8,8.7,6.4,7.2,ISTJ,Công nghệ Thông tin & Kỹ thuật Máy tính,Khoa học dữ liệu,5.1
STU1909,9.3,8.2,9.9,5.2,7.0,6.6,7.0,ESTJ,Kinh tế & Quản lý,Kinh tế quốc tế,4.8
STU4430,5.8,7.1,5.6,5.9,6.4,5.8,7.8,ISFP,Nghệ thuật & Thiết kế,Đạo diễn Điện ảnh - Truyền hình,3.0
STU6920,7.9,5.4,5.7,9.2,7.7,5.8,5.4,ISTJ,Xây dựng & Quy hoạch,Quản lý xây dựng,4.4
STU6993,8.6,6.8,5.1,9.1,8.6,5.1,5.6,ISTJ,Xây dựng & Quy hoạch,Kinh tế xây dựng,4.9
STU4028,5.4,6.9,5.8,6.5,6.3,5.9,8.1,INFP,Nghệ thuật & Thiết kế,Thiết kế đồ họa,4.3
STU6462,8.0,6.4,6.7,5.7,8.9,8.9,5.5,ISTJ,Nông nghiệp & Môi trường,Lâm nghiệp đô thị,4.4
STU1605,8.3,8.6,9.7,5.7,5.0,6.1,6.1,ENTP,Kinh tế & Quản lý,Quản trị kinh doanh,4.7
STU1119,9.3,5.4,6.4,6.4,9.4,9.6,5.1,ISFJ,Y tế & Sức khỏe,Điều dưỡng,4.4
STU3678,5.6,8.3,8.2,7.4,5.9,6.0,7.8,ENFP,Truyền thông & Báo chí,Truyền thông đại chúng,5.4
STU3491,4.7,9.8,9.0,6.5,4.9,5.3,7.5,ENTP,Truyền thông & Báo chí,Quan hệ công chúng,3.8
STU7764,5.3,6.7,8.0,5.2,5.0,6.4,8.6,ESFJ,Du lịch & Dịch vụ,Quản lý thể dục thể thao,2.9
STU6040,8.0,5.6,5.3,5.8,8.6,8.8,5.7,INFP,Nông nghiệp & Môi trường,Công nghệ sau thu hoạch,4.7
STU2959,5.8,8.4,9.2,5.3,5.6,6.2,8.6,ISFP,Ngôn ngữ & Văn hóa,Ngôn ngữ học,3.7
STU1995,8.6,9.0,9.0,6.4,6.8,5.7,5.6,ENTP,Kinh tế & Quản lý,Hệ thống thông tin quản lý,5.3
STU7920,7.2,7.8,7.1,5.6,6.4,5.2,7.0,ESTP,Du lịch & Dịch vụ,Quản lý thể dục thể thao,5.1
STU6952,8.9,5.6,7.1,8.9,6.7,6.0,5.7,ISTP,Xây dựng & Quy hoạch,Địa kỹ thuật xây dựng,5.3
STU2377,6.6,9.4,9.8,5.4,5.6,7.0,8.4,ISFJ,Sư phạm & Giáo dục,Sư phạm Toán học,4.5
STU7318,8.1,6.6,8.1,9.8,6.6,5.2,4.3,ISTJ,Xây dựng & Quy hoạch,Địa kỹ thuật xây dựng,4.7
STU1343,8.0,7.7,9.2,4.9,5.9,6.2,6.2,ESTP,Kinh tế & Quản lý,Hệ thống thông tin quản lý,4.4
STU0321,9.7,6.3,9.4,8.3,7.6,5.9,5.0,ISTP,Công nghệ Thông tin & Kỹ thuật Máy tính,Công nghệ thông tin,4.2
STU1620,8.0,9.3,9.4,6.9,5.6,4.6,5.9,ENTJ,Kinh tế & Quản lý,Kinh tế,4.8
STU3714,6.4,4.0,4.9,4.6,6.3,7.5,4.8,ENTJ,Truyền thông & Báo chí,Công nghệ truyền thông,3.6
STU7315,8.4,5.5,5.2,8.9,8.0,5.0,5.8,ISTJ,Xây dựng & Quy hoạch,Kỹ thuật cấp thoát nước,5.2
STU2061,7.2,9.5,10.0,6.8,4.6,6.2,10.0,INFJ,Sư phạm & Giáo dục,Sư phạm Vật lý,4.9
STU2220,6.2,9.9,10.0,7.0,5.5,6.4,9.2,ISFJ,Sư phạm & Giáo dục,Giáo dục Tiểu học,4.7
STU1674,9.3,7.7,9.8,5.2,4.7,4.8,6.3,ENTJ,Kinh tế & Quản lý,Kế toán,4.3
STU6039,6.2,6.5,5.7,4.6,9.5,9.8,6.7,INFP,Nông nghiệp & Môi trường,Công nghệ sau thu hoạch,4.5
STU0261,9.2,5.1,10.0,7.8,6.6,6.4,6.4,ISTJ,Công nghệ Thông tin & Kỹ thuật Máy tính,An toàn thông tin,4.7
STU7060,9.0,4.7,6.8,9.1,6.4,4.8,6.6,ISTP,Xây dựng & Quy hoạch,Kỹ thuật cấp thoát nước,3.7
STU2040,6.3,10.0,8.6,6.3,5.9,5.5,9.6,ENFJ,Sư phạm & Giáo dục,Giáo dục Mầm non,5.2
STU4786,6.5,9.7,7.2,5.8,6.6,6.5,8.6,ISTJ,Luật & Xã hội,Chính trị học,4.1
STU0902,7.9,6.2,5.9,6.2,9.1,9.4,5.9,INFJ,Y tế & Sức khỏe,Y đa khoa,4.4
STU3745,5.5,10.0,9.7,8.1,6.2,4.7,8.0,ENFP,Truyền thông & Báo chí,Quan hệ công chúng,5.1
STU6403,8.6,6.2,6.6,5.8,8.8,8.6,6.7,ISTJ,Nông nghiệp & Môi trường,Công nghệ thực phẩm,4.8
STU2027,5.9,9.5,8.9,6.2,6.2,5.2,9.4,ESFJ,Sư phạm & Giáo dục,Sư phạm Ngữ văn,4.6
STU4235,5.4,8.7,5.3,5.8,5.6,5.6,9.0,INFJ,Nghệ thuật & Thiết kế,Thiết kế công nghiệp,4.7
STU1918,8.5,7.8,8.0,6.8,5.4,5.4,7.3,ENTP,Kinh tế & Quản lý,Kinh tế quốc tế,4.4
STU1829,10.0,9.1,8.4,6.1,6.7,6.8,6.3,ESTP,Kinh tế & Quản lý,Kinh tế quốc tế,5.3
STU1574,4.9,5.6,6.5,4.3,4.3,4.4,6.0,ISFP,Kinh tế & Quản lý,Hệ thống thông tin quản lý,3.5
STU4416,6.4,5.0,5.9,5.8,4.7,4.8,5.0,ISFP,Nghệ thuật & Thiết kế,Kiến trúc,2.7
STU4750,5.1,9.1,6.6,6.1,5.7,6.4,8.7,ISTJ,Luật & Xã hội,Quản lý nhà nước,4.3
STU6234,5.5,5.4,4.2,5.0,4.7,4.5,4.5,ESFP,Nông nghiệp & Môi trường,Công nghệ thực phẩm,2.0
STU7016,8.0,6.2,6.4,9.5,7.5,6.2,6.5,ISTP,Xây dựng & Quy hoạch,Kỹ thuật xây dựng,4.6
STU4655,4.9,9.4,6.2,5.4,5.1,6.0,6.0,INFJ,Nghệ thuật & Thiết kế,Thiết kế nội thất,4.0
STU6284,7.9,5.9,7.2,6.2,8.7,9.1,5.9,ISTJ,Nông nghiệp & Môi trường,Lâm nghiệp đô thị,5.2
STU4209,5.3,8.3,5.7,6.8,5.5,6.6,8.3,INFJ,Nghệ thuật & Thiết kế,Hội họa,4.1
STU4628,5.8,8.5,5.7,6.7,6.9,4.8,9.2,INFJ,Nghệ thuật & Thiết kế,Kiến trúc,3.4
STU0225,9.5,6.9,8.0,8.6,6.9,6.5,6.9,ENTP,Công nghệ Thông tin & Kỹ thuật Máy tính,Thiết kế vi mạch,4.7
STU0724,8.9,5.8,5.4,6.7,9.3,8.6,6.0,ISTJ,Y tế & Sức khỏe,Kỹ thuật phục hồi chức năng,4.6
STU7171,9.6,5.6,8.1,7.8,7.6,6.1,7.2,ESTJ,Xây dựng & Quy hoạch,Kỹ thuật cấp thoát nước,4.5
STU1142,10.0,5.1,6.4,5.6,8.4,9.5,6.0,ISFP,Y tế & Sức khỏe,Dược học,4.0
STU5530,7.4,4.8,6.5,8.4,6.9,6.2,4.0,ISTP,"Kỹ thuật, Cơ khí & Ô tô",Kỹ thuật điện tử - viễn thông,5.1
STU6470,8.1,7.1,7.4,5.2,8.7,8.3,6.7,INFP,Nông nghiệp & Môi trường,Công nghệ thực phẩm,3.9
STU5765,9.6,4.9,5.6,9.0,6.8,5.2,6.7,ISTP,"Kỹ thuật, Cơ khí & Ô tô",Kỹ thuật điều khiển và tự động hóa,3.9
STU7129,8.6,4.8,5.7,9.0,7.5,6.8,5.6,ISTP,Xây dựng & Quy hoạch,Địa kỹ thuật xây dựng,5.2
STU5555,8.0,5.9,7.2,9.8,9.3,6.4,5.4,ISTJ,"Kỹ thuật, Cơ khí & Ô tô",Kỹ thuật cơ điện tử,4.4
STU7578,5.8,8.1,8.2,5.2,5.3,5.2,7.5,ENFP,Du lịch & Dịch vụ,Quản lý thể dục thể thao,4.2
STU2763,6.0,8.1,9.1,5.8,4.5,6.1,7.3,ISFP,Ngôn ngữ & Văn hóa,Đông phương học,5.1
STU0847,8.5,5.8,6.4,6.3,8.7,8.2,6.4,ISTJ,Y tế & Sức khỏe,Kỹ thuật phục hồi chức năng,4.6
STU4290,5.1,9.2,5.3,5.7,5.2,6.7,7.5,INFP,Nghệ thuật & Thiết kế,Thanh nhạc,4.9
STU5561,8.2,7.7,5.7,8.5,7.9,7.1,6.9,INTJ,"Kỹ thuật, Cơ khí & Ô tô",Kỹ thuật cơ điện tử,3.6
STU6718,10.0,6.2,5.6,9.3,7.2,5.4,6.1,ISTP,Xây dựng & Quy hoạch,Kinh tế xây dựng,4.2
STU5043,5.0,10.0,8.1,6.8,5.4,4.5,9.0,ENTJ,Luật & Xã hội,Công tác xã hội,4.0
STU6118,8.5,5.6,5.6,5.1,9.3,9.2,5.3,ISFJ,Nông nghiệp & Môi trường,Công nghệ sau thu hoạch,5.2
STU2552,8.1,9.5,9.2,6.1,5.1,6.4,8.5,INFJ,Sư phạm & Giáo dục,Tâm lý học giáo dục,4.4
STU5726,8.7,5.9,5.9,9.2,7.3,5.3,6.3,ISTJ,"Kỹ thuật, Cơ khí & Ô tô",Kỹ thuật điều khiển và tự động hóa,4.5
STU2929,6.4,5.4,5.2,5.7,3.0,5.1,5.0,INTP,Ngôn ngữ & Văn hóa,Ngôn ngữ học,3.1
STU0118,9.6,6.8,9.4,9.5,8.8,5.9,6.3,ISTP,Công nghệ Thông tin & Kỹ thuật Máy tính,Kỹ thuật phần mềm,4.2
STU0646,9.7,6.0,8.0,8.3,7.9,6.3,6.0,ISTP,Công nghệ Thông tin & Kỹ thuật Máy tính,Mạng máy tính và truyền thông dữ liệu,4.3
STU5967,9.7,6.1,5.4,8.3,8.1,4.9,6.1,ESTP,"Kỹ thuật, Cơ khí & Ô tô",Kỹ thuật cơ điện tử,4.8
STU0004,8.7,5.1,9.1,8.0,6.9,5.7,6.2,INTJ,Công nghệ Thông tin & Kỹ thuật Máy tính,Khoa học Máy tính,4.9
STU4171,6.6,8.7,5.2,6.9,5.9,5.6,6.4,ISFP,Nghệ thuật & Thiết kế,Thiết kế thời trang,4.6
STU5852,9.2,5.7,6.7,10.0,8.0,5.0,5.4,ISTJ,"Kỹ thuật, Cơ khí & Ô tô",Công nghệ kỹ thuật ô tô,4.8
STU0468,9.1,6.0,7.6,10.0,7.2,7.1,6.0,ENTP,Công nghệ Thông tin & Kỹ thuật Máy tính,Công nghệ thông tin,4.6
STU0006,9.3,4.7,10.0,8.1,8.0,6.5,6.4,ENTP,Công nghệ Thông tin & Kỹ thuật Máy tính,An toàn thông tin,4.6
STU5343,8.5,5.7,4.9,9.2,8.8,6.2,5.6,ISTP,"Kỹ thuật, Cơ khí & Ô tô",Kỹ thuật cơ khí,4.6
STU0920,8.5,5.6,5.0,6.1,9.0,9.5,6.3,ISTJ,Y tế & Sức khỏe,Kỹ thuật phục hồi chức năng,4.1
STU2596,4.8,9.2,7.7,7.1,5.2,7.1,9.2,ISFJ,Sư phạm & Giáo dục,Giáo dục Tiểu học,3.6
STU4325,7.3,8.1,5.2,6.4,6.0,6.8,8.5,INFJ,Nghệ thuật & Thiết kế,Thiết kế công nghiệp,5.2
STU1064,10.0,6.8,6.5,5.8,9.6,9.6,5.3,INFJ,Y tế & Sức khỏe,Điều dưỡng,5.1
STU2591,7.4,10.0,10.0,7.6,5.2,6.2,10.0,ENFJ,Sư phạm & Giáo dục,Sư phạm Tiếng Anh,5.2
STU0243,9.5,6.1,8.1,9.3,5.8,7.0,6.7,ISTP,Công nghệ Thông tin & Kỹ thuật Máy tính,Thiết kế vi mạch,3.8
STU6961,8.6,6.8,6.2,7.4,6.9,5.6,4.3,ESTJ,Xây dựng & Quy hoạch,Kỹ thuật xây dựng,4.5
STU1161,9.0,6.3,6.4,6.4,9.0,10.0,6.6,ISFJ,Y tế & Sức khỏe,Răng - Hàm - Mặt,5.4
STU2871,6.6,8.7,9.2,6.6,6.1,6.8,9.2,INFP,Ngôn ngữ & Văn hóa,Ngôn ngữ Trung Quốc,4.2
STU3736,6.6,9.8,8.0,6.3,7.0,6.6,8.5,ENFP,Truyền thông & Báo chí,Lưu trữ học,3.5
STU7309,9.4,6.3,5.2,8.6,7.7,7.0,5.8,ISTJ,Xây dựng & Quy hoạch,Quản lý xây dựng,4.4
STU2398,6.2,3.9,3.7,4.8,5.5,4.8,6.4,ENFP,Sư phạm & Giáo dục,Sư phạm Toán học,1.2
STU3518,6.2,9.1,9.3,6.4,5.8,5.3,7.8,ESFP,Truyền thông & Báo chí,Quan hệ công chúng,4.0
STU3422,5.7,9.2,9.0,6.8,5.6,7.2,7.8,ENFP,Truyền thông & Báo chí,Quan hệ công chúng,4.5
STU2564,6.2,10.0,8.2,6.6,5.9,4.4,9.7,ENFJ,Sư phạm & Giáo dục,Tâm lý học giáo dục,4.0
STU6768,8.5,7.3,5.8,8.3,6.0,6.6,5.6,ISTP,Xây dựng & Quy hoạch,Kỹ thuật cấp thoát nước,4.6
STU5623,8.3,5.2,6.5,8.2,7.5,6.0,6.1,ESTP,"Kỹ thuật, Cơ khí & Ô tô",Kỹ thuật điện,5.3
STU1606,9.3,8.1,8.3,6.9,6.2,5.1,6.9,ESTP,Kinh tế & Quản lý,Kinh tế quốc tế,3.7
STU7700,5.6,7.7,9.2,6.2,6.6,5.8,8.7,ESFJ,Du lịch & Dịch vụ,Du lịch,3.8
STU2325,7.5,9.8,9.7,5.5,5.8,6.4,9.6,INFJ,Sư phạm & Giáo dục,Tâm lý học giáo dục,4.0
STU2710,7.1,9.1,9.8,5.7,6.3,6.8,7.8,INFP,Ngôn ngữ & Văn hóa,Tiếng Việt và văn hoá Việt Nam,5.0
STU7024,8.6,5.6,6.2,9.5,6.5,5.2,7.6,ISTJ,Xây dựng & Quy hoạch,Kỹ thuật cấp thoát nước,3.8
STU1313,7.3,5.9,6.5,7.0,8.7,9.8,6.8,ISTJ,Y tế & Sức khỏe,Quản lý bệnh viện,3.5
STU3449,5.8,9.0,9.0,6.6,7.1,5.3,7.2,ESFP,Truyền thông & Báo chí,Truyền thông đa phương tiện,4.0
STU3813,7.0,9.3,8.5,5.2,6.7,5.3,8.8,ENTP,Truyền thông & Báo chí,Truyền thông đại chúng,5.5
STU6086,7.7,7.3,7.2,5.5,7.7,9.8,6.1,ISFP,Nông nghiệp & Môi trường,Công nghệ sau thu hoạch,4.2
STU7431,6.0,7.3,7.8,5.9,6.1,6.1,7.8,ESFP,Du lịch & Dịch vụ,Quản trị nhà hàng và dịch vụ ăn uống,4.6
STU2363,5.7,8.8,7.7,6.5,6.9,6.4,9.1,ENFJ,Sư phạm & Giáo dục,Sư phạm Toán học,3.5
STU1976,8.1,8.6,9.9,5.7,5.2,5.9,4.9,ESTP,Kinh tế & Quản lý,Quản trị kinh doanh,4.0
STU3515,5.0,10.0,9.6,5.6,5.8,6.2,8.7,ENTP,Truyền thông & Báo chí,Quan hệ công chúng,3.3
STU1762,8.9,7.4,8.1,4.8,6.7,7.2,7.5,ENTP,Kinh tế & Quản lý,Kinh doanh quốc tế,3.2
STU5402,9.1,5.8,5.5,9.0,8.1,6.9,5.6,INTJ,"Kỹ thuật, Cơ khí & Ô tô",Kỹ thuật cơ khí,4.4
STU2740,6.3,8.5,9.8,6.3,6.3,6.0,8.9,ISFP,Ngôn ngữ & Văn hóa,Quốc tế học,4.2
STU5638,8.0,7.3,6.4,9.7,8.1,5.4,4.9,ESTP,"Kỹ thuật, Cơ khí & Ô tô",Kỹ thuật cơ điện tử,4.2
STU7441,6.3,7.5,7.9,5.7,6.9,3.8,8.9,ESFP,Du lịch & Dịch vụ,Du lịch,3.5
STU2473,7.4,9.5,8.9,5.7,6.6,6.6,8.5,INFJ,Sư phạm & Giáo dục,Sư phạm Tiếng Anh,4.1
STU6739,8.7,5.4,5.7,9.1,7.4,5.2,6.6,ISTJ,Xây dựng & Quy hoạch,Quản lý xây dựng,3.7
STU4008,6.6,8.4,6.9,6.9,6.1,6.1,8.8,INFP,Nghệ thuật & Thiết kế,Kiến trúc,4.0
STU4719,5.6,9.8,8.4,6.1,5.2,4.9,10.0,ISTJ,Luật & Xã hội,Công tác xã hội,3.7
STU6178,7.3,5.8,6.3,6.4,8.8,9.1,6.1,INFP,Nông nghiệp & Môi trường,Nuôi trồng thủy sản,3.8
STU1494,9.9,8.0,9.1,7.1,6.5,6.0,5.9,ENTP,Kinh tế & Quản lý,Kế toán,4.3
STU4207,5.7,8.6,5.8,6.3,7.4,6.2,7.5,ISFP,Nghệ thuật & Thiết kế,Thiết kế nội thất,4.1
STU6372,7.4,7.1,6.5,4.7,8.7,9.1,5.3,ISFP,Nông nghiệp & Môi trường,Công nghệ sau thu hoạch,4.1
STU2159,7.6,10.0,10.0,6.5,5.4,6.0,10.0,INFJ,Sư phạm & Giáo dục,Giáo dục Mầm non,4.7
STU1170,8.7,6.8,4.5,7.1,10.0,9.0,6.2,ISFP,Y tế & Sức khỏe,Kỹ thuật hình ảnh y học,4.5
STU7220,8.8,6.7,6.0,8.1,7.6,5.3,5.1,ISTP,Xây dựng & Quy hoạch,Quản lý xây dựng,5.2
STU0233,10.0,5.9,8.1,10.0,8.1,5.1,7.6,INTJ,Công nghệ Thông tin & Kỹ thuật Máy tính,Thiết kế vi mạch,4.4
STU0067,10.0,5.2,9.0,8.7,5.6,5.3,4.9,ISTP,Công nghệ Thông tin & Kỹ thuật Máy tính,Mạng máy tính và truyền thông dữ liệu,3.7
STU1604,4.6,4.9,4.4,4.4,3.8,4.7,4.7,ISFP,Kinh tế & Quản lý,Kinh tế quốc tế,2.3
STU6169,7.2,7.6,6.4,6.6,10.0,10.0,6.3,ISFJ,Nông nghiệp & Môi trường,Công nghệ sinh học,4.2
STU3284,4.9,9.4,10.0,6.9,5.6,6.5,7.4,INFP,Ngôn ngữ & Văn hóa,Văn học,3.9
STU3597,7.6,9.5,8.8,6.6,5.0,6.3,8.7,ENTP,Truyền thông & Báo chí,Lưu trữ học,4.1
STU6289,9.3,6.1,6.7,5.3,8.7,9.7,4.2,ISFJ,Nông nghiệp & Môi trường,Nông nghiệp,4.5
STU4633,6.1,7.4,6.7,6.7,6.7,5.1,8.1,INFJ,Nghệ thuật & Thiết kế,Thiết kế nội thất,5.1
STU0126,10.0,7.0,9.4,8.0,7.2,5.4,5.9,INTP,Công nghệ Thông tin & Kỹ thuật Máy tính,Khoa học dữ liệu,3.7
STU6230,7.0,5.7,5.9,5.6,9.1,9.6,5.4,ISFP,Nông nghiệp & Môi trường,Thú y,4.9
STU5351,9.4,5.3,5.2,10.0,8.3,7.2,5.0,ISTJ,"Kỹ thuật, Cơ khí & Ô tô",Công nghệ kỹ thuật ô tô,3.3
STU1297,8.6,5.4,6.0,6.1,9.5,9.1,5.5,ISTJ,Y tế & Sức khỏe,Kỹ thuật phục hồi chức năng,4.5
STU1977,8.7,8.5,9.8,6.5,5.7,6.0,7.8,ENTJ,Kinh tế & Quản lý,Quản trị kinh doanh,3.6
STU7221,8.3,6.1,5.7,9.8,6.6,5.9,5.4,ISTP,Xây dựng & Quy hoạch,Công nghệ kỹ thuật công trình xây dựng,5.0
STU7283,9.2,7.2,6.1,9.9,7.2,6.5,5.6,ESTJ,Xây dựng & Quy hoạch,Kỹ thuật xây dựng,5.3
STU2076,7.1,8.8,9.6,5.3,5.9,6.0,9.6,ESFJ,Sư phạm & Giáo dục,Sư phạm Vật lý,4.5
STU4581,6.5,7.8,6.9,5.9,4.8,6.1,8.2,ISFP,Nghệ thuật & Thiết kế,Thiết kế công nghiệp,3.9
STU5751,8.8,6.3,5.4,10.0,6.9,6.0,6.4,INTJ,"Kỹ thuật, Cơ khí & Ô tô",Kỹ thuật điện tử - viễn thông,4.5
STU7544,5.7,8.0,8.6,5.8,7.5,6.5,7.7,ESFP,Du lịch & Dịch vụ,Quản lý thể dục thể thao,3.7
STU3087,5.4,7.8,9.2,6.9,5.6,6.5,7.5,INFP,Ngôn ngữ & Văn hóa,Đông phương học,4.6
STU6938,9.1,5.9,7.5,8.7,7.3,6.6,6.4,ISTJ,Xây dựng & Quy hoạch,Quản lý xây dựng,4.1
STU3346,5.1,10.0,9.3,7.4,6.8,4.9,8.1,ENTP,Truyền thông & Báo chí,Quan hệ công chúng,4.8
STU7140,8.4,5.1,5.1,9.4,6.7,5.9,6.4,ESTJ,Xây dựng & Quy hoạch,Kỹ thuật cấp thoát nước,4.5
STU5871,9.1,5.4,6.4,8.2,7.4,6.7,5.3,INTJ,"Kỹ thuật, Cơ khí & Ô tô",Kỹ thuật cơ điện tử,4.4
STU6507,8.3,6.0,5.0,6.0,9.8,9.3,5.9,ISFP,Nông nghiệp & Môi trường,Công nghệ sinh học,3.8
STU2798,7.1,9.1,9.4,7.9,6.8,6.0,8.4,ISFP,Ngôn ngữ & Văn hóa,Đông phương học,3.5
STU0919,8.8,5.7,5.2,5.3,9.2,9.5,5.5,ISFP,Y tế & Sức khỏe,Quản lý bệnh viện,4.1
STU1647,10.0,8.1,7.9,6.4,7.4,6.1,5.6,ENTJ,Kinh tế & Quản lý,Quản trị kinh doanh,4.4
STU5123,6.5,7.7,7.7,4.8,5.2,5.0,10.0,INTJ,Luật & Xã hội,Chính trị học,4.1
STU5127,4.9,8.7,8.4,5.9,6.3,5.5,9.6,INTJ,Luật & Xã hội,Công tác xã hội,4.5
STU4979,5.0,10.0,7.4,6.6,6.9,5.5,9.3,ISTJ,Luật & Xã hội,Chính trị học,5.4
STU5432,9.6,5.6,6.0,9.6,8.2,6.4,5.8,ISTJ,"Kỹ thuật, Cơ khí & Ô tô",Kỹ thuật cơ khí,3.8
STU6843,8.7,4.0,6.7,9.5,7.8,5.9,5.5,ESTJ,Xây dựng & Quy hoạch,Quản lý xây dựng,4.7
STU4622,6.6,8.9,6.6,4.5,4.9,8.1,8.8,ISFP,Nghệ thuật & Thiết kế,Thiết kế công nghiệp,4.6
STU6810,9.4,5.5,5.7,9.9,7.0,5.7,6.1,ESTJ,Xây dựng & Quy hoạch,Công nghệ kỹ thuật công trình xây dựng,3.1
STU0365,9.1,5.5,8.4,9.4,7.8,4.3,6.0,INTJ,Công nghệ Thông tin & Kỹ thuật Máy tính,Công nghệ thông tin,4.3
STU3288,4.0,9.2,8.8,5.5,4.8,6.0,7.7,ISFP,Ngôn ngữ & Văn hóa,Ngôn ngữ Nhật,3.9
STU2126,5.9,9.1,8.1,5.8,5.6,6.3,10.0,ISFJ,Sư phạm & Giáo dục,Sư phạm Toán học,4.9
STU4124,6.6,7.7,5.7,6.4,5.2,6.3,7.0,ISFP,Nghệ thuật & Thiết kế,Thiết kế thời trang,3.9
STU4570,6.1,7.5,6.2,6.2,6.1,5.9,6.7,ISFP,Nghệ thuật & Thiết kế,Thiết kế đồ họa,3.8
STU0526,9.7,5.7,7.7,9.8,6.5,5.8,6.7,INTJ,Công nghệ Thông tin & Kỹ thuật Máy tính,An toàn thông tin,3.9
STU4822,5.3,9.4,8.0,6.0,7.2,6.9,9.9,ISTJ,Luật & Xã hội,Tâm lý học,5.1
STU0056,10.0,4.9,10.0,10.0,7.0,5.7,5.5,ISTP,Công nghệ Thông tin & Kỹ thuật Máy tính,Khoa học dữ liệu,5.1
STU0639,10.0,6.5,9.0,9.2,7.0,7.3,6.2,INTP,Công nghệ Thông tin & Kỹ thuật Máy tính,Công nghệ thông tin,5.3
STU0303,10.0,5.3,10.0,9.1,6.7,5.7,5.4,ISTP,Công nghệ Thông tin & Kỹ thuật Máy tính,Khoa học Máy tính,4.7
STU2767,6.1,9.6,9.7,5.7,4.9,5.4,7.6,INFP,Ngôn ngữ & Văn hóa,Đông phương học,4.3
STU5812,8.0,5.5,6.2,9.0,6.3,6.0,6.8,INTJ,"Kỹ thuật, Cơ khí & Ô tô",Kỹ thuật cơ khí,4.2
STU1277,9.8,5.7,5.9,4.9,9.4,8.8,6.5,ISFJ,Y tế & Sức khỏe,Y học cổ truyền,4.0
STU7484,4.6,4.5,5.1,5.2,7.0,4.8,4.6,ESTJ,Du lịch & Dịch vụ,Quản trị nhà hàng và dịch vụ ăn uống,2.1
STU4721,7.4,9.3,7.5,6.4,5.2,6.8,9.4,INFJ,Luật & Xã hội,Tâm lý học,4.0
STU2056,5.9,9.9,9.9,4.9,4.7,7.2,9.5,ESFJ,Sư phạm & Giáo dục,Tâm lý học giáo dục,4.5
STU5377,8.9,6.5,6.2,8.7,8.2,7.0,6.9,INTJ,"Kỹ thuật, Cơ khí & Ô tô",Kỹ thuật điều khiển và tự động hóa,3.4
STU5146,6.6,4.4,5.8,6.5,4.2,6.3,6.3,ESFJ,Luật & Xã hội,Quản lý nhà nước,2.2
STU4433,7.2,8.2,6.5,7.0,6.0,7.2,7.0,INFJ,Nghệ thuật & Thiết kế,Thiết kế thời trang,4.9
STU3645,5.5,9.2,9.3,7.3,4.8,5.8,7.3,ESFP,Truyền thông & Báo chí,Truyền thông đa phương tiện,4.8
STU4144,7.2,8.2,5.8,6.5,7.1,7.7,7.9,INFJ,Nghệ thuật & Thiết kế,Thiết kế công nghiệp,3.9
STU2879,6.9,8.2,9.4,5.2,5.2,6.2,9.1,ISFP,Ngôn ngữ & Văn hóa,Ngôn ngữ Hàn Quốc,4.8
STU4203,6.1,6.6,6.5,6.3,6.5,7.5,8.7,ISFP,Nghệ thuật & Thiết kế,Thiết kế thời trang,3.8
STU6494,7.2,4.8,5.2,6.1,9.3,8.4,5.9,INFP,Nông nghiệp & Môi trường,Thú y,4.1
STU5176,5.9,10.0,7.8,4.4,5.8,5.3,9.9,ISTJ,Luật & Xã hội,Luật,3.9
STU2287,6.9,9.8,9.0,7.4,7.2,6.7,9.1,ENFJ,Sư phạm & Giáo dục,Sư phạm Ngữ văn,4.6
STU2262,7.0,8.0,9.9,5.2,6.2,5.3,10.0,ISFJ,Sư phạm & Giáo dục,Giáo dục Mầm non,4.1
STU5241,5.5,9.9,8.2,5.8,6.5,4.8,8.7,INTJ,Luật & Xã hội,Xã hội học,5.3
STU7298,8.6,6.0,5.7,7.7,7.9,6.0,6.0,ISTP,Xây dựng & Quy hoạch,Kỹ thuật xây dựng,3.6
STU2297,7.1,9.9,8.7,5.7,4.6,6.8,9.9,ESFJ,Sư phạm & Giáo dục,Sư phạm Tin học,4.0
STU5933,8.7,6.2,5.5,9.0,9.2,5.2,5.3,ESTP,"Kỹ thuật, Cơ khí & Ô tô",Robot và Trí tuệ nhân tạo,4.5
STU1754,8.6,8.8,8.2,6.2,5.6,5.4,5.0,ENTJ,Kinh tế & Quản lý,Kinh doanh quốc tế,4.3
STU5198,6.7,9.3,7.9,5.0,4.9,7.2,9.7,INFJ,Luật & Xã hội,Chính trị học,5.5
STU1969,5.8,3.0,4.8,4.5,4.1,6.3,4.0,ESTP,Kinh tế & Quản lý,Kế toán,1.9
STU6947,8.7,6.4,6.4,8.3,6.8,6.2,6.7,ISTP,Xây dựng & Quy hoạch,Kỹ thuật xây dựng,3.4
STU3118,6.0,8.9,9.4,6.1,5.2,6.4,9.4,INFP,Ngôn ngữ & Văn hóa,Ngôn ngữ Hàn Quốc,4.1
STU2394,6.4,9.6,9.7,5.3,5.9,5.9,9.5,ESFJ,Sư phạm & Giáo dục,Giáo dục Tiểu học,4.3
STU0524,10.0,5.3,8.7,9.0,8.1,6.1,5.3,ISTP,Công nghệ Thông tin & Kỹ thuật Máy tính,Khoa học Máy tính,4.2
STU6377,7.4,4.8,6.2,7.0,8.9,8.7,5.1,ISFJ,Nông nghiệp & Môi trường,Công nghệ sau thu hoạch,3.8
STU6789,8.9,6.7,5.7,8.3,7.5,4.8,6.5,ISTP,Xây dựng & Quy hoạch,Kinh tế xây dựng,4.3
STU5525,7.0,5.6,6.3,9.1,8.2,6.1,6.2,ISTP,"Kỹ thuật, Cơ khí & Ô tô",Robot và Trí tuệ nhân tạo,4.0
STU6678,8.8,5.0,4.7,8.8,7.4,5.8,5.6,ESTJ,Xây dựng & Quy hoạch,Địa kỹ thuật xây dựng,5.0
STU3901,4.9,9.8,7.9,5.4,6.6,6.4,7.6,ESFP,Truyền thông & Báo chí,Thông tin - thư viện,4.7
STU7447,5.6,6.8,9.3,7.2,4.9,5.6,8.9,ESFP,Du lịch & Dịch vụ,Quản lý thể dục thể thao,4.5
STU4700,7.7,9.4,7.3,5.3,6.3,6.8,10.0,ENTJ,Luật & Xã hội,Tâm lý học,4.9
STU5586,9.2,5.7,5.5,9.2,7.7,7.1,4.3,ESTP,"Kỹ thuật, Cơ khí & Ô tô",Công nghệ kỹ thuật ô tô,4.5
STU7056,8.3,5.5,6.2,7.6,5.5,7.0,5.6,ISTJ,Xây dựng & Quy hoạch,Công nghệ kỹ thuật công trình xây dựng,4.2
STU3123,7.2,8.1,9.1,5.6,6.0,6.2,7.7,INFP,Ngôn ngữ & Văn hóa,Ngôn ngữ học,5.0
STU6778,9.2,5.9,5.5,9.3,6.8,6.3,5.2,ISTP,Xây dựng & Quy hoạch,Địa kỹ thuật xây dựng,4.5
STU4157,5.7,7.9,5.4,6.2,6.3,5.5,8.6,INFJ,Nghệ thuật & Thiết kế,Thiết kế đồ họa,4.7
STU1970,8.4,8.0,8.9,4.9,4.5,6.4,6.5,ESTJ,Kinh tế & Quản lý,Tài chính - Ngân hàng,5.1
STU0672,9.3,5.9,5.5,6.4,9.8,9.8,6.7,INFJ,Y tế & Sức khỏe,Y học cổ truyền,4.4
STU4189,6.8,8.5,4.4,4.5,6.9,6.6,7.8,ISFP,Nghệ thuật & Thiết kế,Hội họa,3.3
STU0667,9.4,5.3,5.6,5.5,9.5,8.6,6.2,INFJ,Y tế & Sức khỏe,Điều dưỡng,4.3
STU6926,9.1,5.4,5.2,8.5,7.5,5.7,5.4,ISTJ,Xây dựng & Quy hoạch,Quản lý xây dựng,5.1
STU1888,10.0,8.3,9.6,4.7,4.8,6.3,7.2,ESTP,Kinh tế & Quản lý,Kế toán,4.1
STU3267,5.8,9.2,9.8,7.4,5.3,6.5,8.1,INFP,Ngôn ngữ & Văn hóa,Văn học,3.7
STU0281,9.4,5.1,7.0,10.0,7.7,6.7,6.2,ENTP,Công nghệ Thông tin & Kỹ thuật Máy tính,Công nghệ thông tin,4.2
STU1720,4.5,4.3,4.8,5.9,6.7,4.4,5.1,INTP,Kinh tế & Quản lý,Quản trị kinh doanh,3.8
STU2948,6.4,8.5,8.9,6.6,5.8,5.0,7.3,INTP,Ngôn ngữ & Văn hóa,Tiếng Việt và văn hoá Việt Nam,3.8
STU4456,6.6,9.2,6.1,6.3,7.4,6.4,7.0,ISFP,Nghệ thuật & Thiết kế,Thiết kế thời trang,3.8
STU0900,9.3,6.4,5.8,5.3,9.3,8.0,6.4,INFJ,Y tế & Sức khỏe,Kỹ thuật phục hồi chức năng,4.0
STU6032,6.4,5.6,4.6,6.5,9.1,9.6,6.2,ISTJ,Nông nghiệp & Môi trường,Lâm nghiệp đô thị,3.8
STU7737,7.0,8.6,9.0,5.8,5.6,6.3,8.7,ESFP,Du lịch & Dịch vụ,Quản trị khách sạn,4.3
STU6091,9.4,6.5,5.5,7.2,8.8,8.9,6.6,INFP,Nông nghiệp & Môi trường,Nuôi trồng thủy sản,4.4
STU7384,6.9,7.4,8.4,6.1,7.1,5.9,7.6,ENFP,Du lịch & Dịch vụ,Quản trị khách sạn,4.5
STU0761,9.1,5.6,6.4,6.3,8.9,9.0,5.7,INFJ,Y tế & Sức khỏe,Kỹ thuật phục hồi chức năng,4.8
STU6255,8.5,7.3,5.8,5.5,7.7,10.0,6.0,ISTJ,Nông nghiệp & Môi trường,Công nghệ thực phẩm,4.5
STU1907,9.5,8.3,9.2,6.0,6.1,6.5,6.4,ESTJ,Kinh tế & Quản lý,Kiểm toán,5.0
STU4043,5.4,9.0,5.0,6.5,4.8,5.3,6.9,INFP,Nghệ thuật & Thiết kế,Thanh nhạc,3.6
STU3824,6.3,10.0,8.5,5.2,6.4,5.9,8.4,ENTP,Truyền thông & Báo chí,Thông tin - thư viện,5.3
STU4139,6.8,8.7,7.4,5.4,5.7,6.3,7.3,INFP,Nghệ thuật & Thiết kế,Hội họa,4.0
STU3819,6.8,10.0,8.5,5.9,5.0,6.0,9.1,ENFP,Truyền thông & Báo chí,Lưu trữ học,4.6
STU6270,7.0,7.1,6.8,6.5,8.1,9.0,5.0,ISTJ,Nông nghiệp & Môi trường,Công nghệ thực phẩm,4.1
STU4301,6.9,9.8,6.2,6.0,6.0,6.2,5.8,ISFP,Nghệ thuật & Thiết kế,Thiết kế công nghiệp,4.4
STU5570,9.0,5.0,5.3,9.1,9.1,6.5,7.4,ISTJ,"Kỹ thuật, Cơ khí & Ô tô",Robot và Trí tuệ nhân tạo,5.0
STU6197,7.6,7.2,6.7,5.1,8.8,9.5,5.8,ISTJ,Nông nghiệp & Môi trường,Công nghệ sinh học,5.4
STU2594,5.1,9.1,9.5,5.8,5.7,5.1,9.3,INFJ,Sư phạm & Giáo dục,Giáo dục Mầm non,4.4
STU4165,4.5,7.7,5.5,6.3,5.8,6.4,7.1,INFJ,Nghệ thuật & Thiết kế,Thiết kế thời trang,4.3
STU3032,6.6,8.0,10.0,5.4,6.2,6.2,7.6,INTP,Ngôn ngữ & Văn hóa,Ngôn ngữ Nhật,4.5
STU5972,10.0,6.7,5.7,9.3,7.0,6.1,5.6,INTJ,"Kỹ thuật, Cơ khí & Ô tô",Robot và Trí tuệ nhân tạo,5.5
STU3580,6.6,8.2,8.9,6.8,7.4,6.9,8.3,ENFP,Truyền thông & Báo chí,Thông tin - thư viện,3.6
STU2833,4.8,6.1,6.2,3.8,5.9,6.4,6.9,ESFP,Ngôn ngữ & Văn hóa,Ngôn ngữ Anh,2.5
STU5450,9.7,7.2,4.2,10.0,7.6,7.1,6.0,INTJ,"Kỹ thuật, Cơ khí & Ô tô",Robot và Trí tuệ nhân tạo,4.5
STU3473,6.0,10.0,9.3,6.7,6.4,5.9,7.3,ENTP,Truyền thông & Báo chí,Công nghệ truyền thông,4.0
STU6328,7.8,5.7,6.3,6.9,8.6,8.0,5.8,INFP,Nông nghiệp & Môi trường,Công nghệ sau thu hoạch,4.2
STU0138,9.0,5.9,8.1,9.0,9.0,5.3,6.9,INTP,Công nghệ Thông tin & Kỹ thuật Máy tính,Khoa học dữ liệu,5.0
STU4893,4.8,9.4,7.9,6.8,5.4,6.3,9.1,ISTJ,Luật & Xã hội,Chính trị học,4.0
STU2181,6.6,8.7,9.0,6.3,6.3,6.0,9.0,ENFJ,Sư phạm & Giáo dục,Tâm lý học giáo dục,4.1
STU2129,7.2,8.6,8.7,5.8,5.3,7.5,9.9,ESFJ,Sư phạm & Giáo dục,Tâm lý học giáo dục,4.3
STU3178,6.2,8.4,10.0,6.5,6.4,5.5,9.3,INFP,Ngôn ngữ & Văn hóa,Ngôn ngữ học,4.8
STU4855,7.0,9.0,7.5,5.6,5.1,6.6,10.0,ISTJ,Luật & Xã hội,Luật quốc tế,3.8
STU4638,4.5,7.4,5.8,4.3,6.0,5.8,6.0,ISFP,Nghệ thuật & Thiết kế,Thanh nhạc,3.6
STU5116,6.7,8.6,9.2,5.0,4.5,5.5,10.0,ISTJ,Luật & Xã hội,Quản lý nhà nước,4.9
STU7917,6.1,7.2,7.7,6.3,5.0,5.3,7.9,ESFP,Du lịch & Dịch vụ,Quản trị dịch vụ du lịch và lữ hành,4.6
STU4262,6.8,8.4,7.7,6.4,6.1,6.0,8.3,INFP,Nghệ thuật & Thiết kế,Thiết kế công nghiệp,5.7
STU4345,6.8,7.5,7.2,7.3,6.2,6.0,8.3,INFP,Nghệ thuật & Thiết kế,Kiến trúc,5.0
STU1332,8.7,6.9,5.1,5.4,7.9,8.3,7.0,ISTJ,Y tế & Sức khỏe,Dược học,4.1
STU2018,6.8,9.2,9.7,6.4,5.5,4.9,8.7,ENFJ,Sư phạm & Giáo dục,Giáo dục Mầm non,5.1
STU4543,6.4,9.5,6.5,5.9,5.1,4.0,8.4,ISFP,Nghệ thuật & Thiết kế,Kiến trúc,3.7
STU2483,6.4,8.8,9.6,5.9,6.5,4.6,9.0,ENFJ,Sư phạm & Giáo dục,Sư phạm Toán học,4.0
STU1359,8.7,9.5,7.5,6.6,5.4,6.0,6.9,ENTJ,Kinh tế & Quản lý,Marketing,4.8
STU6942,9.3,5.6,5.4,9.4,6.7,6.4,5.9,ISTJ,Xây dựng & Quy hoạch,Địa kỹ thuật xây dựng,4.0
STU6242,7.3,5.6,7.2,6.4,8.0,9.7,6.3,ISFP,Nông nghiệp & Môi trường,Thú y,4.9
STU1330,8.6,5.3,5.9,6.7,9.4,9.5,7.5,ISTJ,Y tế & Sức khỏe,Điều dưỡng,4.2
STU7966,6.2,9.1,9.9,6.4,6.0,6.4,7.3,ESTP,Du lịch & Dịch vụ,Du lịch,4.4
STU6882,7.9,6.3,5.3,8.1,5.7,5.4,6.0,ISTJ,Xây dựng & Quy hoạch,Công nghệ kỹ thuật công trình xây dựng,4.3
STU7868,6.5,8.3,7.8,7.1,5.4,6.2,8.7,ESFP,Du lịch & Dịch vụ,Quản trị khách sạn,3.9
STU2151,7.6,9.5,8.6,5.1,7.2,5.4,8.8,ESFJ,Sư phạm & Giáo dục,Sư phạm Tin học,5.0
STU4531,4.8,9.0,7.3,7.2,5.2,6.8,6.5,INFP,Nghệ thuật & Thiết kế,Thiết kế nội thất,5.5
STU2123,7.4,4.5,5.8,4.8,4.7,4.5,6.0,ESTJ,Sư phạm & Giáo dục,Giáo dục Mầm non,1.4
STU4674,6.2,10.0,6.4,7.1,6.3,5.3,8.6,ENTJ,Luật & Xã hội,Luật,4.2
STU3982,4.0,9.8,9.5,6.4,6.0,5.7,8.0,ENFP,Truyền thông & Báo chí,Báo chí,5.2
STU1253,9.9,6.7,6.7,5.9,9.4,8.5,6.5,ISTJ,Y tế & Sức khỏe,Điều dưỡng,4.6
STU3279,5.9,8.1,8.9,4.5,6.8,7.3,6.9,INFP,Ngôn ngữ & Văn hóa,Ngôn ngữ học,4.9
STU3375,6.6,8.8,8.5,5.2,5.7,5.6,6.1,ENTP,Truyền thông & Báo chí,Thông tin - thư viện,3.9
STU2815,6.3,8.2,9.3,5.7,5.8,5.2,8.1,INFP,Ngôn ngữ & Văn hóa,Ngôn ngữ Nhật,5.0
STU4720,4.6,7.9,8.2,5.7,5.2,4.1,10.0,ISTJ,Luật & Xã hội,Luật,4.5
STU6545,8.2,5.7,5.5,5.8,8.9,9.2,6.1,ISFP,Nông nghiệp & Môi trường,Khoa học cây trồng,4.0
STU1849,8.4,9.3,7.7,6.0,7.1,6.6,5.5,ESTP,Kinh tế & Quản lý,Kiểm toán,4.0
STU4859,5.6,5.2,4.4,5.6,5.8,6.2,5.2,INTP,Luật & Xã hội,Luật quốc tế,2.2
STU3038,4.2,8.8,8.5,6.6,6.6,6.5,8.8,INTP,Ngôn ngữ & Văn hóa,Ngôn ngữ Trung Quốc,5.0
STU0389,9.5,5.9,9.7,8.3,6.1,5.3,5.8,ISTP,Công nghệ Thông tin & Kỹ thuật Máy tính,Khoa học dữ liệu,5.2
STU0236,9.2,6.2,7.9,8.3,6.6,6.7,4.0,INTP,Công nghệ Thông tin & Kỹ thuật Máy tính,Khoa học dữ liệu,3.7
STU1078,9.9,5.9,5.6,6.8,10.0,9.8,6.8,ISFJ,Y tế & Sức khỏe,Y học cổ truyền,3.9
STU1985,7.2,9.2,9.1,5.3,6.2,7.3,5.9,ESTP,Kinh tế & Quản lý,Kinh tế quốc tế,4.0
STU4364,5.6,6.7,4.7,5.0,6.2,6.2,8.4,INFJ,Nghệ thuật & Thiết kế,Thiết kế thời trang,3.0
STU3963,5.9,9.7,9.2,5.5,5.3,5.6,8.1,ENFP,Truyền thông & Báo chí,Thông tin - thư viện,4.8
STU0771,8.4,6.8,5.8,6.3,10.0,8.7,4.3,ISTJ,Y tế & Sức khỏe,Răng - Hàm - Mặt,4.7
STU2166,6.3,8.9,9.2,5.6,6.3,6.9,8.4,ENFJ,Sư phạm & Giáo dục,Sư phạm Tiếng Anh,4.1
STU4534,4.7,8.7,6.3,6.3,7.2,6.6,7.9,INFJ,Nghệ thuật & Thiết kế,Thiết kế nội thất,3.6
STU0674,9.8,6.3,6.2,5.0,8.6,8.8,6.7,INFJ,Y tế & Sức khỏe,Y học cổ truyền,4.0
STU0250,8.9,5.8,8.5,8.8,7.5,5.2,5.4,ISTJ,Công nghệ Thông tin & Kỹ thuật Máy tính,Kỹ thuật phần mềm,3.4
STU6298,7.6,5.2,6.5,5.2,8.9,9.2,6.6,ISTJ,Nông nghiệp & Môi trường,Lâm nghiệp đô thị,4.4
STU1575,8.2,7.8,10.0,6.5,6.1,5.2,6.0,ENTJ,Kinh tế & Quản lý,Kế toán,4.2
STU6239,8.1,5.9,6.4,5.8,9.2,10.0,5.8,ISTJ,Nông nghiệp & Môi trường,Lâm nghiệp đô thị,5.3
STU3420,4.8,9.3,8.8,5.1,5.0,5.3,7.7,ESFP,Truyền thông & Báo chí,Truyền thông đa phương tiện,4.3
STU2082,6.0,6.2,5.5,4.8,4.8,4.4,5.8,ESFP,Sư phạm & Giáo dục,Giáo dục Mầm non,2.8
STU1824,9.8,8.2,8.8,5.7,5.8,7.3,5.8,ESTJ,Kinh tế & Quản lý,Tài chính - Ngân hàng,4.7
STU7709,6.1,7.3,9.1,6.4,7.1,7.5,7.9,ESFP,Du lịch & Dịch vụ,Quản trị nhà hàng và dịch vụ ăn uống,4.9
STU7637,7.3,7.8,9.1,5.7,5.9,6.3,8.6,ENFP,Du lịch & Dịch vụ,Quản trị nhà hàng và dịch vụ ăn uống,4.6
STU4545,4.8,4.7,4.9,3.7,4.5,3.9,3.5,ISTP,Nghệ thuật & Thiết kế,Thiết kế đồ họa,2.4
STU5566,8.9,7.5,6.8,9.8,8.2,6.0,5.3,ISTJ,"Kỹ thuật, Cơ khí & Ô tô",Kỹ thuật điều khiển và tự động hóa,3.4
STU0717,4.6,4.3,4.9,5.0,4.8,6.7,5.2,ESFP,Y tế & Sức khỏe,Y đa khoa,3.9
STU7131,9.2,6.0,6.1,9.4,7.9,6.9,5.8,ISTP,Xây dựng & Quy hoạch,Địa kỹ thuật xây dựng,4.5
STU7458,5.4,8.0,9.7,4.7,6.7,6.3,8.0,ESFP,Du lịch & Dịch vụ,Quản trị khách sạn,4.2
STU2049,6.3,9.0,10.0,6.6,4.9,7.1,8.9,ENFJ,Sư phạm & Giáo dục,Giáo dục Tiểu học,4.7
STU5998,7.2,5.8,5.1,6.7,8.8,9.0,6.0,ISFJ,Nông nghiệp & Môi trường,Công nghệ sau thu hoạch,3.9
STU6601,6.8,6.9,5.3,4.4,9.9,9.0,5.4,ISTJ,Nông nghiệp & Môi trường,Nông nghiệp,4.0
STU5265,7.3,10.0,7.7,5.7,5.2,5.0,8.4,INFJ,Luật & Xã hội,Quản lý nhà nước,3.5
STU4179,6.3,7.2,6.9,6.6,6.5,5.8,7.9,INFJ,Nghệ thuật & Thiết kế,Hội họa,5.6
STU4810,6.3,8.6,8.6,5.7,6.1,5.5,8.8,INFJ,Luật & Xã hội,Luật kinh tế,4.6
STU2725,6.2,9.8,8.4,6.2,5.2,6.3,8.1,INTP,Ngôn ngữ & Văn hóa,Tiếng Việt và văn hoá Việt Nam,4.4
STU7225,9.5,5.6,5.8,9.1,5.1,5.0,5.4,ISTP,Xây dựng & Quy hoạch,Kỹ thuật cấp thoát nước,4.8
STU1461,5.6,5.5,6.2,5.5,4.0,4.7,4.9,ESTP,Kinh tế & Quản lý,Kế toán,1.5
STU6915,8.2,5.3,7.2,8.2,7.1,6.5,5.4,ESTJ,Xây dựng & Quy hoạch,Địa kỹ thuật xây dựng,3.8
STU5990,8.7,6.4,5.4,7.4,8.8,5.9,7.0,ESTP,"Kỹ thuật, Cơ khí & Ô tô",Kỹ thuật điện,4.7
STU1669,9.0,8.4,8.8,6.8,5.6,6.4,5.9,ENTJ,Kinh tế & Quản lý,Marketing,4.6
STU2757,5.9,8.0,9.3,5.9,6.5,5.1,7.4,INTP,Ngôn ngữ & Văn hóa,Văn học,4.1
STU2001,5.5,10.0,8.6,6.5,6.0,6.6,8.9,INFJ,Sư phạm & Giáo dục,Tâm lý học giáo dục,4.9
STU4572,5.1,8.3,4.8,5.7,6.7,6.6,7.8,INFP,Nghệ thuật & Thiết kế,Thiết kế nội thất,4.0
STU4614,5.3,8.0,6.1,5.2,6.1,6.4,6.6,INFP,Nghệ thuật & Thiết kế,Thanh nhạc,5.1
STU7426,6.8,7.8,7.9,7.0,4.9,6.6,8.8,ENFP,Du lịch & Dịch vụ,Quản lý thể dục thể thao,4.6
STU0405,8.8,4.5,9.9,7.4,8.5,6.7,5.7,ISTJ,Công nghệ Thông tin & Kỹ thuật Máy tính,Mạng máy tính và truyền thông dữ liệu,4.5
STU0385,8.5,7.5,7.6,10.0,6.5,6.1,6.4,INTP,Công nghệ Thông tin & Kỹ thuật Máy tính,Khoa học Máy tính,4.7
STU7178,8.0,6.0,6.0,8.0,7.6,6.5,5.0,ISTJ,Xây dựng & Quy hoạch,Kinh tế xây dựng,4.4
STU2153,6.7,9.0,8.5,6.4,6.8,5.5,9.9,INFJ,Sư phạm & Giáo dục,Tâm lý học giáo dục,4.3
STU1634,8.4,7.3,8.0,5.0,5.9,7.3,7.2,ESTJ,Kinh tế & Quản lý,Quản trị kinh doanh,3.9
STU7322,8.6,4.9,4.8,8.9,6.6,5.7,7.8,ISTP,Xây dựng & Quy hoạch,Kỹ thuật cấp thoát nước,4.9
STU5581,8.2,7.1,4.4,8.7,8.0,5.3,5.3,ISTP,"Kỹ thuật, Cơ khí & Ô tô",Công nghệ kỹ thuật ô tô,3.8
STU4785,4.9,9.4,7.8,5.4,5.2,8.1,10.0,INTJ,Luật & Xã hội,Luật,4.6
STU7229,9.9,6.4,5.8,9.6,6.3,7.1,5.8,ISTP,Xây dựng & Quy hoạch,Quản lý xây dựng,4.7
STU6971,10.0,5.8,6.6,9.4,7.8,5.8,5.2,ESTJ,Xây dựng & Quy hoạch,Kỹ thuật xây dựng,3.7
STU3926,6.6,10.0,8.8,5.0,5.3,5.2,7.7,ENFP,Truyền thông & Báo chí,Truyền thông đại chúng,4.2
STU5337,9.0,4.5,4.9,9.3,7.2,6.6,5.6,ISTP,"Kỹ thuật, Cơ khí & Ô tô",Kỹ thuật cơ khí,3.6
STU4159,6.7,8.3,5.7,4.9,5.4,4.7,6.9,INFJ,Nghệ thuật & Thiết kế,Thanh nhạc,5.0
STU4949,5.6,9.1,8.2,6.3,5.9,6.3,9.4,ENTJ,Luật & Xã hội,Xã hội học,4.1
STU5899,9.8,6.1,6.0,8.6,7.6,4.9,4.5,ISTJ,"Kỹ thuật, Cơ khí & Ô tô",Kỹ thuật cơ điện tử,4.6
STU7246,8.9,6.4,6.4,8.4,7.2,7.7,5.9,ESTJ,Xây dựng & Quy hoạch,Công nghệ kỹ thuật công trình xây dựng,3.7
STU5359,8.7,5.6,5.7,10.0,8.8,6.5,6.0,ESTP,"Kỹ thuật, Cơ khí & Ô tô",Kỹ thuật điện,2.7
STU0224,10.0,7.3,9.6,9.8,7.8,6.5,5.8,ISTP,Công nghệ Thông tin & Kỹ thuật Máy tính,Khoa học dữ liệu,4.2
STU2194,6.7,7.8,8.6,5.2,4.4,4.5,9.0,ESFJ,Sư phạm & Giáo dục,Sư phạm Tiếng Anh,4.4
STU3137,6.5,7.8,9.2,6.5,5.5,5.6,7.9,INTP,Ngôn ngữ & Văn hóa,Ngôn ngữ Anh,3.6
STU4470,6.2,7.8,5.8,6.7,5.5,6.6,7.4,ISFP,Nghệ thuật & Thiết kế,Thiết kế công nghiệp,4.3
STU1825,10.0,7.3,8.3,7.3,4.6,7.3,6.8,ESTJ,Kinh tế & Quản lý,Kinh tế quốc tế,3.7
STU7341,6.0,6.8,8.3,5.1,6.4,6.1,7.7,ESFP,Du lịch & Dịch vụ,Quản trị dịch vụ du lịch và lữ hành,3.8
STU5125,6.7,10.0,7.6,5.2,7.0,5.8,9.7,ISTJ,Luật & Xã hội,Luật,4.0
STU4973,5.6,10.0,8.3,5.9,5.6,4.3,9.5,INFJ,Luật & Xã hội,Luật kinh tế,3.4
STU0798,9.4,5.5,5.6,6.0,9.9,8.4,6.1,ISTJ,Y tế & Sức khỏe,Y học dự phòng,4.1
STU2872,6.0,9.6,9.9,6.3,6.5,6.3,7.8,ISFP,Ngôn ngữ & Văn hóa,Quốc tế học,4.4
STU0010,9.9,4.2,9.4,7.7,7.9,6.4,5.4,ISTP,Công nghệ Thông tin & Kỹ thuật Máy tính,Kỹ thuật phần mềm,5.0
STU6594,7.3,5.8,5.7,4.8,8.9,9.6,6.1,ISTJ,Nông nghiệp & Môi trường,Khoa học môi trường,3.5
STU1945,8.7,7.7,8.8,5.1,6.9,7.7,4.1,ENTJ,Kinh tế & Quản lý,Hệ thống thông tin quản lý,4.1
STU1839,9.4,6.6,7.3,6.0,5.4,6.9,6.3,ESTP,Kinh tế & Quản lý,Kinh tế quốc tế,4.8
STU4805,5.8,8.6,8.5,5.9,6.5,5.1,9.4,INTJ,Luật & Xã hội,Tâm lý học,5.1
STU0256,9.0,6.3,8.7,8.7,9.1,6.0,6.7,INTJ,Công nghệ Thông tin & Kỹ thuật Máy tính,An toàn thông tin,4.3
STU7027,8.8,6.9,4.2,7.9,7.7,6.3,6.8,ISTJ,Xây dựng & Quy hoạch,Quản lý xây dựng,4.1
STU5714,9.4,6.7,4.4,9.0,8.0,5.1,5.3,INTJ,"Kỹ thuật, Cơ khí & Ô tô",Kỹ thuật cơ điện tử,4.2
STU4486,6.4,7.6,5.4,6.8,6.1,6.5,7.6,INFP,Nghệ thuật & Thiết kế,Kiến trúc,5.1
STU7202,9.0,6.6,5.9,8.3,5.8,5.2,6.7,ISTJ,Xây dựng & Quy hoạch,Quản lý xây dựng,4.6
STU1582,9.6,8.0,9.1,6.8,5.9,6.3,6.2,ESTJ,Kinh tế & Quản lý,Kế toán,3.6
STU2957,6.2,8.7,8.7,6.0,4.8,5.3,7.2,ISFP,Ngôn ngữ & Văn hóa,Ngôn ngữ Trung Quốc,3.9
STU0925,9.6,6.5,5.4,6.0,9.8,8.9,5.8,ISTJ,Y tế & Sức khỏe,Kỹ thuật hình ảnh y học,4.4
STU7683,5.8,7.7,9.7,7.2,6.2,6.4,8.1,ENFP,Du lịch & Dịch vụ,Quản trị nhà hàng và dịch vụ ăn uống,5.8
STU7085,9.6,5.5,6.6,9.4,6.0,6.9,4.6,ISTJ,Xây dựng & Quy hoạch,Địa kỹ thuật xây dựng,5.4
STU2509,7.5,9.9,8.3,6.5,5.1,6.6,8.6,INFJ,Sư phạm & Giáo dục,Giáo dục Tiểu học,5.0
STU6133,7.3,7.7,5.6,5.0,8.5,9.8,5.7,ISTJ,Nông nghiệp & Môi trường,Công nghệ sinh học,3.5
STU5025,6.0,8.2,6.9,5.6,5.9,7.2,10.0,ENTJ,Luật & Xã hội,Quản lý nhà nước,4.0
STU5321,5.2,9.3,6.9,6.0,6.3,7.0,8.5,INFJ,Luật & Xã hội,Công tác xã hội,4.5
STU6646,7.8,6.4,5.4,5.9,8.2,8.1,5.3,INFP,Nông nghiệp & Môi trường,Khoa học môi trường,4.3
STU6043,7.3,5.6,6.0,6.4,8.8,9.4,6.9,ISFP,Nông nghiệp & Môi trường,Khoa học cây trồng,3.7
STU3776,6.0,9.5,10.0,6.5,5.5,6.1,8.1,ENTP,Truyền thông & Báo chí,Thông tin - thư viện,3.1
STU4836,6.7,9.0,7.8,6.0,6.0,5.7,10.0,INTJ,Luật & Xã hội,Luật kinh tế,4.2
STU4137,6.5,9.2,6.0,6.1,5.9,5.1,7.8,INFJ,Nghệ thuật & Thiết kế,Điêu khắc,4.4
STU4965,6.5,9.9,8.0,6.9,5.1,5.9,9.8,ENTJ,Luật & Xã hội,Luật,4.1
STU2780,6.2,8.6,9.9,4.7,6.1,7.2,8.7,INFP,Ngôn ngữ & Văn hóa,Đông phương học,3.9
STU0540,8.0,5.0,8.2,8.8,6.0,6.4,5.5,ISTJ,Công nghệ Thông tin & Kỹ thuật Máy tính,An toàn thông tin,3.9
STU2746,6.2,8.5,8.1,5.0,5.3,6.4,6.7,INTP,Ngôn ngữ & Văn hóa,Ngôn ngữ học,3.5
STU7185,10.0,6.5,5.2,8.5,6.4,6.8,6.4,ISTJ,Xây dựng & Quy hoạch,Quản lý xây dựng,5.4
STU7301,8.8,6.8,6.8,9.4,8.2,6.2,6.0,ISTJ,Xây dựng & Quy hoạch,Kỹ thuật xây dựng,4.3
STU6820,8.0,6.5,5.5,7.9,7.2,6.4,6.0,ESTJ,Xây dựng & Quy hoạch,Kinh tế xây dựng,4.2
STU5468,8.1,5.5,5.2,8.7,9.0,6.8,7.3,ISTJ,"Kỹ thuật, Cơ khí & Ô tô",Kỹ thuật cơ điện tử,4.5
STU1146,9.3,6.8,6.8,5.1,10.0,10.0,5.6,ISTJ,Y tế & Sức khỏe,Y học cổ truyền,4.7
STU5128,5.0,8.8,6.9,4.9,5.8,6.6,10.0,ENTJ,Luật & Xã hội,Tâm lý học,3.7
STU4469,5.7,8.6,5.6,7.1,6.2,6.0,8.5,INFJ,Nghệ thuật & Thiết kế,Thanh nhạc,4.8
STU0668,9.6,8.2,6.6,6.1,8.7,7.8,4.6,ISTJ,Y tế & Sức khỏe,Quản lý bệnh viện,4.6
STU3020,6.4,7.5,9.0,5.2,5.5,4.6,7.3,ISFP,Ngôn ngữ & Văn hóa,Ngôn ngữ Anh,4.9
STU0358,9.2,5.7,10.0,8.1,6.8,5.1,5.7,INTP,Công nghệ Thông tin & Kỹ thuật Máy tính,Khoa học Máy tính,4.4
STU5064,6.0,9.5,7.3,5.2,6.4,5.7,10.0,ENTJ,Luật & Xã hội,Luật kinh tế,3.6
STU2832,5.9,8.2,10.0,5.2,4.9,6.7,6.8,INFP,Ngôn ngữ & Văn hóa,Ngôn ngữ Anh,4.7
STU2784,5.0,8.1,9.5,5.4,6.5,5.4,5.7,INTP,Ngôn ngữ & Văn hóa,Ngôn ngữ Hàn Quốc,4.6
STU1354,8.5,8.7,10.0,6.4,7.6,6.2,5.8,ESTJ,Kinh tế & Quản lý,Hệ thống thông tin quản lý,5.2
STU5132,5.4,9.5,8.2,7.6,6.7,5.7,9.2,INFJ,Luật & Xã hội,Luật,4.1
STU0471,8.4,6.7,7.8,10.0,6.7,7.1,6.8,ENTP,Công nghệ Thông tin & Kỹ thuật Máy tính,Thiết kế vi mạch,4.6
STU2704,7.3,8.6,9.1,6.0,4.7,6.5,8.5,INTP,Ngôn ngữ & Văn hóa,Tiếng Việt và văn hoá Việt Nam,3.9
STU3331,6.4,9.8,8.6,6.7,5.7,4.8,9.5,ESFP,Truyền thông & Báo chí,Truyền thông đa phương tiện,4.1
STU3638,5.8,8.9,9.1,6.7,6.5,5.8,8.6,ENTP,Truyền thông & Báo chí,Thông tin - thư viện,5.4
STU1397,9.3,8.1,9.1,5.8,5.8,5.7,6.6,ENTP,Kinh tế & Quản lý,Kinh tế,3.5
STU3585,6.6,9.7,9.5,5.9,5.1,6.0,7.8,ENTP,Truyền thông & Báo chí,Truyền thông đại chúng,4.2
STU7172,9.0,6.5,5.3,8.4,7.6,4.9,6.3,ISTJ,Xây dựng & Quy hoạch,Công nghệ kỹ thuật công trình xây dựng,4.0
STU5263,5.9,8.6,8.3,6.0,6.0,6.5,8.0,INFJ,Luật & Xã hội,Quản lý nhà nước,4.1
STU5646,8.4,5.9,7.0,9.6,8.2,4.8,6.4,ISTP,"Kỹ thuật, Cơ khí & Ô tô",Kỹ thuật điện tử - viễn thông,3.7
STU3377,5.6,8.1,8.9,7.3,5.6,6.8,6.9,ENTP,Truyền thông & Báo chí,Truyền thông đa phương tiện,5.4
STU1257,10.0,6.1,6.4,5.3,9.5,10.0,5.4,ISFP,Y tế & Sức khỏe,Răng - Hàm - Mặt,3.7
STU6191,7.8,6.8,4.9,4.9,8.4,10.0,5.3,INFP,Nông nghiệp & Môi trường,Khoa học cây trồng,5.1
STU3513,5.0,8.4,9.4,5.6,7.0,7.6,7.7,ENFP,Truyền thông & Báo chí,Báo chí,4.4
STU5652,8.9,6.0,6.8,9.9,7.7,4.4,6.5,INTJ,"Kỹ thuật, Cơ khí & Ô tô",Robot và Trí tuệ nhân tạo,4.9
STU5779,8.7,6.7,6.8,9.1,7.4,5.4,5.3,INTJ,"Kỹ thuật, Cơ khí & Ô tô",Công nghệ kỹ thuật ô tô,4.6
STU1251,10.0,7.2,6.2,6.3,9.3,9.8,6.9,ISFP,Y tế & Sức khỏe,Kỹ thuật phục hồi chức năng,5.3
STU5796,8.4,5.2,6.8,10.0,8.5,6.2,4.8,ISTP,"Kỹ thuật, Cơ khí & Ô tô",Kỹ thuật điện,3.8
STU5349,8.3,6.0,5.3,9.8,8.6,6.3,5.4,ISTP,"Kỹ thuật, Cơ khí & Ô tô",Công nghệ kỹ thuật ô tô,3.6
STU7672,6.9,9.1,9.4,6.0,4.1,4.7,8.1,ESFP,Du lịch & Dịch vụ,Du lịch,4.3
STU4299,6.1,5.1,6.9,4.9,6.5,3.3,5.0,ISTJ,Nghệ thuật & Thiết kế,Kiến trúc,0.9
STU3285,6.4,8.7,10.0,5.7,6.6,5.7,7.5,INTP,Ngôn ngữ & Văn hóa,Văn học,5.1
STU2934,5.8,9.0,9.4,5.4,6.8,7.2,8.2,ISFP,Ngôn ngữ & Văn hóa,Quốc tế học,5.2
STU4176,4.6,8.6,7.3,7.5,5.3,7.1,6.4,INFP,Nghệ thuật & Thiết kế,Thiết kế công nghiệp,4.0
STU5269,5.9,9.9,8.5,6.8,6.6,5.0,8.8,INTJ,Luật & Xã hội,Xã hội học,5.2
STU4911,6.5,8.9,8.3,6.3,6.5,5.1,9.5,ISTJ,Luật & Xã hội,Công tác xã hội,3.4
STU1853,8.9,7.9,9.7,7.9,4.9,6.8,5.2,ENTP,Kinh tế & Quản lý,Kinh doanh quốc tế,4.1
STU6317,8.3,6.6,6.2,5.4,8.4,8.6,5.4,ISTJ,Nông nghiệp & Môi trường,Nuôi trồng thủy sản,4.3
STU6816,8.9,6.2,4.5,8.7,6.4,5.8,5.1,ESTJ,Xây dựng & Quy hoạch,Kỹ thuật cấp thoát nước,4.2
STU7475,4.7,8.2,8.8,5.1,6.3,5.9,8.0,ESFJ,Du lịch & Dịch vụ,Quản trị khách sạn,4.1
STU7770,6.5,7.2,7.8,7.3,5.9,5.2,8.3,ENFP,Du lịch & Dịch vụ,Du lịch,5.2
STU2106,7.6,9.4,9.7,5.5,5.5,5.9,8.3,ENFJ,Sư phạm & Giáo dục,Sư phạm Ngữ văn,3.6
STU0134,6.6,4.8,7.1,6.6,4.9,5.6,6.2,ENTP,Công nghệ Thông tin & Kỹ thuật Máy tính,Khoa học Máy tính,3.1
STU5237,6.5,9.6,7.6,5.2,6.5,7.2,9.9,INTJ,Luật & Xã hội,Luật,4.1
STU5030,5.7,9.8,7.9,5.2,5.4,5.2,10.0,INTJ,Luật & Xã hội,Xã hội học,4.0
STU0929,8.5,6.5,5.0,6.0,8.8,8.9,5.3,ISTJ,Y tế & Sức khỏe,Y đa khoa,4.3
STU0824,8.9,5.5,5.5,5.8,8.8,8.9,6.2,INFJ,Y tế & Sức khỏe,Y học cổ truyền,5.0
STU7264,9.2,7.6,5.2,9.6,7.4,5.3,6.0,ISTJ,Xây dựng & Quy hoạch,Công nghệ kỹ thuật công trình xây dựng,3.9
STU1532,8.0,7.1,8.8,5.3,6.4,7.0,7.2,ESTP,Kinh tế & Quản lý,Kinh doanh quốc tế,5.0
STU1215,9.3,5.1,6.9,6.3,8.5,9.5,6.8,ISFP,Y tế & Sức khỏe,Răng - Hàm - Mặt,3.3
STU0505,5.7,3.7,6.7,6.6,6.5,4.8,5.0,ENTJ,Công nghệ Thông tin & Kỹ thuật Máy tính,Kỹ thuật phần mềm,3.7
STU4286,6.5,8.1,6.4,5.7,5.8,6.1,7.9,INFJ,Nghệ thuật & Thiết kế,Thiết kế đồ họa,4.3
STU6492,7.0,4.8,7.3,4.6,8.8,8.3,5.9,ISFJ,Nông nghiệp & Môi trường,Khoa học cây trồng,5.1
STU1997,8.4,8.2,9.3,5.8,5.3,6.3,6.7,ESTJ,Kinh tế & Quản lý,Kế toán,4.0
STU6531,7.4,4.7,5.0,5.4,8.6,8.0,6.7,ISFP,Nông nghiệp & Môi trường,Khoa học môi trường,4.6
STU3073,5.3,9.8,9.8,5.8,7.4,5.2,9.2,INTP,Ngôn ngữ & Văn hóa,Ngôn ngữ Hàn Quốc,4.0
STU1959,8.9,6.8,8.4,5.6,5.4,6.5,6.6,ENTP,Kinh tế & Quản lý,Kinh tế quốc tế,4.2
STU1385,10.0,8.0,9.8,7.2,6.2,7.6,6.1,ESTP,Kinh tế & Quản lý,Kiểm toán,5.4
STU0895,9.4,5.8,4.8,5.8,9.3,10.0,6.2,ISFP,Y tế & Sức khỏe,Y học cổ truyền,5.2
STU4925,7.0,8.1,7.8,5.1,5.8,6.4,8.3,ENTJ,Luật & Xã hội,Xã hội học,4.4
STU0456,8.7,7.0,8.8,9.8,6.9,7.6,5.0,ENTP,Công nghệ Thông tin & Kỹ thuật Máy tính,Kỹ thuật phần mềm,4.4
STU6620,8.7,5.5,7.3,4.8,8.5,8.7,5.0,INFP,Nông nghiệp & Môi trường,Công nghệ sinh học,5.6
STU5780,5.4,4.6,6.2,5.9,5.2,6.5,6.7,ISFJ,"Kỹ thuật, Cơ khí & Ô tô",Kỹ thuật điện tử - viễn thông,2.0
STU7625,4.0,5.7,6.9,4.2,4.5,6.8,4.7,ENFP,Du lịch & Dịch vụ,Quản trị nhà hàng và dịch vụ ăn uống,2.9
STU3710,4.5,9.0,9.2,7.2,4.7,5.7,8.6,ENFP,Truyền thông & Báo chí,Lưu trữ học,4.0
STU7373,4.9,7.4,9.2,6.5,5.4,6.2,7.1,ESFJ,Du lịch & Dịch vụ,Quản trị dịch vụ du lịch và lữ hành,4.7
STU4850,5.6,9.3,8.1,5.9,6.3,5.9,10.0,INFJ,Luật & Xã hội,Luật,4.7
STU4749,4.8,9.0,7.5,7.1,6.2,6.4,10.0,INTJ,Luật & Xã hội,Luật kinh tế,3.4
STU4269,5.4,8.2,6.0,6.4,6.9,5.5,6.4,INFP,Nghệ thuật & Thiết kế,Thiết kế thời trang,4.3
STU3523,6.0,9.5,9.9,6.2,5.8,6.2,8.4,ESFP,Truyền thông & Báo chí,Thông tin - thư viện,4.6
STU4135,4.2,8.3,7.0,6.5,5.4,6.2,5.9,INFP,Nghệ thuật & Thiết kế,Điêu khắc,3.6
STU3603,6.5,9.5,9.4,6.0,6.7,5.9,7.2,ENTP,Truyền thông & Báo chí,Truyền thông đại chúng,3.7
STU7806,6.2,7.8,7.4,6.6,6.8,4.9,7.8,ENFP,Du lịch & Dịch vụ,Quản trị nhà hàng và dịch vụ ăn uống,3.9
STU0714,9.5,5.1,5.4,6.0,7.8,10.0,6.2,ISFJ,Y tế & Sức khỏe,Y học cổ truyền,4.8
STU4187,4.3,8.4,6.1,5.1,4.9,5.3,6.6,ISFP,Nghệ thuật & Thiết kế,Thiết kế thời trang,3.8
STU2215,6.5,9.5,8.9,6.2,5.7,5.2,9.9,INFJ,Sư phạm & Giáo dục,Tâm lý học giáo dục,5.1
STU5302,5.9,8.8,7.8,5.3,7.0,7.0,10.0,ENTJ,Luật & Xã hội,Chính trị học,4.4
STU2924,6.3,7.9,9.2,6.3,7.8,5.0,7.9,INTP,Ngôn ngữ & Văn hóa,Tiếng Việt và văn hoá Việt Nam,4.6
STU7243,8.1,6.5,5.6,9.6,6.6,5.4,5.6,ESTJ,Xây dựng & Quy hoạch,Quản lý xây dựng,4.8
STU1811,9.9,7.2,9.8,4.7,7.1,5.6,6.0,ESTP,Kinh tế & Quản lý,Hệ thống thông tin quản lý,5.7
STU3487,6.6,9.0,8.3,6.0,5.9,5.6,8.3,ESFP,Truyền thông & Báo chí,Công nghệ truyền thông,4.5
STU3142,5.9,7.8,9.6,4.9,6.0,6.4,7.9,INFP,Ngôn ngữ & Văn hóa,Ngôn ngữ học,3.7
STU1828,8.3,9.9,7.9,6.4,6.8,5.8,5.2,ENTP,Kinh tế & Quản lý,Thương mại điện tử,4.1
STU1156,8.6,5.9,5.7,6.0,9.2,9.8,4.8,INFJ,Y tế & Sức khỏe,Răng - Hàm - Mặt,4.8
STU1325,9.0,6.9,7.8,6.6,9.3,8.6,5.4,ISTJ,Y tế & Sức khỏe,Y đa khoa,4.6
STU4313,4.5,7.9,5.6,6.9,6.5,6.9,6.9,INFP,Nghệ thuật & Thiết kế,Kiến trúc,5.0
STU0511,8.4,5.4,7.6,9.1,6.5,6.0,6.4,ISTJ,Công nghệ Thông tin & Kỹ thuật Máy tính,Kỹ thuật phần mềm,5.2
STU1681,7.1,4.2,4.1,4.0,5.5,5.1,6.5,ENTJ,Kinh tế & Quản lý,Quản trị kinh doanh,1.0
STU0500,9.6,7.7,9.3,9.9,8.3,5.2,7.2,ISTJ,Công nghệ Thông tin & Kỹ thuật Máy tính,Kỹ thuật phần mềm,4.1
STU7250,8.2,5.6,4.3,8.4,7.6,7.1,6.4,ESTJ,Xây dựng & Quy hoạch,Kinh tế xây dựng,4.4
STU1857,9.0,7.9,9.5,4.3,4.6,6.8,6.1,ENTJ,Kinh tế & Quản lý,Thương mại điện tử,3.3
STU1389,4.8,3.6,7.0,4.1,4.4,7.8,7.2,ISTP,Kinh tế & Quản lý,Tài chính - Ngân hàng,2.7
STU5616,9.3,5.1,4.9,8.7,6.9,6.3,4.6,ISTP,"Kỹ thuật, Cơ khí & Ô tô",Công nghệ kỹ thuật ô tô,4.0
STU3720,5.4,9.9,8.7,6.2,5.5,4.7,7.5,ENTP,Truyền thông & Báo chí,Quan hệ công chúng,5.3
STU2387,6.4,8.6,9.6,6.3,5.6,5.7,10.0,ISFJ,Sư phạm & Giáo dục,Sư phạm Tiếng Anh,4.8
STU5542,7.8,6.5,4.4,9.5,7.6,7.7,5.6,ISTJ,"Kỹ thuật, Cơ khí & Ô tô",Kỹ thuật điện,4.3
STU3237,5.9,4.7,6.0,5.3,4.6,6.2,4.9,ENTP,Ngôn ngữ & Văn hóa,Ngôn ngữ Anh,2.6
STU6173,7.2,7.0,6.5,5.0,9.9,9.2,7.0,ISTJ,Nông nghiệp & Môi trường,Lâm nghiệp đô thị,4.4
STU1541,8.4,7.1,9.0,6.2,6.1,5.0,6.4,ESTJ,Kinh tế & Quản lý,Hệ thống thông tin quản lý,2.9
STU1218,9.0,6.5,5.7,5.4,9.3,10.0,7.5,ISTJ,Y tế & Sức khỏe,Điều dưỡng,4.1
STU2682,6.3,9.8,8.9,7.1,4.8,4.5,9.2,INFP,Ngôn ngữ & Văn hóa,Ngôn ngữ Trung Quốc,3.3
STU7810,4.8,7.8,8.3,7.2,6.5,5.7,8.1,ENFP,Du lịch & Dịch vụ,Quản lý thể dục thể thao,4.8
STU2994,7.5,9.5,10.0,5.8,6.3,5.7,8.6,INFP,Ngôn ngữ & Văn hóa,Ngôn ngữ Anh,4.5
STU5513,8.4,4.9,6.3,10.0,8.1,6.8,5.8,INTJ,"Kỹ thuật, Cơ khí & Ô tô",Công nghệ kỹ thuật ô tô,3.6
STU6314,6.9,6.7,6.0,4.8,9.0,8.2,6.3,ISFJ,Nông nghiệp & Môi trường,Nuôi trồng thủy sản,4.3
STU1192,9.0,7.0,7.6,6.8,9.7,9.4,5.8,ISFJ,Y tế & Sức khỏe,Răng - Hàm - Mặt,4.1
STU5773,8.6,6.1,6.4,8.6,7.0,6.5,4.9,ISTP,"Kỹ thuật, Cơ khí & Ô tô",Kỹ thuật điện tử - viễn thông,4.1
STU5294,7.7,10.0,7.6,6.4,5.5,6.3,9.4,INTJ,Luật & Xã hội,Xã hội học,4.5
STU1543,9.7,7.5,8.4,6.5,6.9,6.7,5.3,ESTJ,Kinh tế & Quản lý,Thương mại điện tử,3.1
STU3302,5.6,8.7,9.0,6.9,6.7,6.3,9.6,INFP,Ngôn ngữ & Văn hóa,Tiếng Việt và văn hoá Việt Nam,3.4
STU3325,6.5,7.9,9.7,5.4,6.6,6.7,7.5,ISFP,Ngôn ngữ & Văn hóa,Quốc tế học,4.7
STU7057,7.6,4.8,6.1,9.6,6.7,7.1,6.0,ISTJ,Xây dựng & Quy hoạch,Công nghệ kỹ thuật công trình xây dựng,4.4
STU2540,5.2,8.8,7.7,5.5,5.6,7.8,9.4,ISFJ,Sư phạm & Giáo dục,Tâm lý học giáo dục,4.5
STU0954,9.2,6.3,6.3,5.3,9.8,10.0,5.5,INFJ,Y tế & Sức khỏe,Dược học,3.9
STU7177,9.0,5.9,6.2,8.6,7.2,6.8,6.9,ISTJ,Xây dựng & Quy hoạch,Kỹ thuật xây dựng,4.2
STU6732,9.1,5.4,4.8,7.8,6.7,4.4,6.0,ISTP,Xây dựng & Quy hoạch,Kinh tế xây dựng,4.6
STU4847,5.3,5.2,4.6,4.6,3.9,6.8,6.1,ENFP,Luật & Xã hội,Tâm lý học,2.9
STU6802,8.8,5.3,6.5,8.5,8.0,6.1,5.5,ESTJ,Xây dựng & Quy hoạch,Kỹ thuật cấp thoát nước,4.2
STU4331,6.8,7.7,7.2,6.5,6.3,7.0,6.7,INFJ,Nghệ thuật & Thiết kế,Kiến trúc,3.3
STU0733,5.3,5.8,6.7,4.0,4.3,7.1,5.8,ESFP,Y tế & Sức khỏe,Quản lý bệnh viện,3.1
STU7981,5.8,8.4,8.3,6.7,5.7,5.5,7.9,ESFP,Du lịch & Dịch vụ,Quản lý thể dục thể thao,4.8
STU1157,8.2,4.5,5.9,5.4,8.5,9.5,5.0,ISFJ,Y tế & Sức khỏe,Y học dự phòng,4.3
STU7400,5.4,7.2,9.0,5.3,6.4,5.7,8.1,ESFJ,Du lịch & Dịch vụ,Quản lý thể dục thể thao,3.4
STU3295,5.5,8.4,8.9,5.2,7.0,5.0,8.9,INTP,Ngôn ngữ & Văn hóa,Đông phương học,5.1
STU6542,7.8,6.6,5.2,6.5,9.8,10.0,5.8,INFP,Nông nghiệp & Môi trường,Công nghệ thực phẩm,4.5
STU2983,6.1,8.9,9.9,5.2,6.4,6.1,8.5,INTP,Ngôn ngữ & Văn hóa,Ngôn ngữ học,5.0
STU5306,6.1,7.9,7.9,4.7,5.9,6.3,9.0,ENTJ,Luật & Xã hội,Tâm lý học,6.0
STU5162,5.7,9.3,7.8,6.7,5.7,7.4,9.6,ISTJ,Luật & Xã hội,Luật,4.3
STU2157,7.0,10.0,9.4,6.4,5.1,5.8,8.2,ESFJ,Sư phạm & Giáo dục,Tâm lý học giáo dục,4.1
STU1063,9.7,5.6,5.5,6.6,9.3,8.4,7.1,ISTJ,Y tế & Sức khỏe,Quản lý bệnh viện,4.7
STU2617,8.1,8.8,8.6,5.2,6.1,6.6,8.9,ISFJ,Sư phạm & Giáo dục,Sư phạm Vật lý,4.8
STU1168,10.0,6.0,5.6,6.8,10.0,9.0,5.0,ISTJ,Y tế & Sức khỏe,Điều dưỡng,4.5
STU3223,5.7,7.9,8.9,5.9,6.7,7.1,8.6,INTP,Ngôn ngữ & Văn hóa,Ngôn ngữ Anh,5.0
STU3637,7.1,10.0,8.9,4.7,6.9,6.3,8.8,ENTP,Truyền thông & Báo chí,Truyền thông đa phương tiện,3.8
STU5589,8.7,4.4,5.4,8.8,7.6,4.8,6.8,ISTP,"Kỹ thuật, Cơ khí & Ô tô",Kỹ thuật điện,5.7
STU2939,4.7,6.5,7.1,5.1,5.1,5.9,5.4,INFJ,Ngôn ngữ & Văn hóa,Ngôn ngữ học,4.2
STU7092,9.8,6.7,6.6,8.6,6.5,6.1,7.2,ESTJ,Xây dựng & Quy hoạch,Quản lý xây dựng,4.1
STU7193,9.0,6.3,5.5,8.2,8.1,5.7,5.5,ISTP,Xây dựng & Quy hoạch,Quản lý xây dựng,3.1
STU4492,5.8,6.8,6.5,6.0,6.4,5.4,6.2,ISFP,Nghệ thuật & Thiết kế,Hội họa,3.9
STU3141,5.6,8.7,9.3,7.0,5.0,5.7,8.9,INFP,Ngôn ngữ & Văn hóa,Ngôn ngữ Anh,4.4
STU4981,5.1,9.3,7.4,5.3,6.4,6.8,8.9,ENTJ,Luật & Xã hội,Tâm lý học,4.6
STU0144,9.0,7.0,7.9,10.0,8.3,6.1,5.6,ISTP,Công nghệ Thông tin & Kỹ thuật Máy tính,Khoa học dữ liệu,4.6
STU7914,6.8,7.5,8.5,4.8,5.2,7.0,9.0,ESFJ,Du lịch & Dịch vụ,Quản lý thể dục thể thao,4.3
STU3578,5.3,8.8,9.3,6.9,5.6,5.4,7.8,ESFP,Truyền thông & Báo chí,Lưu trữ học,3.9
STU4947,5.7,10.0,8.0,6.5,6.5,6.3,8.4,ENTJ,Luật & Xã hội,Luật,4.5
STU2783,5.2,8.9,8.0,6.1,7.0,4.9,7.6,ISFP,Ngôn ngữ & Văn hóa,Ngôn ngữ học,4.0
STU0718,9.3,6.1,5.4,6.7,9.6,9.0,7.2,INFJ,Y tế & Sức khỏe,Răng - Hàm - Mặt,4.3
STU1820,9.3,7.3,9.3,5.6,7.4,5.8,7.2,ESTJ,Kinh tế & Quản lý,Thương mại điện tử,5.1
STU2503,7.8,9.8,8.5,5.3,6.7,4.6,9.0,ENFJ,Sư phạm & Giáo dục,Sư phạm Ngữ văn,3.8
STU4361,4.6,7.9,6.5,4.9,5.5,6.5,8.5,INFJ,Nghệ thuật & Thiết kế,Hội họa,4.5
STU4172,5.8,7.1,5.3,6.1,5.4,5.4,6.7,INFJ,Nghệ thuật & Thiết kế,Điêu khắc,4.3
STU6589,7.7,6.6,6.6,6.0,8.8,9.0,5.4,ISFJ,Nông nghiệp & Môi trường,Công nghệ sau thu hoạch,3.8
STU0396,8.4,5.4,9.6,7.9,7.2,5.8,6.0,ISTP,Công nghệ Thông tin & Kỹ thuật Máy tính,Mạng máy tính và truyền thông dữ liệu,3.1
STU5732,9.2,6.4,6.1,10.0,6.8,6.1,5.7,ISTP,"Kỹ thuật, Cơ khí & Ô tô",Kỹ thuật cơ khí,4.5
STU6321,7.1,4.5,6.7,5.4,7.2,9.3,5.4,ISTJ,Nông nghiệp & Môi trường,Khoa học cây trồng,4.6
STU7187,8.9,6.7,6.5,9.1,6.4,4.3,7.2,ESTJ,Xây dựng & Quy hoạch,Kinh tế xây dựng,4.3
STU7717,6.9,8.5,9.3,6.5,5.3,6.0,8.8,ENFP,Du lịch & Dịch vụ,Quản trị nhà hàng và dịch vụ ăn uống,3.6
STU4493,5.8,8.5,6.0,6.5,7.7,6.4,8.0,INFJ,Nghệ thuật & Thiết kế,Hội họa,5.1
STU1366,4.2,7.0,6.0,5.1,5.3,6.2,4.3,ENFJ,Kinh tế & Quản lý,Quản trị kinh doanh,3.4
STU7285,7.3,6.4,6.5,9.3,7.8,4.0,5.5,ISTP,Xây dựng & Quy hoạch,Quản lý xây dựng,5.1
STU6000,7.2,5.1,6.9,4.8,8.2,8.5,6.2,ISTJ,Nông nghiệp & Môi trường,Nông nghiệp,4.3
STU0596,9.1,6.3,9.6,8.8,9.6,4.7,5.6,INTJ,Công nghệ Thông tin & Kỹ thuật Máy tính,Công nghệ thông tin,3.8
STU6206,7.8,5.7,5.2,6.1,9.1,9.1,7.2,ISFP,Nông nghiệp & Môi trường,Công nghệ sinh học,4.9
STU3953,5.2,10.0,8.3,6.1,4.9,5.0,8.0,ENTP,Truyền thông & Báo chí,Truyền thông đại chúng,4.5
STU5393,8.2,6.9,5.4,10.0,8.8,5.9,6.6,INTJ,"Kỹ thuật, Cơ khí & Ô tô",Kỹ thuật điện,4.4
STU5918,8.6,6.9,5.5,9.2,8.4,5.4,6.9,INTJ,"Kỹ thuật, Cơ khí & Ô tô",Kỹ thuật cơ khí,3.8
STU4969,5.9,7.9,7.0,5.6,6.1,6.1,9.0,ISTJ,Luật & Xã hội,Luật kinh tế,4.3
STU2915,5.9,8.1,10.0,5.1,5.8,6.8,7.1,ISFP,Ngôn ngữ & Văn hóa,Ngôn ngữ Anh,4.9
STU7869,7.1,8.4,8.8,5.5,7.7,5.9,7.9,ESTP,Du lịch & Dịch vụ,Quản trị dịch vụ du lịch và lữ hành,4.7
STU2327,6.1,7.7,7.6,5.7,4.6,6.3,8.8,INFJ,Sư phạm & Giáo dục,Giáo dục Mầm non,4.9
STU5645,9.3,7.3,5.7,8.9,7.8,6.7,5.0,ISTP,"Kỹ thuật, Cơ khí & Ô tô",Kỹ thuật điện tử - viễn thông,3.9
STU3767,5.1,9.4,7.7,6.5,5.0,5.9,7.0,ENTP,Truyền thông & Báo chí,Truyền thông đa phương tiện,3.7
STU3441,5.8,9.7,10.0,6.8,5.9,5.6,7.5,ENFP,Truyền thông & Báo chí,Quan hệ công chúng,4.7
STU3852,5.1,8.5,8.7,4.5,5.4,7.2,9.3,ENFP,Truyền thông & Báo chí,Báo chí,5.2
STU4133,6.3,8.4,6.8,7.0,5.0,5.5,8.2,INFP,Nghệ thuật & Thiết kế,Điêu khắc,3.9
STU6807,8.2,5.5,6.8,9.0,7.5,5.7,5.8,ISTJ,Xây dựng & Quy hoạch,Kỹ thuật cấp thoát nước,4.9
STU7328,5.3,8.0,8.5,7.2,6.0,5.4,7.1,ESFJ,Du lịch & Dịch vụ,Quản trị dịch vụ du lịch và lữ hành,4.2
STU2144,7.1,9.7,9.8,6.4,6.3,6.7,9.5,INFJ,Sư phạm & Giáo dục,Giáo dục Mầm non,4.1
STU7370,4.8,6.8,9.4,6.1,6.3,6.5,8.0,ENFP,Du lịch & Dịch vụ,Quản trị dịch vụ du lịch và lữ hành,4.2
STU5074,5.7,9.1,8.9,6.3,6.1,4.6,9.6,ENTJ,Luật & Xã hội,Luật quốc tế,4.8
STU1572,8.6,8.9,8.4,6.7,4.5,5.7,6.5,ESTP,Kinh tế & Quản lý,Kế toán,5.0
STU4080,6.8,7.6,6.8,5.7,6.1,6.6,6.7,INFP,Nghệ thuật & Thiết kế,Thiết kế thời trang,5.1
STU1123,8.2,5.4,4.9,5.0,9.2,9.2,7.9,ISFJ,Y tế & Sức khỏe,Kỹ thuật phục hồi chức năng,4.5
STU2787,5.7,8.6,9.8,6.2,5.7,6.8,9.7,INTP,Ngôn ngữ & Văn hóa,Đông phương học,4.0
STU6336,7.9,4.7,5.1,6.2,9.0,8.5,5.8,ISTJ,Nông nghiệp & Môi trường,Khoa học cây trồng,4.9
STU2968,6.9,8.3,9.5,6.3,5.0,5.9,7.1,INFP,Ngôn ngữ & Văn hóa,Ngôn ngữ Anh,5.1
STU2505,6.1,9.2,10.0,7.2,5.5,5.4,10.0,ISFJ,Sư phạm & Giáo dục,Sư phạm Tin học,3.6
STU5989,7.2,6.3,5.3,5.5,5.1,6.6,5.2,ESTP,"Kỹ thuật, Cơ khí & Ô tô",Kỹ thuật cơ điện tử,1.7
STU3466,6.4,8.9,8.2,5.8,5.1,7.1,7.4,ENFP,Truyền thông & Báo chí,Báo chí,5.3
STU0676,6.6,5.9,5.5,6.9,4.5,6.7,6.4,ISFJ,Y tế & Sức khỏe,Răng - Hàm - Mặt,2.3
STU2809,6.3,8.5,9.3,6.3,5.6,6.1,8.1,ISFP,Ngôn ngữ & Văn hóa,Ngôn ngữ học,3.4
STU7165,7.8,5.6,5.9,8.8,6.1,6.2,4.7,ISTJ,Xây dựng & Quy hoạch,Kinh tế xây dựng,3.9
STU3349,5.8,8.9,7.9,5.1,6.3,7.7,7.9,ESFP,Truyền thông & Báo chí,Thông tin - thư viện,4.5
STU0729,8.0,6.1,4.9,6.3,9.0,8.9,5.4,ISTJ,Y tế & Sức khỏe,Y học cổ truyền,4.1
STU0413,9.0,6.3,7.9,10.0,6.7,6.5,5.6,INTJ,Công nghệ Thông tin & Kỹ thuật Máy tính,An toàn thông tin,4.8
STU3147,6.5,9.1,9.3,5.4,6.0,5.9,8.8,INFP,Ngôn ngữ & Văn hóa,Ngôn ngữ Trung Quốc,3.9
STU1517,8.2,7.8,8.1,5.0,6.2,6.4,5.9,ESTP,Kinh tế & Quản lý,Kinh doanh quốc tế,4.1
STU5746,9.1,7.4,7.7,8.3,8.2,6.1,6.4,ISTP,"Kỹ thuật, Cơ khí & Ô tô",Kỹ thuật điện,4.0
STU0826,8.6,5.8,5.4,5.9,9.3,8.6,6.6,ISFJ,Y tế & Sức khỏe,Kỹ thuật hình ảnh y học,5.2
STU3268,7.1,9.8,10.0,5.9,6.1,6.4,8.7,INTP,Ngôn ngữ & Văn hóa,Đông phương học,4.6
STU3975,7.1,9.1,9.6,6.5,6.5,5.7,7.9,ENFP,Truyền thông & Báo chí,Truyền thông đại chúng,4.1
STU0617,9.2,7.7,9.2,9.6,6.8,5.1,6.8,ENTP,Công nghệ Thông tin & Kỹ thuật Máy tính,An toàn thông tin,5.1
STU0115,8.4,5.7,7.4,8.6,5.8,5.2,5.3,ISTP,Công nghệ Thông tin & Kỹ thuật Máy tính,An toàn thông tin,3.5
STU0418,9.3,4.6,7.7,8.9,6.4,6.4,5.4,INTJ,Công nghệ Thông tin & Kỹ thuật Máy tính,Thiết kế vi mạch,4.7
STU3070,6.1,9.3,9.0,7.2,5.8,5.3,6.6,INFP,Ngôn ngữ & Văn hóa,Đông phương học,4.2
STU1626,9.2,7.9,8.9,5.7,5.4,4.9,7.5,ENTJ,Kinh tế & Quản lý,Hệ thống thông tin quản lý,5.3
STU7114,8.4,6.2,4.7,7.4,7.1,6.3,6.6,ISTP,Xây dựng & Quy hoạch,Địa kỹ thuật xây dựng,5.5
STU6749,9.6,5.1,6.2,8.3,7.9,5.4,6.2,ESTJ,Xây dựng & Quy hoạch,Công nghệ kỹ thuật công trình xây dựng,4.5
STU7909,6.4,6.3,7.4,6.0,6.9,5.0,7.8,ESFP,Du lịch & Dịch vụ,Quản trị nhà hàng và dịch vụ ăn uống,4.8
STU4186,4.6,8.2,6.3,6.4,6.5,6.8,7.6,INFP,Nghệ thuật & Thiết kế,Thiết kế đồ họa,3.1
STU2897,5.6,8.9,9.4,5.0,7.4,6.5,7.7,INTP,Ngôn ngữ & Văn hóa,Ngôn ngữ Anh,4.4
STU7461,5.4,7.1,8.7,6.0,4.7,4.9,8.7,ENFP,Du lịch & Dịch vụ,Quản trị nhà hàng và dịch vụ ăn uống,5.1
STU2083,6.6,9.1,9.4,6.5,7.0,6.4,9.5,ESFJ,Sư phạm & Giáo dục,Sư phạm Tiếng Anh,5.1
STU0754,8.6,6.6,4.3,7.2,9.9,9.5,5.6,ISTJ,Y tế & Sức khỏe,Quản lý bệnh viện,4.0
STU2547,6.9,10.0,8.8,5.5,5.1,5.5,10.0,ISFJ,Sư phạm & Giáo dục,Giáo dục Mầm non,4.0
STU3970,5.2,5.4,7.0,5.2,6.7,5.1,7.5,ENFJ,Truyền thông & Báo chí,Báo chí,1.5
STU3374,7.3,9.5,8.6,4.9,6.1,5.9,8.6,ENTP,Truyền thông & Báo chí,Quan hệ công chúng,4.6
STU5727,8.9,6.6,6.2,8.7,7.5,6.3,4.6,ISTP,"Kỹ thuật, Cơ khí & Ô tô",Kỹ thuật cơ điện tử,5.4
STU4108,5.9,8.8,5.5,6.5,5.6,5.4,8.8,INFP,Nghệ thuật & Thiết kế,Điêu khắc,4.5
STU2445,6.8,9.9,9.4,6.8,6.6,6.2,9.3,ISFJ,Sư phạm & Giáo dục,Giáo dục Mầm non,5.7
STU4381,5.6,9.2,5.6,5.9,6.0,5.3,7.7,INFJ,Nghệ thuật & Thiết kế,Hội họa,4.7
STU1067,8.9,4.9,5.2,6.0,8.6,9.3,7.1,INFJ,Y tế & Sức khỏe,Y học cổ truyền,4.3
STU3914,6.3,8.9,9.0,4.8,5.7,7.0,9.0,ENFP,Truyền thông & Báo chí,Truyền thông đại chúng,5.2
STU5288,6.7,10.0,8.1,7.0,5.6,7.3,10.0,INFJ,Luật & Xã hội,Quản lý nhà nước,4.1
STU5537,9.3,7.2,5.5,8.9,7.3,6.1,6.6,ISTJ,"Kỹ thuật, Cơ khí & Ô tô",Công nghệ kỹ thuật ô tô,4.8
STU5388,8.9,6.1,6.4,9.7,6.8,6.4,5.6,ESTP,"Kỹ thuật, Cơ khí & Ô tô",Robot và Trí tuệ nhân tạo,3.9
STU5733,8.8,5.7,6.2,10.0,7.8,5.2,6.6,ESTP,"Kỹ thuật, Cơ khí & Ô tô",Robot và Trí tuệ nhân tạo,4.6
STU3499,6.5,10.0,9.3,7.4,6.7,4.8,8.6,ESFP,Truyền thông & Báo chí,Báo chí,4.4
STU2739,6.9,8.4,9.7,5.7,5.6,5.3,8.6,ISFP,Ngôn ngữ & Văn hóa,Quốc tế học,4.4
STU5053,7.1,9.2,8.3,4.7,4.0,5.8,8.3,INFJ,Luật & Xã hội,Luật quốc tế,4.3
STU4001,7.1,5.6,5.9,5.2,5.7,7.5,6.0,ENTJ,Nghệ thuật & Thiết kế,Thiết kế đồ họa,2.1
STU1569,8.5,7.5,8.6,5.9,6.4,5.8,5.6,ESTJ,Kinh tế & Quản lý,Kinh tế,5.4
STU2428,5.8,9.0,9.1,6.5,7.4,5.1,9.5,INFJ,Sư phạm & Giáo dục,Giáo dục Mầm non,3.6
STU3747,6.8,8.2,8.6,6.6,6.7,6.1,7.5,ESFP,Truyền thông & Báo chí,Truyền thông đa phương tiện,4.2
STU6834,10.0,6.3,5.3,8.4,7.1,7.1,6.2,ISTJ,Xây dựng & Quy hoạch,Kỹ thuật cấp thoát nước,4.3
STU7404,6.1,8.6,8.3,7.0,7.2,5.7,8.5,ESTP,Du lịch & Dịch vụ,Quản trị dịch vụ du lịch và lữ hành,4.6
STU1688,8.9,8.9,8.3,4.5,7.3,6.4,5.7,ENTJ,Kinh tế & Quản lý,Kiểm toán,3.8
STU0852,9.6,5.9,6.0,4.6,10.0,9.9,4.8,ISFP,Y tế & Sức khỏe,Y học dự phòng,4.7
STU3547,6.7,9.9,9.0,7.3,5.4,6.2,8.1,ESFP,Truyền thông & Báo chí,Truyền thông đại chúng,4.8
STU6304,7.7,5.6,5.4,4.5,10.0,10.0,4.8,ISFP,Nông nghiệp & Môi trường,Lâm nghiệp đô thị,4.8
STU0896,7.9,6.0,6.4,5.7,9.1,9.5,5.1,ISFP,Y tế & Sức khỏe,Điều dưỡng,4.5
STU4593,6.5,7.5,5.8,5.8,5.6,6.3,8.8,INFJ,Nghệ thuật & Thiết kế,Hội họa,5.1
STU6402,7.6,6.1,5.6,6.7,7.6,9.6,6.8,INFP,Nông nghiệp & Môi trường,Thú y,5.0
STU5879,7.3,5.4,5.3,9.0,8.4,4.9,6.6,ISTP,"Kỹ thuật, Cơ khí & Ô tô",Kỹ thuật cơ khí,5.7
STU0336,9.4,5.7,8.7,10.0,8.2,4.4,6.2,INTJ,Công nghệ Thông tin & Kỹ thuật Máy tính,Thiết kế vi mạch,4.0
STU2840,5.3,7.7,10.0,6.8,4.0,6.9,7.6,INTP,Ngôn ngữ & Văn hóa,Ngôn ngữ Hàn Quốc,5.3
STU3088,5.5,9.0,9.6,6.2,5.9,5.6,8.3,INFP,Ngôn ngữ & Văn hóa,Văn học,4.2
STU4612,7.5,7.6,5.6,6.8,7.1,5.7,7.5,ISFP,Nghệ thuật & Thiết kế,Hội họa,3.7
STU1349,8.3,8.6,7.9,4.9,7.3,6.4,5.6,ENTJ,Kinh tế & Quản lý,Marketing,4.9
STU1016,9.9,6.2,7.1,5.8,9.2,8.8,6.5,ISTJ,Y tế & Sức khỏe,Răng - Hàm - Mặt,4.7
STU2817,5.0,8.6,10.0,6.0,6.0,7.0,7.9,INTP,Ngôn ngữ & Văn hóa,Ngôn ngữ học,5.0
STU1632,10.0,8.5,9.6,6.4,6.0,5.1,6.8,ESTJ,Kinh tế & Quản lý,Kinh doanh quốc tế,4.3
STU2490,7.3,10.0,8.0,5.6,6.4,6.0,9.8,ESFJ,Sư phạm & Giáo dục,Sư phạm Vật lý,4.4
STU3731,7.7,10.0,8.8,5.4,5.6,5.5,7.9,ENFP,Truyền thông & Báo chí,Công nghệ truyền thông,4.1
STU6906,7.9,6.5,6.6,8.9,6.9,5.1,6.0,ISTJ,Xây dựng & Quy hoạch,Kinh tế xây dựng,4.7
STU3252,5.8,8.9,10.0,6.3,7.4,4.8,8.8,INFP,Ngôn ngữ & Văn hóa,Đông phương học,4.4
STU7398,7.0,7.7,8.9,5.7,7.1,6.2,8.4,ESFJ,Du lịch & Dịch vụ,Quản lý thể dục thể thao,4.5
STU7268,9.0,5.8,6.7,8.6,6.9,6.4,6.1,ISTJ,Xây dựng & Quy hoạch,Quản lý xây dựng,4.9
STU5878,8.3,6.8,4.9,9.0,9.3,6.8,5.6,ESTP,"Kỹ thuật, Cơ khí & Ô tô",Robot và Trí tuệ nhân tạo,3.6
STU6666,7.8,5.7,6.2,9.5,7.5,4.9,6.3,ISTP,Xây dựng & Quy hoạch,Quản lý xây dựng,5.8
STU5882,7.4,5.8,5.3,8.3,8.1,6.5,4.7,INTJ,"Kỹ thuật, Cơ khí & Ô tô",Kỹ thuật điện tử - viễn thông,3.9
STU2071,7.9,9.4,9.0,6.4,4.6,6.0,10.0,ESFJ,Sư phạm & Giáo dục,Sư phạm Tiếng Anh,4.2
STU4453,4.2,4.6,5.0,7.2,5.0,5.0,5.8,INFJ,Nghệ thuật & Thiết kế,Thiết kế đồ họa,1.7
STU7794,5.2,7.1,9.0,5.1,6.3,4.7,9.5,ENFP,Du lịch & Dịch vụ,Quản lý thể dục thể thao,4.8
STU5409,9.5,5.9,7.5,8.7,5.9,5.3,4.9,ISTP,"Kỹ thuật, Cơ khí & Ô tô",Kỹ thuật cơ khí,4.4
STU1636,9.1,9.0,9.5,4.6,4.9,5.4,6.4,ESTP,Kinh tế & Quản lý,Hệ thống thông tin quản lý,3.2
STU4647,5.8,7.8,6.2,6.0,6.4,5.6,8.1,INFJ,Nghệ thuật & Thiết kế,Thiết kế đồ họa,3.4
STU6485,7.8,5.8,6.7,5.6,9.8,9.7,4.9,ISTJ,Nông nghiệp & Môi trường,Nuôi trồng thủy sản,4.7
STU2480,6.0,8.6,8.7,5.5,7.0,7.2,9.0,ISFJ,Sư phạm & Giáo dục,Giáo dục Tiểu học,5.4
STU6618,8.5,7.0,6.0,5.6,8.7,9.2,6.7,ISTJ,Nông nghiệp & Môi trường,Khoa học môi trường,4.9
STU2266,6.2,9.0,10.0,6.0,5.9,5.9,9.7,ISFJ,Sư phạm & Giáo dục,Sư phạm Toán học,4.2
STU2960,5.2,8.4,10.0,5.7,6.4,6.2,7.5,INFP,Ngôn ngữ & Văn hóa,Quốc tế học,3.9
STU5324,6.6,10.0,6.5,6.0,7.1,7.1,9.5,INTJ,Luật & Xã hội,Chính trị học,4.0
STU7549,5.6,8.1,9.3,4.8,5.3,7.4,8.0,ESFP,Du lịch & Dịch vụ,Quản trị nhà hàng và dịch vụ ăn uống,4.0
STU3060,7.4,8.6,8.9,6.2,5.7,6.0,9.4,INFP,Ngôn ngữ & Văn hóa,Ngôn ngữ Anh,4.5
STU5054,5.6,9.3,6.0,5.7,6.5,6.5,10.0,INTJ,Luật & Xã hội,Quản lý nhà nước,3.2
STU5870,8.3,4.9,6.7,8.2,6.9,6.8,6.2,ISTJ,"Kỹ thuật, Cơ khí & Ô tô",Kỹ thuật điện tử - viễn thông,5.0
STU2142,6.4,9.8,9.2,5.8,5.6,5.4,9.6,ISFJ,Sư phạm & Giáo dục,Sư phạm Tiếng Anh,3.9
STU5105,5.9,9.1,7.5,7.3,6.8,5.6,8.0,INTJ,Luật & Xã hội,Xã hội học,4.5
STU3119,5.6,7.9,8.9,6.6,5.5,6.2,6.9,INFP,Ngôn ngữ & Văn hóa,Ngôn ngữ Trung Quốc,5.4
STU5189,7.2,8.7,7.7,6.4,7.4,6.8,9.1,ISTJ,Luật & Xã hội,Tâm lý học,2.8
STU7540,7.0,7.2,9.1,6.9,6.7,5.7,7.7,ESFP,Du lịch & Dịch vụ,Quản trị dịch vụ du lịch và lữ hành,4.6
STU4046,5.3,7.4,5.4,6.7,6.1,6.9,7.2,INFJ,Nghệ thuật & Thiết kế,Kiến trúc,4.3
STU3357,6.1,8.4,9.3,6.4,7.3,5.5,8.3,ENTP,Truyền thông & Báo chí,Công nghệ truyền thông,3.5
STU2745,5.3,8.7,9.3,5.1,5.2,5.7,7.6,INFP,Ngôn ngữ & Văn hóa,Tiếng Việt và văn hoá Việt Nam,4.6
STU7254,8.7,5.2,6.3,9.6,6.1,6.1,6.4,ISTJ,Xây dựng & Quy hoạch,Kỹ thuật cấp thoát nước,4.3
STU5093,5.9,9.2,7.5,5.7,6.4,7.2,9.1,ISTJ,Luật & Xã hội,Luật,3.8
STU3507,4.9,10.0,9.1,5.3,5.9,6.8,7.4,ENFP,Truyền thông & Báo chí,Thông tin - thư viện,2.8
STU1680,8.8,7.7,9.6,6.1,6.7,5.2,5.7,ENTJ,Kinh tế & Quản lý,Kinh tế quốc tế,4.4
STU4250,7.1,7.4,7.1,6.4,6.0,7.4,8.3,INFP,Nghệ thuật & Thiết kế,Kiến trúc,4.2
STU3148,6.5,8.8,10.0,6.4,5.4,6.9,7.9,INTP,Ngôn ngữ & Văn hóa,Ngôn ngữ học,5.0
STU2295,6.1,9.1,10.0,5.5,6.0,4.7,9.7,ENFJ,Sư phạm & Giáo dục,Tâm lý học giáo dục,5.2
STU7005,9.1,5.4,5.5,8.1,7.9,5.7,6.5,ISTP,Xây dựng & Quy hoạch,Kinh tế xây dựng,5.8
STU6934,10.0,6.3,5.7,8.8,7.1,6.1,5.5,ISTJ,Xây dựng & Quy hoạch,Kinh tế xây dựng,4.7
STU0581,10.0,7.8,8.4,8.8,6.3,5.3,5.0,ISTJ,Công nghệ Thông tin & Kỹ thuật Máy tính,Mạng máy tính và truyền thông dữ liệu,4.1
STU1471,8.9,8.6,8.9,6.9,5.5,7.4,3.9,ENTJ,Kinh tế & Quản lý,Kinh tế,3.6
STU4800,6.7,9.7,7.5,6.1,5.2,6.6,9.1,ISTJ,Luật & Xã hội,Luật,4.1
STU4071,5.7,6.3,5.2,4.4,4.9,3.3,3.7,ENFJ,Nghệ thuật & Thiết kế,Thanh nhạc,2.8
STU5309,5.5,9.6,6.9,5.9,6.0,4.9,9.8,ENTJ,Luật & Xã hội,Luật quốc tế,4.5
STU3344,4.7,9.9,8.9,6.7,6.4,6.7,7.8,ENTP,Truyền thông & Báo chí,Truyền thông đại chúng,4.9
STU4993,5.0,8.6,8.0,6.3,7.0,4.8,9.8,INFJ,Luật & Xã hội,Xã hội học,4.3
STU4584,5.6,8.8,7.0,5.8,4.7,6.8,7.7,INFP,Nghệ thuật & Thiết kế,Kiến trúc,5.6
STU3673,6.8,9.4,7.7,5.5,6.3,5.6,8.3,ESFP,Truyền thông & Báo chí,Truyền thông đa phương tiện,4.6
STU0560,6.0,6.6,6.2,5.3,6.9,4.4,4.1,INTJ,Công nghệ Thông tin & Kỹ thuật Máy tính,Khoa học Máy tính,1.3
STU5238,6.3,8.4,7.9,6.6,7.3,5.6,9.8,ENTJ,Luật & Xã hội,Tâm lý học,3.9
STU5216,8.2,9.8,6.8,6.2,6.0,6.1,9.4,INFJ,Luật & Xã hội,Công tác xã hội,4.5
STU2850,6.1,9.6,9.8,6.3,5.4,6.4,9.1,INFP,Ngôn ngữ & Văn hóa,Ngôn ngữ học,4.7
STU0513,9.7,5.5,10.0,9.4,6.5,5.6,4.8,ENTP,Công nghệ Thông tin & Kỹ thuật Máy tính,An toàn thông tin,4.5
STU4730,4.3,9.2,8.0,5.3,6.3,5.2,8.9,INFJ,Luật & Xã hội,Chính trị học,4.5
STU1082,9.1,5.7,6.2,5.5,10.0,10.0,6.2,ISFP,Y tế & Sức khỏe,Quản lý bệnh viện,4.4
STU1665,8.5,8.2,9.4,6.2,6.4,6.8,5.7,ENTP,Kinh tế & Quản lý,Quản trị kinh doanh,3.3
STU1013,10.0,7.0,5.4,5.1,10.0,8.2,4.8,INFJ,Y tế & Sức khỏe,Y học dự phòng,4.4
STU1932,9.1,6.6,9.1,6.0,5.9,5.2,6.1,ENTP,Kinh tế & Quản lý,Kinh doanh quốc tế,4.5
STU1151,8.6,5.1,6.3,6.5,9.4,9.4,6.1,ISFP,Y tế & Sức khỏe,Y học dự phòng,4.5
STU2839,6.3,9.5,10.0,5.9,4.9,6.7,7.8,ISFP,Ngôn ngữ & Văn hóa,Văn học,3.4
STU5950,8.7,7.3,6.4,8.9,8.0,6.4,6.4,INTJ,"Kỹ thuật, Cơ khí & Ô tô",Kỹ thuật cơ điện tử,4.1
STU0117,4.9,4.8,5.0,4.8,4.8,6.6,4.4,ISFJ,Công nghệ Thông tin & Kỹ thuật Máy tính,An toàn thông tin,3.3
STU0741,10.0,5.3,6.4,6.1,9.6,9.1,6.5,INFJ,Y tế & Sức khỏe,Y học dự phòng,4.4
STU7668,5.4,7.8,8.6,7.4,5.8,5.6,9.2,ESFJ,Du lịch & Dịch vụ,Quản trị nhà hàng và dịch vụ ăn uống,4.4
STU6071,8.8,7.2,5.5,5.0,8.7,10.0,4.5,ISFJ,Nông nghiệp & Môi trường,Nông nghiệp,3.6
STU5178,6.6,9.3,8.5,5.9,5.7,7.1,10.0,INFJ,Luật & Xã hội,Chính trị học,4.6
STU3676,5.8,9.8,9.4,4.8,5.5,6.7,8.4,ESFP,Truyền thông & Báo chí,Truyền thông đại chúng,4.3
STU5907,8.6,5.9,5.0,9.2,7.3,5.9,5.0,ESTP,"Kỹ thuật, Cơ khí & Ô tô",Kỹ thuật cơ khí,3.7
STU0831,7.8,7.5,6.0,5.6,10.0,8.9,5.8,ISFJ,Y tế & Sức khỏe,Y học dự phòng,5.1
STU0120,9.5,5.8,9.3,8.2,7.9,6.5,6.2,ISTP,Công nghệ Thông tin & Kỹ thuật Máy tính,Khoa học dữ liệu,4.4
STU4753,5.7,8.5,8.5,6.9,6.0,6.2,9.7,INTJ,Luật & Xã hội,Luật quốc tế,3.7
STU7623,5.5,8.2,8.4,6.2,6.7,6.9,7.6,ESFJ,Du lịch & Dịch vụ,Quản trị nhà hàng và dịch vụ ăn uống,4.6
STU7565,5.9,8.1,10.0,5.9,4.9,5.8,8.4,ESFJ,Du lịch & Dịch vụ,Quản trị nhà hàng và dịch vụ ăn uống,4.6
STU7896,6.2,9.0,9.1,5.6,5.2,4.9,8.1,ESFP,Du lịch & Dịch vụ,Quản lý thể dục thể thao,3.9
STU0636,10.0,5.4,10.0,9.0,6.4,5.4,6.5,ENTP,Công nghệ Thông tin & Kỹ thuật Máy tính,Khoa học Máy tính,4.6
STU4466,7.2,7.7,6.9,6.2,6.3,4.5,7.6,INFP,Nghệ thuật & Thiết kế,Thanh nhạc,5.1
STU4365,5.2,8.7,6.8,6.2,5.5,6.8,6.7,ISFP,Nghệ thuật & Thiết kế,Thanh nhạc,3.6
STU6800,8.8,6.0,6.1,8.9,7.1,7.0,5.1,ISTJ,Xây dựng & Quy hoạch,Quản lý xây dựng,4.3
STU7080,8.3,4.8,6.8,10.0,6.9,5.2,4.9,ESTJ,Xây dựng & Quy hoạch,Kỹ thuật cấp thoát nước,4.6
STU6967,8.7,5.6,6.6,8.5,6.8,4.8,5.8,ISTP,Xây dựng & Quy hoạch,Kỹ thuật cấp thoát nước,4.0
STU7011,9.0,6.8,5.4,8.7,7.1,5.9,6.2,ISTJ,Xây dựng & Quy hoạch,Quản lý xây dựng,4.5
STU4143,4.7,8.2,6.4,6.6,4.8,6.1,8.1,INFP,Nghệ thuật & Thiết kế,Thanh nhạc,3.8
STU7028,4.7,5.2,3.8,6.7,5.1,5.4,5.3,ESFJ,Xây dựng & Quy hoạch,Địa kỹ thuật xây dựng,2.8
STU0992,8.7,6.4,5.3,4.7,8.9,9.6,6.9,ISFJ,Y tế & Sức khỏe,Y học dự phòng,3.9
STU0877,7.9,5.8,6.9,5.8,8.8,9.9,5.8,INFJ,Y tế & Sức khỏe,Dược học,4.9
STU4870,7.1,8.9,8.4,6.6,7.0,5.4,7.6,INFJ,Luật & Xã hội,Luật quốc tế,4.1
STU5316,7.7,5.9,5.3,4.6,6.7,5.1,5.2,ESTP,Luật & Xã hội,Luật quốc tế,2.6
STU5223,5.8,9.3,6.9,5.9,4.7,7.6,9.6,INFJ,Luật & Xã hội,Công tác xã hội,4.2
STU0005,8.4,5.8,9.9,9.7,7.3,7.1,6.3,INTJ,Công nghệ Thông tin & Kỹ thuật Máy tính,Thiết kế vi mạch,4.8
STU3052,5.4,8.4,9.2,6.3,7.4,6.2,8.4,INTP,Ngôn ngữ & Văn hóa,Ngôn ngữ Anh,4.4
STU5692,7.8,5.5,7.1,8.3,8.4,6.9,6.2,ISTJ,"Kỹ thuật, Cơ khí & Ô tô",Kỹ thuật điện tử - viễn thông,4.7
STU3125,5.8,8.3,9.4,5.0,5.3,6.8,8.9,INFP,Ngôn ngữ & Văn hóa,Ngôn ngữ Nhật,5.1
STU6408,8.4,5.1,5.9,5.1,9.4,9.6,5.5,INFP,Nông nghiệp & Môi trường,Nông nghiệp,3.4
STU7137,9.2,6.4,6.1,8.4,7.5,5.6,6.5,ISTP,Xây dựng & Quy hoạch,Địa kỹ thuật xây dựng,4.7
STU2661,7.6,8.1,7.7,5.9,6.1,7.0,8.9,INFJ,Sư phạm & Giáo dục,Sư phạm Tin học,3.3
STU2492,7.6,9.6,9.4,5.5,6.3,6.2,8.8,ISFJ,Sư phạm & Giáo dục,Giáo dục Mầm non,4.0
STU7147,9.7,5.1,4.9,10.0,7.8,5.5,5.3,ISTJ,Xây dựng & Quy hoạch,Kỹ thuật cấp thoát nước,5.0
STU5174,5.1,9.9,7.3,6.9,6.1,5.8,8.8,ENTJ,Luật & Xã hội,Chính trị học,3.9
STU3855,8.1,9.7,9.3,6.0,4.7,6.2,9.0,ENFP,Truyền thông & Báo chí,Lưu trữ học,4.2
STU4934,5.3,8.2,7.3,5.0,4.8,6.1,8.5,ISTJ,Luật & Xã hội,Chính trị học,3.9
STU4778,6.7,9.5,7.8,6.0,6.8,5.5,10.0,ENTJ,Luật & Xã hội,Luật kinh tế,5.1
STU1716,10.0,6.9,9.2,6.4,6.0,6.0,4.7,ENTP,Kinh tế & Quản lý,Kinh tế,4.3
STU6449,8.6,5.7,4.7,6.2,9.3,8.7,6.1,ISTJ,Nông nghiệp & Môi trường,Nông nghiệp,5.3
STU6714,9.3,6.9,5.9,9.3,6.2,7.1,4.8,ISTJ,Xây dựng & Quy hoạch,Kinh tế xây dựng,4.9
STU6458,8.8,4.9,5.2,6.1,7.6,9.8,6.4,INFP,Nông nghiệp & Môi trường,Thú y,4.4
STU6294,7.1,7.4,6.3,6.6,9.5,8.9,5.4,ISTJ,Nông nghiệp & Môi trường,Khoa học cây trồng,4.5
STU1149,9.4,5.6,5.4,5.8,9.4,8.8,6.1,INFJ,Y tế & Sức khỏe,Y đa khoa,5.2
STU3262,6.0,8.8,10.0,6.7,5.4,6.9,7.9,ISFP,Ngôn ngữ & Văn hóa,Tiếng Việt và văn hoá Việt Nam,4.0
STU0575,9.0,5.8,8.0,9.4,6.3,6.5,5.6,INTP,Công nghệ Thông tin & Kỹ thuật Máy tính,Mạng máy tính và truyền thông dữ liệu,5.3
STU3770,7.2,9.9,9.9,6.6,5.7,6.5,7.7,ESFP,Truyền thông & Báo chí,Truyền thông đa phương tiện,3.8
STU3737,6.1,10.0,9.0,6.9,5.9,6.0,9.7,ESFP,Truyền thông & Báo chí,Công nghệ truyền thông,4.5
STU4147,5.4,9.3,5.4,6.4,6.7,6.4,6.4,INFP,Nghệ thuật & Thiết kế,Thiết kế nội thất,3.8
STU0854,9.5,6.5,6.5,6.0,8.0,9.8,7.3,INFJ,Y tế & Sức khỏe,Răng - Hàm - Mặt,5.3
STU1983,10.0,7.8,9.0,4.5,5.9,6.3,5.5,ESTP,Kinh tế & Quản lý,Marketing,4.9
STU2775,4.3,8.4,9.8,7.3,6.1,6.5,7.8,INTP,Ngôn ngữ & Văn hóa,Văn học,3.3
STU5920,7.8,6.3,6.1,9.0,7.5,6.6,5.0,ISTP,"Kỹ thuật, Cơ khí & Ô tô",Robot và Trí tuệ nhân tạo,4.9
STU4930,6.4,9.4,7.7,5.5,5.4,6.9,10.0,ENTJ,Luật & Xã hội,Luật,4.5
STU5212,7.0,10.0,7.2,6.1,5.6,5.8,9.8,ISTJ,Luật & Xã hội,Chính trị học,4.1
STU1167,9.3,7.1,5.6,5.7,9.4,8.2,5.6,ISTJ,Y tế & Sức khỏe,Điều dưỡng,5.9
STU6615,7.6,6.9,6.8,5.7,8.2,8.8,6.7,ISTJ,Nông nghiệp & Môi trường,Lâm nghiệp đô thị,5.0
STU6003,7.6,6.1,5.3,7.2,9.7,8.4,5.1,ISTJ,Nông nghiệp & Môi trường,Công nghệ sinh học,4.5
STU0972,9.4,5.7,5.7,7.3,10.0,9.2,6.3,ISFP,Y tế & Sức khỏe,Kỹ thuật hình ảnh y học,3.9
STU2702,7.2,8.8,10.0,6.1,6.7,6.7,8.5,ISFP,Ngôn ngữ & Văn hóa,Ngôn ngữ Hàn Quốc,4.2
STU4496,7.5,7.5,6.3,6.5,5.7,6.4,7.8,INFJ,Nghệ thuật & Thiết kế,Kiến trúc,5.6
STU6656,7.6,5.2,7.3,6.7,9.5,9.3,5.9,ISFJ,Nông nghiệp & Môi trường,Khoa học cây trồng,4.0
STU3848,6.1,9.5,7.6,4.8,6.4,4.7,7.4,ENFP,Truyền thông & Báo chí,Lưu trữ học,5.1
STU2369,7.0,8.6,7.7,5.3,7.4,6.4,9.5,ENFJ,Sư phạm & Giáo dục,Sư phạm Vật lý,5.1
STU4116,6.5,7.2,5.2,6.2,5.3,5.3,7.3,INFP,Nghệ thuật & Thiết kế,Thiết kế thời trang,4.1
STU4781,5.6,9.0,7.5,6.2,5.5,5.7,10.0,INTJ,Luật & Xã hội,Quản lý nhà nước,4.4
STU4132,6.0,9.2,7.7,6.5,6.4,7.5,7.1,INFJ,Nghệ thuật & Thiết kế,Thanh nhạc,3.5
STU2951,5.8,8.2,9.0,7.0,5.0,6.5,7.7,ISFP,Ngôn ngữ & Văn hóa,Ngôn ngữ Hàn Quốc,3.4
STU5626,7.7,5.7,4.4,8.9,7.6,6.0,6.7,ISTP,"Kỹ thuật, Cơ khí & Ô tô",Kỹ thuật cơ điện tử,4.8
STU6972,9.0,6.2,6.2,9.4,8.3,5.9,6.1,ISTJ,Xây dựng & Quy hoạch,Quản lý xây dựng,4.6
STU0525,9.1,7.9,9.1,9.1,9.3,6.7,6.8,ENTP,Công nghệ Thông tin & Kỹ thuật Máy tính,Công nghệ thông tin,2.8
STU2456,6.1,9.3,9.2,6.9,7.7,7.0,10.0,ISFJ,Sư phạm & Giáo dục,Tâm lý học giáo dục,4.1
STU5017,6.4,9.8,7.6,5.5,6.7,4.9,8.6,INTJ,Luật & Xã hội,Tâm lý học,3.8
STU1842,9.4,7.3,8.7,6.0,5.0,5.1,6.4,ESTP,Kinh tế & Quản lý,Kế toán,4.4
STU5987,9.0,7.0,6.6,8.3,8.6,4.2,7.3,ISTJ,"Kỹ thuật, Cơ khí & Ô tô",Robot và Trí tuệ nhân tạo,4.8
STU0538,8.3,4.8,8.7,10.0,6.6,7.8,5.3,ENTP,Công nghệ Thông tin & Kỹ thuật Máy tính,Mạng máy tính và truyền thông dữ liệu,5.4
STU2807,6.4,8.6,10.0,4.9,5.7,5.4,9.2,ISFP,Ngôn ngữ & Văn hóa,Ngôn ngữ Hàn Quốc,4.5
STU5802,8.2,6.2,6.4,9.7,7.8,5.2,6.3,ISTJ,"Kỹ thuật, Cơ khí & Ô tô",Robot và Trí tuệ nhân tạo,5.3
STU5597,8.3,5.5,5.6,9.1,7.9,6.0,5.4,INTJ,"Kỹ thuật, Cơ khí & Ô tô",Công nghệ kỹ thuật ô tô,4.0
STU7207,9.0,6.0,5.6,9.1,7.2,6.6,7.5,ISTP,Xây dựng & Quy hoạch,Kỹ thuật xây dựng,4.5
STU7344,7.4,7.1,8.9,5.5,5.0,5.9,9.0,ESFP,Du lịch & Dịch vụ,Quản trị nhà hàng và dịch vụ ăn uống,5.4
STU4342,6.7,8.1,5.3,5.6,7.0,4.5,7.4,INFP,Nghệ thuật & Thiết kế,Thiết kế nội thất,4.6
STU3176,5.0,8.7,10.0,4.8,5.8,5.4,7.8,INTP,Ngôn ngữ & Văn hóa,Ngôn ngữ học,3.8
STU0785,9.3,5.5,5.0,7.1,9.7,9.2,5.3,ISFP,Y tế & Sức khỏe,Kỹ thuật hình ảnh y học,4.4
STU4058,5.3,8.9,6.3,6.1,5.6,5.1,5.9,INFJ,Nghệ thuật & Thiết kế,Điêu khắc,4.0
STU1410,8.4,9.0,9.3,6.1,6.9,7.0,5.3,ENTJ,Kinh tế & Quản lý,Thương mại điện tử,4.5
STU2538,5.9,8.9,7.9,5.7,6.3,6.6,8.5,ISFJ,Sư phạm & Giáo dục,Tâm lý học giáo dục,4.5
STU0155,5.0,4.4,4.5,4.7,6.1,5.8,4.4,ESFP,Công nghệ Thông tin & Kỹ thuật Máy tính,Công nghệ thông tin,1.7
STU3010,6.0,9.7,8.6,5.8,5.2,3.9,7.7,INFP,Ngôn ngữ & Văn hóa,Tiếng Việt và văn hoá Việt Nam,5.6
STU1687,10.0,7.1,8.6,4.2,6.8,5.0,6.4,ENTP,Kinh tế & Quản lý,Kế toán,5.4
STU2902,7.1,8.8,10.0,6.0,5.3,5.6,7.5,INFP,Ngôn ngữ & Văn hóa,Tiếng Việt và văn hoá Việt Nam,5.1
STU7908,6.8,8.9,8.9,6.6,6.8,4.7,8.9,ENFP,Du lịch & Dịch vụ,Quản lý thể dục thể thao,3.9
STU7456,6.5,7.4,8.7,5.1,6.7,7.2,8.3,ESFJ,Du lịch & Dịch vụ,Du lịch,5.1
STU4722,7.2,9.8,8.1,4.9,4.7,5.8,9.8,INTJ,Luật & Xã hội,Chính trị học,4.3
STU3864,5.6,8.9,7.7,5.8,6.3,6.6,7.6,ENTP,Truyền thông & Báo chí,Truyền thông đa phương tiện,3.9
STU2734,7.0,9.0,10.0,7.4,5.9,6.0,8.3,INFP,Ngôn ngữ & Văn hóa,Quốc tế học,4.7
STU1896,7.2,8.6,9.0,5.2,5.7,6.3,6.6,ESTP,Kinh tế & Quản lý,Kinh doanh quốc tế,3.7
STU5443,5.7,5.6,5.9,4.5,4.5,6.6,5.7,ESFJ,"Kỹ thuật, Cơ khí & Ô tô",Kỹ thuật điện,1.2
STU0570,8.8,4.4,8.5,7.6,7.2,6.0,5.7,INTJ,Công nghệ Thông tin & Kỹ thuật Máy tính,Thiết kế vi mạch,4.4
STU6710,8.4,7.6,3.9,9.2,6.7,5.3,7.0,ESTJ,Xây dựng & Quy hoạch,Kỹ thuật xây dựng,4.5
STU5855,9.8,5.1,5.7,10.0,8.0,6.4,5.6,ESTP,"Kỹ thuật, Cơ khí & Ô tô",Kỹ thuật cơ khí,4.4
STU1817,8.5,8.0,10.0,6.1,5.2,7.1,5.9,ENTP,Kinh tế & Quản lý,Kinh doanh quốc tế,5.2
STU2066,6.4,8.0,8.6,6.3,7.1,5.3,8.8,ESFJ,Sư phạm & Giáo dục,Sư phạm Vật lý,4.7
STU0128,9.2,5.9,10.0,9.3,7.9,6.5,6.3,INTP,Công nghệ Thông tin & Kỹ thuật Máy tính,Khoa học dữ liệu,4.3
STU3395,6.9,7.8,8.9,4.6,5.9,5.1,7.6,ENFP,Truyền thông & Báo chí,Truyền thông đại chúng,4.8
STU3328,5.9,6.1,5.9,6.4,5.7,5.2,4.2,ISTP,Ngôn ngữ & Văn hóa,Ngôn ngữ Hàn Quốc,3.7
STU7961,5.0,7.9,9.1,5.0,6.9,5.5,8.9,ESTP,Du lịch & Dịch vụ,Du lịch,4.5
STU6103,9.5,7.0,5.0,6.0,8.0,9.0,6.8,ISTJ,Nông nghiệp & Môi trường,Khoa học cây trồng,3.7
STU2976,7.6,7.5,9.9,6.1,7.3,6.2,9.7,ISFP,Ngôn ngữ & Văn hóa,Ngôn ngữ Anh,3.3
STU0981,10.0,5.2,6.3,6.6,9.9,8.6,5.6,ISTJ,Y tế & Sức khỏe,Y học cổ truyền,5.1
STU2301,6.4,8.9,7.9,6.1,6.4,5.9,10.0,ISFJ,Sư phạm & Giáo dục,Sư phạm Vật lý,5.0
STU0191,8.6,6.1,8.0,9.5,8.2,5.4,6.1,ISTP,Công nghệ Thông tin & Kỹ thuật Máy tính,Kỹ thuật phần mềm,5.3
STU1140,8.3,6.6,6.7,5.1,10.0,9.5,6.0,INFJ,Y tế & Sức khỏe,Răng - Hàm - Mặt,4.1
STU5089,5.7,8.5,8.0,4.8,5.3,6.7,9.4,ISTJ,Luật & Xã hội,Luật quốc tế,5.8
STU0700,8.7,6.0,7.2,5.5,9.9,9.3,4.7,ISTJ,Y tế & Sức khỏe,Y đa khoa,4.6
STU7624,5.8,9.3,9.7,6.2,4.6,6.5,7.9,ESFJ,Du lịch & Dịch vụ,Quản trị khách sạn,4.4
STU0607,9.0,6.0,8.7,8.2,5.7,7.0,6.9,INTJ,Công nghệ Thông tin & Kỹ thuật Máy tính,Khoa học dữ liệu,3.8
STU4277,5.9,8.2,6.1,7.4,6.7,7.0,7.8,INFP,Nghệ thuật & Thiết kế,Hội họa,4.4
STU0302,9.2,5.3,7.9,8.7,8.3,5.3,6.3,ENTP,Công nghệ Thông tin & Kỹ thuật Máy tính,Thiết kế vi mạch,4.8
STU6641,8.0,6.3,5.2,5.5,9.1,9.2,6.5,INFP,Nông nghiệp & Môi trường,Công nghệ thực phẩm,5.7
STU3421,6.9,9.1,9.2,6.2,6.4,5.0,8.0,ENFP,Truyền thông & Báo chí,Công nghệ truyền thông,4.0
STU7689,7.4,8.9,8.0,6.9,4.7,7.1,7.6,ESFP,Du lịch & Dịch vụ,Quản trị khách sạn,4.1
STU1061,8.6,7.2,5.8,5.5,8.9,8.7,6.5,ISFJ,Y tế & Sức khỏe,Y học dự phòng,4.0
STU7751,7.1,8.2,8.2,7.0,6.5,5.8,8.3,ENFP,Du lịch & Dịch vụ,Quản trị nhà hàng và dịch vụ ăn uống,4.3
STU7826,6.2,8.4,9.4,7.1,5.8,7.1,9.0,ESFP,Du lịch & Dịch vụ,Quản lý thể dục thể thao,5.4
STU2566,6.5,10.0,10.0,6.0,6.5,5.5,10.0,ESFJ,Sư phạm & Giáo dục,Sư phạm Tiếng Anh,4.3
STU7977,6.4,8.9,9.4,5.5,6.1,5.3,9.3,ESFP,Du lịch & Dịch vụ,Du lịch,3.8
STU1070,10.0,5.1,5.1,5.7,8.8,9.1,6.5,ISFJ,Y tế & Sức khỏe,Quản lý bệnh viện,3.9
STU2525,7.2,9.7,7.8,5.7,7.1,6.7,10.0,INFJ,Sư phạm & Giáo dục,Sư phạm Toán học,3.1
STU2206,7.2,8.8,10.0,7.0,6.9,6.7,8.2,ESFJ,Sư phạm & Giáo dục,Sư phạm Ngữ văn,5.1
STU1244,9.9,4.7,6.7,6.5,9.0,9.5,5.9,ISFJ,Y tế & Sức khỏe,Dược học,4.8
STU7340,5.0,8.9,9.3,6.2,5.1,5.7,7.2,ENFP,Du lịch & Dịch vụ,Quản trị nhà hàng và dịch vụ ăn uống,5.2
STU0017,9.4,6.3,8.7,8.1,7.0,7.1,6.0,ISTJ,Công nghệ Thông tin & Kỹ thuật Máy tính,Công nghệ thông tin,4.3
STU3121,7.9,8.1,9.9,6.0,6.2,6.6,8.2,ISFP,Ngôn ngữ & Văn hóa,Ngôn ngữ Hàn Quốc,4.8
STU7964,4.7,7.4,8.9,4.8,5.6,6.4,7.3,ESFJ,Du lịch & Dịch vụ,Du lịch,4.1
STU4643,4.9,5.2,5.5,7.3,3.8,5.0,6.3,INTP,Nghệ thuật & Thiết kế,Kiến trúc,2.4
STU4755,6.4,8.8,7.5,6.5,5.3,6.9,9.4,ENTJ,Luật & Xã hội,Công tác xã hội,4.4
STU0816,8.4,6.3,5.5,5.5,9.2,9.7,5.6,ISFJ,Y tế & Sức khỏe,Kỹ thuật phục hồi chức năng,4.4
STU3068,5.2,8.6,9.8,6.9,5.2,5.8,8.1,INFP,Ngôn ngữ & Văn hóa,Đông phương học,3.7
STU7631,7.1,8.3,8.8,6.3,7.2,4.8,9.4,ESFJ,Du lịch & Dịch vụ,Quản trị khách sạn,4.5
STU5601,7.4,5.8,5.9,9.4,9.2,5.3,6.2,ISTJ,"Kỹ thuật, Cơ khí & Ô tô",Kỹ thuật điện tử - viễn thông,5.4
STU0960,9.1,6.9,6.9,5.8,9.5,8.9,5.2,ISFP,Y tế & Sức khỏe,Kỹ thuật phục hồi chức năng,4.0
STU7023,8.0,6.6,6.4,8.6,6.7,5.7,6.2,ISTJ,Xây dựng & Quy hoạch,Địa kỹ thuật xây dựng,4.9
STU6428,7.9,5.7,6.1,5.9,8.3,10.0,5.5,ISTJ,Nông nghiệp & Môi trường,Công nghệ sinh học,3.7
STU4894,5.9,8.9,9.4,6.7,7.1,7.4,9.6,ENTJ,Luật & Xã hội,Tâm lý học,3.5
STU7445,6.6,7.8,8.9,6.6,6.2,5.9,9.3,ESFP,Du lịch & Dịch vụ,Quản lý thể dục thể thao,4.7
STU0226,9.9,5.5,8.4,10.0,6.2,6.9,5.7,ISTJ,Công nghệ Thông tin & Kỹ thuật Máy tính,Khoa học dữ liệu,4.9
STU6171,7.9,6.9,5.4,5.0,8.2,9.0,7.1,ISFJ,Nông nghiệp & Môi trường,Khoa học cây trồng,5.0
STU3355,6.0,8.7,10.0,5.7,6.3,6.1,9.4,ESFP,Truyền thông & Báo chí,Thông tin - thư viện,5.6
STU5896,9.6,6.1,4.1,9.3,8.9,6.1,5.3,ISTP,"Kỹ thuật, Cơ khí & Ô tô",Robot và Trí tuệ nhân tạo,4.0
STU2486,6.6,9.4,9.2,7.0,6.0,5.1,8.6,ISFJ,Sư phạm & Giáo dục,Tâm lý học giáo dục,3.9
STU0563,9.6,5.3,9.9,9.5,7.6,4.7,7.7,ISTJ,Công nghệ Thông tin & Kỹ thuật Máy tính,Mạng máy tính và truyền thông dữ liệu,3.7
STU3437,6.5,9.1,8.7,6.0,6.7,5.9,8.3,ENTP,Truyền thông & Báo chí,Thông tin - thư viện,5.1
STU6374,6.9,5.4,4.2,4.0,5.0,4.7,5.0,ENTP,Nông nghiệp & Môi trường,Thú y,2.1
STU6182,6.6,5.4,6.7,6.0,8.7,9.1,5.1,ISTJ,Nông nghiệp & Môi trường,Khoa học cây trồng,5.2
STU1694,9.8,9.3,10.0,6.9,5.2,5.3,6.7,ESTJ,Kinh tế & Quản lý,Kinh tế quốc tế,4.7
STU6894,8.6,5.6,5.0,8.9,7.4,6.9,6.5,ISTJ,Xây dựng & Quy hoạch,Quản lý xây dựng,4.2
STU1046,8.5,5.1,6.4,6.0,9.6,9.1,6.8,ISTJ,Y tế & Sức khỏe,Kỹ thuật phục hồi chức năng,4.9
STU3447,7.1,10.0,9.0,5.8,7.0,6.5,8.0,ENTP,Truyền thông & Báo chí,Quan hệ công chúng,5.1
STU4566,5.8,7.4,5.3,6.1,5.7,5.1,8.5,INFP,Nghệ thuật & Thiết kế,Thiết kế nội thất,5.3
STU0955,9.6,5.1,5.1,5.1,7.6,8.4,6.5,ISFJ,Y tế & Sức khỏe,Y học cổ truyền,3.6
STU7960,5.8,7.6,9.3,4.7,5.8,5.5,7.7,ENFP,Du lịch & Dịch vụ,Quản trị nhà hàng và dịch vụ ăn uống,3.9
STU2736,5.4,8.2,9.7,5.1,6.9,6.8,8.7,INFP,Ngôn ngữ & Văn hóa,Ngôn ngữ Hàn Quốc,4.9
STU7833,5.5,7.6,7.3,6.8,6.7,5.8,8.0,ESFP,Du lịch & Dịch vụ,Quản lý thể dục thể thao,3.9
STU4736,6.7,9.8,6.9,6.0,6.3,6.4,9.3,INTJ,Luật & Xã hội,Luật kinh tế,5.1
STU7692,5.9,8.4,7.7,5.3,4.3,6.5,7.7,ESFP,Du lịch & Dịch vụ,Quản trị nhà hàng và dịch vụ ăn uống,5.2
STU1219,10.0,5.9,6.8,6.9,10.0,9.5,7.0,ISFP,Y tế & Sức khỏe,Kỹ thuật hình ảnh y học,5.9
STU5255,6.6,9.7,7.8,5.5,4.4,5.7,8.6,INTJ,Luật & Xã hội,Quản lý nhà nước,6.0
STU5512,8.2,5.7,5.8,9.5,7.7,5.7,7.6,ESTP,"Kỹ thuật, Cơ khí & Ô tô",Kỹ thuật cơ điện tử,4.0
STU7597,6.9,7.4,8.7,5.5,6.1,7.4,7.1,ESTP,Du lịch & Dịch vụ,Quản trị dịch vụ du lịch và lữ hành,2.8
STU1528,10.0,7.6,7.6,6.9,6.5,5.9,4.6,ENTP,Kinh tế & Quản lý,Tài chính - Ngân hàng,4.2
STU3988,5.4,8.9,9.1,5.3,6.3,4.9,7.2,ENTP,Truyền thông & Báo chí,Báo chí,4.1
STU7884,5.3,6.0,7.8,5.8,4.4,4.4,6.2,INTP,Du lịch & Dịch vụ,Quản trị nhà hàng và dịch vụ ăn uống,2.7
STU1301,9.0,4.9,7.6,5.6,10.0,9.1,5.4,ISTJ,Y tế & Sức khỏe,Y học cổ truyền,4.8
STU7812,5.2,7.9,9.5,5.3,4.7,6.3,7.7,ESFP,Du lịch & Dịch vụ,Quản trị dịch vụ du lịch và lữ hành,4.5
STU6945,10.0,6.5,6.7,8.6,8.4,5.0,6.0,ISTJ,Xây dựng & Quy hoạch,Địa kỹ thuật xây dựng,3.8
STU5700,9.0,6.8,5.5,9.1,9.2,5.6,5.0,ESTP,"Kỹ thuật, Cơ khí & Ô tô",Kỹ thuật điện,5.1
STU0161,9.4,6.1,10.0,8.9,6.5,6.5,5.3,INTJ,Công nghệ Thông tin & Kỹ thuật Máy tính,Công nghệ thông tin,4.1
STU4068,7.0,8.9,5.8,4.5,4.6,6.6,7.1,ISFP,Nghệ thuật & Thiết kế,Thanh nhạc,4.0
STU5801,8.9,5.6,6.9,9.2,8.4,6.7,6.2,ISTJ,"Kỹ thuật, Cơ khí & Ô tô",Kỹ thuật điện,4.6
STU0957,9.3,5.1,6.6,6.9,9.4,8.9,6.6,ISFP,Y tế & Sức khỏe,Kỹ thuật hình ảnh y học,4.4
STU3792,6.4,9.6,9.7,6.6,5.9,6.2,7.9,ESFP,Truyền thông & Báo chí,Lưu trữ học,4.5
STU3235,7.0,8.8,9.6,6.2,5.2,6.5,6.9,INFP,Ngôn ngữ & Văn hóa,Ngôn ngữ Anh,4.4
STU2870,6.0,9.4,9.2,6.2,5.1,6.8,7.8,INFP,Ngôn ngữ & Văn hóa,Ngôn ngữ học,4.7
STU3778,5.9,8.8,8.4,5.8,6.0,5.0,6.8,ESFP,Truyền thông & Báo chí,Quan hệ công chúng,4.4
STU4434,5.9,8.7,5.9,4.8,6.2,5.5,8.4,ISFP,Nghệ thuật & Thiết kế,Thanh nhạc,4.6
STU4974,4.5,8.2,7.9,6.0,5.9,5.1,9.7,ENTJ,Luật & Xã hội,Chính trị học,4.3
STU6016,8.6,6.8,6.2,6.2,8.6,9.3,5.6,ISFJ,Nông nghiệp & Môi trường,Công nghệ sinh học,5.2
STU2962,6.3,10.0,8.0,6.9,4.8,5.7,8.7,INTP,Ngôn ngữ & Văn hóa,Ngôn ngữ Hàn Quốc,4.4
STU5981,9.0,6.8,6.1,9.9,7.9,4.9,6.2,ESTP,"Kỹ thuật, Cơ khí & Ô tô",Robot và Trí tuệ nhân tạo,4.5
STU2201,6.2,10.0,10.0,6.4,6.5,6.2,9.3,ESFJ,Sư phạm & Giáo dục,Sư phạm Tiếng Anh,3.9
STU0099,4.2,5.9,6.5,4.5,6.0,5.1,5.4,ISTP,Công nghệ Thông tin & Kỹ thuật Máy tính,Mạng máy tính và truyền thông dữ liệu,2.2
STU7762,6.2,8.2,8.2,6.3,6.3,6.2,7.9,ESTP,Du lịch & Dịch vụ,Quản trị nhà hàng và dịch vụ ăn uống,3.7
STU2558,6.7,9.5,8.6,6.7,5.8,5.5,9.8,ISFJ,Sư phạm & Giáo dục,Sư phạm Vật lý,3.4
STU3184,7.0,8.6,9.0,5.7,5.8,5.9,8.1,ISFP,Ngôn ngữ & Văn hóa,Ngôn ngữ Nhật,4.5
STU7395,4.6,8.8,9.5,6.7,5.6,7.8,9.6,ESFP,Du lịch & Dịch vụ,Quản trị khách sạn,4.2
STU0254,8.8,6.7,7.2,8.6,7.9,4.2,6.8,ENTP,Công nghệ Thông tin & Kỹ thuật Máy tính,Khoa học Máy tính,4.6
STU3924,5.3,9.7,9.6,7.3,6.7,6.4,8.0,ESFP,Truyền thông & Báo chí,Truyền thông đại chúng,4.7
STU4200,4.5,9.2,7.1,5.2,5.7,6.4,7.9,ISFP,Nghệ thuật & Thiết kế,Thiết kế đồ họa,3.7
STU1446,9.8,7.4,9.8,7.4,6.4,5.5,5.7,ENTJ,Kinh tế & Quản lý,Kinh tế quốc tế,4.1
STU5540,9.2,5.9,6.4,8.8,7.1,6.1,4.9,ISTJ,"Kỹ thuật, Cơ khí & Ô tô",Kỹ thuật cơ khí,4.8
STU1649,8.4,8.3,9.2,6.0,6.3,5.9,5.5,ESTP,Kinh tế & Quản lý,Tài chính - Ngân hàng,5.2
STU4683,6.3,8.8,7.3,5.0,7.0,6.8,9.3,ENTJ,Luật & Xã hội,Tâm lý học,3.8
STU4724,5.8,8.6,8.8,5.8,6.4,6.5,10.0,ENTJ,Luật & Xã hội,Quản lý nhà nước,4.4
STU3992,6.4,9.2,8.4,5.6,6.1,6.7,6.7,ENFP,Truyền thông & Báo chí,Quan hệ công chúng,4.5
STU1697,9.6,7.5,9.3,6.7,7.1,6.6,7.6,ESTP,Kinh tế & Quản lý,Hệ thống thông tin quản lý,3.9
STU3192,6.9,8.8,9.0,6.3,7.0,5.3,6.6,ISFP,Ngôn ngữ & Văn hóa,Ngôn ngữ Hàn Quốc,2.9
STU6198,8.2,6.8,5.2,5.0,8.0,9.3,7.0,ISFJ,Nông nghiệp & Môi trường,Khoa học môi trường,3.2
STU6296,7.8,6.4,4.5,4.8,8.6,9.1,7.4,INFP,Nông nghiệp & Môi trường,Nuôi trồng thủy sản,5.4
STU4500,5.1,7.7,7.3,4.6,5.1,7.1,8.9,INFP,Nghệ thuật & Thiết kế,Hội họa,3.7
STU1155,4.5,7.2,5.2,5.3,4.4,4.6,7.8,ISTP,Y tế & Sức khỏe,Y đa khoa,2.2
STU2256,5.7,10.0,9.1,6.2,5.8,5.7,9.0,INFJ,Sư phạm & Giáo dục,Sư phạm Toán học,4.9
STU6960,9.6,6.7,6.7,8.7,7.2,6.8,5.7,ISTP,Xây dựng & Quy hoạch,Kỹ thuật xây dựng,4.3
STU1683,9.5,7.3,8.8,5.7,6.4,6.6,6.7,ENTP,Kinh tế & Quản lý,Hệ thống thông tin quản lý,3.9
STU3171,5.9,8.1,10.0,5.4,5.8,5.0,7.4,INFP,Ngôn ngữ & Văn hóa,Quốc tế học,4.4
STU7401,5.7,7.9,9.1,6.0,6.0,6.1,9.2,ESFJ,Du lịch & Dịch vụ,Quản trị khách sạn,5.1
STU2057,7.3,9.1,8.9,6.3,6.2,6.1,10.0,INFJ,Sư phạm & Giáo dục,Sư phạm Ngữ văn,5.2
STU7159,6.0,5.8,5.6,6.8,4.7,6.1,4.7,ISFP,Xây dựng & Quy hoạch,Kỹ thuật cấp thoát nước,3.0
STU4091,5.2,8.4,7.0,4.5,6.8,6.3,6.3,INFP,Nghệ thuật & Thiết kế,Thiết kế đồ họa,4.7
STU7784,5.3,7.7,9.4,5.9,6.8,7.1,7.5,ESTP,Du lịch & Dịch vụ,Quản trị dịch vụ du lịch và lữ hành,3.9
STU3109,4.4,9.2,9.3,7.9,6.8,6.4,9.0,INTP,Ngôn ngữ & Văn hóa,Văn học,4.0
STU4549,6.1,7.7,5.9,5.0,4.9,5.3,7.2,INFJ,Nghệ thuật & Thiết kế,Thiết kế thời trang,5.0
STU3724,6.7,5.7,5.2,5.6,4.4,7.4,6.1,ESFJ,Truyền thông & Báo chí,Lưu trữ học,2.3
STU6398,8.8,6.3,6.8,5.2,8.6,9.4,5.4,INFP,Nông nghiệp & Môi trường,Lâm nghiệp đô thị,4.9
STU5424,7.3,6.0,6.9,9.5,7.8,5.7,7.0,ESTP,"Kỹ thuật, Cơ khí & Ô tô",Kỹ thuật điện tử - viễn thông,3.9
STU7041,4.4,6.3,3.5,7.0,5.6,5.7,4.7,ENFJ,Xây dựng & Quy hoạch,Công nghệ kỹ thuật công trình xây dựng,2.6
STU2050,6.5,9.2,8.4,6.2,7.0,6.1,9.4,ISFJ,Sư phạm & Giáo dục,Giáo dục Mầm non,5.9
STU4977,5.2,8.3,7.1,5.3,5.7,6.0,8.4,INFJ,Luật & Xã hội,Luật kinh tế,3.9
STU3644,7.3,9.9,9.8,5.3,6.1,6.8,8.1,ESFP,Truyền thông & Báo chí,Báo chí,4.0
STU7878,7.2,7.4,9.5,4.7,5.3,6.0,8.2,ENFP,Du lịch & Dịch vụ,Quản trị nhà hàng và dịch vụ ăn uống,4.5
STU0624,7.9,6.0,7.8,8.4,6.8,5.6,5.8,ISTJ,Công nghệ Thông tin & Kỹ thuật Máy tính,Khoa học Máy tính,4.0
STU6490,9.2,7.7,6.9,7.2,7.6,9.4,6.2,INFP,Nông nghiệp & Môi trường,Khoa học môi trường,3.3
STU7682,4.8,7.5,9.1,7.2,6.1,5.8,7.7,ESFJ,Du lịch & Dịch vụ,Du lịch,4.0
STU5884,9.3,6.3,6.1,9.1,7.9,7.2,6.6,INTJ,"Kỹ thuật, Cơ khí & Ô tô",Kỹ thuật cơ khí,4.0
STU0263,9.0,5.9,9.1,8.6,9.0,5.9,5.8,INTJ,Công nghệ Thông tin & Kỹ thuật Máy tính,Thiết kế vi mạch,5.9
STU5731,8.4,7.4,6.9,9.1,8.0,5.5,4.6,ESTP,"Kỹ thuật, Cơ khí & Ô tô",Kỹ thuật điều khiển và tự động hóa,4.0
STU3370,5.1,9.3,9.0,5.8,7.2,5.8,8.1,ESFP,Truyền thông & Báo chí,Quan hệ công chúng,3.6
STU4062,5.6,8.8,6.8,6.3,6.8,5.9,8.5,ISFP,Nghệ thuật & Thiết kế,Thiết kế công nghiệp,5.7
STU5535,9.0,5.7,6.0,8.7,7.8,6.0,7.4,ISTJ,"Kỹ thuật, Cơ khí & Ô tô",Kỹ thuật cơ khí,3.8
STU6295,7.1,6.3,5.9,6.7,8.0,9.1,5.7,ISFP,Nông nghiệp & Môi trường,Nông nghiệp,4.8
STU6066,6.5,7.1,6.7,7.0,8.7,9.5,4.6,ISFP,Nông nghiệp & Môi trường,Lâm nghiệp đô thị,4.3
STU6617,6.7,6.9,5.3,6.6,9.0,9.1,6.9,INFP,Nông nghiệp & Môi trường,Công nghệ thực phẩm,3.9
STU1803,8.4,7.0,9.4,5.4,6.1,6.0,6.4,ESTP,Kinh tế & Quản lý,Kế toán,4.9
STU4737,6.2,8.4,7.8,7.1,5.5,7.2,8.8,INFJ,Luật & Xã hội,Công tác xã hội,4.0
STU7975,4.7,6.9,10.0,4.7,5.2,7.3,8.1,ESTP,Du lịch & Dịch vụ,Quản trị nhà hàng và dịch vụ ăn uống,4.4
STU2386,6.7,9.4,10.0,5.4,5.5,7.1,9.8,ISFJ,Sư phạm & Giáo dục,Sư phạm Tiếng Anh,4.1
STU6695,8.1,7.6,5.9,7.9,7.0,5.7,5.5,ESTJ,Xây dựng & Quy hoạch,Kỹ thuật cấp thoát nước,5.4
STU5760,8.7,6.6,6.5,8.2,7.1,5.6,6.2,ISTP,"Kỹ thuật, Cơ khí & Ô tô",Kỹ thuật điều khiển và tự động hóa,4.9
STU1960,10.0,8.6,10.0,5.8,5.7,6.3,7.5,ESTP,Kinh tế & Quản lý,Hệ thống thông tin quản lý,4.7
STU2977,7.1,9.2,9.4,5.4,7.0,7.6,8.4,INTP,Ngôn ngữ & Văn hóa,Ngôn ngữ Anh,4.5
STU0489,8.5,6.4,9.6,9.2,7.5,6.6,6.8,INTJ,Công nghệ Thông tin & Kỹ thuật Máy tính,An toàn thông tin,4.5
STU1844,9.2,7.5,10.0,5.4,6.4,6.0,5.9,ENTJ,Kinh tế & Quản lý,Kinh tế,3.8
STU1735,8.8,8.6,8.5,5.7,5.2,5.8,5.4,ENTP,Kinh tế & Quản lý,Kiểm toán,4.4
STU2912,5.9,9.2,9.6,5.9,4.9,5.9,7.5,INTP,Ngôn ngữ & Văn hóa,Ngôn ngữ Nhật,4.9
STU3220,5.9,9.6,9.2,5.6,5.1,6.2,8.2,ISFP,Ngôn ngữ & Văn hóa,Ngôn ngữ Nhật,5.1
STU0147,8.0,5.4,8.4,8.9,7.4,6.4,6.2,ISTJ,Công nghệ Thông tin & Kỹ thuật Máy tính,Thiết kế vi mạch,3.6
STU5631,8.9,5.2,5.9,9.5,8.1,5.6,6.8,ISTP,"Kỹ thuật, Cơ khí & Ô tô",Kỹ thuật điện,4.0
STU1987,10.0,7.2,9.8,6.5,5.4,6.0,6.1,ENTJ,Kinh tế & Quản lý,Kinh tế quốc tế,5.3
STU1370,9.3,9.5,9.4,7.0,6.0,6.6,6.6,ENTP,Kinh tế & Quản lý,Kế toán,5.5
STU6547,5.5,4.5,4.4,7.0,3.5,5.3,4.5,ISTP,Nông nghiệp & Môi trường,Công nghệ sinh học,2.5
STU6052,8.3,4.8,6.8,6.1,8.5,8.7,6.3,ISFJ,Nông nghiệp & Môi trường,Công nghệ sinh học,4.5
STU7099,8.8,4.4,6.2,8.7,6.9,6.1,6.6,ESTJ,Xây dựng & Quy hoạch,Công nghệ kỹ thuật công trình xây dựng,5.7
STU2812,6.9,9.2,9.7,6.5,6.3,5.9,7.7,ISFP,Ngôn ngữ & Văn hóa,Ngôn ngữ Trung Quốc,5.3
STU0660,9.1,5.2,8.3,8.8,8.8,6.7,5.4,ISTJ,Công nghệ Thông tin & Kỹ thuật Máy tính,Mạng máy tính và truyền thông dữ liệu,4.9
STU1795,9.5,7.8,8.8,5.6,6.6,6.8,5.1,ESTP,Kinh tế & Quản lý,Kinh doanh quốc tế,4.1
STU7517,5.8,7.3,8.0,7.8,6.1,5.4,7.9,ESTP,Du lịch & Dịch vụ,Quản trị khách sạn,3.9
STU2512,6.6,10.0,8.8,6.8,6.4,5.8,9.6,ENFJ,Sư phạm & Giáo dục,Giáo dục Tiểu học,3.7
STU3398,4.4,6.1,7.3,5.3,4.4,5.8,5.6,ISFJ,Truyền thông & Báo chí,Thông tin - thư viện,1.9
STU4283,6.7,6.7,5.5,6.1,7.0,5.3,8.0,ISFP,Nghệ thuật & Thiết kế,Hội họa,3.4
STU1148,10.0,6.0,5.6,6.5,10.0,9.1,6.9,INFJ,Y tế & Sức khỏe,Quản lý bệnh viện,3.8
STU3273,5.3,7.3,8.1,6.1,6.6,6.2,8.9,ISFP,Ngôn ngữ & Văn hóa,Đông phương học,5.2
STU0609,4.7,6.1,6.0,5.9,4.1,5.9,5.1,ISTP,Công nghệ Thông tin & Kỹ thuật Máy tính,Kỹ thuật phần mềm,1.7
STU6288,7.6,5.8,5.4,5.6,7.9,7.7,6.2,ISTJ,Nông nghiệp & Môi trường,Thú y,4.0
STU6896,8.9,5.2,4.7,7.5,7.7,5.4,5.7,ISTP,Xây dựng & Quy hoạch,Kỹ thuật cấp thoát nước,3.4
STU3583,5.1,10.0,8.3,7.2,5.5,5.6,8.9,ENTP,Truyền thông & Báo chí,Truyền thông đa phương tiện,5.1
STU1931,8.4,8.7,7.6,7.0,7.1,6.6,7.1,ENTP,Kinh tế & Quản lý,Kinh tế quốc tế,4.7
STU7126,10.0,7.5,6.3,8.8,8.0,5.6,6.4,ISTP,Xây dựng & Quy hoạch,Kinh tế xây dựng,4.4
STU0198,10.0,6.0,9.3,8.1,7.6,5.9,6.1,ENTP,Công nghệ Thông tin & Kỹ thuật Máy tính,Thiết kế vi mạch,4.5
STU2932,6.9,8.9,10.0,6.5,7.2,6.6,8.3,INTP,Ngôn ngữ & Văn hóa,Văn học,4.8
STU2328,5.9,9.7,9.7,5.0,7.1,5.7,9.7,ESFJ,Sư phạm & Giáo dục,Giáo dục Tiểu học,3.8
STU4390,5.9,9.0,5.0,6.4,5.6,4.5,7.3,INFP,Nghệ thuật & Thiết kế,Điêu khắc,3.1
STU0767,9.1,7.3,5.7,4.9,8.5,9.2,5.1,ISFP,Y tế & Sức khỏe,Y học dự phòng,2.8
STU4497,7.2,9.5,7.5,5.2,6.5,5.0,7.4,INFP,Nghệ thuật & Thiết kế,Kiến trúc,4.3
STU4219,5.5,8.4,6.6,5.3,7.1,4.9,7.8,INFP,Nghệ thuật & Thiết kế,Thiết kế thời trang,4.0
STU3256,6.1,8.8,9.2,6.2,5.0,4.9,7.4,ISFP,Ngôn ngữ & Văn hóa,Ngôn ngữ học,3.5
STU0203,10.0,7.1,9.7,9.8,7.6,4.9,5.3,ISTP,Công nghệ Thông tin & Kỹ thuật Máy tính,Mạng máy tính và truyền thông dữ liệu,5.0
STU3511,6.4,10.0,7.2,5.0,5.6,5.2,8.9,ESFP,Truyền thông & Báo chí,Thông tin - thư viện,5.0
STU4932,7.6,9.7,8.0,6.3,6.4,5.4,8.9,INTJ,Luật & Xã hội,Chính trị học,4.8
STU6391,8.0,5.4,5.2,6.4,8.8,8.7,5.3,ISTJ,Nông nghiệp & Môi trường,Công nghệ sinh học,3.7
STU5536,8.9,6.2,6.4,10.0,7.9,5.9,5.6,ISTJ,"Kỹ thuật, Cơ khí & Ô tô",Kỹ thuật điện,4.9
STU1734,9.4,7.7,8.9,5.0,6.3,6.1,7.2,ESTJ,Kinh tế & Quản lý,Tài chính - Ngân hàng,5.5
STU5792,4.5,4.6,5.3,7.1,4.6,4.1,4.5,INTJ,"Kỹ thuật, Cơ khí & Ô tô",Kỹ thuật điều khiển và tự động hóa,1.6
STU2778,6.3,8.9,9.3,5.0,6.3,6.9,7.5,INTP,Ngôn ngữ & Văn hóa,Đông phương học,4.2
STU1708,8.9,7.0,7.7,5.0,5.9,4.4,7.7,ENTJ,Kinh tế & Quản lý,Thương mại điện tử,4.2
STU5173,6.6,9.5,8.1,6.1,6.5,7.2,9.9,ENTJ,Luật & Xã hội,Công tác xã hội,4.2
STU5250,6.4,9.2,7.3,5.9,7.3,5.1,9.1,ISTJ,Luật & Xã hội,Chính trị học,4.7
STU5758,9.8,6.4,5.2,9.4,9.1,6.9,5.4,ISTJ,"Kỹ thuật, Cơ khí & Ô tô",Robot và Trí tuệ nhân tạo,4.2
STU3475,5.0,10.0,7.6,5.6,5.3,5.8,8.7,ENTP,Truyền thông & Báo chí,Lưu trữ học,3.6
STU6529,8.3,5.6,4.6,5.7,9.1,9.1,5.5,ISFJ,Nông nghiệp & Môi trường,Công nghệ sau thu hoạch,3.9
STU7742,6.6,6.7,7.5,6.2,5.6,5.2,8.9,ENFP,Du lịch & Dịch vụ,Quản lý thể dục thể thao,3.4
STU5856,7.3,6.5,7.0,9.4,8.3,5.8,7.0,ESTP,"Kỹ thuật, Cơ khí & Ô tô",Kỹ thuật điện,4.4
STU0855,9.2,5.7,7.4,5.0,9.4,9.8,7.1,ISFP,Y tế & Sức khỏe,Kỹ thuật phục hồi chức năng,4.7
STU5686,8.8,6.7,4.9,10.0,8.6,6.0,5.1,ISTJ,"Kỹ thuật, Cơ khí & Ô tô",Công nghệ kỹ thuật ô tô,5.2
STU6364,6.9,7.0,5.9,5.3,8.8,9.8,6.1,ISTJ,Nông nghiệp & Môi trường,Công nghệ sau thu hoạch,4.9
STU4738,5.7,9.3,7.6,5.5,7.6,4.4,9.2,INFJ,Luật & Xã hội,Chính trị học,4.3
STU4098,7.2,8.6,5.6,6.9,5.2,7.1,6.7,INFJ,Nghệ thuật & Thiết kế,Đạo diễn Điện ảnh - Truyền hình,4.1
STU2161,8.0,7.9,8.6,7.3,5.8,5.5,8.4,ISFJ,Sư phạm & Giáo dục,Sư phạm Ngữ văn,5.6
STU0699,8.4,5.9,4.6,6.1,9.7,8.1,5.9,ISTJ,Y tế & Sức khỏe,Răng - Hàm - Mặt,3.8
STU7905,5.3,8.8,9.1,6.4,5.7,6.7,8.3,ENFP,Du lịch & Dịch vụ,Quản trị nhà hàng và dịch vụ ăn uống,3.8
STU3000,7.2,8.1,9.8,5.3,5.1,5.9,7.9,ISFP,Ngôn ngữ & Văn hóa,Đông phương học,4.6
STU3697,5.0,9.7,9.1,5.4,6.5,7.2,9.4,ESFP,Truyền thông & Báo chí,Báo chí,4.3
STU1637,8.9,7.9,8.8,6.8,5.1,5.0,5.6,ENTJ,Kinh tế & Quản lý,Kinh tế,4.6
STU7281,8.9,7.0,5.3,8.5,7.9,5.7,6.5,ISTP,Xây dựng & Quy hoạch,Địa kỹ thuật xây dựng,3.7
STU7555,5.8,7.1,7.4,5.6,5.7,5.6,8.3,ESFP,Du lịch & Dịch vụ,Quản trị khách sạn,3.7
STU3458,6.0,10.0,9.0,5.5,5.6,5.2,8.3,ESFP,Truyền thông & Báo chí,Báo chí,5.2
STU3582,7.1,9.9,8.5,4.5,7.2,4.7,8.5,ENTP,Truyền thông & Báo chí,Truyền thông đại chúng,3.7
STU1292,10.0,7.0,6.6,6.5,8.3,8.9,5.6,ISTJ,Y tế & Sức khỏe,Dược học,4.1
STU4660,4.7,7.6,4.6,6.2,5.8,5.9,8.3,ISFP,Nghệ thuật & Thiết kế,Thiết kế nội thất,3.2
STU6586,8.6,6.2,6.8,5.2,9.2,8.5,5.9,ISFJ,Nông nghiệp & Môi trường,Nuôi trồng thủy sản,5.4
STU5617,9.3,5.8,4.6,9.7,8.1,6.8,5.1,ISTP,"Kỹ thuật, Cơ khí & Ô tô",Robot và Trí tuệ nhân tạo,4.3
STU1854,9.3,7.7,9.9,4.8,4.8,5.3,5.2,ENTJ,Kinh tế & Quản lý,Hệ thống thông tin quản lý,4.9
STU5233,7.5,9.4,6.9,5.6,5.4,6.5,8.8,INTJ,Luật & Xã hội,Luật,4.1
STU3764,6.1,9.1,10.0,7.4,6.2,7.4,6.2,ESFP,Truyền thông & Báo chí,Truyền thông đa phương tiện,3.8
STU3305,5.8,8.6,9.5,7.1,7.3,5.5,9.0,INFP,Ngôn ngữ & Văn hóa,Ngôn ngữ Hàn Quốc,5.4
STU7854,6.8,7.3,8.9,5.5,6.5,6.2,7.9,ESFJ,Du lịch & Dịch vụ,Quản trị nhà hàng và dịch vụ ăn uống,5.6
STU5728,9.4,7.3,5.0,9.4,8.5,6.4,6.2,ISTJ,"Kỹ thuật, Cơ khí & Ô tô",Kỹ thuật điều khiển và tự động hóa,4.7
STU3744,5.2,8.2,7.9,5.8,5.2,5.9,8.4,ESFP,Truyền thông & Báo chí,Công nghệ truyền thông,4.2
STU3446,6.2,8.5,9.3,6.0,6.2,5.4,8.5,ENFP,Truyền thông & Báo chí,Báo chí,4.6
STU1999,7.8,10.0,8.7,6.4,5.7,6.1,8.6,ISFJ,Sư phạm & Giáo dục,Sư phạm Tin học,4.8
STU0664,8.2,4.9,8.7,10.0,6.0,6.0,6.7,ENTP,Công nghệ Thông tin & Kỹ thuật Máy tính,An toàn thông tin,3.9
STU4780,6.4,9.1,7.1,6.2,6.8,5.6,10.0,ENTJ,Luật & Xã hội,Xã hội học,5.1
STU5354,8.8,6.6,6.5,8.6,6.3,5.8,5.9,ESTP,"Kỹ thuật, Cơ khí & Ô tô",Kỹ thuật cơ khí,4.0
STU7759,5.1,7.3,8.8,7.4,5.2,5.4,9.5,ESTP,Du lịch & Dịch vụ,Quản trị nhà hàng và dịch vụ ăn uống,4.0
STU3749,6.3,8.8,7.9,5.8,6.9,5.6,7.3,ESFP,Truyền thông & Báo chí,Lưu trữ học,3.1
STU4414,5.5,9.9,6.4,5.2,6.3,6.9,7.1,INFJ,Nghệ thuật & Thiết kế,Kiến trúc,4.8
STU4745,6.0,9.2,7.5,6.6,6.9,5.2,9.9,ISTJ,Luật & Xã hội,Xã hội học,3.6
STU5531,8.9,5.1,5.6,9.0,7.8,5.3,4.9,INTJ,"Kỹ thuật, Cơ khí & Ô tô",Kỹ thuật điện tử - viễn thông,4.9
STU5576,7.7,5.4,7.4,9.2,7.9,6.1,7.1,INTJ,"Kỹ thuật, Cơ khí & Ô tô",Kỹ thuật cơ khí,4.6
STU0710,9.4,5.4,6.8,7.1,9.8,9.3,6.6,INFJ,Y tế & Sức khỏe,Quản lý bệnh viện,4.5
STU7527,5.6,7.8,8.9,5.3,6.8,6.9,8.4,ESFP,Du lịch & Dịch vụ,Quản lý thể dục thể thao,5.0
STU1283,9.8,6.3,6.3,7.1,9.5,9.5,5.3,ISFP,Y tế & Sức khỏe,Y đa khoa,3.9
STU5865,7.4,6.8,5.3,8.9,8.2,5.8,5.9,ISTJ,"Kỹ thuật, Cơ khí & Ô tô",Kỹ thuật điều khiển và tự động hóa,4.1
STU5069,6.4,8.3,8.1,7.0,4.6,6.2,9.4,INTJ,Luật & Xã hội,Quản lý nhà nước,4.3
STU2676,6.6,9.2,9.0,6.8,6.9,6.2,7.0,ISFP,Ngôn ngữ & Văn hóa,Ngôn ngữ Anh,5.2
STU6777,9.7,6.8,5.0,8.8,6.7,5.5,5.4,ESTJ,Xây dựng & Quy hoạch,Kinh tế xây dựng,4.4
STU4030,5.5,6.7,5.6,4.0,5.6,6.6,6.6,INFP,Nghệ thuật & Thiết kế,Kiến trúc,4.9
STU1307,9.5,7.7,5.4,6.4,8.9,9.5,6.0,ISFP,Y tế & Sức khỏe,Kỹ thuật hình ảnh y học,4.4
STU5497,8.2,5.2,6.7,8.7,7.8,5.3,5.9,INTJ,"Kỹ thuật, Cơ khí & Ô tô",Kỹ thuật điện,4.3
STU5505,8.3,6.9,6.8,10.0,8.2,6.7,4.7,ISTJ,"Kỹ thuật, Cơ khí & Ô tô",Công nghệ kỹ thuật ô tô,4.5
STU7393,6.6,7.1,9.5,5.6,6.4,6.0,7.4,ENFP,Du lịch & Dịch vụ,Quản trị nhà hàng và dịch vụ ăn uống,3.6
STU2238,5.1,8.1,9.6,6.5,6.1,5.0,9.9,INFJ,Sư phạm & Giáo dục,Sư phạm Tiếng Anh,5.2
STU3303,5.6,9.1,10.0,6.7,6.7,6.3,8.3,ISFP,Ngôn ngữ & Văn hóa,Ngôn ngữ Trung Quốc,3.9
STU5593,8.6,7.2,6.7,8.9,8.9,5.3,6.5,ESTP,"Kỹ thuật, Cơ khí & Ô tô",Kỹ thuật điều khiển và tự động hóa,5.1
STU7516,4.8,8.0,8.4,5.8,6.2,5.4,8.5,ESFJ,Du lịch & Dịch vụ,Du lịch,5.1
STU2039,6.6,9.5,10.0,4.9,5.5,6.2,9.3,INFJ,Sư phạm & Giáo dục,Giáo dục Mầm non,5.0
STU1530,8.6,7.8,9.6,6.1,6.8,6.6,5.1,ENTJ,Kinh tế & Quản lý,Thương mại điện tử,4.1
STU1664,7.9,9.1,7.6,7.2,6.3,6.3,5.4,ENTJ,Kinh tế & Quản lý,Quản trị kinh doanh,4.6
STU5451,8.5,6.5,4.5,10.0,8.5,7.0,6.2,ISTJ,"Kỹ thuật, Cơ khí & Ô tô",Kỹ thuật điện,3.8
STU7887,6.9,8.5,9.1,6.2,5.6,3.9,7.9,ESFP,Du lịch & Dịch vụ,Du lịch,4.0
STU7916,5.0,7.3,8.5,6.3,4.5,4.4,10.0,ESTP,Du lịch & Dịch vụ,Quản trị dịch vụ du lịch và lữ hành,4.1
STU3628,5.2,8.3,8.9,5.1,6.2,4.9,8.3,ENFP,Truyền thông & Báo chí,Truyền thông đa phương tiện,3.9
STU5740,7.2,7.9,7.7,6.0,7.1,4.3,7.3,ISFP,"Kỹ thuật, Cơ khí & Ô tô",Công nghệ kỹ thuật ô tô,2.3
STU5148,6.8,9.7,6.4,5.8,6.1,4.9,9.8,ENTJ,Luật & Xã hội,Quản lý nhà nước,4.4
STU4892,5.8,8.6,8.7,5.2,6.0,5.4,9.0,INTJ,Luật & Xã hội,Luật,4.7
STU2694,5.4,10.0,9.7,5.3,5.0,6.0,8.2,INFP,Ngôn ngữ & Văn hóa,Đông phương học,4.6
STU3061,5.0,9.2,9.3,6.7,7.6,6.1,7.9,INTP,Ngôn ngữ & Văn hóa,Văn học,5.0
STU1598,8.1,8.4,9.0,6.0,6.8,5.2,6.4,ESTP,Kinh tế & Quản lý,Kinh tế,3.8
STU6701,9.0,6.1,5.0,9.0,7.5,5.6,6.4,ESTJ,Xây dựng & Quy hoạch,Công nghệ kỹ thuật công trình xây dựng,4.1
STU2730,6.3,6.6,9.6,5.8,5.8,5.4,7.2,INTP,Ngôn ngữ & Văn hóa,Quốc tế học,4.1
STU2626,7.7,8.4,10.0,6.1,4.7,6.6,9.5,ENFJ,Sư phạm & Giáo dục,Sư phạm Toán học,4.8
STU5916,8.9,6.3,7.0,8.3,8.2,7.0,5.7,ISTP,"Kỹ thuật, Cơ khí & Ô tô",Kỹ thuật điện tử - viễn thông,4.2
STU3158,7.3,9.3,9.8,7.5,5.5,4.7,8.1,INTP,Ngôn ngữ & Văn hóa,Ngôn ngữ Hàn Quốc,4.6
STU3315,6.4,9.2,9.1,5.8,6.6,6.4,6.9,INFP,Ngôn ngữ & Văn hóa,Ngôn ngữ Nhật,5.5
STU1723,9.4,7.2,9.9,4.8,6.6,6.4,5.3,ENTJ,Kinh tế & Quản lý,Kinh tế quốc tế,4.7
STU5280,5.8,10.0,8.1,6.1,7.6,5.7,8.0,ENTJ,Luật & Xã hội,Công tác xã hội,4.4
STU6669,9.5,5.0,5.8,8.3,7.3,7.4,6.1,ESTJ,Xây dựng & Quy hoạch,Kỹ thuật cấp thoát nước,4.2
STU1060,8.9,6.2,7.1,5.6,9.3,10.0,5.8,ISFJ,Y tế & Sức khỏe,Điều dưỡng,4.6
STU4637,6.3,7.7,6.3,5.6,5.9,6.1,7.8,ISFP,Nghệ thuật & Thiết kế,Kiến trúc,3.9
STU3243,5.7,9.4,8.9,5.8,5.1,5.6,8.8,ISFP,Ngôn ngữ & Văn hóa,Tiếng Việt và văn hoá Việt Nam,4.5
STU1679,8.9,7.8,9.7,7.3,5.5,5.7,5.2,ESTJ,Kinh tế & Quản lý,Hệ thống thông tin quản lý,4.6
STU6893,7.5,6.2,6.1,8.4,6.5,4.6,6.5,ISTJ,Xây dựng & Quy hoạch,Quản lý xây dựng,4.8
STU6375,6.9,5.1,7.2,5.4,7.2,10.0,7.6,ISFJ,Nông nghiệp & Môi trường,Khoa học môi trường,4.8
STU7575,5.5,7.9,9.2,6.3,7.0,5.7,7.6,ESTP,Du lịch & Dịch vụ,Du lịch,4.9
STU6629,8.0,5.5,5.1,5.8,8.1,9.1,6.1,ISFJ,Nông nghiệp & Môi trường,Nuôi trồng thủy sản,5.1
STU1758,9.5,9.9,9.3,5.8,6.2,6.1,5.7,ESTP,Kinh tế & Quản lý,Kinh tế,3.4
STU6020,7.0,5.0,6.0,6.4,8.1,8.2,6.3,ISFJ,Nông nghiệp & Môi trường,Thú y,4.2
STU4192,6.1,8.5,6.1,6.2,5.0,7.2,6.9,ISFP,Nghệ thuật & Thiết kế,Hội họa,3.5
STU5117,4.8,4.5,4.8,4.3,5.6,3.5,5.7,ESTP,Luật & Xã hội,Xã hội học,2.9
STU0564,10.0,6.7,8.1,9.6,8.5,5.6,5.8,ISTJ,Công nghệ Thông tin & Kỹ thuật Máy tính,Công nghệ thông tin,3.8
STU7409,5.8,7.4,8.1,5.3,5.9,6.3,8.4,ESTP,Du lịch & Dịch vụ,Quản trị khách sạn,4.4
STU2791,4.9,10.0,9.4,5.2,7.3,6.3,8.6,ISFP,Ngôn ngữ & Văn hóa,Ngôn ngữ Trung Quốc,5.0
STU0864,8.9,7.0,5.8,5.6,8.3,8.7,5.0,ISFP,Y tế & Sức khỏe,Dược học,4.2
STU7743,4.4,7.4,8.4,7.2,4.7,6.2,9.0,ENFP,Du lịch & Dịch vụ,Quản trị nhà hàng và dịch vụ ăn uống,5.2
STU1485,9.4,6.6,9.2,5.6,5.8,6.5,6.9,ENTP,Kinh tế & Quản lý,Kế toán,3.5
STU7036,9.4,6.9,6.1,9.1,6.3,5.2,6.4,ISTJ,Xây dựng & Quy hoạch,Công nghệ kỹ thuật công trình xây dựng,5.0
STU7722,4.7,7.7,8.2,6.5,5.8,6.4,7.8,ESFJ,Du lịch & Dịch vụ,Du lịch,4.0
STU5978,8.3,5.9,5.5,9.6,8.0,6.5,4.4,ISTJ,"Kỹ thuật, Cơ khí & Ô tô",Robot và Trí tuệ nhân tạo,3.9
STU5135,7.0,9.6,8.2,5.3,5.0,5.2,9.2,INFJ,Luật & Xã hội,Xã hội học,4.6
STU0207,8.6,6.0,9.2,10.0,6.6,5.5,5.0,INTJ,Công nghệ Thông tin & Kỹ thuật Máy tính,Khoa học Máy tính,5.1
STU4489,5.3,8.4,5.8,7.3,7.0,6.5,8.2,ISFP,Nghệ thuật & Thiết kế,Hội họa,4.2
STU6939,8.9,5.6,5.5,8.0,7.7,6.1,6.3,ISTP,Xây dựng & Quy hoạch,Kỹ thuật xây dựng,4.1
STU0871,8.4,4.7,6.6,5.1,8.9,10.0,7.1,ISFJ,Y tế & Sức khỏe,Y học dự phòng,4.2
STU4494,6.0,8.8,5.0,7.2,6.5,5.7,5.6,ISFP,Nghệ thuật & Thiết kế,Điêu khắc,4.0
STU6911,8.5,6.1,5.2,8.9,7.2,6.4,6.9,ESTJ,Xây dựng & Quy hoạch,Quản lý xây dựng,5.2
STU0503,9.7,6.2,9.6,8.2,7.4,6.3,6.9,INTJ,Công nghệ Thông tin & Kỹ thuật Máy tính,Khoa học dữ liệu,4.6
STU7386,6.5,8.0,8.6,6.7,5.6,5.9,8.4,ESFJ,Du lịch & Dịch vụ,Quản lý thể dục thể thao,4.1
STU1029,9.2,5.7,6.1,7.1,9.8,8.9,5.2,ISTJ,Y tế & Sức khỏe,Kỹ thuật phục hồi chức năng,4.6
STU3841,5.9,5.0,5.4,4.3,5.8,5.6,6.5,ISTJ,Truyền thông & Báo chí,Báo chí,2.7
STU2691,7.2,8.6,10.0,6.6,4.5,5.6,8.4,ISFP,Ngôn ngữ & Văn hóa,Ngôn ngữ Nhật,4.3
STU5582,8.7,5.9,5.2,9.0,8.2,5.6,5.7,INTJ,"Kỹ thuật, Cơ khí & Ô tô",Kỹ thuật cơ điện tử,5.3
STU6757,9.0,5.2,5.8,9.8,6.8,4.9,5.6,ESTJ,Xây dựng & Quy hoạch,Công nghệ kỹ thuật công trình xây dựng,5.7
STU5057,4.8,6.9,5.6,5.0,5.8,6.6,7.8,ESTJ,Luật & Xã hội,Luật quốc tế,3.9
STU1571,8.6,7.4,8.3,6.9,5.6,5.4,6.0,ESTJ,Kinh tế & Quản lý,Thương mại điện tử,4.0
STU2774,4.9,9.2,9.5,6.7,6.9,6.8,8.5,INTP,Ngôn ngữ & Văn hóa,Ngôn ngữ Anh,5.1
STU5992,9.3,5.5,7.2,9.6,7.3,6.3,5.8,ESTP,"Kỹ thuật, Cơ khí & Ô tô",Kỹ thuật cơ khí,4.3
STU2732,4.3,8.3,10.0,6.1,5.7,5.7,7.5,INTP,Ngôn ngữ & Văn hóa,Ngôn ngữ học,5.5
STU6243,8.4,7.4,5.9,6.0,7.9,8.2,5.5,ISTJ,Nông nghiệp & Môi trường,Nông nghiệp,4.3
STU0805,9.0,7.1,7.4,6.1,10.0,10.0,6.8,ISFP,Y tế & Sức khỏe,Quản lý bệnh viện,4.4
STU5848,7.4,5.7,4.6,10.0,8.2,6.8,6.6,INTJ,"Kỹ thuật, Cơ khí & Ô tô",Kỹ thuật điều khiển và tự động hóa,5.0
STU3646,6.0,8.9,8.3,5.1,6.4,5.4,7.5,ENFP,Truyền thông & Báo chí,Thông tin - thư viện,4.7
STU2455,6.6,8.9,9.5,5.9,4.4,5.5,10.0,ESFJ,Sư phạm & Giáo dục,Sư phạm Vật lý,3.7
STU4599,6.4,6.3,5.5,4.5,6.6,4.8,5.9,INFP,Nghệ thuật & Thiết kế,Kiến trúc,1.9
STU7216,9.3,6.1,6.4,8.4,5.5,6.8,5.5,ISTP,Xây dựng & Quy hoạch,Công nghệ kỹ thuật công trình xây dựng,6.0
STU3105,5.5,9.2,9.5,6.0,5.1,5.9,7.5,INTP,Ngôn ngữ & Văn hóa,Quốc tế học,4.2
STU7074,8.1,5.6,6.0,8.2,6.5,6.0,6.4,ISTP,Xây dựng & Quy hoạch,Kỹ thuật xây dựng,4.9
STU4876,6.1,9.0,7.0,6.6,7.3,6.3,8.4,INFJ,Luật & Xã hội,Luật,4.8
STU5960,8.8,6.2,6.9,9.2,9.5,5.5,5.4,INTJ,"Kỹ thuật, Cơ khí & Ô tô",Kỹ thuật điều khiển và tự động hóa,4.1
STU0201,8.5,5.9,7.8,8.2,7.4,6.1,6.3,ISTJ,Công nghệ Thông tin & Kỹ thuật Máy tính,Thiết kế vi mạch,4.6
STU6279,6.1,6.0,7.0,6.1,8.8,9.5,6.8,INFP,Nông nghiệp & Môi trường,Công nghệ thực phẩm,3.5
STU3100,5.9,5.5,6.2,4.6,4.8,5.6,6.7,ISTJ,Ngôn ngữ & Văn hóa,Ngôn ngữ Hàn Quốc,3.5
STU6185,7.2,6.9,5.1,5.5,9.4,8.9,6.6,INFP,Nông nghiệp & Môi trường,Thú y,4.2
STU7162,9.8,5.9,6.0,7.3,6.2,6.1,6.3,ISTJ,Xây dựng & Quy hoạch,Kinh tế xây dựng,4.6
STU2279,7.5,8.4,9.0,4.8,6.0,7.0,8.9,ISFJ,Sư phạm & Giáo dục,Giáo dục Mầm non,4.3
STU3562,6.7,9.9,7.6,5.6,5.1,6.9,7.8,ENTP,Truyền thông & Báo chí,Truyền thông đa phương tiện,4.1
STU5893,8.3,5.9,5.2,8.8,7.9,6.1,5.2,ISTP,"Kỹ thuật, Cơ khí & Ô tô",Kỹ thuật điện tử - viễn thông,4.4
STU4475,4.9,8.4,6.7,6.1,6.8,6.6,8.6,ISFP,Nghệ thuật & Thiết kế,Thiết kế công nghiệp,4.0
STU6433,8.7,7.4,5.6,6.6,7.3,8.4,6.5,ISTJ,Nông nghiệp & Môi trường,Công nghệ sinh học,4.3
STU4515,7.2,7.7,5.4,4.9,6.4,6.9,6.6,INFJ,Nghệ thuật & Thiết kế,Điêu khắc,4.6
STU5795,8.1,6.1,7.7,8.7,7.4,6.0,5.4,INTJ,"Kỹ thuật, Cơ khí & Ô tô",Kỹ thuật cơ điện tử,4.6
STU0392,9.3,5.2,8.0,9.1,5.7,5.9,4.8,ISTJ,Công nghệ Thông tin & Kỹ thuật Máy tính,Kỹ thuật phần mềm,4.1
STU6737,8.7,5.3,6.3,8.9,6.2,6.3,5.7,ISTJ,Xây dựng & Quy hoạch,Kinh tế xây dựng,4.4
STU5619,9.1,3.8,5.3,9.3,8.9,4.9,6.1,INTJ,"Kỹ thuật, Cơ khí & Ô tô",Công nghệ kỹ thuật ô tô,4.9
STU5259,5.3,10.0,8.4,6.2,5.5,5.5,8.9,INFJ,Luật & Xã hội,Luật kinh tế,3.6
STU7231,10.0,5.0,6.4,8.2,6.3,6.0,5.6,ISTJ,Xây dựng & Quy hoạch,Công nghệ kỹ thuật công trình xây dựng,4.6
STU1496,7.9,8.3,9.5,6.6,6.9,7.1,5.5,ESTP,Kinh tế & Quản lý,Tài chính - Ngân hàng,4.1
STU2696,4.9,9.6,10.0,5.1,6.0,5.2,7.1,INFP,Ngôn ngữ & Văn hóa,Ngôn ngữ học,4.6
STU2028,6.0,10.0,9.1,6.7,5.8,6.7,8.9,INFJ,Sư phạm & Giáo dục,Sư phạm Tiếng Anh,4.3
STU5249,6.8,8.8,9.4,5.6,5.4,4.7,8.6,ISTJ,Luật & Xã hội,Công tác xã hội,4.3
STU5464,7.9,6.9,6.4,8.4,7.3,4.3,5.9,ISTJ,"Kỹ thuật, Cơ khí & Ô tô",Kỹ thuật điện,3.2
STU2569,6.6,10.0,8.2,7.7,5.0,6.8,9.1,INFJ,Sư phạm & Giáo dục,Tâm lý học giáo dục,4.3
STU0065,9.7,6.9,7.9,8.1,8.0,7.0,6.7,ISTJ,Công nghệ Thông tin & Kỹ thuật Máy tính,Mạng máy tính và truyền thông dữ liệu,4.5
STU3885,7.5,8.6,8.1,5.3,5.4,5.8,8.1,ENFP,Truyền thông & Báo chí,Lưu trữ học,4.0
STU2063,6.3,9.0,8.6,6.0,5.4,5.5,10.0,ENFJ,Sư phạm & Giáo dục,Sư phạm Tiếng Anh,3.7
STU5277,7.0,8.5,7.3,5.3,5.4,4.1,9.3,INTJ,Luật & Xã hội,Chính trị học,3.9
STU7209,8.3,7.2,5.0,8.6,6.2,6.0,6.0,ISTJ,Xây dựng & Quy hoạch,Quản lý xây dựng,4.6
STU0493,9.2,6.1,9.0,7.9,8.1,5.9,6.5,ENTP,Công nghệ Thông tin & Kỹ thuật Máy tính,Khoa học Máy tính,4.9
STU0380,8.8,6.2,8.2,9.7,8.7,5.4,6.5,INTJ,Công nghệ Thông tin & Kỹ thuật Máy tính,An toàn thông tin,4.8
STU6332,7.6,5.9,5.0,4.4,9.7,9.9,6.9,ISFP,Nông nghiệp & Môi trường,Công nghệ sinh học,4.8
STU4860,5.3,9.9,8.0,6.0,7.1,6.4,9.9,ISTJ,Luật & Xã hội,Xã hội học,4.6
STU6361,8.4,6.0,4.9,5.2,8.2,10.0,6.0,INFP,Nông nghiệp & Môi trường,Thú y,4.3
STU3994,5.1,10.0,10.0,5.8,7.3,5.2,8.5,ENFP,Truyền thông & Báo chí,Truyền thông đại chúng,4.4
STU4888,6.4,10.0,8.1,6.0,5.3,6.2,8.0,INTJ,Luật & Xã hội,Luật,4.2
STU1077,5.5,4.9,5.2,6.7,5.7,4.0,5.1,INTJ,Y tế & Sức khỏe,Dược học,3.0
STU0879,8.3,6.1,5.9,5.8,10.0,9.0,8.3,ISFP,Y tế & Sức khỏe,Quản lý bệnh viện,5.1
STU0338,9.7,6.9,8.6,10.0,7.2,6.4,5.9,ISTP,Công nghệ Thông tin & Kỹ thuật Máy tính,Thiết kế vi mạch,4.5
STU6864,10.0,5.9,4.8,9.3,7.8,5.4,5.3,ISTJ,Xây dựng & Quy hoạch,Kinh tế xây dựng,4.6
STU6440,8.0,6.7,5.8,5.7,9.8,8.3,5.5,INFP,Nông nghiệp & Môi trường,Công nghệ sinh học,4.6
STU7870,5.2,7.6,8.6,5.5,5.6,7.0,8.2,ESFJ,Du lịch & Dịch vụ,Quản lý thể dục thể thao,4.7
STU1017,9.9,5.7,4.7,6.8,7.7,9.1,6.3,INFJ,Y tế & Sức khỏe,Y đa khoa,4.2
STU1276,9.1,4.7,6.9,5.1,8.7,9.5,5.7,ISTJ,Y tế & Sức khỏe,Y học cổ truyền,3.6
STU3799,5.9,9.9,8.9,6.2,6.7,4.9,7.1,ENTP,Truyền thông & Báo chí,Lưu trữ học,4.7
STU7630,5.3,8.0,10.0,5.8,4.5,6.5,7.5,ESTP,Du lịch & Dịch vụ,Quản trị khách sạn,4.1
STU4552,4.1,7.6,6.1,6.0,6.0,6.0,8.7,INFP,Nghệ thuật & Thiết kế,Thiết kế nội thất,4.0
STU3343,5.4,8.3,8.3,5.5,5.9,5.9,8.3,ENFP,Truyền thông & Báo chí,Báo chí,4.6
STU4912,6.7,8.8,7.1,5.7,6.3,4.6,9.5,ENTJ,Luật & Xã hội,Quản lý nhà nước,4.8
STU6414,6.4,7.0,4.9,6.7,5.7,5.1,4.3,ISTP,Nông nghiệp & Môi trường,Khoa học cây trồng,1.0
STU0996,8.0,5.5,6.4,5.7,8.3,9.3,6.0,ISTJ,Y tế & Sức khỏe,Răng - Hàm - Mặt,5.0
STU1982,9.3,7.9,8.7,6.3,6.6,5.4,6.2,ENTP,Kinh tế & Quản lý,Hệ thống thông tin quản lý,3.8
STU4298,4.7,8.4,6.7,6.2,5.9,5.4,7.4,ISFP,Nghệ thuật & Thiết kế,Thiết kế nội thất,4.2
STU0162,8.7,5.8,9.1,8.1,6.6,4.4,6.7,ISTJ,Công nghệ Thông tin & Kỹ thuật Máy tính,Thiết kế vi mạch,4.0
STU5676,9.2,4.8,5.5,9.9,7.2,6.3,6.7,ESTP,"Kỹ thuật, Cơ khí & Ô tô",Kỹ thuật điện,4.9
STU6874,9.1,5.8,5.0,9.0,7.2,5.3,6.0,ISTJ,Xây dựng & Quy hoạch,Quản lý xây dựng,4.1
STU6546,7.9,5.7,6.6,6.2,8.9,7.9,6.5,INFP,Nông nghiệp & Môi trường,Khoa học cây trồng,4.6
STU4799,7.2,9.3,8.3,5.4,5.7,6.6,8.9,INTJ,Luật & Xã hội,Công tác xã hội,4.4
STU1501,5.9,5.0,4.5,5.0,5.0,5.0,4.8,ENFJ,Kinh tế & Quản lý,Kinh tế,1.0
STU3844,5.0,10.0,8.9,5.9,5.0,6.7,7.3,ESFP,Truyền thông & Báo chí,Truyền thông đa phương tiện,4.0
STU5226,6.5,8.6,8.1,6.9,6.6,6.6,8.2,INFJ,Luật & Xã hội,Luật kinh tế,5.5
STU2614,6.5,9.0,8.0,5.9,5.9,4.6,9.3,ESFJ,Sư phạm & Giáo dục,Sư phạm Vật lý,3.7
STU3462,7.5,8.9,8.5,5.3,6.6,5.3,7.6,ESFP,Truyền thông & Báo chí,Báo chí,3.9
STU1022,8.7,5.3,6.8,5.6,7.9,10.0,5.8,ISFJ,Y tế & Sức khỏe,Răng - Hàm - Mặt,4.1
STU3074,5.9,4.8,5.6,6.8,5.4,4.8,6.2,INTP,Ngôn ngữ & Văn hóa,Ngôn ngữ Anh,1.2
STU7556,7.2,7.3,8.2,6.4,5.6,5.0,8.8,ESFP,Du lịch & Dịch vụ,Quản trị dịch vụ du lịch và lữ hành,4.4
STU3944,6.5,10.0,7.8,6.3,5.8,5.7,7.5,ESFP,Truyền thông & Báo chí,Truyền thông đa phương tiện,4.9
STU1586,7.9,7.9,8.6,5.4,6.2,6.0,5.8,ENTJ,Kinh tế & Quản lý,Hệ thống thông tin quản lý,5.1
STU1956,6.0,5.2,5.7,6.0,4.8,6.0,7.8,ESFJ,Kinh tế & Quản lý,Tài chính - Ngân hàng,3.0
STU3153,6.0,8.1,9.5,6.4,6.3,4.9,8.3,ISFP,Ngôn ngữ & Văn hóa,Văn học,3.9
STU6350,7.2,5.2,6.2,6.0,9.2,7.9,6.0,INFP,Nông nghiệp & Môi trường,Công nghệ thực phẩm,5.5
STU0035,8.6,7.7,7.9,9.4,7.6,7.4,6.0,ISTP,Công nghệ Thông tin & Kỹ thuật Máy tính,Kỹ thuật phần mềm,5.0
STU4015,6.8,8.3,5.8,6.3,5.2,5.3,7.0,ISFP,Nghệ thuật & Thiết kế,Thiết kế thời trang,4.8
STU0776,9.9,5.2,6.3,7.4,9.7,8.3,5.5,ISFJ,Y tế & Sức khỏe,Kỹ thuật hình ảnh y học,5.4
STU2557,6.9,9.8,9.1,6.9,6.1,6.6,9.3,ISFJ,Sư phạm & Giáo dục,Sư phạm Ngữ văn,4.7
STU7596,4.7,7.9,9.4,4.4,6.6,5.1,8.1,ESTP,Du lịch & Dịch vụ,Quản trị khách sạn,5.4
STU1479,10.0,7.3,8.4,5.2,6.2,5.5,5.8,ENTP,Kinh tế & Quản lý,Hệ thống thông tin quản lý,3.6
STU7100,8.4,5.9,5.5,9.8,7.0,5.3,5.8,ISTJ,Xây dựng & Quy hoạch,Công nghệ kỹ thuật công trình xây dựng,3.5
STU5487,9.2,7.6,5.4,9.0,8.9,5.9,6.2,ISTP,"Kỹ thuật, Cơ khí & Ô tô",Kỹ thuật cơ điện tử,3.1
STU6236,7.4,6.7,4.6,5.8,7.3,9.1,6.2,ISFP,Nông nghiệp & Môi trường,Công nghệ sau thu hoạch,3.7
STU1364,8.8,7.6,9.2,5.6,6.6,5.8,6.6,ESTP,Kinh tế & Quản lý,Kế toán,4.1
STU7042,10.0,7.1,5.2,8.9,5.8,6.2,5.3,ESTJ,Xây dựng & Quy hoạch,Kinh tế xây dựng,5.2
STU2613,7.1,8.5,8.8,7.0,6.2,7.0,9.6,INFJ,Sư phạm & Giáo dục,Giáo dục Tiểu học,3.3
STU7514,6.5,9.1,9.8,6.5,5.6,5.1,8.5,ENFP,Du lịch & Dịch vụ,Quản trị khách sạn,4.7
STU2825,6.8,8.5,8.6,6.8,6.5,4.5,8.1,INTP,Ngôn ngữ & Văn hóa,Ngôn ngữ Anh,4.3
STU2042,7.0,9.6,8.8,6.3,5.2,7.5,9.5,ESFJ,Sư phạm & Giáo dục,Sư phạm Tiếng Anh,4.3
STU0242,9.1,6.8,7.6,10.0,8.1,5.0,6.3,INTJ,Công nghệ Thông tin & Kỹ thuật Máy tính,Khoa học dữ liệu,4.3
STU2062,5.2,3.5,5.6,6.4,6.0,4.5,4.6,ENTJ,Sư phạm & Giáo dục,Sư phạm Tin học,2.8
STU2364,7.0,8.7,7.8,6.4,4.8,5.5,10.0,INFJ,Sư phạm & Giáo dục,Giáo dục Tiểu học,4.7
STU0601,9.6,7.0,8.8,9.1,7.6,6.7,5.5,INTP,Công nghệ Thông tin & Kỹ thuật Máy tính,Khoa học Máy tính,4.9
STU2436,6.4,9.8,9.5,7.0,5.6,5.9,10.0,ISFJ,Sư phạm & Giáo dục,Giáo dục Mầm non,5.4
STU5394,8.4,6.1,6.7,10.0,8.8,6.0,6.4,ESTP,"Kỹ thuật, Cơ khí & Ô tô",Kỹ thuật điều khiển và tự động hóa,4.4
STU6311,5.7,4.8,4.3,4.2,4.0,4.8,4.6,ISFJ,Nông nghiệp & Môi trường,Công nghệ sau thu hoạch,2.9
STU2889,6.4,9.1,9.6,5.4,5.4,5.1,8.9,ISFP,Ngôn ngữ & Văn hóa,Văn học,3.5
STU6165,7.2,6.3,6.1,5.2,9.3,9.4,5.9,ISFJ,Nông nghiệp & Môi trường,Khoa học cây trồng,4.8
STU0647,10.0,7.0,9.2,9.5,7.8,5.5,5.7,ENTP,Công nghệ Thông tin & Kỹ thuật Máy tính,An toàn thông tin,4.3
STU3891,6.2,10.0,8.9,4.9,6.0,6.0,8.2,ENFP,Truyền thông & Báo chí,Công nghệ truyền thông,4.0
STU3557,6.7,9.3,9.4,5.0,6.0,6.5,9.6,ENFP,Truyền thông & Báo chí,Lưu trữ học,4.8
STU3203,5.9,8.7,9.2,6.8,5.3,7.0,7.2,INTP,Ngôn ngữ & Văn hóa,Quốc tế học,3.8
STU1529,9.2,7.9,8.9,6.2,5.9,5.9,4.5,ESTJ,Kinh tế & Quản lý,Hệ thống thông tin quản lý,4.4
STU6976,9.7,5.4,5.1,8.1,6.0,5.7,6.1,ISTP,Xây dựng & Quy hoạch,Công nghệ kỹ thuật công trình xây dựng,4.8
STU1268,9.3,5.2,6.8,5.9,8.5,10.0,4.7,ISFP,Y tế & Sức khỏe,Kỹ thuật hình ảnh y học,4.6
STU7735,6.7,8.2,8.6,6.5,7.2,5.2,8.0,ESFJ,Du lịch & Dịch vụ,Quản trị khách sạn,4.7
STU1900,8.9,9.0,8.7,7.2,5.6,7.1,6.6,ESTP,Kinh tế & Quản lý,Marketing,4.9
STU4659,7.3,8.9,6.8,5.2,5.8,5.7,7.2,INFP,Nghệ thuật & Thiết kế,Hội họa,3.8
STU3006,6.1,7.6,9.9,5.8,5.3,5.2,9.3,INFP,Ngôn ngữ & Văn hóa,Ngôn ngữ Nhật,4.9
STU2735,6.1,8.5,10.0,6.2,5.4,5.6,8.3,INFP,Ngôn ngữ & Văn hóa,Ngôn ngữ học,3.5
STU7102,9.1,5.4,5.4,8.3,7.0,5.5,5.3,ESTJ,Xây dựng & Quy hoạch,Kinh tế xây dựng,3.5
STU0190,10.0,6.6,8.2,10.0,6.9,5.9,6.4,ISTP,Công nghệ Thông tin & Kỹ thuật Máy tính,Khoa học Máy tính,5.9
STU1807,8.8,8.1,8.0,6.7,5.0,5.9,5.2,ENTJ,Kinh tế & Quản lý,Thương mại điện tử,4.4
STU0976,9.3,6.9,5.2,4.6,10.0,10.0,6.6,ISFP,Y tế & Sức khỏe,Y học cổ truyền,3.4
STU2748,6.6,10.0,9.0,6.3,6.2,5.5,7.5,INFP,Ngôn ngữ & Văn hóa,Ngôn ngữ Trung Quốc,3.1
STU7644,6.4,7.5,8.1,7.4,5.9,6.8,9.0,ENFP,Du lịch & Dịch vụ,Quản trị khách sạn,4.7
STU2048,5.8,4.4,4.8,3.9,4.5,6.3,4.2,INTP,Sư phạm & Giáo dục,Giáo dục Tiểu học,1.7
STU7850,5.2,8.7,8.7,5.6,7.6,4.3,8.8,ESFJ,Du lịch & Dịch vụ,Quản trị khách sạn,4.5
STU2559,5.1,4.7,5.7,5.4,5.0,6.2,4.1,ISFP,Sư phạm & Giáo dục,Sư phạm Tiếng Anh,2.1
STU1083,8.5,6.8,6.4,5.0,9.5,8.9,6.6,INFJ,Y tế & Sức khỏe,Kỹ thuật phục hồi chức năng,4.7
STU0475,9.0,5.9,9.7,8.2,8.3,6.2,5.1,INTP,Công nghệ Thông tin & Kỹ thuật Máy tính,Mạng máy tính và truyền thông dữ liệu,4.0
STU7729,6.2,7.7,9.9,6.5,4.9,5.6,8.1,ENFP,Du lịch & Dịch vụ,Du lịch,3.9
STU2905,5.9,10.0,10.0,5.6,6.1,6.4,8.3,INFP,Ngôn ngữ & Văn hóa,Đông phương học,3.9
STU4844,5.2,9.3,7.8,5.7,5.8,6.8,9.5,ISTJ,Luật & Xã hội,Tâm lý học,4.1
STU6397,7.6,6.1,6.0,6.6,8.7,9.5,7.1,ISTJ,Nông nghiệp & Môi trường,Thú y,5.0
STU4118,4.9,8.6,5.8,5.8,5.3,4.6,7.9,INFP,Nghệ thuật & Thiết kế,Kiến trúc,4.0
STU3386,5.4,9.3,9.8,6.2,4.3,7.3,8.2,ENFP,Truyền thông & Báo chí,Công nghệ truyền thông,4.4
STU4556,5.5,7.4,6.1,6.3,7.1,6.2,6.5,ISFP,Nghệ thuật & Thiết kế,Thiết kế công nghiệp,4.5
STU1185,8.2,6.5,5.7,4.7,8.3,10.0,6.7,INFJ,Y tế & Sức khỏe,Kỹ thuật hình ảnh y học,5.5
STU6421,7.2,5.7,7.7,4.1,9.0,9.7,6.7,ISTJ,Nông nghiệp & Môi trường,Công nghệ sinh học,3.2
STU5052,5.8,8.7,8.1,5.7,4.2,5.1,9.9,INFJ,Luật & Xã hội,Luật,4.9
STU5312,5.7,9.3,6.4,5.3,4.5,6.6,9.4,ISTJ,Luật & Xã hội,Luật,3.2
STU2434,7.1,10.0,8.2,5.6,7.3,7.0,9.2,ISFJ,Sư phạm & Giáo dục,Sư phạm Tiếng Anh,5.8
STU6950,9.3,5.1,6.9,8.4,8.1,7.0,6.1,ESTJ,Xây dựng & Quy hoạch,Kỹ thuật cấp thoát nước,4.1
STU7582,6.7,7.7,9.3,5.4,5.6,7.4,8.4,ESFJ,Du lịch & Dịch vụ,Quản trị khách sạn,4.9
STU5612,9.2,6.7,4.9,8.7,6.2,7.7,6.6,INTJ,"Kỹ thuật, Cơ khí & Ô tô",Kỹ thuật điện tử - viễn thông,5.0
STU2392,7.2,9.5,8.5,5.8,4.9,5.5,10.0,INFJ,Sư phạm & Giáo dục,Sư phạm Tin học,5.1
STU0770,9.0,5.1,7.4,5.8,10.0,8.6,6.5,ISFP,Y tế & Sức khỏe,Răng - Hàm - Mặt,4.6
STU7477,6.5,8.0,10.0,5.8,5.5,7.5,7.4,ENFP,Du lịch & Dịch vụ,Quản trị dịch vụ du lịch và lữ hành,4.2
STU1686,8.9,7.3,9.5,6.4,6.6,6.4,6.1,ESTJ,Kinh tế & Quản lý,Tài chính - Ngân hàng,4.4
STU0131,6.5,6.5,4.6,5.9,5.9,6.6,5.1,INFP,Công nghệ Thông tin & Kỹ thuật Máy tính,An toàn thông tin,2.0
STU7832,5.1,6.5,9.1,6.0,7.0,6.2,8.0,ESFP,Du lịch & Dịch vụ,Quản trị dịch vụ du lịch và lữ hành,3.9
STU2920,6.7,9.7,10.0,7.5,6.3,6.8,8.3,INTP,Ngôn ngữ & Văn hóa,Ngôn ngữ Nhật,3.6
STU3172,5.7,7.7,9.4,6.7,6.2,5.6,7.9,INFP,Ngôn ngữ & Văn hóa,Tiếng Việt và văn hoá Việt Nam,4.5
STU3445,4.7,9.8,8.9,5.3,6.9,6.8,7.3,ENTP,Truyền thông & Báo chí,Truyền thông đa phương tiện,4.7
STU6232,8.5,6.6,5.9,6.1,8.7,9.4,5.0,ISFJ,Nông nghiệp & Môi trường,Công nghệ thực phẩm,4.4
STU5579,8.2,7.2,6.2,9.3,8.0,5.2,6.5,ISTJ,"Kỹ thuật, Cơ khí & Ô tô",Kỹ thuật cơ điện tử,4.6
STU4427,7.8,9.0,6.9,6.9,5.1,5.0,6.9,ISFP,Nghệ thuật & Thiết kế,Thiết kế nội thất,3.6
STU5335,8.5,6.0,7.5,9.4,7.4,5.0,6.0,INTJ,"Kỹ thuật, Cơ khí & Ô tô",Kỹ thuật điện tử - viễn thông,3.5
STU0467,9.9,6.1,9.7,8.5,6.7,7.5,6.1,ISTP,Công nghệ Thông tin & Kỹ thuật Máy tính,Khoa học dữ liệu,4.4
STU6266,8.9,6.2,6.6,5.7,9.3,8.9,6.0,ISTJ,Nông nghiệp & Môi trường,Lâm nghiệp đô thị,4.3
STU5735,9.4,5.3,7.2,10.0,7.3,5.4,5.3,ESTP,"Kỹ thuật, Cơ khí & Ô tô",Kỹ thuật điện,4.8
STU3093,5.6,7.5,3.9,6.7,6.5,4.6,7.3,ESTJ,Ngôn ngữ & Văn hóa,Văn học,2.9
STU3773,6.2,9.1,9.0,6.5,5.9,6.6,7.2,ESFP,Truyền thông & Báo chí,Báo chí,4.4
STU5192,6.7,8.2,7.9,7.5,4.8,5.5,9.4,INFJ,Luật & Xã hội,Quản lý nhà nước,4.7
STU5227,5.3,4.5,4.1,7.0,5.0,4.1,5.0,ISFP,Luật & Xã hội,Xã hội học,1.3
STU5391,8.2,6.3,6.5,9.6,7.6,6.1,6.1,ISTP,"Kỹ thuật, Cơ khí & Ô tô",Kỹ thuật cơ điện tử,5.0
STU0861,9.3,6.5,6.5,5.6,8.8,9.6,4.8,ISTJ,Y tế & Sức khỏe,Răng - Hàm - Mặt,5.0
STU7604,6.7,6.2,8.5,7.0,5.9,5.4,8.2,ESFJ,Du lịch & Dịch vụ,Quản trị dịch vụ du lịch và lữ hành,4.4
STU7271,9.7,7.2,6.6,8.8,7.7,5.5,5.6,ESTJ,Xây dựng & Quy hoạch,Kỹ thuật cấp thoát nước,4.2
