student_id,major,gpa,taken_subjects,interests
SV10000,Kỹ thuật điện tử - Viễn thông,8.2,"Kỹ năng mềm, Mạng viễn thông, Tư duy logic và giải quyết vấn đề, Tư tưởng Hồ Chí Minh, Giải tích, Tiếng Anh chuyên ngành, Giáo dục thể chất, Anten và sóng điện từ, Điện tử năng lượng, Truyền thông vô tuyến, Xác suất thống kê, Giáo dục quốc phòng - An ninh, Kỹ thuật radar","Internet of Things, Cloud Computing, DevOps"
SV10001,Blockchain và Tiền mã hóa,7.6,"Cơ sở dữ liệu, An toàn thông tin, Lập trình web nâng cao, Phát triển ứng dụng di động, Triết học Mác-Lênin, Tư duy logic và giải quyết vấn đề, Học sâu, Giáo dục quốc phòng - An ninh, Xác suất thống kê, Phân tích và thiết kế hệ thống, Thiết kế giao diện người dùng, Lập trình C/C++, Hệ điều hành, Blockchain cơ bản, Big Data và Hadoop, Machine Learning với TensorFlow, Internet of Things, An ninh mạng cơ bản, Lập trình Python, Tư tưởng Hồ Chí Minh","Cloud Computing, Big Data"
SV10002,Kiến trúc,8.3,"Cầu và đường, Xác suất thống kê, Quản lý dự án xây dựng, Triết học Mác-Lênin, Thiết kế đô thị, Cơ sở hạ tầng đô thị, Kết cấu bê tông cốt thép, Tiếng Anh chuyên ngành, Tư tưởng Hồ Chí Minh, Tin học cơ bản, Kỹ năng mềm, Giáo dục quốc phòng - An ninh, Kết cấu thép, Vật liệu xây dựng, Toán cao cấp, Giải tích, Thiết kế kiến trúc nội thất, Kỹ thuật xây dựng, Công trình ngầm, Tư duy logic và giải quyết vấn đề","Lập trình, Game Development, Phân tích dữ liệu, Phát triển ứng dụng di động, Big Data"
SV10003,Kỹ thuật máy tính,9.2,"Hệ thống điều khiển tự động, Mạng không dây, Đo lường điện tử, Kỹ năng mềm, Truyền thông quang, Điện tử cơ bản, Tư duy logic và giải quyết vấn đề, Điện tử viễn thông, Điện tử số, Tư tưởng Hồ Chí Minh, Kỹ thuật radar, Giáo dục quốc phòng - An ninh, Xử lý tín hiệu số, Điện tử công suất, Triết học Mác-Lênin, Hệ thống điện tử nhúng, Giải tích, Tiếng Anh chuyên ngành, Toán cao cấp","DevOps, Phát triển ứng dụng di động, Game Development"
SV10004,Sư phạm Tin học,7.5,"Môn tự chọn 1, Phần mềm giáo dục, Môn tự chọn 4, Đánh giá học tập Tin học, An toàn mạng trong trường học, Môn tự chọn 13, Tin học cơ bản, Lập trình Python cho giáo viên, Toán cao cấp, Lập trình Scratch cho học sinh, Công nghệ thông tin trong giáo dục, Thiết kế khóa học trực tuyến, Phát triển bài giảng Tin học, Môn tự chọn 3, Giáo dục thể chất, Môn tự chọn 5, Lập trình cơ bản cho giáo viên, Môn tự chọn 12, Tư duy logic và giải quyết vấn đề, Giải tích, Môn tự chọn 6, Giáo dục kỹ năng số, Xác suất thống kê, Tiếng Anh chuyên ngành, Môn tự chọn 9, Môn tự chọn 2, Tư tưởng Hồ Chí Minh, Phương pháp giảng dạy Tin học, Môn tự chọn 11, Môn tự chọn 10, Kỹ năng mềm, Môn tự chọn 7, Giáo dục quốc phòng - An ninh, Ứng dụng AI trong giảng dạy, Môn tự chọn 8, Môn tự chọn 14, Triết học Mác-Lênin, Dạy học Tin học phổ thông, Quản lý lớp học CNTT","Chơi nhạc cụ, Ẩm thực, Học ngoại ngữ, Thơ ca"
SV10005,Khoa học dữ liệu,7.5,"Machine Learning với TensorFlow, Thị giác máy tính, Phân tích và thiết kế hệ thống, Big Data và Hadoop, Quản lý dự án CNTT, An toàn thông tin, Hệ thống nhúng, Phát triển game, Lập trình C/C++, Giải tích, Internet of Things, Tư tưởng Hồ Chí Minh, Kiểm thử phần mềm, Toán cao cấp, Cơ sở dữ liệu, Lập trình Java, Kỹ thuật phần mềm nâng cao, An ninh mạng cơ bản, Lập trình Python, DevOps và CI/CD, Hệ điều hành, Phát triển ứng dụng web, Cấu trúc dữ liệu và Giải thuật, Giáo dục quốc phòng - An ninh, Phát triển ứng dụng di động, Tiếng Anh chuyên ngành, Thiết kế giao diện người dùng, Cloud Computing - AWS/Azure, Mật mã học, Cyber Security nâng cao","Blockchain, Big Data"
SV10006,Sư phạm Tin học,9.3,"Môn tự chọn 1, Tư duy logic và giải quyết vấn đề, Tiếng Anh chuyên ngành, Quản lý lớp học CNTT, Giáo dục thể chất, Ứng dụng AI trong giảng dạy, Môn tự chọn 5, Toán cao cấp, Giáo dục quốc phòng - An ninh, Lập trình Python cho giáo viên, Phương pháp giảng dạy Tin học, An toàn mạng trong trường học, Đánh giá học tập Tin học, Môn tự chọn 4, Xác suất thống kê, Lập trình Scratch cho học sinh, Tin học cơ bản, Phát triển bài giảng Tin học, Giải tích, Môn tự chọn 3, Dạy học Tin học phổ thông, Triết học Mác-Lênin, Kỹ năng mềm, Giáo dục kỹ năng số, Môn tự chọn 6, Thiết kế khóa học trực tuyến, Lập trình cơ bản cho giáo viên, Môn tự chọn 2, Công nghệ thông tin trong giáo dục, Tư tưởng Hồ Chí Minh, Phần mềm giáo dục","Làm video, Du lịch khám phá, Học ngoại ngữ"
SV10007,Kinh tế,8.5,"Kế toán quản trị, Môn tự chọn 3, Kinh tế vi mô, Ngân hàng thương mại, Triết học Mác-Lênin, Kinh tế lượng, Logistics, Kinh tế vĩ mô, Quản trị kinh doanh, Xác suất thống kê, Giáo dục thể chất, Kế toán tài chính, Môn tự chọn 5, Giải tích, Quản trị chiến lược, Quản trị nhân sự, Marketing số, Tư duy logic và giải quyết vấn đề, Tiếng Anh chuyên ngành, Tin học cơ bản, Kinh tế phát triển, Kinh tế quốc tế, Tư tưởng Hồ Chí Minh, Marketing cơ bản, Môn tự chọn 4, Giáo dục quốc phòng - An ninh, Toán cao cấp, Tài chính quốc tế, Thương mại điện tử, Môn tự chọn 2, Môn tự chọn 1, Tài chính doanh nghiệp, Chuỗi cung ứng, Kỹ năng mềm","Khởi nghiệp, Bán hàng, Marketing số, Fintech, Đầu tư"
SV10008,Khoa học máy tính,7.2,"Trí tuệ nhân tạo, Tiếng Anh chuyên ngành, Cloud Computing - AWS/Azure, Kỹ năng mềm, Phát triển ứng dụng di động, Xác suất thống kê, Lập trình C/C++, Lập trình web nâng cao, Lập trình Python, Học sâu, An toàn thông tin, Giáo dục thể chất, Hệ điều hành","Phân tích dữ liệu, Blockchain"
SV10009,Công nghệ sinh học,8.2,"Vật liệu sinh học, Môn tự chọn 4, Toán cao cấp, Môn tự chọn 13, Công nghệ gen, Môn tự chọn 15, Công nghệ sinh học ứng dụng, Tư tưởng Hồ Chí Minh, Môn tự chọn 16, Môn tự chọn 17, Hình ảnh y khoa, Kỹ thuật y sinh, Sinh học phân tử, Kỹ thuật mô sinh học, Giáo dục quốc phòng - An ninh, Môn tự chọn 14, Thiết bị y tế, Môn tự chọn 2, Kỹ năng mềm, Môn tự chọn 11, Xác suất thống kê, Công nghệ nano y sinh, Môn tự chọn 10, Tư duy logic và giải quyết vấn đề, Môn tự chọn 3, Môn tự chọn 6, Môn tự chọn 5, Triết học Mác-Lênin, Tiếng Anh chuyên ngành, Kỹ thuật tế bào, Môn tự chọn 1, Môn tự chọn 12, Môn tự chọn 8, Môn tự chọn 9, Giải tích, Môn tự chọn 7, Giáo dục thể chất, Tin học cơ bản","Machine Learning, Blockchain, Phát triển web, Internet of Things, Robot học"
SV10010,Âm nhạc học,7.2,"Kỹ năng mềm, Toán cao cấp, Giải tích, Soạn nhạc cơ bản, Tư duy logic và giải quyết vấn đề, Âm nhạc hiện đại, Môn tự chọn 3, Môn tự chọn 14, Triết học Mác-Lênin, Biểu diễn nhạc cụ, Âm nhạc dân gian Việt Nam, Giáo dục quốc phòng - An ninh, Âm nhạc lý thuyết, Môn tự chọn 5, Phân tích tác phẩm âm nhạc, Tin học cơ bản, Môn tự chọn 1, Môn tự chọn 2, Giáo dục thể chất, Âm nhạc cổ điển phương Tây, Xác suất thống kê, Môn tự chọn 13, Hòa âm, Môn tự chọn 9, Môn tự chọn 11, Môn tự chọn 12, Môn tự chọn 7, Môn tự chọn 4, Tiếng Anh chuyên ngành, Lịch sử âm nhạc, Môn tự chọn 6, Kỹ thuật thanh nhạc, Tư tưởng Hồ Chí Minh, Môn tự chọn 8, Môn tự chọn 10","Du lịch khám phá, Âm nhạc, Thơ ca, Đọc sách, Khiêu vũ"
SV10011,Quản trị khách sạn,7.2,"Quản trị chiến lược, Kinh tế vĩ mô, Kinh tế quốc tế, Giáo dục quốc phòng - An ninh, Marketing số, Kỹ năng mềm, Tiếng Anh chuyên ngành, Kế toán quản trị, Thương mại điện tử, Tin học cơ bản","Bán hàng, Khởi nghiệp, Fintech"
SV10012,Điều dưỡng,7.9,"Giải phẫu học, Toán cao cấp, Xác suất thống kê, Dược lý lâm sàng, Môn tự chọn 3, Dinh dưỡng học, Dược lý học, Giải tích, Tin học cơ bản, Sinh lý học, Triết học Mác-Lênin, Kỹ năng mềm, Bệnh học nội khoa, Dược lâm sàng, Giáo dục quốc phòng - An ninh, Giáo dục thể chất, Vi sinh y học, Tiếng Anh chuyên ngành, Bệnh học truyền nhiễm, Bệnh học ngoại khoa, Môn tự chọn 2, Hóa sinh y học, Miễn dịch học, Môn tự chọn 1, Tư tưởng Hồ Chí Minh, Y học cổ truyền, Y học dự phòng, Tư duy logic và giải quyết vấn đề",Phát triển web
SV10013,Marketing,5.8,"Kinh tế lượng, Tư duy logic và giải quyết vấn đề, Giải tích, Logistics, Kế toán tài chính, Kinh tế quốc tế, Tài chính doanh nghiệp, Kinh tế phát triển, Kỹ năng mềm, Marketing số, Quản trị chiến lược, Kinh tế vi mô, Kinh tế vĩ mô, Toán cao cấp, Quản trị kinh doanh, Tiếng Anh chuyên ngành, Ngân hàng thương mại, Xác suất thống kê, Marketing cơ bản, Thương mại điện tử, Tài chính quốc tế, Quản trị nhân sự","Đầu tư, Thương mại điện tử"
SV10014,Dược học,6,"Dinh dưỡng học, Y học dự phòng, Toán cao cấp, Giáo dục thể chất, Bệnh học ngoại khoa, Dược lâm sàng, Tiếng Anh chuyên ngành, Dược lý học, Kỹ năng mềm, Y học cổ truyền, Môn tự chọn 4, Bệnh học truyền nhiễm, Dược lý lâm sàng, Miễn dịch học, Giải tích, Giáo dục quốc phòng - An ninh, Môn tự chọn 2, Giải phẫu học, Tin học cơ bản, Hóa sinh y học, Vi sinh y học, Môn tự chọn 3, Môn tự chọn 1, Xác suất thống kê, Tư duy logic và giải quyết vấn đề, Tư tưởng Hồ Chí Minh, Triết học Mác-Lênin, Bệnh học nội khoa, Sinh lý học","Kể chuyện, Khiêu vũ, Lập trình, Ẩm thực"
SV10015,Sư phạm Toán,7.1,"Kỹ năng mềm, Tư duy logic và giải quyết vấn đề, Đại số tuyến tính, Lý thuyết số, Toán rời rạc, Tư tưởng Hồ Chí Minh, Phương pháp giảng dạy Toán, Bài tập toán nâng cao, Tiếng Anh chuyên ngành, Xác suất thống kê, Giáo dục thể chất, Giải tích, Toán học ứng dụng, Hình học giải tích, Giáo dục quốc phòng - An ninh, Dạy học toán phổ thông","Thơ ca, Yoga"
SV10016,Kinh tế số,6.7,"Giải tích, Marketing cơ bản, Xác suất thống kê, Ngân hàng thương mại, Thương mại điện tử, Kinh tế quốc tế, Kinh tế phát triển, Giáo dục thể chất, Logistics, Tài chính doanh nghiệp, Quản trị kinh doanh, Tin học cơ bản, Tài chính quốc tế, Kỹ năng mềm, Tiếng Anh chuyên ngành, Kế toán tài chính, Tư tưởng Hồ Chí Minh, Kinh tế lượng, Kinh tế vĩ mô, Triết học Mác-Lênin, Toán cao cấp, Kế toán quản trị, Kinh tế vi mô, Chuỗi cung ứng, Tư duy logic và giải quyết vấn đề","Quản trị dự án, Kinh doanh quốc tế, Khởi nghiệp, Fintech"
SV10017,Truyền thông đa phương tiện,8,"Big Data và Hadoop, Lập trình web nâng cao, Phát triển ứng dụng web, Tư duy logic và giải quyết vấn đề, Hệ thống nhúng, An ninh mạng cơ bản, Cloud Computing - AWS/Azure, Học máy, DevOps và CI/CD, Cấu trúc dữ liệu và Giải thuật, Quản lý dự án CNTT, Machine Learning với TensorFlow, Mạng máy tính, Kiểm thử phần mềm, Xử lý ngôn ngữ tự nhiên, Giải tích, Hệ điều hành",Phân tích dữ liệu
SV10018,Logistics và Quản lý chuỗi cung ứng,6.8,"Kiểm thử phần mềm, Tư tưởng Hồ Chí Minh, Kỹ thuật phần mềm nâng cao, Lập trình web nâng cao, Hệ thống phân tán, An ninh mạng cơ bản, Cơ sở dữ liệu, Blockchain cơ bản, Giáo dục thể chất, Lập trình hướng đối tượng, Phát triển ứng dụng di động, Internet of Things, Kỹ năng mềm, Hệ điều hành, Học sâu, Tiếng Anh chuyên ngành, Giải tích, Thị giác máy tính, Tư duy logic và giải quyết vấn đề, Machine Learning với TensorFlow, Cyber Security nâng cao, Hệ thống nhúng, Xác suất thống kê, Phát triển phần mềm doanh nghiệp, Phát triển ứng dụng web, Xử lý ngôn ngữ tự nhiên, Triết học Mác-Lênin, An toàn thông tin, Mạng máy tính, Lập trình Java, Cấu trúc dữ liệu và Giải thuật, Lập trình C/C++, Phát triển game, Quản lý dự án CNTT, Trí tuệ nhân tạo, Tin học cơ bản, Mật mã học, Lập trình di động iOS/Android, Toán cao cấp","Cloud Computing, Phát triển ứng dụng di động, Phát triển web"
SV10019,An ninh mạng,6.3,"Mật mã học, Kỹ thuật phần mềm nâng cao, Hệ thống nhúng, Xác suất thống kê, Lập trình Java, Tiếng Anh chuyên ngành, Cloud Computing - AWS/Azure, Kiểm thử phần mềm, Xử lý ngôn ngữ tự nhiên, Cyber Security nâng cao, Giáo dục quốc phòng - An ninh, Học máy, Phát triển ứng dụng web, Tư duy logic và giải quyết vấn đề, Big Data và Hadoop, Lập trình C/C++, Cơ sở dữ liệu, Internet of Things","Machine Learning, Cyber Security, Phát triển ứng dụng di động, Lập trình, Game Development"
SV10020,Hệ thống thông tin,9.2,"Phát triển ứng dụng web, Hệ thống nhúng, Mạng máy tính, Lập trình Python, Lập trình web nâng cao, Tư tưởng Hồ Chí Minh, Cyber Security nâng cao, Phân tích và thiết kế hệ thống, DevOps và CI/CD, Giải tích, Xử lý ngôn ngữ tự nhiên, Machine Learning với TensorFlow, Trí tuệ nhân tạo, Tiếng Anh chuyên ngành, Lập trình di động iOS/Android, Mật mã học, An ninh mạng cơ bản, Kỹ thuật phần mềm nâng cao, Triết học Mác-Lênin, Giáo dục thể chất, Xác suất thống kê, Học sâu, Lập trình Java, Internet of Things, Kiểm thử phần mềm, Cơ sở dữ liệu","Phân tích dữ liệu, Cyber Security"
SV10021,Sư phạm Ngữ văn,7.5,"Văn học so sánh, Văn học Việt Nam cổ điển, Phân tích tác phẩm văn học, Lí luận văn học, Phương pháp dạy văn lớp 12, Tin học cơ bản, Toán cao cấp, Văn học Việt Nam hiện đại, Phương pháp giảng dạy Ngữ văn, Xác suất thống kê, Tiếng Anh chuyên ngành, Văn học dân gian, Tư duy logic và giải quyết vấn đề, Giáo dục thể chất, Giải tích, Tư tưởng Hồ Chí Minh, Môn tự chọn 1, Triết học Mác-Lênin, Văn học hiện đại Việt Nam, Kỹ năng mềm, Nghiên cứu tác phẩm Nguyễn Du, Lịch sử văn học thế giới, Giáo dục quốc phòng - An ninh, Ngữ pháp tiếng Việt","Âm nhạc, Làm video, Kể chuyện"
SV10022,Kỹ thuật phần mềm,7.8,"Kiểm thử phần mềm, Giải tích, Tiếng Anh chuyên ngành, An ninh mạng cơ bản, Hệ thống phân tán, Phát triển phần mềm doanh nghiệp, Phát triển game, Lập trình Python, Kỹ năng mềm, Cơ sở dữ liệu, Giáo dục thể chất, Phát triển ứng dụng web, Thị giác máy tính, An toàn thông tin, Lập trình Java, Quản lý dự án CNTT, Tư duy logic và giải quyết vấn đề, Big Data và Hadoop, Thiết kế giao diện người dùng, Học sâu, Tư tưởng Hồ Chí Minh, Lập trình hướng đối tượng, Machine Learning với TensorFlow, Xác suất thống kê, DevOps và CI/CD, Cấu trúc dữ liệu và Giải thuật, Mạng máy tính, Lập trình web nâng cao","Big Data, Phân tích dữ liệu"
SV10023,Kỹ thuật máy tính,6.3,"Mạng viễn thông, Tiếng Anh chuyên ngành, Hệ thống nhúng nâng cao, Truyền thông số, Mạng không dây, Xử lý tín hiệu số, Anten và sóng điện từ, Giải tích, Hệ thống điện tử nhúng, Toán cao cấp, Điện tử năng lượng, Kỹ thuật vi mạch, Đo lường điện tử, Xác suất thống kê","Phát triển web, Blockchain, DevOps"
SV10024,Khoa học dữ liệu,7.2,"Hệ điều hành, An ninh mạng cơ bản, Lập trình hướng đối tượng, Cấu trúc dữ liệu và Giải thuật, Tư duy logic và giải quyết vấn đề, DevOps và CI/CD, Blockchain cơ bản, Toán cao cấp, Phát triển game, Machine Learning với TensorFlow, Triết học Mác-Lênin, Kỹ thuật phần mềm nâng cao, Phát triển phần mềm doanh nghiệp, Lập trình web nâng cao, Hệ thống phân tán, Lập trình Java, Phát triển ứng dụng di động, Quản lý dự án CNTT, Lập trình di động iOS/Android, Phát triển ứng dụng web, Trí tuệ nhân tạo, Tư tưởng Hồ Chí Minh","Internet of Things, Phát triển ứng dụng di động, Cloud Computing"
SV10025,Quản trị khách sạn,7.8,"Kinh tế vi mô, Thương mại điện tử, Tài chính quốc tế, Kinh tế vĩ mô, Giáo dục quốc phòng - An ninh, Toán cao cấp, Giải tích, Kỹ năng mềm, Triết học Mác-Lênin, Tiếng Anh chuyên ngành, Tài chính doanh nghiệp, Kinh tế quốc tế, Giáo dục thể chất, Xác suất thống kê, Marketing cơ bản, Kế toán quản trị, Kế toán tài chính, Tin học cơ bản, Marketing số, Logistics, Chuỗi cung ứng, Kinh tế phát triển, Kinh tế lượng, Tư duy logic và giải quyết vấn đề","Quản trị dự án, Kinh doanh quốc tế, Bán hàng"
SV10026,Công nghệ sinh học,6.5,"Toán cao cấp, Tiếng Anh chuyên ngành, Công nghệ gen, Tư duy logic và giải quyết vấn đề, Vật liệu sinh học, Kỹ thuật mô sinh học, Kỹ thuật tế bào, Công nghệ sinh học ứng dụng, Giải tích, Công nghệ nano y sinh, Thiết bị y tế, Giáo dục thể chất, Giáo dục quốc phòng - An ninh","Lập trình, Khoa học dữ liệu, Phân tích dữ liệu, Internet of Things, Phát triển ứng dụng di động"
SV10027,Dược học,8.1,"Giải tích, Miễn dịch học, Y học dự phòng, Bệnh học ngoại khoa, Y học cổ truyền, Môn tự chọn 1, Giáo dục thể chất, Kỹ năng mềm, Bệnh học nội khoa, Tư duy logic và giải quyết vấn đề, Sinh lý học, Giải phẫu học, Dược lý lâm sàng, Giáo dục quốc phòng - An ninh, Tin học cơ bản, Tư tưởng Hồ Chí Minh, Dinh dưỡng học, Triết học Mác-Lênin, Hóa sinh y học, Vi sinh y học, Tiếng Anh chuyên ngành, Xác suất thống kê, Dược lý học, Dược lâm sàng, Bệnh học truyền nhiễm, Toán cao cấp","Vẽ tranh, Trí tuệ nhân tạo"
SV10028,Luật,7.1,"Hệ thống phân tán, Mật mã học, Quản lý dự án CNTT, Phát triển ứng dụng di động, Toán cao cấp, Kiểm thử phần mềm, Cyber Security nâng cao, Machine Learning với TensorFlow, Thị giác máy tính, Tư duy logic và giải quyết vấn đề, Big Data và Hadoop, An toàn thông tin, Cloud Computing - AWS/Azure, Học máy, Lập trình C/C++, Lập trình Java, Cấu trúc dữ liệu và Giải thuật, Phát triển ứng dụng web, Lập trình hướng đối tượng, Internet of Things, Cơ sở dữ liệu, Trí tuệ nhân tạo, Lập trình di động iOS/Android, Xử lý ngôn ngữ tự nhiên, Xác suất thống kê, Lập trình web nâng cao, Học sâu, DevOps và CI/CD, Giải tích","DevOps, Robot học"
SV10029,Kỹ thuật hóa học,7.4,"Môn tự chọn 16, Môn tự chọn 13, Môn tự chọn 6, Giải tích, Tiếng Anh chuyên ngành, Tư tưởng Hồ Chí Minh, Môn tự chọn 11, Môn tự chọn 9, Hóa học công nghiệp, Môn tự chọn 12, Môn tự chọn 14, Kỹ thuật polymer, Tin học cơ bản, Xác suất thống kê, Hóa phân tích môi trường, Môn tự chọn 1, Môn tự chọn 10, Môn tự chọn 7, Kỹ thuật phản ứng hóa học, Kỹ năng mềm, Môn tự chọn 2, Kỹ thuật hóa học, Môn tự chọn 5, Môn tự chọn 4, Công nghệ xử lý nước, Môn tự chọn 8, Triết học Mác-Lênin, Môn tự chọn 17, Tư duy logic và giải quyết vấn đề, Môn tự chọn 3, Giáo dục thể chất, Xử lý nước thải, Môn tự chọn 15, Xử lý chất thải rắn, Giáo dục quốc phòng - An ninh, Ô nhiễm không khí, Kỹ thuật nhiệt hóa học, Toán cao cấp, Kỹ thuật môi trường","Trí tuệ nhân tạo, Thiết kế UI/UX"
SV10030,Kỹ thuật điện,7.1,"Hệ thống điều khiển tự động, Điện tử số, Anten và sóng điện từ, Xác suất thống kê, Triết học Mác-Lênin, Giáo dục thể chất, Xử lý tín hiệu số, Tư tưởng Hồ Chí Minh, Giáo dục quốc phòng - An ninh, Truyền thông quang, Tiếng Anh chuyên ngành, Điện tử công suất, Điện tử cơ bản, Kỹ thuật radar, Điện tử năng lượng, Mạng không dây, Truyền thông vô tuyến, Hệ thống điện tử nhúng, Đo lường điện tử, Truyền thông số, Toán cao cấp, Kỹ năng mềm, Tư duy logic và giải quyết vấn đề, Tin học cơ bản, Giải tích, Mạng viễn thông, Kỹ thuật vi mạch, Điện tử viễn thông, Hệ thống nhúng nâng cao","Thiết kế UI/UX, Game Development"
SV10031,Công nghệ đa phương tiện,9.6,"Giải tích, Kiểm thử phần mềm, Triết học Mác-Lênin, Tiếng Anh chuyên ngành, Xác suất thống kê, Lập trình hướng đối tượng, Lập trình web nâng cao, Xử lý ngôn ngữ tự nhiên, Học máy, Toán cao cấp, An ninh mạng cơ bản, Machine Learning với TensorFlow, Phát triển phần mềm doanh nghiệp, Lập trình di động iOS/Android, Tư tưởng Hồ Chí Minh, DevOps và CI/CD, Cloud Computing - AWS/Azure, Quản lý dự án CNTT, Thiết kế giao diện người dùng, Kỹ năng mềm, Kỹ thuật phần mềm nâng cao, Giáo dục quốc phòng - An ninh, Cyber Security nâng cao, Lập trình Python, Blockchain cơ bản, Học sâu, Phát triển ứng dụng web, Cấu trúc dữ liệu và Giải thuật, Hệ điều hành, Tư duy logic và giải quyết vấn đề, Trí tuệ nhân tạo","Cyber Security, Trí tuệ nhân tạo, Blockchain"
SV10032,Kỹ thuật môi trường,7.7,"Xử lý nước thải, Triết học Mác-Lênin, Kỹ thuật polymer, Môn tự chọn 14, Môn tự chọn 6, Tư tưởng Hồ Chí Minh, Hóa học công nghiệp, Kỹ thuật hóa học, Môn tự chọn 4, Kỹ thuật phản ứng hóa học, Ô nhiễm không khí, Tiếng Anh chuyên ngành, Môn tự chọn 9, Toán cao cấp, Giáo dục thể chất, Kỹ năng mềm, Công nghệ xử lý nước, Môn tự chọn 12, Môn tự chọn 7, Môn tự chọn 13, Kỹ thuật môi trường, Giáo dục quốc phòng - An ninh, Môn tự chọn 11, Môn tự chọn 15, Xử lý chất thải rắn, Kỹ thuật nhiệt hóa học, Môn tự chọn 10, Môn tự chọn 1, Môn tự chọn 5, Hóa phân tích môi trường, Môn tự chọn 8, Tin học cơ bản, Giải tích, Tư duy logic và giải quyết vấn đề, Môn tự chọn 2, Xác suất thống kê, Môn tự chọn 3","Phân tích dữ liệu, Big Data, Trí tuệ nhân tạo"
SV10033,Kỹ thuật điện tử - Viễn thông,6.6,"Đo lường điện tử, Hệ thống điều khiển tự động, Truyền thông quang, Kỹ năng mềm, Kỹ thuật radar, Xác suất thống kê, Tin học cơ bản, Điện tử công suất, Hệ thống điện tử nhúng, Xử lý tín hiệu số, Anten và sóng điện từ, Tư tưởng Hồ Chí Minh, Tư duy logic và giải quyết vấn đề, Tiếng Anh chuyên ngành, Giải tích, Mạng không dây, Kỹ thuật vi mạch, Mạng viễn thông, Điện tử cơ bản, Triết học Mác-Lênin, Điện tử số, Điện tử năng lượng, Truyền thông vô tuyến, Điện tử viễn thông, Truyền thông số, Giáo dục quốc phòng - An ninh","Lập trình, Cloud Computing"
SV10034,Kỹ thuật phần mềm,8.5,"Cơ sở dữ liệu, Xử lý ngôn ngữ tự nhiên, Thiết kế giao diện người dùng, Giải tích, Phát triển phần mềm doanh nghiệp, Lập trình web nâng cao, Kỹ thuật phần mềm nâng cao, Lập trình C/C++, Big Data và Hadoop, Học sâu, Xác suất thống kê, Hệ thống nhúng, Tư duy logic và giải quyết vấn đề, Thị giác máy tính, Cloud Computing - AWS/Azure, Học máy, Trí tuệ nhân tạo, Lập trình Python, Cấu trúc dữ liệu và Giải thuật, Phát triển ứng dụng web","Thiết kế UI/UX, Phát triển ứng dụng di động"
SV10035,Răng - Hàm - Mặt,6.5,"Môn tự chọn 2, Kỹ năng mềm, Bệnh học truyền nhiễm, Tư tưởng Hồ Chí Minh, Triết học Mác-Lênin, Môn tự chọn 1, Tiếng Anh chuyên ngành, Môn tự chọn 6, Bệnh học ngoại khoa, Môn tự chọn 7, Tin học cơ bản, Giáo dục quốc phòng - An ninh, Dinh dưỡng học, Hóa sinh y học, Sinh lý học, Vi sinh y học, Y học cổ truyền, Môn tự chọn 5, Xác suất thống kê, Môn tự chọn 3, Giáo dục thể chất, Dược lý học, Giải phẫu học, Tư duy logic và giải quyết vấn đề, Y học dự phòng, Bệnh học nội khoa, Miễn dịch học, Môn tự chọn 4, Toán cao cấp, Giải tích, Dược lý lâm sàng, Dược lâm sàng","Robot học, Lập trình"
SV10036,Kỹ thuật điện,7.9,"Hệ thống điện tử nhúng, Kỹ thuật vi mạch, Giáo dục quốc phòng - An ninh, Tin học cơ bản, Điện tử năng lượng, Đo lường điện tử, Mạng viễn thông, Truyền thông vô tuyến, Điện tử số, Xử lý tín hiệu số, Mạng không dây, Điện tử viễn thông, Điện tử cơ bản, Giải tích, Hệ thống nhúng nâng cao, Điện tử công suất, Hệ thống điều khiển tự động, Truyền thông số, Tư tưởng Hồ Chí Minh",Thiết kế UI/UX
SV10037,Kỹ thuật môi trường,5.7,"Xác suất thống kê, Kỹ thuật polymer, Giáo dục thể chất, Môn tự chọn 4, Kỹ thuật môi trường, Môn tự chọn 2, Môn tự chọn 7, Môn tự chọn 3, Tư duy logic và giải quyết vấn đề, Hóa học công nghiệp, Môn tự chọn 6, Xử lý chất thải rắn, Công nghệ xử lý nước, Giáo dục quốc phòng - An ninh, Kỹ thuật nhiệt hóa học, Môn tự chọn 5, Hóa phân tích môi trường, Giải tích, Kỹ năng mềm, Tin học cơ bản, Tư tưởng Hồ Chí Minh, Tiếng Anh chuyên ngành, Môn tự chọn 9, Triết học Mác-Lênin, Kỹ thuật hóa học, Môn tự chọn 11, Môn tự chọn 1, Toán cao cấp, Môn tự chọn 8, Kỹ thuật phản ứng hóa học, Môn tự chọn 10, Xử lý nước thải, Ô nhiễm không khí",Trí tuệ nhân tạo
SV10038,Dược học,6.4,"Dược lý học, Triết học Mác-Lênin, Dinh dưỡng học, Giáo dục thể chất, Vi sinh y học, Toán cao cấp, Giải tích, Xác suất thống kê, Giáo dục quốc phòng - An ninh, Bệnh học nội khoa, Bệnh học ngoại khoa, Tiếng Anh chuyên ngành, Tin học cơ bản, Tư duy logic và giải quyết vấn đề, Dược lý lâm sàng, Bệnh học truyền nhiễm, Miễn dịch học, Dược lâm sàng","Robot học, Khoa học dữ liệu, Phát triển ứng dụng di động, Diễn thuyết"
SV10039,Khoa học dữ liệu,7.9,"Lập trình Java, Cloud Computing - AWS/Azure, Lập trình hướng đối tượng, Phát triển game, Blockchain cơ bản, Xác suất thống kê, Phát triển phần mềm doanh nghiệp, Cyber Security nâng cao, Học sâu, Hệ điều hành, Quản lý dự án CNTT, An ninh mạng cơ bản, Internet of Things, Giáo dục thể chất, Phân tích và thiết kế hệ thống, Mạng máy tính, Machine Learning với TensorFlow, Xử lý ngôn ngữ tự nhiên, Mật mã học","Internet of Things, Cloud Computing, Big Data, Lập trình"
SV10040,An ninh mạng,8.4,"Xác suất thống kê, Học máy, Kỹ thuật phần mềm nâng cao, Phát triển ứng dụng web, Hệ thống phân tán, Lập trình C/C++, Phát triển ứng dụng di động, Mạng máy tính, DevOps và CI/CD, Kiểm thử phần mềm, Lập trình web nâng cao, Tin học cơ bản, An ninh mạng cơ bản, Giải tích, Phân tích và thiết kế hệ thống, Lập trình di động iOS/Android, Big Data và Hadoop, Cloud Computing - AWS/Azure, Phát triển phần mềm doanh nghiệp, Lập trình Python, Tiếng Anh chuyên ngành, Thiết kế giao diện người dùng","DevOps, Internet of Things, Trí tuệ nhân tạo, Blockchain"
SV10041,Răng - Hàm - Mặt,7.9,"Bệnh học ngoại khoa, Dược lâm sàng, Kỹ năng mềm, Y học cổ truyền, Tiếng Anh chuyên ngành, Giải tích, Tư duy logic và giải quyết vấn đề, Toán cao cấp, Tin học cơ bản, Miễn dịch học, Dược lý lâm sàng, Giáo dục quốc phòng - An ninh, Dinh dưỡng học, Giải phẫu học, Y học dự phòng, Bệnh học nội khoa, Tư tưởng Hồ Chí Minh, Hóa sinh y học, Sinh lý học, Xác suất thống kê, Triết học Mác-Lênin, Vi sinh y học, Bệnh học truyền nhiễm, Giáo dục thể chất, Dược lý học","Kể chuyện, Machine Learning, Phát triển web, Thơ ca"
SV10042,Kế toán,7.6,"Kỹ năng mềm, Tin học cơ bản, Ngân hàng thương mại, Kinh tế phát triển, Tư duy logic và giải quyết vấn đề, Marketing cơ bản, Kế toán tài chính, Kinh tế lượng, Giáo dục thể chất, Logistics, Thương mại điện tử, Quản trị nhân sự, Tư tưởng Hồ Chí Minh, Tài chính quốc tế, Kinh tế vi mô, Tài chính doanh nghiệp, Xác suất thống kê, Quản trị kinh doanh, Giáo dục quốc phòng - An ninh, Tiếng Anh chuyên ngành, Kế toán quản trị, Marketing số, Quản trị chiến lược, Kinh tế quốc tế, Chuỗi cung ứng, Toán cao cấp, Kinh tế vĩ mô","Bán hàng, Khởi nghiệp, Marketing số, Quản trị dự án"
SV10043,Âm nhạc học,7.4,"Tư duy logic và giải quyết vấn đề, Âm nhạc cổ điển phương Tây, Phân tích tác phẩm âm nhạc, Kỹ năng mềm, Giáo dục quốc phòng - An ninh, Xác suất thống kê, Lịch sử âm nhạc, Môn tự chọn 2, Tiếng Anh chuyên ngành, Môn tự chọn 1, Tư tưởng Hồ Chí Minh, Triết học Mác-Lênin, Giáo dục thể chất, Toán cao cấp, Tin học cơ bản, Giải tích, Âm nhạc dân gian Việt Nam, Soạn nhạc cơ bản, Hòa âm, Âm nhạc hiện đại, Biểu diễn nhạc cụ, Kỹ thuật thanh nhạc, Âm nhạc lý thuyết",Chơi nhạc cụ
SV10044,Sư phạm Lịch sử,6.2,"Tư duy logic và giải quyết vấn đề, Lịch sử Việt Nam hiện đại, Xác suất thống kê, Lịch sử Việt Nam cổ đại, Giáo dục thể chất, Phương pháp giảng dạy Lịch sử, Toán cao cấp, Kỹ năng mềm, Triết học Mác-Lênin, Tin học cơ bản","Nhiếp ảnh, Thiền, Đọc sách"
SV10045,Tài chính - Ngân hàng,7,"Giải tích, Triết học Mác-Lênin, Giáo dục quốc phòng - An ninh, Chuỗi cung ứng, Kinh tế phát triển, Kế toán quản trị, Kinh tế vi mô, Tư duy logic và giải quyết vấn đề, Kế toán tài chính, Kinh tế quốc tế, Quản trị chiến lược, Kỹ năng mềm, Tài chính doanh nghiệp, Thương mại điện tử, Tài chính quốc tế, Marketing cơ bản, Ngân hàng thương mại, Kinh tế lượng, Quản trị kinh doanh, Tư tưởng Hồ Chí Minh, Tin học cơ bản, Logistics, Marketing số, Quản trị nhân sự, Tiếng Anh chuyên ngành, Xác suất thống kê, Kinh tế vĩ mô, Giáo dục thể chất, Toán cao cấp","Kinh doanh quốc tế, Marketing số"
SV10046,Truyền thông đa phương tiện,7.2,"Lập trình Java, Tư duy logic và giải quyết vấn đề, Internet of Things, Thiết kế giao diện người dùng, DevOps và CI/CD, Phân tích và thiết kế hệ thống, Kỹ năng mềm, Học sâu, Hệ thống nhúng, Học máy, Hệ thống phân tán","Lập trình, Nhiếp ảnh, Robot học"
SV10047,Truyền thông đa phương tiện,8.8,"Thị giác máy tính, An toàn thông tin, Kỹ thuật phần mềm nâng cao, DevOps và CI/CD, Mạng máy tính, Hệ điều hành, Giáo dục quốc phòng - An ninh, Big Data và Hadoop, Lập trình di động iOS/Android, Phát triển ứng dụng web, Lập trình Java, Lập trình C/C++, Kiểm thử phần mềm, Học sâu, An ninh mạng cơ bản, Cloud Computing - AWS/Azure, Phát triển phần mềm doanh nghiệp, Xử lý ngôn ngữ tự nhiên, Lập trình web nâng cao, Phát triển ứng dụng di động, Toán cao cấp, Phát triển game","Big Data, DevOps, Blockchain"
SV10048,Kế toán,8,"Logistics, Kế toán tài chính, Quản trị chiến lược, Môn tự chọn 6, Marketing cơ bản, Chuỗi cung ứng, Môn tự chọn 2, Môn tự chọn 7, Toán cao cấp, Môn tự chọn 11, Thương mại điện tử, Tài chính quốc tế, Triết học Mác-Lênin, Kinh tế phát triển, Môn tự chọn 4, Kinh tế lượng, Tư tưởng Hồ Chí Minh, Kinh tế vĩ mô, Tài chính doanh nghiệp, Ngân hàng thương mại, Giáo dục quốc phòng - An ninh, Môn tự chọn 3, Môn tự chọn 1, Quản trị kinh doanh, Tư duy logic và giải quyết vấn đề, Tin học cơ bản, Kinh tế vi mô, Môn tự chọn 8, Kinh tế quốc tế, Môn tự chọn 10, Môn tự chọn 5, Marketing số, Giáo dục thể chất, Quản trị nhân sự, Môn tự chọn 9, Kỹ năng mềm, Kế toán quản trị, Xác suất thống kê, Giải tích, Tiếng Anh chuyên ngành","Đầu tư, Fintech, Khởi nghiệp, Kinh doanh quốc tế"
SV10049,Blockchain và Tiền mã hóa,5.9,"Giáo dục quốc phòng - An ninh, Cyber Security nâng cao, Phân tích và thiết kế hệ thống, Học máy, Lập trình web nâng cao, Phát triển phần mềm doanh nghiệp, Kỹ năng mềm, Hệ điều hành, Phát triển game, Lập trình Python, Lập trình di động iOS/Android, Cloud Computing - AWS/Azure, Học sâu, Lập trình hướng đối tượng, Machine Learning với TensorFlow, Mạng máy tính, Phát triển ứng dụng web, Kỹ thuật phần mềm nâng cao, Internet of Things, Thị giác máy tính, Cơ sở dữ liệu, Lập trình Java, Tư duy logic và giải quyết vấn đề, Giáo dục thể chất, Trí tuệ nhân tạo, An ninh mạng cơ bản, Thiết kế giao diện người dùng, Hệ thống phân tán, Hệ thống nhúng, Toán cao cấp, Quản lý dự án CNTT, An toàn thông tin, Tin học cơ bản, Tư tưởng Hồ Chí Minh, Triết học Mác-Lênin, Kiểm thử phần mềm","Game Development, Khoa học dữ liệu, Lập trình, Internet of Things"
SV10050,Hệ thống thông tin,8,"Lập trình di động iOS/Android, Hệ điều hành, Lập trình C/C++, Phát triển ứng dụng web, Lập trình hướng đối tượng, Kỹ thuật phần mềm nâng cao, Thị giác máy tính, Cloud Computing - AWS/Azure, Học sâu, Giải tích, Cơ sở dữ liệu, Tư tưởng Hồ Chí Minh, Trí tuệ nhân tạo, Học máy, Thiết kế giao diện người dùng, Big Data và Hadoop, Internet of Things, Phát triển phần mềm doanh nghiệp, Lập trình Python, Kiểm thử phần mềm, Giáo dục thể chất, Phát triển game, Xử lý ngôn ngữ tự nhiên, Lập trình Java, Triết học Mác-Lênin, An ninh mạng cơ bản","Trí tuệ nhân tạo, Machine Learning"
SV10051,Khoa học máy tính,7.3,"Phát triển phần mềm doanh nghiệp, Xác suất thống kê, Lập trình Java, Tin học cơ bản, Tư duy logic và giải quyết vấn đề, Phát triển game, Big Data và Hadoop, Mạng máy tính, Quản lý dự án CNTT, Giáo dục quốc phòng - An ninh, Lập trình Python, Lập trình di động iOS/Android, Tiếng Anh chuyên ngành, Giáo dục thể chất, Phát triển ứng dụng di động, An toàn thông tin, Hệ thống phân tán, Cloud Computing - AWS/Azure, Toán cao cấp, Kiểm thử phần mềm, Giải tích, Triết học Mác-Lênin, Internet of Things, Lập trình C/C++, Học sâu, Mật mã học, Cấu trúc dữ liệu và Giải thuật, Machine Learning với TensorFlow, Lập trình web nâng cao, Kỹ thuật phần mềm nâng cao, Lập trình hướng đối tượng, Thiết kế giao diện người dùng, Cyber Security nâng cao, DevOps và CI/CD, Tư tưởng Hồ Chí Minh, Kỹ năng mềm, Xử lý ngôn ngữ tự nhiên, Blockchain cơ bản, Hệ điều hành, Cơ sở dữ liệu","Machine Learning, Thiết kế UI/UX"
SV10052,Marketing,7,"Giáo dục quốc phòng - An ninh, Kinh tế vĩ mô, Tài chính quốc tế, Quản trị kinh doanh, Kế toán quản trị, Kinh tế quốc tế, Thương mại điện tử, Chuỗi cung ứng, Quản trị chiến lược, Tin học cơ bản",Bán hàng
SV10053,Ngôn ngữ Hàn Quốc,8.3,"Tiếng Anh chuyên ngành, Hangeul, Tư duy logic và giải quyết vấn đề, Tư tưởng Hồ Chí Minh, Tin học cơ bản, Giáo dục thể chất, Kỹ năng mềm, Môn tự chọn 1, Kỹ năng nghe nói tiếng Hàn, Xác suất thống kê, Triết học Mác-Lênin, Ngữ pháp tiếng Hàn, Lịch sử Hàn Quốc, Từ vựng tiếng Hàn, Giáo dục quốc phòng - An ninh, Giải tích, Môn tự chọn 3, Dịch Hàn-Việt, Tiếng Hàn thương mại, Môn tự chọn 4, Văn hóa Hàn Quốc, Ngữ âm học tiếng Hàn, Môn tự chọn 2, Toán cao cấp, K-pop và văn hóa đại chúng Hàn","Khoa học dữ liệu, Thơ ca"
SV10054,Kỹ thuật hóa học,8.7,"Kỹ thuật polymer, Ô nhiễm không khí, Kỹ năng mềm, Xác suất thống kê, Kỹ thuật phản ứng hóa học, Tiếng Anh chuyên ngành, Xử lý nước thải, Kỹ thuật nhiệt hóa học, Giáo dục thể chất, Tư tưởng Hồ Chí Minh, Toán cao cấp, Hóa học công nghiệp","Trí tuệ nhân tạo, Blockchain, Thiết kế UI/UX"
SV10055,Fintech,8.6,"Giải tích, Xác suất thống kê, Phát triển ứng dụng di động, Thiết kế giao diện người dùng, Tin học cơ bản, Thị giác máy tính, Mật mã học, Lập trình hướng đối tượng, Lập trình Python, Mạng máy tính, Giáo dục quốc phòng - An ninh, Học máy, Tiếng Anh chuyên ngành",Internet of Things
SV10056,Du lịch,6.9,"Mạng máy tính, Trí tuệ nhân tạo, Lập trình Python, DevOps và CI/CD, Phát triển ứng dụng web, Phát triển phần mềm doanh nghiệp, Xác suất thống kê, Cơ sở dữ liệu, Phân tích và thiết kế hệ thống, Thị giác máy tính, Machine Learning với TensorFlow, Triết học Mác-Lênin, Tin học cơ bản, Blockchain cơ bản, Thiết kế giao diện người dùng, Xử lý ngôn ngữ tự nhiên, Học sâu, Phát triển ứng dụng di động, Giải tích, Lập trình C/C++, Lập trình Java, Hệ thống nhúng, Giáo dục thể chất, Internet of Things, Học máy, Cloud Computing - AWS/Azure, Toán cao cấp, Giáo dục quốc phòng - An ninh, Lập trình di động iOS/Android, Tư tưởng Hồ Chí Minh, Kỹ thuật phần mềm nâng cao, Lập trình web nâng cao, Lập trình hướng đối tượng, Quản lý dự án CNTT, An toàn thông tin","Thiết kế UI/UX, Big Data, Blockchain, Machine Learning"
SV10057,Kiến trúc,7.4,"Vật liệu xây dựng, Xác suất thống kê, Thiết kế đô thị, Thiết kế kiến trúc nội thất, Giải tích, Quản lý dự án xây dựng, Tiếng Anh chuyên ngành, Kỹ năng mềm, Giáo dục thể chất, Toán cao cấp, Công trình ngầm, Tin học cơ bản, Tư duy logic và giải quyết vấn đề, Kết cấu bê tông cốt thép","Cyber Security, Lập trình"
SV10058,Sư phạm Toán,8,"Môn tự chọn 1, Môn tự chọn 8, Môn tự chọn 6, Bài tập toán nâng cao, Giải tích, Hình học giải tích, Giáo dục thể chất, Toán học ứng dụng, Tin học cơ bản, Phương pháp giảng dạy Toán, Tư duy logic và giải quyết vấn đề, Toán rời rạc, Môn tự chọn 14, Môn tự chọn 13, Môn tự chọn 3, Môn tự chọn 7, Xác suất thống kê, Toán cao cấp, Môn tự chọn 2, Đại số tuyến tính, Triết học Mác-Lênin, Môn tự chọn 4, Tư tưởng Hồ Chí Minh, Môn tự chọn 11, Môn tự chọn 5, Toán học sơ cấp, Môn tự chọn 9, Môn tự chọn 16, Giáo dục quốc phòng - An ninh, Tiếng Anh chuyên ngành, Kỹ năng mềm, Môn tự chọn 12, Môn tự chọn 10, Dạy học toán phổ thông, Lý thuyết số, Môn tự chọn 15","Khiêu vũ, Học ngoại ngữ, Vẽ tranh, Nhiếp ảnh"
SV10059,Dược học,8.7,"Dược lý học, Tư duy logic và giải quyết vấn đề, Toán cao cấp, Dinh dưỡng học, Sinh lý học, Giáo dục thể chất, Tin học cơ bản, Bệnh học nội khoa, Bệnh học ngoại khoa, Miễn dịch học, Giải phẫu học, Tư tưởng Hồ Chí Minh, Kỹ năng mềm, Xác suất thống kê, Vi sinh y học, Dược lâm sàng, Bệnh học truyền nhiễm, Y học dự phòng, Giải tích, Tiếng Anh chuyên ngành, Giáo dục quốc phòng - An ninh","Cloud Computing, Chơi nhạc cụ"
SV10060,Sư phạm Tin học,7.2,"Kỹ năng mềm, Xác suất thống kê, Môn tự chọn 9, Lập trình Python cho giáo viên, Môn tự chọn 1, Phần mềm giáo dục, Môn tự chọn 3, Môn tự chọn 13, Môn tự chọn 12, Môn tự chọn 6, Môn tự chọn 15, Triết học Mác-Lênin, Môn tự chọn 7, Môn tự chọn 14, Môn tự chọn 2, Công nghệ thông tin trong giáo dục, Giáo dục thể chất, Toán cao cấp, Phát triển bài giảng Tin học, Giáo dục kỹ năng số, Ứng dụng AI trong giảng dạy, Thiết kế khóa học trực tuyến, Lập trình Scratch cho học sinh, Dạy học Tin học phổ thông, Môn tự chọn 5, Tư duy logic và giải quyết vấn đề, Giải tích, Môn tự chọn 8, Lập trình cơ bản cho giáo viên, Môn tự chọn 4, An toàn mạng trong trường học, Môn tự chọn 10, Môn tự chọn 11, Phương pháp giảng dạy Tin học, Đánh giá học tập Tin học, Quản lý lớp học CNTT, Tiếng Anh chuyên ngành, Tin học cơ bản, Giáo dục quốc phòng - An ninh, Tư tưởng Hồ Chí Minh","Thiền, Đọc sách, Du lịch khám phá, Ẩm thực"
SV10061,Ngôn ngữ Hàn Quốc,7.5,"K-pop và văn hóa đại chúng Hàn, Lịch sử Hàn Quốc, Ngữ âm học tiếng Hàn, Hangeul, Giáo dục quốc phòng - An ninh, Văn hóa Hàn Quốc, Tin học cơ bản, Triết học Mác-Lênin, Tiếng Hàn thương mại, Giải tích, Tư tưởng Hồ Chí Minh, Toán cao cấp, Dịch Hàn-Việt, Xác suất thống kê","Trí tuệ nhân tạo, Diễn thuyết, Bán hàng, Vẽ tranh"
SV10062,Kỹ thuật xây dựng,6.6,"Kết cấu bê tông cốt thép, Giáo dục thể chất, Triết học Mác-Lênin, Thiết kế kiến trúc nội thất, Quản lý dự án xây dựng, Môn tự chọn 7, Kết cấu thép, Môn tự chọn 3, Xác suất thống kê, Môn tự chọn 11, Kỹ thuật địa kỹ thuật, Môn tự chọn 15, Tư tưởng Hồ Chí Minh, Môn tự chọn 10, Toán cao cấp, Giáo dục quốc phòng - An ninh, Môn tự chọn 12, Kiến trúc cảnh quan, Kỹ thuật xây dựng, Tin học cơ bản, Cơ sở hạ tầng đô thị, Kỹ năng mềm, Cầu và đường, Môn tự chọn 14, Môn tự chọn 5, Môn tự chọn 6, Công trình ngầm, Tiếng Anh chuyên ngành, Tư duy logic và giải quyết vấn đề, Môn tự chọn 13, Môn tự chọn 9, Môn tự chọn 8, Giải tích, Môn tự chọn 1, Môn tự chọn 4, Môn tự chọn 2, Vật liệu xây dựng, Thiết kế đô thị","Thiết kế UI/UX, Robot học, Blockchain"
SV10063,Ngôn ngữ Hàn Quốc,6.5,"Giáo dục thể chất, Văn hóa Hàn Quốc, Môn tự chọn 6, Môn tự chọn 8, Môn tự chọn 1, Giáo dục quốc phòng - An ninh, Xác suất thống kê, Môn tự chọn 9, Dịch Hàn-Việt, Kỹ năng mềm, Môn tự chọn 2, Môn tự chọn 10, Lịch sử Hàn Quốc, Toán cao cấp, Ngữ âm học tiếng Hàn, Tiếng Hàn thương mại, Tiếng Anh chuyên ngành, Ngữ pháp tiếng Hàn, Môn tự chọn 11, Môn tự chọn 5, Từ vựng tiếng Hàn, K-pop và văn hóa đại chúng Hàn, Kỹ năng nghe nói tiếng Hàn, Triết học Mác-Lênin, Môn tự chọn 7, Tin học cơ bản, Môn tự chọn 4, Môn tự chọn 3, Tư tưởng Hồ Chí Minh, Giải tích, Hangeul, Tư duy logic và giải quyết vấn đề","Diễn thuyết, Cyber Security"
SV10064,Thiết kế đồ họa,8.5,"Tiếng Anh chuyên ngành, Tư tưởng Hồ Chí Minh, Môn tự chọn 4, Môn tự chọn 2, Triết học Mác-Lênin, Kỹ năng mềm, Tin học cơ bản, Môn tự chọn 1, Môn tự chọn 3, Giải tích, Giáo dục thể chất, Toán cao cấp, Tư duy logic và giải quyết vấn đề, Giáo dục quốc phòng - An ninh, Xác suất thống kê","Vẽ tranh, Viết lách"
SV10065,Ngôn ngữ Nhật,9.1,"Tiếng Anh chuyên ngành, Môn tự chọn 6, Xác suất thống kê, Tin học cơ bản, Môn tự chọn 2, Dịch Nhật-Việt, Văn hóa Nhật Bản, Giải tích, Tư tưởng Hồ Chí Minh, Môn tự chọn 5, Môn tự chọn 7, Hiragana & Katakana, Tiếng Nhật cho du lịch, Tiếng Nhật kinh doanh, Kỹ năng mềm, Văn học Nhật Bản, Triết học Mác-Lênin, Kỹ năng nghe nói tiếng Nhật, Giáo dục thể chất, Ngữ pháp tiếng Nhật, Kanji, Tư duy logic và giải quyết vấn đề, Giáo dục quốc phòng - An ninh, Môn tự chọn 3, Ngữ âm học tiếng Nhật, Môn tự chọn 1, Môn tự chọn 4, Toán cao cấp","Khởi nghiệp, Quản trị dự án, Chơi nhạc cụ"
SV10066,Kỹ thuật xây dựng,7.6,"Môn tự chọn 5, Môn tự chọn 8, Kết cấu bê tông cốt thép, Môn tự chọn 2, Triết học Mác-Lênin, Toán cao cấp, Giáo dục thể chất, Môn tự chọn 14, Môn tự chọn 15, Cơ sở hạ tầng đô thị, Môn tự chọn 11, Môn tự chọn 1, Xác suất thống kê, Công trình ngầm, Thiết kế kiến trúc nội thất, Giáo dục quốc phòng - An ninh, Tư tưởng Hồ Chí Minh, Môn tự chọn 10, Tiếng Anh chuyên ngành, Vật liệu xây dựng, Giải tích, Kỹ thuật địa kỹ thuật, Tin học cơ bản, Môn tự chọn 13, Môn tự chọn 17, Môn tự chọn 16, Môn tự chọn 4, Kết cấu thép, Kỹ thuật xây dựng, Môn tự chọn 3, Môn tự chọn 9, Cầu và đường, Tư duy logic và giải quyết vấn đề, Kiến trúc cảnh quan, Môn tự chọn 7, Quản lý dự án xây dựng, Môn tự chọn 6, Thiết kế đô thị, Kỹ năng mềm, Môn tự chọn 12","Ẩm thực, Phát triển web"
SV10067,Sư phạm Toán,8.7,"Giáo dục thể chất, Hình học giải tích, Giáo dục quốc phòng - An ninh, Môn tự chọn 1, Môn tự chọn 6, Kỹ năng mềm, Môn tự chọn 9, Môn tự chọn 7, Tiếng Anh chuyên ngành, Môn tự chọn 11, Tư tưởng Hồ Chí Minh, Môn tự chọn 10, Môn tự chọn 14, Môn tự chọn 4, Phương pháp giảng dạy Toán, Xác suất thống kê, Dạy học toán phổ thông, Lý thuyết số, Toán cao cấp, Giải tích, Môn tự chọn 2, Môn tự chọn 3, Toán rời rạc, Môn tự chọn 15, Triết học Mác-Lênin, Tin học cơ bản, Môn tự chọn 13, Bài tập toán nâng cao, Đại số tuyến tính, Toán học ứng dụng, Môn tự chọn 16, Tư duy logic và giải quyết vấn đề, Môn tự chọn 8, Môn tự chọn 5, Toán học sơ cấp, Môn tự chọn 12","Kể chuyện, Vẽ tranh, Thiền, Nhiếp ảnh, Yoga"
SV10068,Quản trị kinh doanh,8.1,"Kinh tế phát triển, Thương mại điện tử, Giải tích, Giáo dục thể chất, Xác suất thống kê, Kỹ năng mềm, Quản trị chiến lược, Tư duy logic và giải quyết vấn đề, Ngân hàng thương mại, Tư tưởng Hồ Chí Minh, Giáo dục quốc phòng - An ninh, Marketing số, Tài chính doanh nghiệp, Kinh tế vĩ mô, Chuỗi cung ứng, Marketing cơ bản, Tài chính quốc tế, Triết học Mác-Lênin, Kinh tế vi mô, Tiếng Anh chuyên ngành, Tin học cơ bản, Logistics, Kế toán quản trị, Toán cao cấp, Quản trị nhân sự, Quản trị kinh doanh, Kinh tế lượng, Kinh tế quốc tế, Kế toán tài chính","Bán hàng, Đầu tư, Fintech"
SV10069,Thiết kế đồ họa,7.1,"Kỹ năng mềm, Tiếng Anh chuyên ngành, Môn tự chọn 4, Môn tự chọn 6, Giáo dục quốc phòng - An ninh, Môn tự chọn 11, Môn tự chọn 12, Tư tưởng Hồ Chí Minh, Triết học Mác-Lênin, Xác suất thống kê, Môn tự chọn 14, Môn tự chọn 2, Môn tự chọn 8, Môn tự chọn 17, Giải tích, Môn tự chọn 9, Giáo dục thể chất, Môn tự chọn 1, Môn tự chọn 7, Môn tự chọn 16, Tư duy logic và giải quyết vấn đề, Môn tự chọn 15, Môn tự chọn 5, Môn tự chọn 10, Môn tự chọn 3, Môn tự chọn 13, Tin học cơ bản, Toán cao cấp","Học ngoại ngữ, Diễn thuyết"
SV10070,Sư phạm Lịch sử,8.1,"Lịch sử Việt Nam hiện đại, Tư duy logic và giải quyết vấn đề, Kỹ năng mềm, Tư tưởng Hồ Chí Minh, Phương pháp giảng dạy Lịch sử, Xác suất thống kê, Tiếng Anh chuyên ngành, Giáo dục quốc phòng - An ninh, Phân tích sự kiện lịch sử, Tin học cơ bản, Giáo dục thể chất, Giải tích, Lịch sử Việt Nam cổ đại, Lịch sử thế giới hiện đại, Môn tự chọn 1, Triết học Mác-Lênin, Dạy học lịch sử phổ thông, Lịch sử thế giới cổ đại, Lịch sử Đảng Cộng sản Việt Nam, Lịch sử văn hóa Việt Nam, Toán cao cấp",Làm video
SV10071,Marketing,9.2,"Tài chính quốc tế, Tư duy logic và giải quyết vấn đề, Kinh tế vi mô, Tiếng Anh chuyên ngành, Kế toán quản trị, Quản trị kinh doanh, Quản trị chiến lược, Thương mại điện tử, Xác suất thống kê, Quản trị nhân sự, Tài chính doanh nghiệp, Ngân hàng thương mại, Marketing cơ bản, Kế toán tài chính, Marketing số","Quản trị dự án, Marketing số"
SV10072,Kỹ thuật xây dựng,7.7,"Cầu và đường, Kết cấu thép, Kết cấu bê tông cốt thép, Quản lý dự án xây dựng, Tư duy logic và giải quyết vấn đề, Môn tự chọn 7, Môn tự chọn 1, Giáo dục thể chất, Kỹ thuật địa kỹ thuật, Tin học cơ bản, Xác suất thống kê, Vật liệu xây dựng, Giáo dục quốc phòng - An ninh, Môn tự chọn 6, Kỹ thuật xây dựng, Kỹ năng mềm, Giải tích, Kiến trúc cảnh quan, Môn tự chọn 4, Toán cao cấp, Thiết kế đô thị, Tiếng Anh chuyên ngành, Môn tự chọn 3, Môn tự chọn 2, Môn tự chọn 5, Tư tưởng Hồ Chí Minh, Cơ sở hạ tầng đô thị, Thiết kế kiến trúc nội thất, Triết học Mác-Lênin, Công trình ngầm","Trí tuệ nhân tạo, Thiết kế UI/UX, Cloud Computing"
SV10073,Quan hệ quốc tế,9.3,"Xử lý ngôn ngữ tự nhiên, An ninh mạng cơ bản, Kỹ năng mềm, Lập trình web nâng cao, Kiểm thử phần mềm, An toàn thông tin, Học máy, Cơ sở dữ liệu, Lập trình C/C++, Mạng máy tính, Hệ thống phân tán, Phát triển ứng dụng web, Toán cao cấp, Tin học cơ bản, Giáo dục quốc phòng - An ninh, Big Data và Hadoop, Cloud Computing - AWS/Azure, Trí tuệ nhân tạo, Hệ điều hành, Giáo dục thể chất, DevOps và CI/CD, Lập trình hướng đối tượng, Tư tưởng Hồ Chí Minh, Phát triển ứng dụng di động, Quản lý dự án CNTT, Phát triển phần mềm doanh nghiệp, Lập trình Java, Học sâu","Machine Learning, Cloud Computing, Phân tích dữ liệu, Phát triển ứng dụng di động, Lập trình"
SV10074,Kinh tế,5.1,"Tư tưởng Hồ Chí Minh, Giáo dục thể chất, Marketing số, Chuỗi cung ứng, Kinh tế vĩ mô, Toán cao cấp, Kế toán tài chính, Giáo dục quốc phòng - An ninh, Môn tự chọn 1, Quản trị kinh doanh, Giải tích, Ngân hàng thương mại, Xác suất thống kê, Thương mại điện tử, Môn tự chọn 3, Marketing cơ bản, Quản trị chiến lược, Tài chính doanh nghiệp, Tư duy logic và giải quyết vấn đề, Kinh tế quốc tế, Quản trị nhân sự, Tài chính quốc tế, Logistics, Kinh tế phát triển, Môn tự chọn 2, Tin học cơ bản, Kinh tế lượng, Kế toán quản trị, Kỹ năng mềm, Kinh tế vi mô, Triết học Mác-Lênin, Tiếng Anh chuyên ngành",Quản trị dự án
SV10075,Logistics và Quản lý chuỗi cung ứng,8.5,"Tiếng Anh chuyên ngành, Tin học cơ bản, Machine Learning với TensorFlow, Cấu trúc dữ liệu và Giải thuật, Tư tưởng Hồ Chí Minh, Quản lý dự án CNTT, Lập trình di động iOS/Android, Hệ thống nhúng, Tư duy logic và giải quyết vấn đề, Lập trình Python, Giáo dục quốc phòng - An ninh, Toán cao cấp, Thị giác máy tính, Lập trình C/C++, Internet of Things",Game Development
SV10076,Ngôn ngữ Hàn Quốc,7.8,"Ngữ âm học tiếng Hàn, Môn tự chọn 1, Triết học Mác-Lênin, Giáo dục quốc phòng - An ninh, Ngữ pháp tiếng Hàn, Môn tự chọn 3, Văn hóa Hàn Quốc, Môn tự chọn 5, Tin học cơ bản, Dịch Hàn-Việt, Hangeul, Kỹ năng nghe nói tiếng Hàn, K-pop và văn hóa đại chúng Hàn, Từ vựng tiếng Hàn, Môn tự chọn 7, Tiếng Hàn thương mại, Kỹ năng mềm, Lịch sử Hàn Quốc, Tư tưởng Hồ Chí Minh, Môn tự chọn 11, Giải tích, Tư duy logic và giải quyết vấn đề, Môn tự chọn 4, Môn tự chọn 2, Môn tự chọn 8, Môn tự chọn 6, Môn tự chọn 9, Môn tự chọn 10, Giáo dục thể chất, Xác suất thống kê, Toán cao cấp, Tiếng Anh chuyên ngành","Big Data, Cloud Computing, Fintech"
SV10077,Ngôn ngữ Nhật,7.4,"Giải tích, Tư tưởng Hồ Chí Minh, Tin học cơ bản, Kanji, Giáo dục thể chất, Văn hóa Nhật Bản, Dịch Nhật-Việt, Ngữ pháp tiếng Nhật, Giáo dục quốc phòng - An ninh, Hiragana & Katakana, Văn học Nhật Bản, Tiếng Anh chuyên ngành, Xác suất thống kê","Game Development, Thương mại điện tử, Marketing số, Âm nhạc, Ẩm thực"
SV10078,Thương mại điện tử,7.8,"Giáo dục quốc phòng - An ninh, Lập trình hướng đối tượng, Blockchain cơ bản, Triết học Mác-Lênin, Quản lý dự án CNTT, Cấu trúc dữ liệu và Giải thuật, Toán cao cấp, Hệ điều hành, Giáo dục thể chất, Tư tưởng Hồ Chí Minh, Cyber Security nâng cao, Phát triển phần mềm doanh nghiệp, Kỹ năng mềm, DevOps và CI/CD, Tin học cơ bản, Internet of Things, Học sâu, Xử lý ngôn ngữ tự nhiên, Phát triển game, Mật mã học, Thiết kế giao diện người dùng, Học máy, Kỹ thuật phần mềm nâng cao, Giải tích, Kiểm thử phần mềm, An ninh mạng cơ bản, Phát triển ứng dụng web, Xác suất thống kê","Thiết kế UI/UX, Cyber Security"
SV10079,Fintech,5.7,"Cloud Computing - AWS/Azure, Phát triển ứng dụng web, An ninh mạng cơ bản, Quản lý dự án CNTT, Xác suất thống kê, Phát triển phần mềm doanh nghiệp, Kỹ thuật phần mềm nâng cao, Tiếng Anh chuyên ngành, Lập trình Java, Big Data và Hadoop, Phân tích và thiết kế hệ thống, Blockchain cơ bản, Giải tích, Hệ thống phân tán, Toán cao cấp, Kỹ năng mềm, Phát triển ứng dụng di động, Trí tuệ nhân tạo, Xử lý ngôn ngữ tự nhiên, Thiết kế giao diện người dùng, Cơ sở dữ liệu, Lập trình C/C++, Machine Learning với TensorFlow, Tin học cơ bản, Tư duy logic và giải quyết vấn đề, Lập trình di động iOS/Android, Internet of Things, Hệ thống nhúng, Cyber Security nâng cao, Lập trình hướng đối tượng, Phát triển game, Giáo dục thể chất, Giáo dục quốc phòng - An ninh, Hệ điều hành, Thị giác máy tính, Mật mã học, Cấu trúc dữ liệu và Giải thuật, Lập trình web nâng cao","DevOps, Phát triển web, Học ngoại ngữ, Lập trình, Phân tích dữ liệu"
SV10080,Quan hệ quốc tế,7.5,"Phát triển ứng dụng di động, Lập trình Python, Machine Learning với TensorFlow, Big Data và Hadoop, Triết học Mác-Lênin, Kỹ năng mềm, Giáo dục quốc phòng - An ninh, Tư duy logic và giải quyết vấn đề, Cấu trúc dữ liệu và Giải thuật, An ninh mạng cơ bản, Thị giác máy tính, An toàn thông tin","Internet of Things, Big Data, Cyber Security"
SV10081,Công nghệ sinh học,8.1,"Tư duy logic và giải quyết vấn đề, Vật liệu sinh học, Toán cao cấp, Kỹ năng mềm, Thiết bị y tế, Công nghệ nano y sinh, Tiếng Anh chuyên ngành, Kỹ thuật tế bào, Triết học Mác-Lênin, Công nghệ sinh học ứng dụng, Tin học cơ bản, Giáo dục thể chất","DevOps, Robot học, Quản trị dự án, Thiết kế UI/UX, Phân tích dữ liệu"
SV10082,Thương mại điện tử,9.2,"Lập trình Python, Phát triển ứng dụng di động, Thị giác máy tính, Kỹ thuật phần mềm nâng cao, Lập trình hướng đối tượng, Trí tuệ nhân tạo, Cloud Computing - AWS/Azure, Phát triển phần mềm doanh nghiệp, Giáo dục thể chất, Blockchain cơ bản, Machine Learning với TensorFlow, Hệ điều hành, Mạng máy tính, Tin học cơ bản, Big Data và Hadoop, Phát triển ứng dụng web, Kỹ năng mềm, Phát triển game, Cyber Security nâng cao, Mật mã học, Phân tích và thiết kế hệ thống, Học sâu, DevOps và CI/CD, Học máy","Big Data, Robot học"
SV10083,Trí tuệ nhân tạo và Học máy,7.2,"Tin học cơ bản, Giáo dục thể chất, Lập trình Java, Phát triển ứng dụng web, Xác suất thống kê, Kỹ năng mềm, Học sâu, Cyber Security nâng cao, Kỹ thuật phần mềm nâng cao, Thiết kế giao diện người dùng, Tiếng Anh chuyên ngành, Xử lý ngôn ngữ tự nhiên, Hệ thống nhúng, Phát triển ứng dụng di động, Triết học Mác-Lênin, Mật mã học, Cơ sở dữ liệu, Lập trình C/C++, Cấu trúc dữ liệu và Giải thuật, Quản lý dự án CNTT, Giải tích, Lập trình web nâng cao, Tư tưởng Hồ Chí Minh, Trí tuệ nhân tạo, Hệ điều hành, Tư duy logic và giải quyết vấn đề, An toàn thông tin, Toán cao cấp, Machine Learning với TensorFlow, Phát triển game, Học máy, Lập trình di động iOS/Android, Big Data và Hadoop, Phát triển phần mềm doanh nghiệp, Thị giác máy tính, Giáo dục quốc phòng - An ninh, Blockchain cơ bản","Internet of Things, Game Development, Lập trình"
SV10084,Điều dưỡng,6.9,"Bệnh học nội khoa, Hóa sinh y học, Giải phẫu học, Toán cao cấp, Dược lý lâm sàng, Giáo dục quốc phòng - An ninh, Bệnh học ngoại khoa, Miễn dịch học, Y học dự phòng, Giải tích, Giáo dục thể chất, Tin học cơ bản, Y học cổ truyền, Dược lâm sàng, Triết học Mác-Lênin, Bệnh học truyền nhiễm, Vi sinh y học, Tư duy logic và giải quyết vấn đề, Dinh dưỡng học, Tiếng Anh chuyên ngành, Dược lý học, Kỹ năng mềm, Sinh lý học, Xác suất thống kê, Tư tưởng Hồ Chí Minh","Game Development, Âm nhạc, Thương mại điện tử, Đọc sách, Du lịch khám phá"
SV10085,Kiến trúc,7.2,"Giải tích, Giáo dục quốc phòng - An ninh, Kỹ thuật xây dựng, Kỹ năng mềm, Cơ sở hạ tầng đô thị, Tiếng Anh chuyên ngành, Tư duy logic và giải quyết vấn đề, Kết cấu thép, Công trình ngầm, Kỹ thuật địa kỹ thuật, Thiết kế kiến trúc nội thất, Vật liệu xây dựng, Giáo dục thể chất, Cầu và đường, Kết cấu bê tông cốt thép, Toán cao cấp, Tư tưởng Hồ Chí Minh, Triết học Mác-Lênin","Cyber Security, Quản trị dự án, Thiết kế UI/UX"
SV10086,Âm nhạc học,8.6,"Tư duy logic và giải quyết vấn đề, Kỹ năng mềm, Soạn nhạc cơ bản, Môn tự chọn 7, Môn tự chọn 1, Lịch sử âm nhạc, Môn tự chọn 9, Môn tự chọn 3, Giáo dục quốc phòng - An ninh, Âm nhạc cổ điển phương Tây, Môn tự chọn 8, Phân tích tác phẩm âm nhạc, Kỹ thuật thanh nhạc, Giáo dục thể chất, Hòa âm, Giải tích, Toán cao cấp, Môn tự chọn 12, Môn tự chọn 6, Môn tự chọn 4, Âm nhạc dân gian Việt Nam, Tư tưởng Hồ Chí Minh, Biểu diễn nhạc cụ, Âm nhạc hiện đại, Môn tự chọn 2, Môn tự chọn 10, Tiếng Anh chuyên ngành, Triết học Mác-Lênin, Âm nhạc lý thuyết, Xác suất thống kê, Môn tự chọn 5, Môn tự chọn 11, Tin học cơ bản",Thiền
SV10087,Kỹ thuật cơ khí,8,"Giáo dục quốc phòng - An ninh, Thiết kế CAD/CAM, Môn tự chọn 1, Tin học cơ bản, Kỹ năng mềm, Kỹ thuật sản xuất, Môn tự chọn 4, Kỹ thuật hàn, Môn tự chọn 3, Kỹ thuật nhiệt, Thiết kế máy, Cơ điện tử, Xác suất thống kê, Giáo dục thể chất, Cơ học kỹ thuật, Robot công nghiệp, Tư tưởng Hồ Chí Minh, Triết học Mác-Lênin, Cơ khí chế tạo, Toán cao cấp, Kỹ thuật gia công, Giải tích, Sản xuất tự động, Động lực học máy, Cơ khí chính xác, Môn tự chọn 2, Tư duy logic và giải quyết vấn đề, Cơ học vật liệu, Tiếng Anh chuyên ngành","Khoa học dữ liệu, Thiết kế UI/UX, Machine Learning"
SV10088,Thương mại điện tử,7.2,"Blockchain cơ bản, Lập trình C/C++, Tin học cơ bản, Triết học Mác-Lênin, DevOps và CI/CD, Kiểm thử phần mềm, Lập trình web nâng cao, Kỹ thuật phần mềm nâng cao, Giáo dục thể chất, Xử lý ngôn ngữ tự nhiên, Internet of Things, Học sâu, Giải tích, Trí tuệ nhân tạo, Cơ sở dữ liệu, Lập trình di động iOS/Android, Phát triển ứng dụng di động, Học máy, Hệ thống nhúng, Mạng máy tính, Xác suất thống kê, Mật mã học",Lập trình
SV10089,Kinh tế số,8.2,"Quản trị chiến lược, Ngân hàng thương mại, Tin học cơ bản, Tư duy logic và giải quyết vấn đề, Kinh tế quốc tế, Triết học Mác-Lênin, Toán cao cấp, Marketing số, Kế toán tài chính, Tài chính doanh nghiệp, Kinh tế phát triển, Giáo dục quốc phòng - An ninh, Tài chính quốc tế, Quản trị kinh doanh, Tiếng Anh chuyên ngành, Chuỗi cung ứng, Logistics, Giáo dục thể chất, Kế toán quản trị, Quản trị nhân sự, Tư tưởng Hồ Chí Minh, Kinh tế lượng, Marketing cơ bản, Kỹ năng mềm, Giải tích, Thương mại điện tử, Kinh tế vĩ mô","Quản trị dự án, Thương mại điện tử"
SV10090,Ngôn ngữ Trung Quốc,7.8,"Tin học cơ bản, Môn tự chọn 14, Ngữ pháp tiếng Trung, Kỹ năng mềm, Môn tự chọn 3, Dịch Trung-Việt, Môn tự chọn 1, Tư duy logic và giải quyết vấn đề, Toán cao cấp, Môn tự chọn 11, Giáo dục quốc phòng - An ninh, Hán ngữ hiện đại, Môn tự chọn 10, Môn tự chọn 4, Môn tự chọn 7, Hán tự học, Môn tự chọn 2, Xác suất thống kê, Giải tích, Tiếng Anh chuyên ngành, Văn học cổ điển Trung Quốc, Tư tưởng Hồ Chí Minh, Tiếng Trung thương mại, Ngữ âm học tiếng Trung, Giáo dục thể chất, Môn tự chọn 6, Môn tự chọn 8, Triết học Mác-Lênin, Tiếng Trung kinh tế, Môn tự chọn 13, Môn tự chọn 9, Văn hóa Trung Quốc, Môn tự chọn 5, Môn tự chọn 15, Môn tự chọn 12, Kỹ năng nghe nói tiếng Trung","Cloud Computing, Phân tích dữ liệu, Big Data"
SV10091,Ngôn ngữ Anh,8.7,"Tiếng Anh thương mại, Triết học Mác-Lênin, Giáo dục thể chất, Kỹ năng đọc hiểu tiếng Anh, Ngữ pháp tiếng Anh nâng cao, Tiếng Anh học thuật, Tiếng Anh chuyên ngành, Phiên dịch hội nghị, Toán cao cấp, Văn học Anh, Kỹ năng mềm, Dịch Anh-Việt, Tiếng Anh chuyên ngành pháp lý, Kỹ năng nghe tiếng Anh, Văn hóa Anh-Mỹ, Tin học cơ bản, Tư tưởng Hồ Chí Minh, Tư duy logic và giải quyết vấn đề, Xác suất thống kê, Giáo dục quốc phòng - An ninh, Tiếng Anh báo chí","Thiền, Trí tuệ nhân tạo, Marketing số"
SV10092,Răng - Hàm - Mặt,7,"Môn tự chọn 2, Y học cổ truyền, Giáo dục quốc phòng - An ninh, Bệnh học nội khoa, Môn tự chọn 5, Môn tự chọn 4, Hóa sinh y học, Tin học cơ bản, Vi sinh y học, Tư tưởng Hồ Chí Minh, Bệnh học truyền nhiễm, Kỹ năng mềm, Bệnh học ngoại khoa, Môn tự chọn 7, Môn tự chọn 1, Môn tự chọn 3, Giáo dục thể chất, Miễn dịch học, Dược lý lâm sàng, Xác suất thống kê, Dược lâm sàng, Y học dự phòng, Dược lý học, Dinh dưỡng học, Giải tích, Giải phẫu học, Triết học Mác-Lênin, Toán cao cấp, Môn tự chọn 6, Tư duy logic và giải quyết vấn đề, Sinh lý học, Tiếng Anh chuyên ngành","Yoga, Du lịch khám phá, Game Development"
SV10093,Báo chí,7.4,"Hệ thống phân tán, Kỹ thuật phần mềm nâng cao, Lập trình C/C++, Lập trình di động iOS/Android, Hệ điều hành, Lập trình web nâng cao, Giải tích, Giáo dục quốc phòng - An ninh, Giáo dục thể chất, Cloud Computing - AWS/Azure, Phát triển ứng dụng di động, An toàn thông tin, Mạng máy tính, Cơ sở dữ liệu, Internet of Things, Lập trình Python, Kiểm thử phần mềm, Phát triển phần mềm doanh nghiệp, Phát triển ứng dụng web, Mật mã học, Xác suất thống kê, Machine Learning với TensorFlow, Phát triển game, Tư tưởng Hồ Chí Minh, Xử lý ngôn ngữ tự nhiên, Triết học Mác-Lênin, Học sâu, Lập trình Java, Thị giác máy tính, Hệ thống nhúng, Toán cao cấp, Thiết kế giao diện người dùng, Học máy, Phân tích và thiết kế hệ thống, Blockchain cơ bản, Kỹ năng mềm, Lập trình hướng đối tượng","Phát triển web, Phân tích dữ liệu, Robot học, Cloud Computing"
SV10094,Y khoa,7.3,"Giáo dục thể chất, Giáo dục quốc phòng - An ninh, Tiếng Anh chuyên ngành, Kỹ năng mềm, Miễn dịch học, Y học dự phòng, Toán cao cấp, Sinh lý học, Y học cổ truyền, Tư duy logic và giải quyết vấn đề, Tư tưởng Hồ Chí Minh, Giải tích, Dược lâm sàng, Dược lý lâm sàng, Bệnh học ngoại khoa, Tin học cơ bản, Triết học Mác-Lênin, Dược lý học, Xác suất thống kê, Bệnh học nội khoa, Môn tự chọn 2, Dinh dưỡng học, Hóa sinh y học, Bệnh học truyền nhiễm, Giải phẫu học, Vi sinh y học, Môn tự chọn 1","Học ngoại ngữ, Khiêu vũ, Machine Learning, Thương mại điện tử"
SV10095,Kiến trúc,6.2,"Kỹ thuật địa kỹ thuật, Tin học cơ bản, Triết học Mác-Lênin, Xác suất thống kê, Cầu và đường, Kỹ năng mềm, Thiết kế đô thị, Kết cấu bê tông cốt thép, Kiến trúc cảnh quan, Vật liệu xây dựng, Toán cao cấp","Thiết kế UI/UX, Game Development, Phát triển web, Big Data"
SV10096,Ngôn ngữ Anh,8,"Phiên dịch hội nghị, Ngữ âm học tiếng Anh, Tiếng Anh chuyên ngành, Dịch Anh-Việt, Tiếng Anh báo chí, Giáo dục thể chất, Kỹ năng viết tiếng Anh, Tiếng Anh thương mại, Kỹ năng nghe tiếng Anh, Tiếng Anh học thuật, Triết học Mác-Lênin, Văn học Anh, Kỹ năng mềm, Xác suất thống kê, Tư duy logic và giải quyết vấn đề","Cloud Computing, Blockchain, Thương mại điện tử"
SV10097,Kỹ thuật hóa học,8,"Môn tự chọn 13, Môn tự chọn 10, Giáo dục thể chất, Môn tự chọn 1, Kỹ thuật polymer, Xử lý chất thải rắn, Giáo dục quốc phòng - An ninh, Kỹ thuật hóa học, Môn tự chọn 7, Môn tự chọn 4, Môn tự chọn 12, Môn tự chọn 8, Môn tự chọn 11, Triết học Mác-Lênin, Tin học cơ bản, Kỹ thuật môi trường, Xử lý nước thải, Tư tưởng Hồ Chí Minh, Xác suất thống kê, Môn tự chọn 6, Môn tự chọn 14, Kỹ năng mềm, Môn tự chọn 2, Hóa phân tích môi trường, Môn tự chọn 3, Toán cao cấp, Hóa học công nghiệp, Tư duy logic và giải quyết vấn đề, Môn tự chọn 9, Ô nhiễm không khí, Môn tự chọn 5, Giải tích, Tiếng Anh chuyên ngành, Kỹ thuật phản ứng hóa học, Kỹ thuật nhiệt hóa học, Công nghệ xử lý nước","Game Development, Phân tích dữ liệu"
SV10098,Quan hệ quốc tế,7.7,"Mật mã học, Giải tích, Kỹ năng mềm, Hệ điều hành, Giáo dục thể chất, Giáo dục quốc phòng - An ninh, Cloud Computing - AWS/Azure, Lập trình web nâng cao, Phát triển ứng dụng di động, Hệ thống phân tán, Tư tưởng Hồ Chí Minh, Phát triển ứng dụng web, Thiết kế giao diện người dùng, An ninh mạng cơ bản, Big Data và Hadoop, Học máy, Lập trình hướng đối tượng, Internet of Things, Toán cao cấp, Phân tích và thiết kế hệ thống, Lập trình Python","Cyber Security, Game Development"
SV10099,Marketing,7.5,"Giáo dục quốc phòng - An ninh, Kinh tế lượng, Xác suất thống kê, Kế toán tài chính, Chuỗi cung ứng, Tài chính doanh nghiệp, Marketing số, Thương mại điện tử, Tiếng Anh chuyên ngành, Ngân hàng thương mại, Tư tưởng Hồ Chí Minh, Kế toán quản trị, Quản trị chiến lược, Toán cao cấp, Quản trị nhân sự, Giáo dục thể chất","Fintech, Khởi nghiệp, Quản trị dự án, Bán hàng"
SV10100,Kỹ thuật máy tính,6.3,"Truyền thông quang, Giáo dục quốc phòng - An ninh, Kỹ thuật vi mạch, Điện tử công suất, Hệ thống điện tử nhúng, Truyền thông số, Điện tử số, Điện tử năng lượng, Anten và sóng điện từ, Điện tử viễn thông, Giáo dục thể chất, Điện tử cơ bản, Mạng viễn thông, Tư duy logic và giải quyết vấn đề, Xác suất thống kê, Tin học cơ bản, Hệ thống nhúng nâng cao, Mạng không dây, Xử lý tín hiệu số, Truyền thông vô tuyến, Toán cao cấp","Lập trình, Khoa học dữ liệu, Big Data, Machine Learning"
SV10101,Kỹ thuật xây dựng,7.3,"Tư tưởng Hồ Chí Minh, Giải tích, Tin học cơ bản, Giáo dục quốc phòng - An ninh, Kết cấu thép, Thiết kế đô thị, Toán cao cấp, Kỹ thuật xây dựng, Vật liệu xây dựng, Thiết kế kiến trúc nội thất, Kỹ thuật địa kỹ thuật, Kiến trúc cảnh quan, Triết học Mác-Lênin, Xác suất thống kê, Cơ sở hạ tầng đô thị, Kết cấu bê tông cốt thép, Kỹ năng mềm, Cầu và đường","Khoa học dữ liệu, Game Development, Big Data, Phát triển ứng dụng di động"
SV10102,Điều dưỡng,7.4,"Bệnh học nội khoa, Tiếng Anh chuyên ngành, Y học dự phòng, Toán cao cấp, Triết học Mác-Lênin, Tư tưởng Hồ Chí Minh, Môn tự chọn 2, Kỹ năng mềm, Bệnh học truyền nhiễm, Xác suất thống kê, Sinh lý học, Giáo dục thể chất, Giải phẫu học, Tư duy logic và giải quyết vấn đề, Giáo dục quốc phòng - An ninh, Dược lý học, Tin học cơ bản, Vi sinh y học, Miễn dịch học, Dinh dưỡng học, Môn tự chọn 1, Môn tự chọn 4, Hóa sinh y học, Môn tự chọn 3, Y học cổ truyền, Bệnh học ngoại khoa, Dược lâm sàng, Giải tích, Dược lý lâm sàng","Trí tuệ nhân tạo, Machine Learning, Fintech"
SV10103,An ninh mạng,6.9,"Giáo dục thể chất, Cloud Computing - AWS/Azure, Lập trình di động iOS/Android, Phát triển phần mềm doanh nghiệp, Học máy, Cấu trúc dữ liệu và Giải thuật, Cyber Security nâng cao, Blockchain cơ bản, Hệ thống phân tán, Phát triển ứng dụng web, Tin học cơ bản, Kiểm thử phần mềm, An ninh mạng cơ bản, Tư duy logic và giải quyết vấn đề, Lập trình web nâng cao","DevOps, Lập trình, Internet of Things, Phân tích dữ liệu, Cyber Security"
SV10104,Ngôn ngữ Trung Quốc,7.5,"Hán ngữ hiện đại, Môn tự chọn 2, Tiếng Trung kinh tế, Dịch Trung-Việt, Ngữ âm học tiếng Trung, Môn tự chọn 11, Môn tự chọn 12, Môn tự chọn 6, Môn tự chọn 9, Giáo dục quốc phòng - An ninh, Môn tự chọn 4, Môn tự chọn 5, Môn tự chọn 7, Tiếng Anh chuyên ngành, Xác suất thống kê, Tư tưởng Hồ Chí Minh, Tiếng Trung thương mại, Môn tự chọn 8, Kỹ năng mềm, Kỹ năng nghe nói tiếng Trung, Tư duy logic và giải quyết vấn đề, Văn hóa Trung Quốc, Tin học cơ bản, Văn học cổ điển Trung Quốc, Môn tự chọn 3, Triết học Mác-Lênin, Hán tự học, Ngữ pháp tiếng Trung, Giáo dục thể chất, Môn tự chọn 1, Giải tích, Môn tự chọn 10, Toán cao cấp, Môn tự chọn 13",Quản trị dự án
SV10105,Quản trị khách sạn,8.1,"Chuỗi cung ứng, Marketing số, Thương mại điện tử, Quản trị chiến lược, Kế toán quản trị, Triết học Mác-Lênin, Giáo dục quốc phòng - An ninh, Môn tự chọn 1, Tư duy logic và giải quyết vấn đề, Kỹ năng mềm, Tài chính doanh nghiệp, Kinh tế phát triển, Toán cao cấp, Tiếng Anh chuyên ngành, Kinh tế vi mô, Xác suất thống kê, Môn tự chọn 2, Kinh tế quốc tế, Quản trị nhân sự, Tin học cơ bản, Môn tự chọn 3, Ngân hàng thương mại, Logistics, Tài chính quốc tế, Kinh tế vĩ mô, Kinh tế lượng, Tư tưởng Hồ Chí Minh, Giáo dục thể chất, Quản trị kinh doanh, Kế toán tài chính, Marketing cơ bản, Giải tích","Fintech, Khởi nghiệp, Marketing số, Bán hàng, Chơi nhạc cụ"
SV10106,Y khoa,9.6,"Dược lý học, Tư tưởng Hồ Chí Minh, Tin học cơ bản, Y học cổ truyền, Bệnh học nội khoa, Triết học Mác-Lênin, Dược lý lâm sàng, Miễn dịch học, Hóa sinh y học, Giáo dục quốc phòng - An ninh, Vi sinh y học, Tiếng Anh chuyên ngành, Giáo dục thể chất, Toán cao cấp","Bán hàng, Kể chuyện"
SV10107,Công nghệ thông tin,7.9,"Machine Learning với TensorFlow, Phát triển phần mềm doanh nghiệp, Tư tưởng Hồ Chí Minh, Cyber Security nâng cao, Phân tích và thiết kế hệ thống, Xác suất thống kê, Toán cao cấp, Tiếng Anh chuyên ngành, Lập trình Java, Mạng máy tính, Phát triển game, An ninh mạng cơ bản, Lập trình C/C++, Tin học cơ bản, DevOps và CI/CD, Phát triển ứng dụng web, Lập trình di động iOS/Android, Thiết kế giao diện người dùng, Giải tích, Lập trình Python, Lập trình hướng đối tượng, Kỹ năng mềm, Lập trình web nâng cao, Xử lý ngôn ngữ tự nhiên, Tư duy logic và giải quyết vấn đề, Thị giác máy tính, Học sâu, Phát triển ứng dụng di động, Kiểm thử phần mềm, Blockchain cơ bản, Giáo dục quốc phòng - An ninh, Hệ điều hành, Hệ thống phân tán, Cơ sở dữ liệu, Big Data và Hadoop, Cloud Computing - AWS/Azure, Cấu trúc dữ liệu và Giải thuật, Trí tuệ nhân tạo, Hệ thống nhúng","Phát triển web, Phát triển ứng dụng di động, Lập trình"
SV10108,Khoa học máy tính,8,"Phát triển game, Trí tuệ nhân tạo, Học máy, Toán cao cấp, Thiết kế giao diện người dùng, Cyber Security nâng cao, Lập trình Python, Cơ sở dữ liệu, Phân tích và thiết kế hệ thống, Học sâu, Lập trình hướng đối tượng, Mạng máy tính, Tư duy logic và giải quyết vấn đề, Phát triển ứng dụng di động, An toàn thông tin, Quản lý dự án CNTT, Hệ điều hành, Triết học Mác-Lênin, Kiểm thử phần mềm, Xác suất thống kê, Giải tích, Hệ thống phân tán, Lập trình C/C++, An ninh mạng cơ bản, Phát triển ứng dụng web, Blockchain cơ bản, Tư tưởng Hồ Chí Minh, Cloud Computing - AWS/Azure, Lập trình web nâng cao, Phát triển phần mềm doanh nghiệp, Tiếng Anh chuyên ngành, Tin học cơ bản, Hệ thống nhúng, Machine Learning với TensorFlow","Phát triển ứng dụng di động, Cyber Security, Robot học, Cloud Computing"
SV10109,Quản trị khách sạn,7.6,"Logistics, Quản trị nhân sự, Thương mại điện tử, Kinh tế lượng, Kinh tế vĩ mô, Marketing cơ bản, Toán cao cấp, Giáo dục quốc phòng - An ninh, Xác suất thống kê, Quản trị chiến lược, Kinh tế vi mô, Chuỗi cung ứng, Giải tích, Ngân hàng thương mại, Kinh tế phát triển, Tư duy logic và giải quyết vấn đề, Quản trị kinh doanh, Tư tưởng Hồ Chí Minh, Kế toán quản trị, Kế toán tài chính, Marketing số, Giáo dục thể chất, Tài chính doanh nghiệp, Tiếng Anh chuyên ngành, Kinh tế quốc tế, Triết học Mác-Lênin, Kỹ năng mềm, Tin học cơ bản",Kinh doanh quốc tế
SV10110,Thiết kế đồ họa,5.8,"Môn tự chọn 13, Môn tự chọn 26, Môn tự chọn 15, Môn tự chọn 4, Tiếng Anh chuyên ngành, Giáo dục quốc phòng - An ninh, Môn tự chọn 16, Môn tự chọn 1, Môn tự chọn 10, Tư tưởng Hồ Chí Minh, Môn tự chọn 7, Môn tự chọn 5, Môn tự chọn 17, Giáo dục thể chất, Kỹ năng mềm, Môn tự chọn 9, Môn tự chọn 14, Xác suất thống kê, Môn tự chọn 21, Môn tự chọn 19, Giải tích, Triết học Mác-Lênin, Toán cao cấp, Môn tự chọn 25, Môn tự chọn 18, Môn tự chọn 8, Môn tự chọn 2, Tư duy logic và giải quyết vấn đề, Môn tự chọn 11, Môn tự chọn 22, Môn tự chọn 12, Tin học cơ bản, Môn tự chọn 20, Môn tự chọn 6, Môn tự chọn 23, Môn tự chọn 24, Môn tự chọn 3","Diễn thuyết, Học ngoại ngữ, Âm nhạc, Yoga"
SV10111,Kỹ thuật phần mềm,7.7,"Cấu trúc dữ liệu và Giải thuật, Lập trình Python, Hệ điều hành, Lập trình C/C++, Phát triển ứng dụng web, Học máy, Big Data và Hadoop, Xử lý ngôn ngữ tự nhiên, Phát triển game, Lập trình di động iOS/Android, Quản lý dự án CNTT, Kỹ thuật phần mềm nâng cao, Cyber Security nâng cao, Giải tích, Cloud Computing - AWS/Azure, Lập trình hướng đối tượng, Xác suất thống kê","Thiết kế UI/UX, Phân tích dữ liệu, Big Data"
SV10112,Truyền thông đa phương tiện,7.8,"Triết học Mác-Lênin, Cơ sở dữ liệu, Trí tuệ nhân tạo, Tiếng Anh chuyên ngành, Xử lý ngôn ngữ tự nhiên, Toán cao cấp, Kiểm thử phần mềm, Blockchain cơ bản, Phát triển phần mềm doanh nghiệp, Hệ thống phân tán, Giáo dục thể chất, Quản lý dự án CNTT, Lập trình hướng đối tượng, Machine Learning với TensorFlow","Trí tuệ nhân tạo, Machine Learning, Phát triển web, Phát triển ứng dụng di động, Robot học"
SV10113,Răng - Hàm - Mặt,10,"Xác suất thống kê, Hóa sinh y học, Vi sinh y học, Môn tự chọn 2, Tư duy logic và giải quyết vấn đề, Dược lý học, Bệnh học ngoại khoa, Giải tích, Môn tự chọn 1, Kỹ năng mềm, Giáo dục quốc phòng - An ninh, Bệnh học truyền nhiễm, Y học cổ truyền, Dược lâm sàng, Tiếng Anh chuyên ngành, Y học dự phòng, Tin học cơ bản, Miễn dịch học, Sinh lý học, Dinh dưỡng học, Giải phẫu học, Bệnh học nội khoa, Tư tưởng Hồ Chí Minh, Môn tự chọn 3, Dược lý lâm sàng, Giáo dục thể chất, Toán cao cấp, Triết học Mác-Lênin","Diễn thuyết, Thiết kế UI/UX, Thương mại điện tử, Fintech, Học ngoại ngữ"
SV10114,Sư phạm Toán,7.5,"Giáo dục thể chất, Kỹ năng mềm, Bài tập toán nâng cao, Phương pháp giảng dạy Toán, Tư duy logic và giải quyết vấn đề, Tiếng Anh chuyên ngành, Giáo dục quốc phòng - An ninh, Đại số tuyến tính, Triết học Mác-Lênin, Giải tích, Toán rời rạc, Dạy học toán phổ thông, Xác suất thống kê, Hình học giải tích, Tin học cơ bản, Toán cao cấp, Lý thuyết số, Toán học sơ cấp, Tư tưởng Hồ Chí Minh",Kể chuyện
SV10115,Trí tuệ nhân tạo và Học máy,8,"Xác suất thống kê, Internet of Things, Blockchain cơ bản, Thị giác máy tính, An toàn thông tin, Cyber Security nâng cao, Toán cao cấp, Tiếng Anh chuyên ngành, Tư tưởng Hồ Chí Minh, Kiểm thử phần mềm, Machine Learning với TensorFlow, Kỹ thuật phần mềm nâng cao, Phân tích và thiết kế hệ thống, Học máy, Cloud Computing - AWS/Azure, Lập trình hướng đối tượng, Giáo dục quốc phòng - An ninh, An ninh mạng cơ bản, Cấu trúc dữ liệu và Giải thuật, Kỹ năng mềm, Giáo dục thể chất, Học sâu, Thiết kế giao diện người dùng, Big Data và Hadoop, Tin học cơ bản, Quản lý dự án CNTT","Machine Learning, Thiền, DevOps"
SV10116,Kỹ thuật phần mềm,7.7,"Lập trình Java, Mạng máy tính, Lập trình hướng đối tượng, Hệ thống phân tán, Phát triển phần mềm doanh nghiệp, Phát triển ứng dụng web, Tin học cơ bản, Cơ sở dữ liệu, Big Data và Hadoop, Thiết kế giao diện người dùng, Kỹ năng mềm, Tư tưởng Hồ Chí Minh, Cấu trúc dữ liệu và Giải thuật, Internet of Things, Toán cao cấp, DevOps và CI/CD, Quản lý dự án CNTT, Học sâu, Xử lý ngôn ngữ tự nhiên, Phát triển game, Kiểm thử phần mềm, Kỹ thuật phần mềm nâng cao, Hệ điều hành, Tiếng Anh chuyên ngành, Học máy, Hệ thống nhúng, Phát triển ứng dụng di động, Machine Learning với TensorFlow, An ninh mạng cơ bản, Cyber Security nâng cao, Tư duy logic và giải quyết vấn đề","Trí tuệ nhân tạo, Lập trình, Cloud Computing"
SV10117,Kỹ thuật điện tử - Viễn thông,6.5,"Truyền thông quang, Giáo dục thể chất, Anten và sóng điện từ, Hệ thống nhúng nâng cao, Điện tử viễn thông, Toán cao cấp, Đo lường điện tử, Môn tự chọn 5, Tiếng Anh chuyên ngành, Truyền thông số, Môn tự chọn 2, Tin học cơ bản, Giải tích, Môn tự chọn 6, Điện tử số, Truyền thông vô tuyến, Hệ thống điện tử nhúng, Điện tử năng lượng, Tư duy logic và giải quyết vấn đề, Xử lý tín hiệu số, Xác suất thống kê, Hệ thống điều khiển tự động, Kỹ thuật vi mạch, Điện tử cơ bản, Kỹ năng mềm, Giáo dục quốc phòng - An ninh, Tư tưởng Hồ Chí Minh, Mạng không dây, Mạng viễn thông, Môn tự chọn 3, Môn tự chọn 1, Môn tự chọn 4, Điện tử công suất, Kỹ thuật radar, Triết học Mác-Lênin","Phân tích dữ liệu, Cloud Computing, Blockchain"
SV10118,Âm nhạc học,8.8,"Tư tưởng Hồ Chí Minh, Tiếng Anh chuyên ngành, Âm nhạc hiện đại, Âm nhạc lý thuyết, Tư duy logic và giải quyết vấn đề, Giáo dục quốc phòng - An ninh, Soạn nhạc cơ bản, Môn tự chọn 2, Kỹ năng mềm, Môn tự chọn 7, Xác suất thống kê, Tin học cơ bản, Toán cao cấp, Triết học Mác-Lênin, Giáo dục thể chất, Âm nhạc cổ điển phương Tây, Môn tự chọn 3, Môn tự chọn 1, Giải tích, Môn tự chọn 4, Môn tự chọn 6, Kỹ thuật thanh nhạc, Biểu diễn nhạc cụ, Âm nhạc dân gian Việt Nam, Môn tự chọn 8, Lịch sử âm nhạc, Môn tự chọn 5, Phân tích tác phẩm âm nhạc, Hòa âm","Diễn thuyết, Kể chuyện"
SV10119,Hệ thống thông tin,8.5,"Tin học cơ bản, Lập trình Java, Xử lý ngôn ngữ tự nhiên, Học máy, Mật mã học, Cơ sở dữ liệu, Mạng máy tính, Cloud Computing - AWS/Azure, Lập trình web nâng cao, Phân tích và thiết kế hệ thống, An toàn thông tin, Cấu trúc dữ liệu và Giải thuật, Hệ thống phân tán, Tư tưởng Hồ Chí Minh, Hệ thống nhúng, Lập trình di động iOS/Android, Blockchain cơ bản, Giáo dục thể chất, Hệ điều hành, Big Data và Hadoop, Phát triển phần mềm doanh nghiệp, Tư duy logic và giải quyết vấn đề, Lập trình Python, Phát triển ứng dụng web, DevOps và CI/CD, Toán cao cấp","Robot học, Machine Learning"
SV10120,Kỹ thuật điện,8.5,"Truyền thông số, Xác suất thống kê, Truyền thông vô tuyến, Điện tử năng lượng, Triết học Mác-Lênin, Hệ thống điều khiển tự động, Điện tử viễn thông, Tin học cơ bản, Mạng không dây, Giải tích, Hệ thống nhúng nâng cao, Truyền thông quang, Điện tử cơ bản, Mạng viễn thông, Toán cao cấp, Tư duy logic và giải quyết vấn đề, Hệ thống điện tử nhúng, Giáo dục quốc phòng - An ninh, Đo lường điện tử, Điện tử số, Tư tưởng Hồ Chí Minh","Trí tuệ nhân tạo, Cloud Computing, Game Development, Phát triển ứng dụng di động"
SV10121,Ngôn ngữ Hàn Quốc,6.8,"Tư duy logic và giải quyết vấn đề, Ngữ âm học tiếng Hàn, Giáo dục quốc phòng - An ninh, Dịch Hàn-Việt, Từ vựng tiếng Hàn, Toán cao cấp, Lịch sử Hàn Quốc, Giải tích, Tiếng Hàn thương mại, Văn hóa Hàn Quốc, Kỹ năng mềm, Xác suất thống kê, Môn tự chọn 4, Tư tưởng Hồ Chí Minh, Tiếng Anh chuyên ngành, K-pop và văn hóa đại chúng Hàn, Ngữ pháp tiếng Hàn, Triết học Mác-Lênin, Môn tự chọn 5, Kỹ năng nghe nói tiếng Hàn, Hangeul, Tin học cơ bản, Môn tự chọn 2, Môn tự chọn 3, Giáo dục thể chất, Môn tự chọn 6, Môn tự chọn 1",Nhiếp ảnh
SV10122,Ngôn ngữ Nhật,9.1,"Tư duy logic và giải quyết vấn đề, Hiragana & Katakana, Kỹ năng mềm, Tiếng Nhật cho du lịch, Kanji, Tiếng Nhật kinh doanh, Toán cao cấp, Tiếng Anh chuyên ngành, Dịch Nhật-Việt, Văn hóa Nhật Bản, Giải tích, Kỹ năng nghe nói tiếng Nhật, Tin học cơ bản, Giáo dục thể chất, Ngữ pháp tiếng Nhật, Xác suất thống kê, Môn tự chọn 1, Ngữ âm học tiếng Nhật, Văn học Nhật Bản, Triết học Mác-Lênin, Tư tưởng Hồ Chí Minh, Giáo dục quốc phòng - An ninh","Yoga, Kinh doanh quốc tế, Khiêu vũ"
SV10123,Thương mại điện tử,6.3,"Tư duy logic và giải quyết vấn đề, Cyber Security nâng cao, Phân tích và thiết kế hệ thống, DevOps và CI/CD, Giáo dục quốc phòng - An ninh, Triết học Mác-Lênin, Mật mã học, Mạng máy tính, Hệ thống phân tán, Lập trình di động iOS/Android, Trí tuệ nhân tạo, Tư tưởng Hồ Chí Minh, Kiểm thử phần mềm, Lập trình Java","Thiết kế UI/UX, Khoa học dữ liệu, Diễn thuyết"
SV10124,Kỹ thuật môi trường,8.3,"Toán cao cấp, Công nghệ xử lý nước, Triết học Mác-Lênin, Hóa học công nghiệp, Kỹ thuật nhiệt hóa học, Môn tự chọn 2, Giáo dục quốc phòng - An ninh, Tư tưởng Hồ Chí Minh, Môn tự chọn 3, Tin học cơ bản, Kỹ thuật polymer, Môn tự chọn 4, Xác suất thống kê, Kỹ thuật hóa học, Xử lý nước thải, Xử lý chất thải rắn, Tiếng Anh chuyên ngành, Giáo dục thể chất, Hóa phân tích môi trường, Kỹ thuật phản ứng hóa học, Tư duy logic và giải quyết vấn đề, Môn tự chọn 1, Giải tích, Kỹ thuật môi trường, Ô nhiễm không khí, Kỹ năng mềm","Thiết kế UI/UX, Trí tuệ nhân tạo, Cyber Security, Blockchain"
SV10125,Kỹ thuật xây dựng,9.9,"Toán cao cấp, Tư duy logic và giải quyết vấn đề, Giáo dục quốc phòng - An ninh, Kỹ thuật xây dựng, Kiến trúc cảnh quan, Cầu và đường, Quản lý dự án xây dựng, Giáo dục thể chất, Triết học Mác-Lênin, Kỹ thuật địa kỹ thuật, Thiết kế kiến trúc nội thất, Kỹ năng mềm, Tiếng Anh chuyên ngành, Kết cấu thép, Vật liệu xây dựng, Kết cấu bê tông cốt thép, Thiết kế đô thị, Công trình ngầm, Cơ sở hạ tầng đô thị","Machine Learning, Internet of Things, Big Data, Blockchain"
SV10126,Blockchain và Tiền mã hóa,6.7,"Cấu trúc dữ liệu và Giải thuật, Cơ sở dữ liệu, Phát triển phần mềm doanh nghiệp, Tin học cơ bản, Xử lý ngôn ngữ tự nhiên, Thị giác máy tính, Phân tích và thiết kế hệ thống, Tiếng Anh chuyên ngành, Mạng máy tính, Kiểm thử phần mềm, Giải tích, DevOps và CI/CD, Big Data và Hadoop, Machine Learning với TensorFlow, Lập trình Java, Học máy, Hệ thống phân tán, An ninh mạng cơ bản, Lập trình Python, Phát triển ứng dụng web, Quản lý dự án CNTT, Lập trình hướng đối tượng, Kỹ năng mềm, Lập trình web nâng cao, Xác suất thống kê, Cyber Security nâng cao, Hệ thống nhúng, Triết học Mác-Lênin, Kỹ thuật phần mềm nâng cao, Internet of Things, Lập trình C/C++, Cloud Computing - AWS/Azure, Trí tuệ nhân tạo, Toán cao cấp, Lập trình di động iOS/Android, Mật mã học",Machine Learning
SV10127,Công nghệ đa phương tiện,7.1,"Internet of Things, Phân tích và thiết kế hệ thống, Phát triển ứng dụng web, Lập trình di động iOS/Android, Phát triển phần mềm doanh nghiệp, Lập trình web nâng cao, Học sâu, Quản lý dự án CNTT, Giáo dục thể chất, Mạng máy tính, Lập trình Python, DevOps và CI/CD, Kỹ năng mềm, Tư duy logic và giải quyết vấn đề, Hệ thống nhúng, Blockchain cơ bản, Giáo dục quốc phòng - An ninh, Hệ thống phân tán, An ninh mạng cơ bản, Machine Learning với TensorFlow, Hệ điều hành, Trí tuệ nhân tạo","Thiết kế UI/UX, Lập trình, Phát triển web, Khoa học dữ liệu, Trí tuệ nhân tạo"
SV10128,Thiết kế đồ họa,7.8,"Môn tự chọn 12, Môn tự chọn 18, Môn tự chọn 10, Xác suất thống kê, Môn tự chọn 15, Môn tự chọn 8, Môn tự chọn 6, Tư duy logic và giải quyết vấn đề, Tiếng Anh chuyên ngành, Toán cao cấp, Môn tự chọn 4, Môn tự chọn 11, Triết học Mác-Lênin, Tư tưởng Hồ Chí Minh, Môn tự chọn 9, Giáo dục quốc phòng - An ninh, Môn tự chọn 1, Môn tự chọn 16, Giáo dục thể chất, Môn tự chọn 19, Môn tự chọn 17, Tin học cơ bản, Giải tích, Môn tự chọn 7, Kỹ năng mềm, Môn tự chọn 14, Môn tự chọn 13, Môn tự chọn 2, Môn tự chọn 3, Môn tự chọn 5","Đọc sách, Nhiếp ảnh, Thiền, Du lịch khám phá"
SV10129,Kỹ thuật điện tử - Viễn thông,7.2,"Hệ thống điều khiển tự động, Tư tưởng Hồ Chí Minh, Kỹ thuật radar, Điện tử công suất, Hệ thống điện tử nhúng, Hệ thống nhúng nâng cao, Tin học cơ bản, Toán cao cấp, Điện tử số, Tiếng Anh chuyên ngành, Mạng viễn thông, Điện tử năng lượng, Giáo dục quốc phòng - An ninh, Đo lường điện tử, Kỹ thuật vi mạch, Xác suất thống kê, Truyền thông quang, Tư duy logic và giải quyết vấn đề, Kỹ năng mềm, Điện tử cơ bản, Truyền thông vô tuyến, Anten và sóng điện từ, Mạng không dây, Điện tử viễn thông","Cyber Security, Phát triển web"
SV10130,Điều dưỡng,6.1,"Dược lý lâm sàng, Dược lý học, Giáo dục thể chất, Dược lâm sàng, Tin học cơ bản, Hóa sinh y học, Tiếng Anh chuyên ngành, Sinh lý học, Xác suất thống kê, Tư tưởng Hồ Chí Minh, Toán cao cấp, Bệnh học nội khoa","Trí tuệ nhân tạo, DevOps"
SV10131,Blockchain và Tiền mã hóa,7.8,"Giáo dục thể chất, Học máy, Triết học Mác-Lênin, Lập trình C/C++, Mật mã học, Phát triển ứng dụng di động, Hệ thống nhúng, Tiếng Anh chuyên ngành, Phân tích và thiết kế hệ thống, Internet of Things, Quản lý dự án CNTT, Tư duy logic và giải quyết vấn đề, Thiết kế giao diện người dùng, Tin học cơ bản, Xác suất thống kê, Cyber Security nâng cao, Học sâu, Hệ điều hành, Phát triển game, An toàn thông tin, Tư tưởng Hồ Chí Minh, Lập trình di động iOS/Android, Hệ thống phân tán","Phát triển web, Game Development"
SV10132,Blockchain và Tiền mã hóa,6.6,"Phát triển phần mềm doanh nghiệp, Phân tích và thiết kế hệ thống, Kỹ năng mềm, Quản lý dự án CNTT, Lập trình hướng đối tượng, Phát triển ứng dụng di động, Xử lý ngôn ngữ tự nhiên, Kiểm thử phần mềm, Big Data và Hadoop, Phát triển ứng dụng web, Machine Learning với TensorFlow, Cyber Security nâng cao, Lập trình web nâng cao, Mạng máy tính, Hệ thống nhúng, Cấu trúc dữ liệu và Giải thuật, An ninh mạng cơ bản, Tin học cơ bản, Lập trình di động iOS/Android, Học sâu, Xác suất thống kê, Hệ thống phân tán, Toán cao cấp, Giáo dục thể chất, Thị giác máy tính, An toàn thông tin, Blockchain cơ bản","Phát triển web, Big Data, Robot học, Trí tuệ nhân tạo"
SV10133,Thiết kế đồ họa,8.2,"Giáo dục quốc phòng - An ninh, Triết học Mác-Lênin, Môn tự chọn 5, Tin học cơ bản, Môn tự chọn 4, Giáo dục thể chất, Toán cao cấp, Môn tự chọn 3, Xác suất thống kê, Môn tự chọn 2, Tư duy logic và giải quyết vấn đề, Môn tự chọn 1, Kỹ năng mềm, Tư tưởng Hồ Chí Minh, Tiếng Anh chuyên ngành, Giải tích","Khiêu vũ, Vẽ tranh, Kể chuyện"
SV10134,Dược học,6.8,"Dược lâm sàng, Dược lý lâm sàng, Giải phẫu học, Miễn dịch học, Giải tích, Kỹ năng mềm, Toán cao cấp, Tiếng Anh chuyên ngành, Sinh lý học, Giáo dục quốc phòng - An ninh, Xác suất thống kê, Bệnh học ngoại khoa, Tư duy logic và giải quyết vấn đề, Dinh dưỡng học, Triết học Mác-Lênin, Dược lý học, Bệnh học nội khoa, Vi sinh y học, Giáo dục thể chất, Bệnh học truyền nhiễm, Y học cổ truyền, Môn tự chọn 1, Y học dự phòng, Hóa sinh y học, Tin học cơ bản, Môn tự chọn 2, Tư tưởng Hồ Chí Minh","Quản trị dự án, Khởi nghiệp, Khoa học dữ liệu, Khoa học dữ liệu"
SV10135,Âm nhạc học,9.2,"Môn tự chọn 8, Phân tích tác phẩm âm nhạc, Toán cao cấp, Môn tự chọn 9, Giáo dục thể chất, Kỹ năng mềm, Môn tự chọn 1, Tư tưởng Hồ Chí Minh, Môn tự chọn 5, Môn tự chọn 10, Giải tích, Xác suất thống kê, Môn tự chọn 6, Soạn nhạc cơ bản, Môn tự chọn 12, Môn tự chọn 14, Môn tự chọn 13, Tư duy logic và giải quyết vấn đề, Tiếng Anh chuyên ngành, Âm nhạc dân gian Việt Nam, Môn tự chọn 11, Lịch sử âm nhạc, Môn tự chọn 2, Biểu diễn nhạc cụ, Âm nhạc cổ điển phương Tây, Tin học cơ bản, Môn tự chọn 7, Âm nhạc hiện đại, Âm nhạc lý thuyết, Kỹ thuật thanh nhạc, Triết học Mác-Lênin, Môn tự chọn 3, Môn tự chọn 4, Giáo dục quốc phòng - An ninh, Hòa âm","Thơ ca, Yoga, Ẩm thực, Kể chuyện"
SV10136,Logistics và Quản lý chuỗi cung ứng,6.9,"Học máy, Machine Learning với TensorFlow, Lập trình Python, Giáo dục quốc phòng - An ninh, Phát triển phần mềm doanh nghiệp, Kiểm thử phần mềm, DevOps và CI/CD, Xác suất thống kê, Giải tích, Phát triển game, Lập trình web nâng cao, Phát triển ứng dụng di động, Tin học cơ bản, An ninh mạng cơ bản, Giáo dục thể chất, Trí tuệ nhân tạo, Tư duy logic và giải quyết vấn đề, Lập trình C/C++, Blockchain cơ bản, Toán cao cấp, Triết học Mác-Lênin, Tư tưởng Hồ Chí Minh, Kỹ năng mềm, Thiết kế giao diện người dùng, Cơ sở dữ liệu, Mật mã học, Phát triển ứng dụng web, Quản lý dự án CNTT, Big Data và Hadoop","DevOps, Phát triển ứng dụng di động, Phân tích dữ liệu"
SV10137,Kế toán,7.4,"Kế toán tài chính, Tài chính quốc tế, Giáo dục quốc phòng - An ninh, Quản trị kinh doanh, Toán cao cấp, Tư tưởng Hồ Chí Minh, Tư duy logic và giải quyết vấn đề, Triết học Mác-Lênin, Kinh tế vi mô, Giáo dục thể chất, Kinh tế phát triển, Marketing số, Marketing cơ bản, Kế toán quản trị, Kinh tế lượng, Quản trị nhân sự, Kinh tế vĩ mô, Quản trị chiến lược, Kinh tế quốc tế","Quản trị dự án, Thương mại điện tử, Marketing số"
SV10138,Kỹ thuật cơ khí,8.5,"Cơ khí chính xác, Cơ học vật liệu, Giáo dục quốc phòng - An ninh, Môn tự chọn 6, Cơ khí chế tạo, Tư duy logic và giải quyết vấn đề, Môn tự chọn 3, Sản xuất tự động, Kỹ thuật gia công, Xác suất thống kê, Cơ học kỹ thuật, Thiết kế CAD/CAM, Triết học Mác-Lênin, Môn tự chọn 1, Môn tự chọn 7, Tư tưởng Hồ Chí Minh, Môn tự chọn 2, Môn tự chọn 5, Kỹ năng mềm, Thiết kế máy, Kỹ thuật hàn, Kỹ thuật sản xuất, Môn tự chọn 4, Giải tích, Tiếng Anh chuyên ngành, Tin học cơ bản, Giáo dục thể chất, Cơ điện tử, Robot công nghiệp, Động lực học máy, Toán cao cấp, Kỹ thuật nhiệt","Internet of Things, DevOps"
SV10139,Logistics và Quản lý chuỗi cung ứng,6.5,"Thiết kế giao diện người dùng, Xử lý ngôn ngữ tự nhiên, Tư duy logic và giải quyết vấn đề, Kỹ thuật phần mềm nâng cao, Phát triển game, Phát triển phần mềm doanh nghiệp, Big Data và Hadoop, Hệ thống phân tán, Lập trình Python, Cloud Computing - AWS/Azure, Hệ điều hành, Giáo dục thể chất, Kiểm thử phần mềm, Tư tưởng Hồ Chí Minh, Mạng máy tính, Thị giác máy tính, Internet of Things, Giáo dục quốc phòng - An ninh, Triết học Mác-Lênin, Mật mã học, Học máy, Hệ thống nhúng, Cyber Security nâng cao, Blockchain cơ bản, Phân tích và thiết kế hệ thống, Trí tuệ nhân tạo, Lập trình Java, Cấu trúc dữ liệu và Giải thuật, Lập trình hướng đối tượng, Tin học cơ bản, Quản lý dự án CNTT, An toàn thông tin, Xác suất thống kê, Phát triển ứng dụng di động, Học sâu, Toán cao cấp, DevOps và CI/CD","Machine Learning, Game Development, Thiết kế UI/UX, Làm video"
SV10140,Kế toán,7.9,"Thương mại điện tử, Tin học cơ bản, Kinh tế vĩ mô, Marketing cơ bản, Ngân hàng thương mại, Quản trị kinh doanh, Marketing số, Kinh tế lượng, Quản trị nhân sự, Triết học Mác-Lênin, Kinh tế vi mô, Kỹ năng mềm, Giải tích, Chuỗi cung ứng, Logistics","Fintech, Khởi nghiệp"
SV10141,Thương mại điện tử,9,"Cloud Computing - AWS/Azure, Lập trình Java, Kiểm thử phần mềm, An ninh mạng cơ bản, Phân tích và thiết kế hệ thống, Phát triển phần mềm doanh nghiệp, Tin học cơ bản, Phát triển ứng dụng di động, Quản lý dự án CNTT, Tiếng Anh chuyên ngành, Toán cao cấp, Thị giác máy tính, Lập trình hướng đối tượng, Mật mã học, Mạng máy tính, DevOps và CI/CD, Xác suất thống kê, Phát triển game, Cơ sở dữ liệu, Lập trình web nâng cao","Cloud Computing, Machine Learning"
SV10142,An ninh mạng,6.1,"An toàn thông tin, Triết học Mác-Lênin, Phát triển phần mềm doanh nghiệp, Cấu trúc dữ liệu và Giải thuật, Xác suất thống kê, Học sâu, Tiếng Anh chuyên ngành, Hệ thống nhúng, Phát triển ứng dụng di động, Trí tuệ nhân tạo","Internet of Things, Đầu tư, Lập trình"
SV10143,Kế toán,7.9,"Ngân hàng thương mại, Kinh tế vi mô, Tài chính doanh nghiệp, Kinh tế phát triển, Giải tích, Kinh tế quốc tế, Tư duy logic và giải quyết vấn đề, Tài chính quốc tế, Kỹ năng mềm, Chuỗi cung ứng, Kế toán tài chính, Quản trị kinh doanh, Giáo dục quốc phòng - An ninh, Marketing số, Kế toán quản trị","Kinh doanh quốc tế, Bán hàng, Thương mại điện tử"
SV10144,Thương mại điện tử,8,"Giáo dục thể chất, An ninh mạng cơ bản, Tư duy logic và giải quyết vấn đề, Học sâu, Tư tưởng Hồ Chí Minh, Big Data và Hadoop, Hệ thống phân tán, Tin học cơ bản, An toàn thông tin, Lập trình hướng đối tượng, Cyber Security nâng cao, Lập trình web nâng cao, Thiết kế giao diện người dùng","Blockchain, Phân tích dữ liệu"
SV10145,Kiến trúc,8.5,"Thiết kế đô thị, Triết học Mác-Lênin, Thiết kế kiến trúc nội thất, Kết cấu bê tông cốt thép, Giáo dục quốc phòng - An ninh, Kết cấu thép, Kỹ thuật xây dựng, Toán cao cấp, Giáo dục thể chất, Giải tích, Vật liệu xây dựng, Cầu và đường, Tư duy logic và giải quyết vấn đề, Kỹ thuật địa kỹ thuật, Công trình ngầm, Kiến trúc cảnh quan, Môn tự chọn 2, Tiếng Anh chuyên ngành, Tư tưởng Hồ Chí Minh, Cơ sở hạ tầng đô thị, Tin học cơ bản, Quản lý dự án xây dựng, Kỹ năng mềm, Xác suất thống kê, Môn tự chọn 1",Phân tích dữ liệu
SV10146,Âm nhạc học,6.5,"Kỹ năng mềm, Kỹ thuật thanh nhạc, Hòa âm, Triết học Mác-Lênin, Giải tích, Tin học cơ bản, Âm nhạc cổ điển phương Tây, Soạn nhạc cơ bản, Tư duy logic và giải quyết vấn đề, Phân tích tác phẩm âm nhạc, Âm nhạc dân gian Việt Nam, Tư tưởng Hồ Chí Minh, Môn tự chọn 1, Giáo dục thể chất, Tiếng Anh chuyên ngành, Xác suất thống kê, Lịch sử âm nhạc, Toán cao cấp, Biểu diễn nhạc cụ, Giáo dục quốc phòng - An ninh, Âm nhạc hiện đại, Âm nhạc lý thuyết","Kể chuyện, Thơ ca, Yoga, Học ngoại ngữ, Diễn thuyết"
SV10147,Điều dưỡng,6.4,"Miễn dịch học, Y học dự phòng, Dược lâm sàng, Vi sinh y học, Tư duy logic và giải quyết vấn đề, Giải tích, Bệnh học truyền nhiễm, Giáo dục thể chất, Bệnh học ngoại khoa, Dinh dưỡng học, Dược lý lâm sàng, Tin học cơ bản, Tiếng Anh chuyên ngành, Kỹ năng mềm, Giáo dục quốc phòng - An ninh, Giải phẫu học, Y học cổ truyền, Dược lý học, Tư tưởng Hồ Chí Minh, Sinh lý học, Hóa sinh y học, Toán cao cấp","Quản trị dự án, Đọc sách, Big Data, Phát triển ứng dụng di động, Game Development"
SV10148,Luật,8.2,"Phát triển phần mềm doanh nghiệp, Xác suất thống kê, Big Data và Hadoop, Thiết kế giao diện người dùng, Quản lý dự án CNTT, Toán cao cấp, Triết học Mác-Lênin, Phân tích và thiết kế hệ thống, Cyber Security nâng cao, Kỹ thuật phần mềm nâng cao, Xử lý ngôn ngữ tự nhiên, Giáo dục quốc phòng - An ninh, Trí tuệ nhân tạo","Game Development, Trí tuệ nhân tạo"
SV10149,Fintech,8,"DevOps và CI/CD, Kỹ năng mềm, Trí tuệ nhân tạo, Lập trình Python, Xác suất thống kê, Giáo dục quốc phòng - An ninh, Phân tích và thiết kế hệ thống, An ninh mạng cơ bản, Xử lý ngôn ngữ tự nhiên, Cơ sở dữ liệu, Phát triển phần mềm doanh nghiệp, Machine Learning với TensorFlow, Giáo dục thể chất, Giải tích, Lập trình Java, Lập trình C/C++","Phát triển web, Machine Learning, Big Data"
SV10150,Fintech,8,"Phát triển game, Lập trình hướng đối tượng, Phân tích và thiết kế hệ thống, Tiếng Anh chuyên ngành, Quản lý dự án CNTT, Toán cao cấp, Mạng máy tính, Phát triển phần mềm doanh nghiệp, Blockchain cơ bản, Cơ sở dữ liệu, Giải tích, Tin học cơ bản, Lập trình web nâng cao, Lập trình di động iOS/Android, Giáo dục thể chất, Lập trình Java, Lập trình Python, Phát triển ứng dụng web, Tư duy logic và giải quyết vấn đề, DevOps và CI/CD, Thị giác máy tính, Machine Learning với TensorFlow, Kiểm thử phần mềm","DevOps, Big Data, Khoa học dữ liệu"
SV10151,Công nghệ sinh học,8,"Xác suất thống kê, Môn tự chọn 1, Môn tự chọn 3, Kỹ năng mềm, Môn tự chọn 9, Kỹ thuật y sinh, Kỹ thuật tế bào, Công nghệ sinh học ứng dụng, Hình ảnh y khoa, Thiết bị y tế, Môn tự chọn 12, Giáo dục thể chất, Môn tự chọn 4, Công nghệ nano y sinh, Công nghệ gen, Kỹ thuật mô sinh học, Môn tự chọn 10, Giải tích, Môn tự chọn 11, Môn tự chọn 14, Môn tự chọn 5, Giáo dục quốc phòng - An ninh, Vật liệu sinh học, Môn tự chọn 2, Môn tự chọn 15, Môn tự chọn 13, Triết học Mác-Lênin, Tiếng Anh chuyên ngành, Tư tưởng Hồ Chí Minh, Môn tự chọn 7, Sinh học phân tử, Môn tự chọn 6, Môn tự chọn 8, Tư duy logic và giải quyết vấn đề, Toán cao cấp, Tin học cơ bản","Khoa học dữ liệu, Phát triển web, Game Development, Phân tích dữ liệu"
SV10152,Kinh tế số,7,"Chuỗi cung ứng, Môn tự chọn 2, Môn tự chọn 5, Kinh tế lượng, Tiếng Anh chuyên ngành, Môn tự chọn 4, Môn tự chọn 9, Quản trị chiến lược, Kỹ năng mềm, Môn tự chọn 6, Ngân hàng thương mại, Kinh tế vi mô, Môn tự chọn 3, Môn tự chọn 7, Kế toán quản trị, Tin học cơ bản, Tài chính quốc tế, Tư tưởng Hồ Chí Minh, Triết học Mác-Lênin, Kinh tế quốc tế, Môn tự chọn 10, Giáo dục thể chất, Quản trị nhân sự, Kế toán tài chính, Môn tự chọn 8, Quản trị kinh doanh, Tư duy logic và giải quyết vấn đề, Thương mại điện tử, Xác suất thống kê, Marketing số, Giải tích, Tài chính doanh nghiệp, Logistics, Toán cao cấp, Kinh tế phát triển, Marketing cơ bản, Giáo dục quốc phòng - An ninh, Kinh tế vĩ mô, Môn tự chọn 1","Khởi nghiệp, Quản trị dự án, Đầu tư, Marketing số"
SV10153,Ngôn ngữ Anh,7.9,"Giáo dục quốc phòng - An ninh, Triết học Mác-Lênin, Tiếng Anh cho kinh doanh, Văn hóa Anh-Mỹ, Kỹ năng nghe tiếng Anh, Tiếng Anh báo chí, Xác suất thống kê, Kỹ năng đọc hiểu tiếng Anh, Kỹ năng nói tiếng Anh, Môn tự chọn 3, Tiếng Anh chuyên ngành, Ngữ pháp tiếng Anh nâng cao, Tư tưởng Hồ Chí Minh, Tiếng Anh học thuật, Tiếng Anh chuyên ngành pháp lý, Môn tự chọn 5, Ngữ âm học tiếng Anh, Giải tích, Tiếng Anh thương mại, Tư duy logic và giải quyết vấn đề, Kỹ năng viết tiếng Anh, Môn tự chọn 4, Tin học cơ bản, Giáo dục thể chất, Dịch Việt-Anh, Kỹ năng mềm, Môn tự chọn 2, Toán cao cấp, Dịch Anh-Việt, Môn tự chọn 1, Văn học Anh, Phiên dịch hội nghị","Bán hàng, Lập trình, Internet of Things"
SV10154,Y khoa,8,"Miễn dịch học, Dược lý lâm sàng, Giải tích, Toán cao cấp, Kỹ năng mềm, Tin học cơ bản, Giải phẫu học, Dinh dưỡng học, Xác suất thống kê, Giáo dục thể chất, Sinh lý học","Phát triển ứng dụng di động, Vẽ tranh, Yoga, Thương mại điện tử"
SV10155,Kỹ thuật máy tính,7,"Điện tử cơ bản, Giáo dục thể chất, Triết học Mác-Lênin, Truyền thông số, Điện tử công suất, Hệ thống điều khiển tự động, Điện tử số, Hệ thống điện tử nhúng, Tin học cơ bản, Tư tưởng Hồ Chí Minh, Mạng không dây, Xác suất thống kê, Hệ thống nhúng nâng cao, Kỹ năng mềm, Anten và sóng điện từ, Giáo dục quốc phòng - An ninh, Tiếng Anh chuyên ngành, Mạng viễn thông, Đo lường điện tử, Xử lý tín hiệu số","Trí tuệ nhân tạo, Internet of Things, Machine Learning, Khoa học dữ liệu, Phân tích dữ liệu"
SV10156,Ngôn ngữ Nhật,9.6,"Kỹ năng nghe nói tiếng Nhật, Tiếng Nhật kinh doanh, Tin học cơ bản, Xác suất thống kê, Ngữ pháp tiếng Nhật, Hiragana & Katakana, Tư tưởng Hồ Chí Minh, Văn học Nhật Bản, Văn hóa Nhật Bản, Kỹ năng mềm, Dịch Nhật-Việt, Giáo dục thể chất, Giáo dục quốc phòng - An ninh, Ngữ âm học tiếng Nhật, Tiếng Anh chuyên ngành","Viết lách, Bán hàng, Đầu tư, DevOps, Học ngoại ngữ"
SV10157,Sư phạm Tin học,8.2,"Tư duy logic và giải quyết vấn đề, Môn tự chọn 2, Môn tự chọn 12, Môn tự chọn 1, Môn tự chọn 5, Môn tự chọn 7, Đánh giá học tập Tin học, Tư tưởng Hồ Chí Minh, Phương pháp giảng dạy Tin học, Xác suất thống kê, Tin học cơ bản, Toán cao cấp, Tiếng Anh chuyên ngành, Công nghệ thông tin trong giáo dục, Giáo dục thể chất, Môn tự chọn 6, Môn tự chọn 9, Phần mềm giáo dục, An toàn mạng trong trường học, Triết học Mác-Lênin, Quản lý lớp học CNTT, Giải tích, Môn tự chọn 11, Phát triển bài giảng Tin học, Môn tự chọn 10, Môn tự chọn 4, Lập trình cơ bản cho giáo viên, Lập trình Scratch cho học sinh, Ứng dụng AI trong giảng dạy, Môn tự chọn 8, Giáo dục kỹ năng số, Lập trình Python cho giáo viên, Thiết kế khóa học trực tuyến, Dạy học Tin học phổ thông, Giáo dục quốc phòng - An ninh, Kỹ năng mềm, Môn tự chọn 3","Thơ ca, Chơi nhạc cụ, Diễn thuyết, Học ngoại ngữ"
SV10158,Ngôn ngữ Nhật,6.5,"Kỹ năng nghe nói tiếng Nhật, Xác suất thống kê, Môn tự chọn 1, Tư duy logic và giải quyết vấn đề, Ngữ pháp tiếng Nhật, Môn tự chọn 6, Tin học cơ bản, Giáo dục quốc phòng - An ninh, Môn tự chọn 4, Toán cao cấp, Dịch Nhật-Việt, Môn tự chọn 3, Môn tự chọn 7, Môn tự chọn 2, Tiếng Anh chuyên ngành, Kanji, Tiếng Nhật kinh doanh, Tiếng Nhật cho du lịch, Triết học Mác-Lênin, Văn hóa Nhật Bản, Kỹ năng mềm, Văn học Nhật Bản, Hiragana & Katakana, Ngữ âm học tiếng Nhật, Giáo dục thể chất, Giải tích, Tư tưởng Hồ Chí Minh, Môn tự chọn 5","Viết lách, Ẩm thực"
SV10159,Kỹ thuật cơ khí,8.4,"Tư tưởng Hồ Chí Minh, Tư duy logic và giải quyết vấn đề, Thiết kế CAD/CAM, Giáo dục quốc phòng - An ninh, Cơ điện tử, Triết học Mác-Lênin, Xác suất thống kê, Kỹ thuật gia công, Kỹ năng mềm, Sản xuất tự động, Toán cao cấp, Thiết kế máy, Cơ khí chế tạo, Động lực học máy, Robot công nghiệp, Cơ học vật liệu, Kỹ thuật hàn, Cơ khí chính xác, Giải tích, Kỹ thuật nhiệt, Tiếng Anh chuyên ngành, Kỹ thuật sản xuất, Tin học cơ bản, Giáo dục thể chất, Cơ học kỹ thuật","Blockchain, Trí tuệ nhân tạo, Lập trình, Phân tích dữ liệu"
SV10160,Kỹ thuật y sinh,6.7,"Tiếng Anh chuyên ngành, Sinh học phân tử, Xác suất thống kê, Vật liệu sinh học, Hình ảnh y khoa, Môn tự chọn 2, Triết học Mác-Lênin, Môn tự chọn 3, Kỹ thuật mô sinh học, Toán cao cấp, Kỹ năng mềm, Giáo dục quốc phòng - An ninh, Công nghệ gen, Môn tự chọn 4, Môn tự chọn 1, Kỹ thuật tế bào, Tư duy logic và giải quyết vấn đề, Kỹ thuật y sinh, Môn tự chọn 6, Thiết bị y tế, Giáo dục thể chất, Môn tự chọn 7, Tin học cơ bản, Môn tự chọn 5, Giải tích, Công nghệ sinh học ứng dụng, Tư tưởng Hồ Chí Minh, Công nghệ nano y sinh","Cyber Security, Internet of Things, Big Data, Robot học, Machine Learning"
SV10161,Kỹ thuật xây dựng,8.5,"Tư tưởng Hồ Chí Minh, Môn tự chọn 2, Quản lý dự án xây dựng, Giáo dục quốc phòng - An ninh, Tiếng Anh chuyên ngành, Toán cao cấp, Môn tự chọn 1, Xác suất thống kê, Kỹ năng mềm, Cơ sở hạ tầng đô thị, Thiết kế đô thị, Công trình ngầm, Giáo dục thể chất, Kiến trúc cảnh quan, Giải tích, Kết cấu thép, Kỹ thuật xây dựng, Triết học Mác-Lênin, Kết cấu bê tông cốt thép, Cầu và đường, Kỹ thuật địa kỹ thuật, Tin học cơ bản, Thiết kế kiến trúc nội thất, Vật liệu xây dựng, Tư duy logic và giải quyết vấn đề","Âm nhạc, Phát triển web"
SV10162,Tài chính - Ngân hàng,8.9,"Kinh tế quốc tế, Xác suất thống kê, Tư tưởng Hồ Chí Minh, Tư duy logic và giải quyết vấn đề, Kinh tế lượng, Kinh tế vĩ mô, Kỹ năng mềm, Giáo dục quốc phòng - An ninh, Chuỗi cung ứng, Kinh tế phát triển, Toán cao cấp, Kế toán quản trị, Giải tích, Kinh tế vi mô, Tiếng Anh chuyên ngành","Bán hàng, Khởi nghiệp, Fintech"
SV10163,Fintech,6.9,"DevOps và CI/CD, Quản lý dự án CNTT, Kiểm thử phần mềm, Big Data và Hadoop, Học máy, Giáo dục quốc phòng - An ninh, Machine Learning với TensorFlow, Lập trình hướng đối tượng, Mật mã học, Tiếng Anh chuyên ngành, Lập trình Java, Internet of Things, Lập trình di động iOS/Android, Giải tích, Tư tưởng Hồ Chí Minh, Cơ sở dữ liệu, Kỹ thuật phần mềm nâng cao, Giáo dục thể chất, Triết học Mác-Lênin, Toán cao cấp, An ninh mạng cơ bản, Phát triển phần mềm doanh nghiệp, Thiết kế giao diện người dùng","Trí tuệ nhân tạo, Big Data, Phát triển ứng dụng di động, Cloud Computing"
SV10164,Marketing,8.7,"Giáo dục thể chất, Kinh tế vĩ mô, Môn tự chọn 4, Môn tự chọn 1, Quản trị nhân sự, Xác suất thống kê, Môn tự chọn 3, Kinh tế vi mô, Giải tích, Tư tưởng Hồ Chí Minh, Marketing cơ bản, Toán cao cấp, Tư duy logic và giải quyết vấn đề, Marketing số, Quản trị chiến lược, Kinh tế lượng, Triết học Mác-Lênin, Logistics, Kỹ năng mềm, Quản trị kinh doanh, Kế toán tài chính, Thương mại điện tử, Kế toán quản trị, Tài chính quốc tế, Giáo dục quốc phòng - An ninh, Tài chính doanh nghiệp, Môn tự chọn 2, Kinh tế phát triển, Kinh tế quốc tế, Ngân hàng thương mại, Chuỗi cung ứng, Tiếng Anh chuyên ngành, Tin học cơ bản",Bán hàng
SV10165,Trí tuệ nhân tạo và Học máy,8.1,"Trí tuệ nhân tạo, Hệ thống phân tán, Cấu trúc dữ liệu và Giải thuật, Tin học cơ bản, Lập trình hướng đối tượng, Học máy, Hệ thống nhúng, Hệ điều hành, Thiết kế giao diện người dùng, Giải tích, Toán cao cấp, DevOps và CI/CD","Machine Learning, Big Data, Internet of Things"
SV10166,Kỹ thuật hóa học,8.5,"Tư tưởng Hồ Chí Minh, Kỹ thuật nhiệt hóa học, Tiếng Anh chuyên ngành, Xử lý chất thải rắn, Công nghệ xử lý nước, Kỹ thuật môi trường, Giải tích, Kỹ thuật hóa học, Kỹ năng mềm, Giáo dục thể chất, Giáo dục quốc phòng - An ninh, Kỹ thuật phản ứng hóa học, Xác suất thống kê, Hóa học công nghiệp, Kỹ thuật polymer, Tư duy logic và giải quyết vấn đề","Internet of Things, Khoa học dữ liệu, DevOps"
SV10167,An ninh mạng,9.6,"Blockchain cơ bản, Hệ thống nhúng, Hệ thống phân tán, Kỹ năng mềm, Phân tích và thiết kế hệ thống, Lập trình hướng đối tượng, Xử lý ngôn ngữ tự nhiên, Phát triển phần mềm doanh nghiệp, Lập trình Python, An toàn thông tin, Big Data và Hadoop, Toán cao cấp, Triết học Mác-Lênin, Machine Learning với TensorFlow, An ninh mạng cơ bản, Phát triển ứng dụng web, Lập trình web nâng cao, Internet of Things, Cloud Computing - AWS/Azure, Tiếng Anh chuyên ngành, Trí tuệ nhân tạo, Giải tích, Thị giác máy tính, Học sâu, Giáo dục thể chất, Cơ sở dữ liệu, Hệ điều hành, Học máy, DevOps và CI/CD, Thiết kế giao diện người dùng, Lập trình di động iOS/Android, Mạng máy tính, Xác suất thống kê, Giáo dục quốc phòng - An ninh, Kỹ thuật phần mềm nâng cao, Quản lý dự án CNTT, Lập trình Java","Lập trình, Game Development, Khoa học dữ liệu"
SV10168,Ngôn ngữ Anh,7.5,"Giải tích, Ngữ âm học tiếng Anh, Tiếng Anh cho kinh doanh, Dịch Anh-Việt, Kỹ năng viết tiếng Anh, Phiên dịch hội nghị, Tư duy logic và giải quyết vấn đề, Tiếng Anh thương mại, Tư tưởng Hồ Chí Minh, Tiếng Anh báo chí, Văn học Anh, Giáo dục quốc phòng - An ninh","Phát triển ứng dụng di động, Lập trình, Blockchain"
SV10169,Sư phạm Toán,6.9,"Tin học cơ bản, Xác suất thống kê, Giải tích, Bài tập toán nâng cao, Toán học ứng dụng, Dạy học toán phổ thông, Đại số tuyến tính, Phương pháp giảng dạy Toán, Toán cao cấp, Giáo dục thể chất, Giáo dục quốc phòng - An ninh, Hình học giải tích, Tiếng Anh chuyên ngành, Triết học Mác-Lênin, Toán rời rạc, Kỹ năng mềm, Lý thuyết số","Vẽ tranh, Khiêu vũ, Âm nhạc"
SV10170,Y khoa,6.8,"Dinh dưỡng học, Giáo dục quốc phòng - An ninh, Kỹ năng mềm, Miễn dịch học, Bệnh học nội khoa, Bệnh học ngoại khoa, Y học cổ truyền, Giải phẫu học, Giải tích, Sinh lý học, Xác suất thống kê, Tư duy logic và giải quyết vấn đề, Y học dự phòng, Dược lý học, Hóa sinh y học, Triết học Mác-Lênin, Bệnh học truyền nhiễm, Dược lâm sàng, Dược lý lâm sàng, Tiếng Anh chuyên ngành, Vi sinh y học, Giáo dục thể chất, Toán cao cấp, Tin học cơ bản",Viết lách
SV10171,Công nghệ thông tin,6.9,"Quản lý dự án CNTT, Mạng máy tính, Lập trình web nâng cao, Xử lý ngôn ngữ tự nhiên, Trí tuệ nhân tạo, Cơ sở dữ liệu, Tin học cơ bản, Giáo dục quốc phòng - An ninh, Tiếng Anh chuyên ngành, Machine Learning với TensorFlow, DevOps và CI/CD, Lập trình di động iOS/Android, Cloud Computing - AWS/Azure, Thị giác máy tính, Triết học Mác-Lênin, Blockchain cơ bản, Thiết kế giao diện người dùng, Big Data và Hadoop, Lập trình hướng đối tượng, Lập trình Java, Học máy, Hệ điều hành, Cấu trúc dữ liệu và Giải thuật, Mật mã học, Giải tích, Hệ thống nhúng, Phát triển ứng dụng di động, Xác suất thống kê, Kỹ thuật phần mềm nâng cao, Internet of Things, Tư tưởng Hồ Chí Minh, Kỹ năng mềm, An toàn thông tin, Phát triển ứng dụng web, Giáo dục thể chất, Lập trình C/C++, Phát triển phần mềm doanh nghiệp, Cyber Security nâng cao","Lập trình, Blockchain, Internet of Things"
SV10172,Công nghệ thông tin,7.6,"Giải tích, An ninh mạng cơ bản, Cyber Security nâng cao, Phát triển ứng dụng di động, Cấu trúc dữ liệu và Giải thuật, Lập trình web nâng cao, Phát triển ứng dụng web, Phát triển phần mềm doanh nghiệp, Thiết kế giao diện người dùng, Phân tích và thiết kế hệ thống, DevOps và CI/CD, Giáo dục thể chất, Cloud Computing - AWS/Azure, Hệ thống phân tán, Trí tuệ nhân tạo, Mật mã học, Toán cao cấp, Cơ sở dữ liệu, Big Data và Hadoop, Học sâu, Phát triển game, Hệ điều hành, Giáo dục quốc phòng - An ninh, Triết học Mác-Lênin, Lập trình Python, Tiếng Anh chuyên ngành, Internet of Things, Tư tưởng Hồ Chí Minh, Xác suất thống kê, Lập trình hướng đối tượng, Lập trình Java, Hệ thống nhúng, An toàn thông tin, Thị giác máy tính, Lập trình di động iOS/Android, Quản lý dự án CNTT, Tin học cơ bản, Tư duy logic và giải quyết vấn đề, Học máy, Machine Learning với TensorFlow",Thiết kế UI/UX
SV10173,Kinh tế số,8,"Toán cao cấp, Thương mại điện tử, Kinh tế quốc tế, Kế toán tài chính, Tin học cơ bản, Giáo dục quốc phòng - An ninh, Ngân hàng thương mại, Kinh tế phát triển, Tài chính doanh nghiệp, Marketing số, Triết học Mác-Lênin, Kinh tế lượng, Kinh tế vi mô","Khởi nghiệp, Fintech"
SV10174,Âm nhạc học,8,"Tư duy logic và giải quyết vấn đề, Giáo dục quốc phòng - An ninh, Âm nhạc cổ điển phương Tây, Tin học cơ bản, Âm nhạc lý thuyết, Âm nhạc dân gian Việt Nam, Âm nhạc hiện đại, Triết học Mác-Lênin, Hòa âm, Giáo dục thể chất, Kỹ năng mềm, Phân tích tác phẩm âm nhạc, Tiếng Anh chuyên ngành, Tư tưởng Hồ Chí Minh, Soạn nhạc cơ bản, Giải tích, Biểu diễn nhạc cụ","Học ngoại ngữ, Vẽ tranh"
SV10175,Kỹ thuật hóa học,8.5,"Toán cao cấp, Tư tưởng Hồ Chí Minh, Môn tự chọn 7, Môn tự chọn 1, Tư duy logic và giải quyết vấn đề, Giải tích, Môn tự chọn 6, Ô nhiễm không khí, Kỹ thuật phản ứng hóa học, Giáo dục quốc phòng - An ninh, Xử lý chất thải rắn, Triết học Mác-Lênin, Kỹ thuật nhiệt hóa học, Giáo dục thể chất, Hóa phân tích môi trường, Xác suất thống kê, Kỹ thuật polymer, Tin học cơ bản, Công nghệ xử lý nước, Kỹ thuật môi trường, Kỹ thuật hóa học, Kỹ năng mềm, Môn tự chọn 8, Tiếng Anh chuyên ngành, Hóa học công nghiệp, Môn tự chọn 10, Môn tự chọn 4, Xử lý nước thải, Môn tự chọn 5, Môn tự chọn 3, Môn tự chọn 2, Môn tự chọn 9","Khoa học dữ liệu, Game Development, Blockchain"
SV10176,Âm nhạc học,7.7,"Tư duy logic và giải quyết vấn đề, Môn tự chọn 14, Âm nhạc lý thuyết, Âm nhạc dân gian Việt Nam, Môn tự chọn 5, Giáo dục thể chất, Môn tự chọn 2, Môn tự chọn 12, Tin học cơ bản, Tư tưởng Hồ Chí Minh, Môn tự chọn 1, Môn tự chọn 8, Xác suất thống kê, Lịch sử âm nhạc, Môn tự chọn 9, Biểu diễn nhạc cụ, Môn tự chọn 6, Môn tự chọn 7, Soạn nhạc cơ bản, Tiếng Anh chuyên ngành, Kỹ năng mềm, Giáo dục quốc phòng - An ninh, Giải tích, Triết học Mác-Lênin, Môn tự chọn 10, Môn tự chọn 13, Phân tích tác phẩm âm nhạc, Kỹ thuật thanh nhạc, Môn tự chọn 11, Hòa âm, Toán cao cấp, Âm nhạc cổ điển phương Tây, Môn tự chọn 3, Môn tự chọn 4, Môn tự chọn 15, Âm nhạc hiện đại","Kể chuyện, Học ngoại ngữ, Thiền, Vẽ tranh"
SV10177,Kỹ thuật môi trường,9.2,"Môn tự chọn 3, Giáo dục quốc phòng - An ninh, Kỹ thuật nhiệt hóa học, Công nghệ xử lý nước, Môn tự chọn 17, Kỹ thuật môi trường, Xử lý nước thải, Môn tự chọn 10, Môn tự chọn 5, Môn tự chọn 2, Môn tự chọn 4, Giáo dục thể chất, Toán cao cấp, Ô nhiễm không khí, Xử lý chất thải rắn, Môn tự chọn 15, Môn tự chọn 14, Giải tích, Môn tự chọn 16, Môn tự chọn 18, Kỹ thuật polymer, Hóa học công nghiệp, Kỹ thuật hóa học, Tiếng Anh chuyên ngành, Kỹ năng mềm, Triết học Mác-Lênin, Môn tự chọn 6, Môn tự chọn 9, Môn tự chọn 11, Môn tự chọn 13, Kỹ thuật phản ứng hóa học, Tư duy logic và giải quyết vấn đề, Môn tự chọn 8, Xác suất thống kê, Tin học cơ bản, Môn tự chọn 1, Môn tự chọn 12, Môn tự chọn 7, Hóa phân tích môi trường, Tư tưởng Hồ Chí Minh","Cloud Computing, DevOps, Blockchain"
SV10178,Kỹ thuật y sinh,7.4,"Môn tự chọn 7, Môn tự chọn 1, Triết học Mác-Lênin, Giải tích, Xác suất thống kê, Sinh học phân tử, Toán cao cấp, Giáo dục quốc phòng - An ninh, Tư tưởng Hồ Chí Minh, Kỹ thuật mô sinh học, Vật liệu sinh học, Giáo dục thể chất, Môn tự chọn 8, Môn tự chọn 3, Tin học cơ bản, Công nghệ nano y sinh, Công nghệ sinh học ứng dụng, Công nghệ gen, Kỹ năng mềm, Hình ảnh y khoa, Môn tự chọn 14, Môn tự chọn 6, Môn tự chọn 11, Môn tự chọn 2, Môn tự chọn 4, Tiếng Anh chuyên ngành, Tư duy logic và giải quyết vấn đề, Môn tự chọn 15, Thiết bị y tế, Môn tự chọn 5, Kỹ thuật y sinh, Môn tự chọn 12, Môn tự chọn 9, Môn tự chọn 13, Kỹ thuật tế bào, Môn tự chọn 10","Machine Learning, Trí tuệ nhân tạo, Big Data, Làm video"
SV10179,Kinh tế số,10,"Quản trị nhân sự, Kinh tế vĩ mô, Toán cao cấp, Tiếng Anh chuyên ngành, Kinh tế phát triển, Xác suất thống kê, Tài chính quốc tế, Quản trị chiến lược, Giải tích, Kinh tế lượng, Quản trị kinh doanh, Tin học cơ bản","Fintech, Bán hàng, Machine Learning"
SV10180,Du lịch,8.3,"Thiết kế giao diện người dùng, Mật mã học, Quản lý dự án CNTT, Giáo dục thể chất, Lập trình Java, Lập trình web nâng cao, Hệ thống phân tán, Cơ sở dữ liệu, Lập trình hướng đối tượng, Giáo dục quốc phòng - An ninh, Giải tích","Phát triển web, Thiết kế UI/UX, Phân tích dữ liệu, Game Development"
SV10181,Công nghệ thông tin,6.8,"Học máy, Cyber Security nâng cao, Học sâu, Hệ điều hành, Tư duy logic và giải quyết vấn đề, Tư tưởng Hồ Chí Minh, DevOps và CI/CD, An ninh mạng cơ bản, Giải tích, Kỹ thuật phần mềm nâng cao, Phát triển game, Lập trình hướng đối tượng, Mạng máy tính, Tiếng Anh chuyên ngành","Internet of Things, Robot học"
SV10182,Thiết kế thời trang,6.6,"Giáo dục thể chất, Môn tự chọn 2, Xác suất thống kê, Môn tự chọn 1, Môn tự chọn 5, Môn tự chọn 4, Toán cao cấp, Môn tự chọn 3, Tin học cơ bản, Kỹ năng mềm, Môn tự chọn 6, Giáo dục quốc phòng - An ninh, Môn tự chọn 7, Giải tích, Triết học Mác-Lênin, Tư tưởng Hồ Chí Minh, Tiếng Anh chuyên ngành, Tư duy logic và giải quyết vấn đề","Viết lách, Chơi nhạc cụ, Đọc sách"
SV10183,Quản trị kinh doanh,8.2,"Marketing cơ bản, Môn tự chọn 2, Tài chính quốc tế, Tư tưởng Hồ Chí Minh, Kỹ năng mềm, Marketing số, Tiếng Anh chuyên ngành, Kinh tế quốc tế, Kinh tế lượng, Tư duy logic và giải quyết vấn đề, Giải tích, Quản trị nhân sự, Thương mại điện tử, Kế toán quản trị, Kinh tế vi mô, Giáo dục thể chất, Logistics, Kế toán tài chính, Tài chính doanh nghiệp, Kinh tế phát triển, Môn tự chọn 1, Tin học cơ bản, Kinh tế vĩ mô, Xác suất thống kê, Toán cao cấp, Chuỗi cung ứng, Quản trị chiến lược, Giáo dục quốc phòng - An ninh, Triết học Mác-Lênin, Ngân hàng thương mại, Quản trị kinh doanh",Quản trị dự án
SV10184,Kiến trúc,7.5,"Môn tự chọn 8, Giáo dục quốc phòng - An ninh, Xác suất thống kê, Kết cấu thép, Cơ sở hạ tầng đô thị, Môn tự chọn 3, Môn tự chọn 4, Kết cấu bê tông cốt thép, Công trình ngầm, Kiến trúc cảnh quan, Thiết kế kiến trúc nội thất, Kỹ thuật địa kỹ thuật, Môn tự chọn 2, Giáo dục thể chất, Kỹ năng mềm, Môn tự chọn 1, Môn tự chọn 5, Tin học cơ bản, Toán cao cấp, Tư duy logic và giải quyết vấn đề, Giải tích, Triết học Mác-Lênin, Tiếng Anh chuyên ngành, Quản lý dự án xây dựng, Môn tự chọn 6, Môn tự chọn 7, Kỹ thuật xây dựng, Cầu và đường, Vật liệu xây dựng, Thiết kế đô thị, Tư tưởng Hồ Chí Minh","DevOps, Blockchain, Robot học"
SV10185,Kỹ thuật xây dựng,8.4,"Xác suất thống kê, Giáo dục quốc phòng - An ninh, Thiết kế kiến trúc nội thất, Giáo dục thể chất, Toán cao cấp, Thiết kế đô thị, Tư duy logic và giải quyết vấn đề, Kết cấu bê tông cốt thép, Kỹ năng mềm, Kiến trúc cảnh quan, Kỹ thuật xây dựng, Cơ sở hạ tầng đô thị, Quản lý dự án xây dựng, Môn tự chọn 1, Tư tưởng Hồ Chí Minh, Tin học cơ bản, Vật liệu xây dựng, Kết cấu thép, Giải tích, Môn tự chọn 2, Cầu và đường, Tiếng Anh chuyên ngành, Công trình ngầm, Triết học Mác-Lênin, Kỹ thuật địa kỹ thuật",Blockchain
SV10186,Sư phạm Tin học,8.2,"Môn tự chọn 1, Triết học Mác-Lênin, Quản lý lớp học CNTT, Xác suất thống kê, Ứng dụng AI trong giảng dạy, Phát triển bài giảng Tin học, Công nghệ thông tin trong giáo dục, Thiết kế khóa học trực tuyến, Tư duy logic và giải quyết vấn đề, Lập trình Scratch cho học sinh, Giáo dục thể chất, Kỹ năng mềm, Tư tưởng Hồ Chí Minh, Toán cao cấp, Dạy học Tin học phổ thông, Giáo dục kỹ năng số, Giải tích, Phần mềm giáo dục, Môn tự chọn 2, Tin học cơ bản, Giáo dục quốc phòng - An ninh, Lập trình Python cho giáo viên, Tiếng Anh chuyên ngành, Đánh giá học tập Tin học, Phương pháp giảng dạy Tin học, Lập trình cơ bản cho giáo viên, An toàn mạng trong trường học","Học ngoại ngữ, Ẩm thực, Khiêu vũ, Kể chuyện, Thơ ca"
SV10187,Blockchain và Tiền mã hóa,7.6,"Kiểm thử phần mềm, Giải tích, An ninh mạng cơ bản, Lập trình Python, An toàn thông tin, Cyber Security nâng cao, Kỹ năng mềm, Phát triển game, Tin học cơ bản, Cơ sở dữ liệu, Trí tuệ nhân tạo, Xử lý ngôn ngữ tự nhiên, DevOps và CI/CD, Lập trình C/C++, Giáo dục quốc phòng - An ninh, Machine Learning với TensorFlow, Triết học Mác-Lênin, Toán cao cấp, Phát triển ứng dụng di động, Thiết kế giao diện người dùng, Hệ thống nhúng, Quản lý dự án CNTT, Lập trình Java, Hệ điều hành, Học máy, Tư duy logic và giải quyết vấn đề, Tiếng Anh chuyên ngành, Lập trình hướng đối tượng, Kỹ thuật phần mềm nâng cao, Phát triển ứng dụng web, Lập trình web nâng cao, Mật mã học, Xác suất thống kê, Phát triển phần mềm doanh nghiệp, Cloud Computing - AWS/Azure, Big Data và Hadoop, Lập trình di động iOS/Android, Blockchain cơ bản, Internet of Things",Machine Learning
SV10188,Marketing,6.9,"Quản trị kinh doanh, Kỹ năng mềm, Marketing cơ bản, Kế toán quản trị, Xác suất thống kê, Chuỗi cung ứng, Kế toán tài chính, Giải tích, Giáo dục thể chất, Triết học Mác-Lênin, Ngân hàng thương mại, Quản trị chiến lược, Marketing số, Tài chính quốc tế, Toán cao cấp, Giáo dục quốc phòng - An ninh, Thương mại điện tử, Tư duy logic và giải quyết vấn đề, Kinh tế vĩ mô, Tin học cơ bản, Quản trị nhân sự, Logistics","Thương mại điện tử, Đầu tư"
SV10189,Logistics và Quản lý chuỗi cung ứng,6.2,"Xác suất thống kê, Big Data và Hadoop, Trí tuệ nhân tạo, Phát triển game, Quản lý dự án CNTT, Phát triển phần mềm doanh nghiệp, Học sâu, Lập trình web nâng cao, Tư tưởng Hồ Chí Minh, Cơ sở dữ liệu, Phát triển ứng dụng di động, Triết học Mác-Lênin, Tin học cơ bản, Lập trình Java, Internet of Things, Lập trình di động iOS/Android, Mật mã học, Tư duy logic và giải quyết vấn đề, Giáo dục quốc phòng - An ninh, Hệ thống phân tán, Lập trình Python, Cấu trúc dữ liệu và Giải thuật, Kỹ năng mềm, Mạng máy tính, Cyber Security nâng cao, Toán cao cấp, Kỹ thuật phần mềm nâng cao, Học máy","Kể chuyện, DevOps, Internet of Things, Khoa học dữ liệu, Robot học"
SV10190,Báo chí,7.3,"Xử lý ngôn ngữ tự nhiên, Mật mã học, Lập trình web nâng cao, Triết học Mác-Lênin, Phát triển phần mềm doanh nghiệp, Lập trình di động iOS/Android, Mạng máy tính, Học máy, Cloud Computing - AWS/Azure, Học sâu, Phát triển game, Giáo dục thể chất, Lập trình Java, Xác suất thống kê, Hệ thống nhúng, Thiết kế giao diện người dùng, An toàn thông tin, Giáo dục quốc phòng - An ninh","Big Data, Machine Learning"
SV10191,Kỹ thuật máy tính,8.6,"Điện tử công suất, Điện tử năng lượng, Giáo dục quốc phòng - An ninh, Điện tử số, Toán cao cấp, Anten và sóng điện từ, Tư duy logic và giải quyết vấn đề, Điện tử viễn thông, Tiếng Anh chuyên ngành, Triết học Mác-Lênin, Kỹ thuật vi mạch, Giải tích, Mạng viễn thông, Hệ thống nhúng nâng cao, Truyền thông số, Hệ thống điện tử nhúng, Tin học cơ bản, Truyền thông quang, Đo lường điện tử, Giáo dục thể chất, Điện tử cơ bản, Tư tưởng Hồ Chí Minh, Kỹ thuật radar, Hệ thống điều khiển tự động, Xác suất thống kê","Internet of Things, Machine Learning"
SV10192,Dược học,7.9,"Dược lý lâm sàng, Toán cao cấp, Bệnh học truyền nhiễm, Dinh dưỡng học, Miễn dịch học, Bệnh học ngoại khoa, Dược lâm sàng, Môn tự chọn 1, Môn tự chọn 5, Y học cổ truyền, Giải tích, Tiếng Anh chuyên ngành, Triết học Mác-Lênin, Bệnh học nội khoa, Tư tưởng Hồ Chí Minh, Tin học cơ bản, Giáo dục quốc phòng - An ninh, Dược lý học, Môn tự chọn 2, Hóa sinh y học, Môn tự chọn 3, Vi sinh y học, Xác suất thống kê, Môn tự chọn 6, Y học dự phòng, Môn tự chọn 4, Giải phẫu học, Sinh lý học, Tư duy logic và giải quyết vấn đề, Môn tự chọn 8, Giáo dục thể chất, Môn tự chọn 7, Kỹ năng mềm","Thiền, Phân tích dữ liệu"
SV10193,Kỹ thuật xây dựng,6.5,"Môn tự chọn 4, Thiết kế đô thị, Môn tự chọn 14, Tư duy logic và giải quyết vấn đề, Môn tự chọn 9, Môn tự chọn 2, Môn tự chọn 16, Kỹ thuật địa kỹ thuật, Môn tự chọn 13, Tiếng Anh chuyên ngành, Môn tự chọn 12, Giáo dục quốc phòng - An ninh, Kết cấu bê tông cốt thép, Kết cấu thép, Giải tích, Kiến trúc cảnh quan, Quản lý dự án xây dựng, Công trình ngầm, Toán cao cấp, Vật liệu xây dựng, Cầu và đường, Môn tự chọn 10, Tư tưởng Hồ Chí Minh, Xác suất thống kê, Kỹ thuật xây dựng, Môn tự chọn 5, Môn tự chọn 15, Môn tự chọn 1, Môn tự chọn 3, Môn tự chọn 11, Cơ sở hạ tầng đô thị, Kỹ năng mềm, Tin học cơ bản, Môn tự chọn 8, Môn tự chọn 6, Giáo dục thể chất, Triết học Mác-Lênin, Môn tự chọn 7, Thiết kế kiến trúc nội thất",Robot học
SV10194,Kỹ thuật hóa học,7.9,"Kỹ thuật polymer, Giáo dục quốc phòng - An ninh, Kỹ thuật nhiệt hóa học, Giải tích, Môn tự chọn 6, Tin học cơ bản, Kỹ thuật phản ứng hóa học, Môn tự chọn 3, Xử lý chất thải rắn, Xác suất thống kê, Toán cao cấp, Tư duy logic và giải quyết vấn đề, Môn tự chọn 7, Kỹ thuật môi trường, Triết học Mác-Lênin, Ô nhiễm không khí, Môn tự chọn 5, Kỹ thuật hóa học, Xử lý nước thải, Kỹ năng mềm, Hóa học công nghiệp, Tiếng Anh chuyên ngành, Tư tưởng Hồ Chí Minh, Giáo dục thể chất, Công nghệ xử lý nước, Môn tự chọn 4, Hóa phân tích môi trường, Môn tự chọn 2, Môn tự chọn 1","Khoa học dữ liệu, DevOps"
SV10195,Công nghệ thông tin,8.1,"Tin học cơ bản, Tư tưởng Hồ Chí Minh, Thiết kế giao diện người dùng, Kiểm thử phần mềm, Mạng máy tính, Triết học Mác-Lênin, Quản lý dự án CNTT, Lập trình web nâng cao, Hệ điều hành, Lập trình di động iOS/Android, Học sâu, Học máy, Kỹ thuật phần mềm nâng cao, Giáo dục thể chất, Lập trình hướng đối tượng, Toán cao cấp, Blockchain cơ bản, Machine Learning với TensorFlow, Giáo dục quốc phòng - An ninh, Kỹ năng mềm, Lập trình Python, Xử lý ngôn ngữ tự nhiên, Cơ sở dữ liệu, Hệ thống phân tán, Xác suất thống kê, Phát triển ứng dụng web, Mật mã học","Game Development, Khoa học dữ liệu, Trí tuệ nhân tạo"
SV10196,Kinh tế số,6.8,"Ngân hàng thương mại, Tài chính doanh nghiệp, Quản trị chiến lược, Xác suất thống kê, Logistics, Kế toán tài chính, Giải tích, Quản trị kinh doanh, Giáo dục thể chất, Kinh tế phát triển, Kinh tế lượng, Tư duy logic và giải quyết vấn đề, Chuỗi cung ứng, Tư tưởng Hồ Chí Minh, Tài chính quốc tế, Kỹ năng mềm, Toán cao cấp, Triết học Mác-Lênin, Kinh tế vi mô, Quản trị nhân sự, Marketing số, Tin học cơ bản, Tiếng Anh chuyên ngành, Thương mại điện tử","Đầu tư, Khởi nghiệp, Marketing số"
SV10197,Y khoa,7.9,"Triết học Mác-Lênin, Kỹ năng mềm, Bệnh học ngoại khoa, Miễn dịch học, Dinh dưỡng học, Tiếng Anh chuyên ngành, Dược lý học, Giải phẫu học, Hóa sinh y học, Dược lý lâm sàng, Y học dự phòng, Toán cao cấp, Vi sinh y học, Tư tưởng Hồ Chí Minh, Giáo dục thể chất, Sinh lý học, Giải tích, Tin học cơ bản","Thương mại điện tử, Vẽ tranh, Kể chuyện, Phát triển web"
SV10198,Trí tuệ nhân tạo và Học máy,7.8,"Quản lý dự án CNTT, Toán cao cấp, Cyber Security nâng cao, Tin học cơ bản, Trí tuệ nhân tạo, Phát triển ứng dụng web, An toàn thông tin, Lập trình Python, Cấu trúc dữ liệu và Giải thuật, Tư tưởng Hồ Chí Minh, Xác suất thống kê, Tư duy logic và giải quyết vấn đề, Phát triển game, Hệ thống nhúng, Phát triển ứng dụng di động, Kỹ thuật phần mềm nâng cao, Giải tích, Tiếng Anh chuyên ngành, Mạng máy tính, Hệ thống phân tán, Blockchain cơ bản, DevOps và CI/CD, Học máy, Xử lý ngôn ngữ tự nhiên, Triết học Mác-Lênin, Lập trình C/C++, Lập trình Java, Giáo dục quốc phòng - An ninh, Mật mã học, Phát triển phần mềm doanh nghiệp","Thiết kế UI/UX, Cyber Security"
SV10199,Ngôn ngữ Anh,6.6,"Giải tích, Tin học cơ bản, Tiếng Anh chuyên ngành, Giáo dục thể chất, Dịch Việt-Anh, Kỹ năng đọc hiểu tiếng Anh, Triết học Mác-Lênin, Tiếng Anh học thuật, Ngữ âm học tiếng Anh, Ngữ pháp tiếng Anh nâng cao, Tiếng Anh cho kinh doanh, Kỹ năng nói tiếng Anh, Kỹ năng viết tiếng Anh, Kỹ năng nghe tiếng Anh, Văn hóa Anh-Mỹ, Toán cao cấp","Viết lách, Phân tích dữ liệu, Ẩm thực"
SV10200,Sư phạm Ngữ văn,8.1,"Giải tích, Tiếng Anh chuyên ngành, Nghiên cứu tác phẩm Nguyễn Du, Tư duy logic và giải quyết vấn đề, Triết học Mác-Lênin, Môn tự chọn 1, Môn tự chọn 2, Xác suất thống kê, Văn học so sánh, Toán cao cấp, Ngữ pháp tiếng Việt, Lịch sử văn học thế giới, Văn học dân gian, Văn học hiện đại Việt Nam, Tư tưởng Hồ Chí Minh, Văn học Việt Nam cổ điển, Kỹ năng mềm, Văn học Việt Nam hiện đại, Tin học cơ bản, Phương pháp giảng dạy Ngữ văn, Phân tích tác phẩm văn học, Lí luận văn học, Giáo dục quốc phòng - An ninh, Giáo dục thể chất, Phương pháp dạy văn lớp 12",Chơi nhạc cụ
SV10201,Công nghệ thông tin,8.3,"DevOps và CI/CD, Hệ thống phân tán, Big Data và Hadoop, Lập trình hướng đối tượng, Phát triển ứng dụng di động, Phát triển ứng dụng web, Giải tích, Triết học Mác-Lênin, Lập trình Java, Lập trình web nâng cao, Trí tuệ nhân tạo, Thiết kế giao diện người dùng, An toàn thông tin, Tư duy logic và giải quyết vấn đề, Mạng máy tính, Giáo dục thể chất, Xử lý ngôn ngữ tự nhiên, Internet of Things, Học máy, Cơ sở dữ liệu, Cấu trúc dữ liệu và Giải thuật, Toán cao cấp, Lập trình Python, Giáo dục quốc phòng - An ninh, Tư tưởng Hồ Chí Minh, Xác suất thống kê, Hệ điều hành, Machine Learning với TensorFlow, Phát triển game, Cyber Security nâng cao, Kỹ thuật phần mềm nâng cao, Mật mã học, Blockchain cơ bản, Hệ thống nhúng","Phân tích dữ liệu, Phát triển web, Internet of Things, Cloud Computing"
SV10202,Kỹ thuật phần mềm,8.8,"Phân tích và thiết kế hệ thống, Phát triển ứng dụng di động, Toán cao cấp, Cấu trúc dữ liệu và Giải thuật, Hệ thống nhúng, Phát triển ứng dụng web, Trí tuệ nhân tạo, Hệ điều hành, Tư duy logic và giải quyết vấn đề, Giáo dục thể chất","Internet of Things, Robot học, Phân tích dữ liệu"
SV10203,Sư phạm Lịch sử,8.8,"Lịch sử Đảng Cộng sản Việt Nam, Phân tích sự kiện lịch sử, Phương pháp giảng dạy Lịch sử, Giải tích, Tin học cơ bản, Lịch sử thế giới cổ đại, Môn tự chọn 2, Giáo dục thể chất, Lịch sử Việt Nam hiện đại, Triết học Mác-Lênin, Môn tự chọn 1, Môn tự chọn 3, Môn tự chọn 9, Tư tưởng Hồ Chí Minh, Lịch sử Việt Nam cổ đại, Xác suất thống kê, Giáo dục quốc phòng - An ninh, Toán cao cấp, Môn tự chọn 6, Kỹ năng mềm, Môn tự chọn 7, Môn tự chọn 8, Lịch sử văn hóa Việt Nam, Lịch sử thế giới hiện đại, Môn tự chọn 10, Tư duy logic và giải quyết vấn đề, Tiếng Anh chuyên ngành, Môn tự chọn 5, Dạy học lịch sử phổ thông, Môn tự chọn 4","Nhiếp ảnh, Đọc sách, Viết lách"
SV10204,Kỹ thuật y sinh,6.3,"Công nghệ sinh học ứng dụng, Tiếng Anh chuyên ngành, Môn tự chọn 11, Hình ảnh y khoa, Thiết bị y tế, Môn tự chọn 3, Kỹ thuật tế bào, Kỹ năng mềm, Kỹ thuật mô sinh học, Môn tự chọn 4, Giáo dục quốc phòng - An ninh, Tư duy logic và giải quyết vấn đề, Môn tự chọn 13, Sinh học phân tử, Giải tích, Môn tự chọn 6, Xác suất thống kê, Môn tự chọn 1, Môn tự chọn 8, Môn tự chọn 10, Môn tự chọn 5, Triết học Mác-Lênin, Môn tự chọn 14, Tin học cơ bản, Vật liệu sinh học, Kỹ thuật y sinh, Công nghệ gen, Môn tự chọn 2, Toán cao cấp, Công nghệ nano y sinh, Môn tự chọn 7, Giáo dục thể chất, Tư tưởng Hồ Chí Minh, Môn tự chọn 15, Môn tự chọn 9, Môn tự chọn 12","Big Data, Thiết kế UI/UX, Khoa học dữ liệu"
SV10205,Kế toán,6.8,"Tài chính doanh nghiệp, Kinh tế phát triển, Giáo dục thể chất, Tin học cơ bản, Logistics, Triết học Mác-Lênin, Kế toán quản trị, Toán cao cấp, Kinh tế lượng, Quản trị chiến lược, Tư tưởng Hồ Chí Minh, Ngân hàng thương mại, Kế toán tài chính, Tài chính quốc tế, Quản trị nhân sự, Giải tích, Kinh tế vi mô","Đầu tư, Quản trị dự án, Fintech"
SV10206,Thiết kế thời trang,8.2,"Môn tự chọn 9, Toán cao cấp, Môn tự chọn 7, Môn tự chọn 2, Môn tự chọn 4, Môn tự chọn 24, Môn tự chọn 15, Môn tự chọn 5, Tin học cơ bản, Môn tự chọn 12, Môn tự chọn 11, Môn tự chọn 6, Môn tự chọn 17, Môn tự chọn 1, Môn tự chọn 3, Giáo dục quốc phòng - An ninh, Môn tự chọn 20, Môn tự chọn 8, Môn tự chọn 18, Môn tự chọn 13, Môn tự chọn 26, Giải tích, Kỹ năng mềm, Triết học Mác-Lênin, Môn tự chọn 21, Môn tự chọn 10, Môn tự chọn 19, Môn tự chọn 22, Môn tự chọn 25, Môn tự chọn 16, Tiếng Anh chuyên ngành, Giáo dục thể chất, Môn tự chọn 27, Môn tự chọn 14, Xác suất thống kê, Tư tưởng Hồ Chí Minh, Tư duy logic và giải quyết vấn đề, Môn tự chọn 23","Diễn thuyết, Viết lách, Thơ ca"
SV10207,Quan hệ quốc tế,8.2,"Học máy, DevOps và CI/CD, Internet of Things, Lập trình web nâng cao, Thị giác máy tính, Mạng máy tính, Big Data và Hadoop, Giáo dục quốc phòng - An ninh, Phát triển game, Giáo dục thể chất, Hệ điều hành, Machine Learning với TensorFlow, Phát triển ứng dụng di động, Lập trình C/C++, Kiểm thử phần mềm, Giải tích, Quản lý dự án CNTT, Cyber Security nâng cao, Cloud Computing - AWS/Azure, Học sâu, Tư duy logic và giải quyết vấn đề, Blockchain cơ bản, Kỹ năng mềm, Lập trình di động iOS/Android, Lập trình Java, Phân tích và thiết kế hệ thống, Mật mã học, Toán cao cấp, Lập trình Python, Tư tưởng Hồ Chí Minh, An toàn thông tin, Cấu trúc dữ liệu và Giải thuật, Xác suất thống kê, Thiết kế giao diện người dùng, Lập trình hướng đối tượng, Trí tuệ nhân tạo, Xử lý ngôn ngữ tự nhiên, Hệ thống nhúng","Khoa học dữ liệu, Robot học, Blockchain, DevOps, Thiết kế UI/UX"
SV10208,Y khoa,8.2,"Giáo dục quốc phòng - An ninh, Bệnh học truyền nhiễm, Giải tích, Bệnh học nội khoa, Xác suất thống kê, Tiếng Anh chuyên ngành, Giải phẫu học, Y học cổ truyền, Kỹ năng mềm, Tin học cơ bản, Dược lý học, Sinh lý học, Dược lý lâm sàng, Dinh dưỡng học, Tư duy logic và giải quyết vấn đề, Vi sinh y học, Toán cao cấp, Tư tưởng Hồ Chí Minh, Y học dự phòng, Bệnh học ngoại khoa, Dược lâm sàng, Miễn dịch học, Giáo dục thể chất, Hóa sinh y học, Triết học Mác-Lênin","Diễn thuyết, Cyber Security"
SV10209,Công nghệ thông tin,10,"Tin học cơ bản, Tư tưởng Hồ Chí Minh, Big Data và Hadoop, Học máy, Hệ thống phân tán, Blockchain cơ bản, Kiểm thử phần mềm, Internet of Things, Cấu trúc dữ liệu và Giải thuật, Lập trình Java, Toán cao cấp, Xử lý ngôn ngữ tự nhiên, Hệ thống nhúng, Mật mã học, Thị giác máy tính, Tư duy logic và giải quyết vấn đề, Giải tích, Kỹ năng mềm, Phát triển phần mềm doanh nghiệp, Lập trình hướng đối tượng, Lập trình web nâng cao, Giáo dục quốc phòng - An ninh, Kỹ thuật phần mềm nâng cao, Mạng máy tính, Lập trình di động iOS/Android, An toàn thông tin, Lập trình Python, Giáo dục thể chất","Lập trình, Khoa học dữ liệu, Robot học, Machine Learning, Cloud Computing"
SV10210,Hệ thống thông tin,8.3,"Phát triển ứng dụng di động, Tư duy logic và giải quyết vấn đề, Phát triển game, Toán cao cấp, Quản lý dự án CNTT, Hệ điều hành, Thiết kế giao diện người dùng, DevOps và CI/CD, An toàn thông tin, Cơ sở dữ liệu, Kỹ thuật phần mềm nâng cao, Lập trình di động iOS/Android, Mật mã học","Nhiếp ảnh, Blockchain"
SV10211,Kế toán,8.8,"Tiếng Anh chuyên ngành, Kế toán tài chính, Giáo dục thể chất, Kinh tế quốc tế, Kinh tế phát triển, Kinh tế vĩ mô, Kỹ năng mềm, Logistics, Tư tưởng Hồ Chí Minh, Chuỗi cung ứng, Quản trị chiến lược, Ngân hàng thương mại, Quản trị kinh doanh, Marketing cơ bản, Giải tích, Kinh tế lượng, Tin học cơ bản, Môn tự chọn 5, Triết học Mác-Lênin, Môn tự chọn 4, Marketing số, Xác suất thống kê, Tài chính doanh nghiệp, Môn tự chọn 3, Quản trị nhân sự, Toán cao cấp, Tài chính quốc tế, Tư duy logic và giải quyết vấn đề, Môn tự chọn 1, Kế toán quản trị, Môn tự chọn 2, Thương mại điện tử, Giáo dục quốc phòng - An ninh, Kinh tế vi mô","Bán hàng, Đầu tư, Fintech, Thương mại điện tử, Trí tuệ nhân tạo"
SV10212,An ninh mạng,8.7,"Hệ thống phân tán, Tư duy logic và giải quyết vấn đề, An ninh mạng cơ bản, Triết học Mác-Lênin, Hệ thống nhúng, Big Data và Hadoop, Thiết kế giao diện người dùng, Lập trình Java, Mạng máy tính, Học máy, Lập trình web nâng cao, Lập trình Python, Học sâu, Cyber Security nâng cao, Giải tích","Lập trình, Âm nhạc"
SV10213,Marketing,8.4,"Kế toán tài chính, Ngân hàng thương mại, Kỹ năng mềm, Kế toán quản trị, Triết học Mác-Lênin, Marketing cơ bản, Tài chính quốc tế, Toán cao cấp, Marketing số, Kinh tế quốc tế, Kinh tế phát triển, Kinh tế vi mô, Tin học cơ bản, Quản trị chiến lược, Quản trị kinh doanh","Marketing số, Đầu tư"
SV10214,Quản trị khách sạn,7.4,"Tài chính quốc tế, Kỹ năng mềm, Marketing số, Giáo dục quốc phòng - An ninh, Kế toán tài chính, Giải tích, Kinh tế vi mô, Xác suất thống kê, Thương mại điện tử, Marketing cơ bản, Tin học cơ bản, Tiếng Anh chuyên ngành, Kinh tế lượng, Quản trị chiến lược","Fintech, Thương mại điện tử, Bán hàng, Khởi nghiệp"
SV10215,Fintech,8.5,"Mật mã học, Phát triển phần mềm doanh nghiệp, Big Data và Hadoop, Hệ điều hành, Trí tuệ nhân tạo, Internet of Things, Lập trình C/C++, Phân tích và thiết kế hệ thống, Kiểm thử phần mềm, Machine Learning với TensorFlow, Thiết kế giao diện người dùng, Quản lý dự án CNTT, Hệ thống nhúng, Triết học Mác-Lênin, Cơ sở dữ liệu, Kỹ thuật phần mềm nâng cao, DevOps và CI/CD, Lập trình Java, Xử lý ngôn ngữ tự nhiên, Giáo dục quốc phòng - An ninh","Cloud Computing, Thiết kế UI/UX, DevOps"
SV10216,Sư phạm Tin học,6.9,"Lập trình Scratch cho học sinh, Kỹ năng mềm, Môn tự chọn 12, Lập trình Python cho giáo viên, Tin học cơ bản, Môn tự chọn 7, Giáo dục thể chất, Phát triển bài giảng Tin học, Đánh giá học tập Tin học, Triết học Mác-Lênin, Thiết kế khóa học trực tuyến, Môn tự chọn 8, Xác suất thống kê, Môn tự chọn 13, Quản lý lớp học CNTT, Môn tự chọn 14, Môn tự chọn 2, Giải tích, Môn tự chọn 1, Môn tự chọn 6, Tư duy logic và giải quyết vấn đề, Ứng dụng AI trong giảng dạy, Tư tưởng Hồ Chí Minh, Môn tự chọn 4, Lập trình cơ bản cho giáo viên, Giáo dục kỹ năng số, Toán cao cấp, Môn tự chọn 5, Dạy học Tin học phổ thông, Phần mềm giáo dục, Môn tự chọn 9, An toàn mạng trong trường học, Công nghệ thông tin trong giáo dục, Môn tự chọn 15, Môn tự chọn 10, Giáo dục quốc phòng - An ninh, Môn tự chọn 11, Phương pháp giảng dạy Tin học, Tiếng Anh chuyên ngành, Môn tự chọn 3","Du lịch khám phá, Ẩm thực, Thơ ca, Đọc sách"
SV10217,Công nghệ thông tin,7.5,"An ninh mạng cơ bản, An toàn thông tin, Blockchain cơ bản, Kỹ thuật phần mềm nâng cao, Học sâu, Tư duy logic và giải quyết vấn đề, Phát triển ứng dụng web, Thị giác máy tính, Internet of Things, Hệ điều hành, Quản lý dự án CNTT, Mật mã học, Triết học Mác-Lênin, Phân tích và thiết kế hệ thống, Mạng máy tính, Lập trình di động iOS/Android, Thiết kế giao diện người dùng, Phát triển phần mềm doanh nghiệp, Xác suất thống kê, Tin học cơ bản, Học máy, Lập trình Python, Hệ thống nhúng, Giáo dục thể chất, Phát triển ứng dụng di động, Tư tưởng Hồ Chí Minh, Toán cao cấp, Tiếng Anh chuyên ngành, Kỹ năng mềm, Machine Learning với TensorFlow, Trí tuệ nhân tạo, Lập trình Java, Phát triển game, Xử lý ngôn ngữ tự nhiên, Kiểm thử phần mềm, Lập trình web nâng cao, Cloud Computing - AWS/Azure, Cơ sở dữ liệu, Cyber Security nâng cao, Giáo dục quốc phòng - An ninh","Cyber Security, Phát triển ứng dụng di động, Ẩm thực"
SV10218,Ngôn ngữ Anh,7.2,"Tiếng Anh chuyên ngành, Dịch Việt-Anh, Ngữ pháp tiếng Anh nâng cao, Tiếng Anh báo chí, Tư tưởng Hồ Chí Minh, Kỹ năng mềm, Toán cao cấp, Dịch Anh-Việt, Môn tự chọn 2, Văn học Anh, Triết học Mác-Lênin, Tiếng Anh thương mại, Tư duy logic và giải quyết vấn đề, Giải tích, Tiếng Anh học thuật, Kỹ năng đọc hiểu tiếng Anh, Tiếng Anh chuyên ngành pháp lý, Ngữ âm học tiếng Anh, Kỹ năng nói tiếng Anh, Kỹ năng viết tiếng Anh, Môn tự chọn 1, Tin học cơ bản, Tiếng Anh cho kinh doanh, Môn tự chọn 4, Xác suất thống kê, Giáo dục quốc phòng - An ninh, Môn tự chọn 3, Kỹ năng nghe tiếng Anh, Văn hóa Anh-Mỹ, Phiên dịch hội nghị, Giáo dục thể chất","Đọc sách, Bán hàng"
SV10219,Sư phạm Tin học,7.8,"Môn tự chọn 6, Phát triển bài giảng Tin học, Giáo dục thể chất, Tiếng Anh chuyên ngành, Môn tự chọn 11, Dạy học Tin học phổ thông, Môn tự chọn 3, Xác suất thống kê, Triết học Mác-Lênin, Kỹ năng mềm, Giải tích, Phần mềm giáo dục, Lập trình cơ bản cho giáo viên, Quản lý lớp học CNTT, Tư tưởng Hồ Chí Minh, Tư duy logic và giải quyết vấn đề, Môn tự chọn 5, Thiết kế khóa học trực tuyến, Môn tự chọn 12, Ứng dụng AI trong giảng dạy, Môn tự chọn 4, Môn tự chọn 7, Giáo dục quốc phòng - An ninh, Môn tự chọn 8, Môn tự chọn 2, Lập trình Python cho giáo viên, Công nghệ thông tin trong giáo dục, Giáo dục kỹ năng số, Đánh giá học tập Tin học, Môn tự chọn 9, Môn tự chọn 10, An toàn mạng trong trường học, Tin học cơ bản, Phương pháp giảng dạy Tin học, Môn tự chọn 1, Toán cao cấp, Lập trình Scratch cho học sinh",Làm video
SV10220,Âm nhạc học,10,"Tư tưởng Hồ Chí Minh, Kỹ thuật thanh nhạc, Kỹ năng mềm, Phân tích tác phẩm âm nhạc, Tin học cơ bản, Giải tích, Xác suất thống kê, Triết học Mác-Lênin, Âm nhạc lý thuyết, Hòa âm, Soạn nhạc cơ bản, Giáo dục quốc phòng - An ninh, Tư duy logic và giải quyết vấn đề, Biểu diễn nhạc cụ, Âm nhạc cổ điển phương Tây, Toán cao cấp, Âm nhạc dân gian Việt Nam, Giáo dục thể chất, Tiếng Anh chuyên ngành, Âm nhạc hiện đại, Lịch sử âm nhạc","Yoga, Du lịch khám phá, Thơ ca, Đọc sách"
SV10221,Sư phạm Lịch sử,5.8,"Môn tự chọn 3, Dạy học lịch sử phổ thông, Tư duy logic và giải quyết vấn đề, Phân tích sự kiện lịch sử, Môn tự chọn 2, Lịch sử thế giới cổ đại, Môn tự chọn 8, Tư tưởng Hồ Chí Minh, Môn tự chọn 6, Lịch sử thế giới hiện đại, Xác suất thống kê, Giải tích, Môn tự chọn 1, Lịch sử Việt Nam hiện đại, Lịch sử văn hóa Việt Nam, Giáo dục thể chất, Tin học cơ bản, Môn tự chọn 4, Toán cao cấp, Phương pháp giảng dạy Lịch sử, Môn tự chọn 7, Giáo dục quốc phòng - An ninh, Triết học Mác-Lênin, Kỹ năng mềm, Lịch sử Việt Nam cổ đại, Môn tự chọn 5, Tiếng Anh chuyên ngành, Lịch sử Đảng Cộng sản Việt Nam","Đọc sách, Vẽ tranh, Thiền, Âm nhạc"
SV10222,Kỹ thuật hóa học,8.4,"Tiếng Anh chuyên ngành, Giáo dục thể chất, Môn tự chọn 10, Kỹ năng mềm, Kỹ thuật hóa học, Môn tự chọn 5, Triết học Mác-Lênin, Tin học cơ bản, Môn tự chọn 6, Giải tích, Tư tưởng Hồ Chí Minh, Giáo dục quốc phòng - An ninh, Kỹ thuật polymer, Xác suất thống kê, Tư duy logic và giải quyết vấn đề, Hóa phân tích môi trường, Môn tự chọn 4, Kỹ thuật môi trường, Kỹ thuật nhiệt hóa học, Môn tự chọn 1, Hóa học công nghiệp, Môn tự chọn 15, Ô nhiễm không khí, Môn tự chọn 14, Môn tự chọn 8, Môn tự chọn 2, Môn tự chọn 3, Công nghệ xử lý nước, Xử lý chất thải rắn, Môn tự chọn 11, Xử lý nước thải, Môn tự chọn 9, Toán cao cấp, Môn tự chọn 13, Môn tự chọn 12, Kỹ thuật phản ứng hóa học, Môn tự chọn 7","Internet of Things, Thiết kế UI/UX, Cyber Security"
SV10223,Quan hệ quốc tế,6.1,"Phát triển phần mềm doanh nghiệp, Xác suất thống kê, Phát triển ứng dụng web, Giải tích, Cloud Computing - AWS/Azure, Hệ thống phân tán, Internet of Things, Trí tuệ nhân tạo, Thị giác máy tính, Machine Learning với TensorFlow, Học máy, DevOps và CI/CD, Thiết kế giao diện người dùng","Lập trình, Cyber Security, Blockchain"
SV10224,Kế toán,7.2,"Quản trị chiến lược, Giải tích, Xác suất thống kê, Tài chính doanh nghiệp, Kinh tế phát triển, Tài chính quốc tế, Kinh tế lượng, Tin học cơ bản, Chuỗi cung ứng, Tư duy logic và giải quyết vấn đề, Giáo dục quốc phòng - An ninh, Quản trị kinh doanh, Quản trị nhân sự, Kỹ năng mềm, Thương mại điện tử, Tư tưởng Hồ Chí Minh, Toán cao cấp, Marketing cơ bản","Thương mại điện tử, Học ngoại ngữ"
SV10225,Sư phạm Lịch sử,8.8,"Giải tích, Lịch sử Đảng Cộng sản Việt Nam, Lịch sử Việt Nam cổ đại, Lịch sử thế giới hiện đại, Tư duy logic và giải quyết vấn đề, Dạy học lịch sử phổ thông, Xác suất thống kê, Giáo dục thể chất, Phương pháp giảng dạy Lịch sử, Lịch sử văn hóa Việt Nam, Lịch sử Việt Nam hiện đại, Tin học cơ bản","DevOps, Vẽ tranh, Diễn thuyết, Làm video"
SV10226,Công nghệ thông tin,7.8,"Lập trình di động iOS/Android, Blockchain cơ bản, Phát triển game, Tin học cơ bản, Lập trình Python, Triết học Mác-Lênin, Quản lý dự án CNTT, DevOps và CI/CD, Kỹ thuật phần mềm nâng cao, Tư duy logic và giải quyết vấn đề, Cyber Security nâng cao, Cơ sở dữ liệu, Giáo dục quốc phòng - An ninh, Kỹ năng mềm, Trí tuệ nhân tạo, Xử lý ngôn ngữ tự nhiên, An toàn thông tin, Lập trình C/C++, Thiết kế giao diện người dùng, Hệ thống nhúng, Cloud Computing - AWS/Azure, Cấu trúc dữ liệu và Giải thuật, Tư tưởng Hồ Chí Minh, Giải tích, Kiểm thử phần mềm, Mật mã học, Lập trình Java, Hệ điều hành, Machine Learning với TensorFlow, Lập trình web nâng cao, Mạng máy tính","Phát triển web, Phân tích dữ liệu, Internet of Things"
SV10227,Marketing,6.6,"Quản trị kinh doanh, Kế toán tài chính, Tin học cơ bản, Chuỗi cung ứng, Marketing cơ bản, Tư duy logic và giải quyết vấn đề, Xác suất thống kê, Logistics, Triết học Mác-Lênin, Kinh tế vi mô, Tài chính quốc tế, Quản trị nhân sự, Kinh tế phát triển, Kế toán quản trị, Thương mại điện tử, Kinh tế lượng, Tiếng Anh chuyên ngành, Môn tự chọn 1, Kinh tế quốc tế, Toán cao cấp, Kinh tế vĩ mô, Giáo dục thể chất, Kỹ năng mềm, Tài chính doanh nghiệp, Giáo dục quốc phòng - An ninh, Marketing số, Tư tưởng Hồ Chí Minh, Quản trị chiến lược, Giải tích, Ngân hàng thương mại","Machine Learning, Khởi nghiệp"
SV10228,Trí tuệ nhân tạo và Học máy,7,"Kiểm thử phần mềm, Cơ sở dữ liệu, Cyber Security nâng cao, Phát triển ứng dụng web, DevOps và CI/CD, Toán cao cấp, Xử lý ngôn ngữ tự nhiên, Quản lý dự án CNTT, Tư duy logic và giải quyết vấn đề, Machine Learning với TensorFlow, Thị giác máy tính, Blockchain cơ bản, Phát triển game, Phát triển ứng dụng di động, Học sâu, Lập trình C/C++, Kỹ thuật phần mềm nâng cao, Học máy, Tiếng Anh chuyên ngành, Trí tuệ nhân tạo, Giáo dục quốc phòng - An ninh, Thiết kế giao diện người dùng, Tư tưởng Hồ Chí Minh, Hệ thống phân tán, Giải tích, Phân tích và thiết kế hệ thống, Big Data và Hadoop, An ninh mạng cơ bản, Phát triển phần mềm doanh nghiệp, Lập trình hướng đối tượng, Hệ thống nhúng, Internet of Things","Robot học, Thiết kế UI/UX, Phát triển ứng dụng di động, Phân tích dữ liệu"
SV10229,Khoa học dữ liệu,8.4,"Kỹ thuật phần mềm nâng cao, An ninh mạng cơ bản, Hệ điều hành, Xác suất thống kê, Cơ sở dữ liệu, Mạng máy tính, Trí tuệ nhân tạo, Phát triển ứng dụng web, Cloud Computing - AWS/Azure, Phát triển ứng dụng di động, Cấu trúc dữ liệu và Giải thuật, Lập trình di động iOS/Android, Lập trình Java, Hệ thống phân tán, Phát triển game, Machine Learning với TensorFlow, Lập trình C/C++, Cyber Security nâng cao, Blockchain cơ bản, Mật mã học, Học máy, An toàn thông tin, Phân tích và thiết kế hệ thống, Lập trình hướng đối tượng, Thiết kế giao diện người dùng, Tin học cơ bản, Tư duy logic và giải quyết vấn đề, Lập trình Python, Giải tích, DevOps và CI/CD, Hệ thống nhúng, Triết học Mác-Lênin, Quản lý dự án CNTT, Tư tưởng Hồ Chí Minh","Cloud Computing, Machine Learning, Blockchain, Phát triển web"
SV10230,Kỹ thuật y sinh,7,"Giáo dục quốc phòng - An ninh, Công nghệ nano y sinh, Môn tự chọn 3, Xác suất thống kê, Môn tự chọn 8, Tư tưởng Hồ Chí Minh, Giải tích, Môn tự chọn 1, Kỹ thuật tế bào, Môn tự chọn 7, Hình ảnh y khoa, Thiết bị y tế, Vật liệu sinh học, Triết học Mác-Lênin, Kỹ năng mềm, Tư duy logic và giải quyết vấn đề, Môn tự chọn 4, Tin học cơ bản, Môn tự chọn 5, Môn tự chọn 2, Môn tự chọn 9, Giáo dục thể chất, Kỹ thuật mô sinh học, Sinh học phân tử, Công nghệ gen, Công nghệ sinh học ứng dụng, Tiếng Anh chuyên ngành, Toán cao cấp, Môn tự chọn 10, Môn tự chọn 6, Kỹ thuật y sinh",Phát triển ứng dụng di động
SV10231,Công nghệ sinh học,7.9,"Kỹ thuật mô sinh học, Kỹ năng mềm, Tiếng Anh chuyên ngành, Tư tưởng Hồ Chí Minh, Môn tự chọn 4, Vật liệu sinh học, Công nghệ nano y sinh, Hình ảnh y khoa, Môn tự chọn 6, Kỹ thuật y sinh, Xác suất thống kê, Giải tích, Kỹ thuật tế bào, Thiết bị y tế, Môn tự chọn 7, Sinh học phân tử, Môn tự chọn 5, Toán cao cấp, Triết học Mác-Lênin, Tin học cơ bản, Môn tự chọn 2, Môn tự chọn 1, Công nghệ gen, Giáo dục quốc phòng - An ninh, Tư duy logic và giải quyết vấn đề, Môn tự chọn 3, Công nghệ sinh học ứng dụng, Giáo dục thể chất","Cyber Security, Phát triển web, Internet of Things"
SV10232,Kỹ thuật điện tử - Viễn thông,7.7,"Tin học cơ bản, Mạng viễn thông, Kỹ năng mềm, Anten và sóng điện từ, Hệ thống nhúng nâng cao, Điện tử năng lượng, Điện tử cơ bản, Hệ thống điều khiển tự động, Truyền thông số, Mạng không dây, Điện tử viễn thông, Truyền thông quang, Xác suất thống kê, Triết học Mác-Lênin, Truyền thông vô tuyến, Tiếng Anh chuyên ngành, Tư tưởng Hồ Chí Minh, Xử lý tín hiệu số, Giáo dục quốc phòng - An ninh, Tư duy logic và giải quyết vấn đề, Điện tử số, Kỹ thuật radar, Giải tích, Hệ thống điện tử nhúng, Kỹ thuật vi mạch, Toán cao cấp, Đo lường điện tử, Điện tử công suất",Phân tích dữ liệu
SV10233,Răng - Hàm - Mặt,7,"Giải tích, Bệnh học nội khoa, Sinh lý học, Toán cao cấp, Tư duy logic và giải quyết vấn đề, Hóa sinh y học, Xác suất thống kê, Triết học Mác-Lênin, Giáo dục quốc phòng - An ninh, Tư tưởng Hồ Chí Minh, Vi sinh y học, Môn tự chọn 1, Giáo dục thể chất, Dược lý lâm sàng, Tiếng Anh chuyên ngành, Y học cổ truyền, Môn tự chọn 2, Kỹ năng mềm, Dược lâm sàng, Bệnh học ngoại khoa, Giải phẫu học, Y học dự phòng, Dược lý học, Dinh dưỡng học, Miễn dịch học, Tin học cơ bản, Bệnh học truyền nhiễm","Du lịch khám phá, Học ngoại ngữ, Phân tích dữ liệu"
SV10234,Kỹ thuật cơ khí,9.8,"Tư tưởng Hồ Chí Minh, Kỹ thuật sản xuất, Cơ điện tử, Tiếng Anh chuyên ngành, Cơ học kỹ thuật, Sản xuất tự động, Kỹ thuật gia công, Robot công nghiệp, Giáo dục quốc phòng - An ninh, Kỹ thuật nhiệt, Tư duy logic và giải quyết vấn đề, Thiết kế CAD/CAM, Cơ khí chính xác, Thiết kế máy, Tin học cơ bản, Kỹ năng mềm, Giáo dục thể chất, Cơ học vật liệu, Triết học Mác-Lênin, Xác suất thống kê, Toán cao cấp","Trí tuệ nhân tạo, Vẽ tranh"
SV10235,Kỹ thuật phần mềm,8.3,"Big Data và Hadoop, An toàn thông tin, Học máy, Lập trình Python, Toán cao cấp, Phát triển game, Machine Learning với TensorFlow, Lập trình C/C++, Hệ điều hành, DevOps và CI/CD, Tiếng Anh chuyên ngành, An ninh mạng cơ bản, Hệ thống phân tán, Tư duy logic và giải quyết vấn đề, Hệ thống nhúng, Giải tích, Trí tuệ nhân tạo, Mạng máy tính, Lập trình web nâng cao, Cyber Security nâng cao","Phát triển ứng dụng di động, Cyber Security"
SV10236,Kỹ thuật máy tính,5.7,"Giải tích, Triết học Mác-Lênin, Xử lý tín hiệu số, Xác suất thống kê, Điện tử năng lượng, Điện tử viễn thông, Anten và sóng điện từ, Tư duy logic và giải quyết vấn đề, Giáo dục thể chất, Truyền thông quang, Kỹ thuật radar, Mạng viễn thông, Mạng không dây, Đo lường điện tử, Điện tử số, Tiếng Anh chuyên ngành, Giáo dục quốc phòng - An ninh, Điện tử cơ bản, Hệ thống nhúng nâng cao, Hệ thống điều khiển tự động, Hệ thống điện tử nhúng","Robot học, Game Development"
SV10237,Blockchain và Tiền mã hóa,7.9,"Cơ sở dữ liệu, Trí tuệ nhân tạo, Kỹ thuật phần mềm nâng cao, Tư duy logic và giải quyết vấn đề, Phát triển ứng dụng di động, Triết học Mác-Lênin, Cloud Computing - AWS/Azure, Cấu trúc dữ liệu và Giải thuật, Tin học cơ bản, Internet of Things","Machine Learning, Game Development, Phát triển web, Robot học"
SV10238,Kỹ thuật phần mềm,7,"Hệ điều hành, Cloud Computing - AWS/Azure, Giáo dục quốc phòng - An ninh, Hệ thống nhúng, Phát triển ứng dụng di động, Giáo dục thể chất, Lập trình hướng đối tượng, Thiết kế giao diện người dùng, Phân tích và thiết kế hệ thống, Phát triển ứng dụng web, Phát triển game, Xử lý ngôn ngữ tự nhiên, Kỹ năng mềm, Tin học cơ bản, Triết học Mác-Lênin, Mật mã học, Lập trình Python, An ninh mạng cơ bản, Toán cao cấp, Lập trình di động iOS/Android, Lập trình Java, Machine Learning với TensorFlow, Học máy, Tư duy logic và giải quyết vấn đề, Mạng máy tính, Thị giác máy tính, Cyber Security nâng cao, Lập trình web nâng cao, An toàn thông tin",Trí tuệ nhân tạo
SV10239,Ngôn ngữ Anh,8.6,"Triết học Mác-Lênin, Toán cao cấp, Tư duy logic và giải quyết vấn đề, Dịch Việt-Anh, Giải tích, Tiếng Anh học thuật, Văn học Anh, Giáo dục thể chất, Tiếng Anh báo chí, Kỹ năng đọc hiểu tiếng Anh, Kỹ năng nói tiếng Anh, Kỹ năng viết tiếng Anh, Giáo dục quốc phòng - An ninh, Tiếng Anh chuyên ngành pháp lý, Phiên dịch hội nghị, Kỹ năng mềm, Dịch Anh-Việt, Tin học cơ bản","Machine Learning, Học ngoại ngữ, Nhiếp ảnh"
SV10240,Hệ thống thông tin,6.9,"Toán cao cấp, Tư tưởng Hồ Chí Minh, Tiếng Anh chuyên ngành, Kỹ thuật phần mềm nâng cao, Phát triển ứng dụng web, Phát triển game, Xác suất thống kê, Thiết kế giao diện người dùng, Big Data và Hadoop, DevOps và CI/CD, Giáo dục thể chất, Lập trình C/C++, Cyber Security nâng cao, Lập trình Python, Lập trình Java, Trí tuệ nhân tạo, Triết học Mác-Lênin, Lập trình di động iOS/Android, Thị giác máy tính, Giải tích, Cloud Computing - AWS/Azure, Xử lý ngôn ngữ tự nhiên, Giáo dục quốc phòng - An ninh, Internet of Things, Học sâu, Cấu trúc dữ liệu và Giải thuật, An toàn thông tin, Phân tích và thiết kế hệ thống, Kiểm thử phần mềm","Robot học, Cyber Security"
SV10241,Răng - Hàm - Mặt,7.6,"Dược lý lâm sàng, Giải phẫu học, Y học cổ truyền, Dược lý học, Tiếng Anh chuyên ngành, Tư tưởng Hồ Chí Minh, Bệnh học nội khoa, Dinh dưỡng học, Hóa sinh y học, Xác suất thống kê, Giáo dục thể chất, Vi sinh y học, Bệnh học truyền nhiễm, Tin học cơ bản, Toán cao cấp, Miễn dịch học, Giải tích, Triết học Mác-Lênin","Machine Learning, Diễn thuyết, Kinh doanh quốc tế"
SV10242,Kinh tế,8.2,"Tiếng Anh chuyên ngành, Triết học Mác-Lênin, Chuỗi cung ứng, Kinh tế vĩ mô, Giáo dục quốc phòng - An ninh, Quản trị nhân sự, Tài chính quốc tế, Tài chính doanh nghiệp, Marketing số, Quản trị chiến lược, Kinh tế phát triển, Xác suất thống kê, Kỹ năng mềm, Tin học cơ bản, Marketing cơ bản, Tư tưởng Hồ Chí Minh, Ngân hàng thương mại, Kinh tế lượng, Giáo dục thể chất, Kinh tế vi mô, Toán cao cấp, Kế toán quản trị, Thương mại điện tử, Logistics, Giải tích, Kế toán tài chính, Quản trị kinh doanh, Tư duy logic và giải quyết vấn đề","Fintech, Bán hàng, Thương mại điện tử"
SV10243,Ngôn ngữ Nhật,8.6,"Kanji, Ngữ pháp tiếng Nhật, Toán cao cấp, Môn tự chọn 15, Tiếng Nhật cho du lịch, Tiếng Nhật kinh doanh, Môn tự chọn 2, Tin học cơ bản, Xác suất thống kê, Văn học Nhật Bản, Môn tự chọn 5, Môn tự chọn 4, Môn tự chọn 10, Tư duy logic và giải quyết vấn đề, Môn tự chọn 6, Tiếng Anh chuyên ngành, Giải tích, Ngữ âm học tiếng Nhật, Hiragana & Katakana, Môn tự chọn 18, Môn tự chọn 12, Kỹ năng nghe nói tiếng Nhật, Kỹ năng mềm, Môn tự chọn 1, Môn tự chọn 3, Môn tự chọn 16, Dịch Nhật-Việt, Môn tự chọn 11, Tư tưởng Hồ Chí Minh, Môn tự chọn 17, Giáo dục thể chất, Môn tự chọn 7, Môn tự chọn 19, Môn tự chọn 14, Triết học Mác-Lênin, Văn hóa Nhật Bản, Môn tự chọn 9, Giáo dục quốc phòng - An ninh, Môn tự chọn 13, Môn tự chọn 8",Yoga
SV10244,Sư phạm Ngữ văn,6.5,"Ngữ pháp tiếng Việt, Kỹ năng mềm, Triết học Mác-Lênin, Môn tự chọn 6, Tin học cơ bản, Xác suất thống kê, Tư duy logic và giải quyết vấn đề, Môn tự chọn 4, Môn tự chọn 2, Môn tự chọn 7, Văn học dân gian, Văn học Việt Nam hiện đại, Môn tự chọn 8, Môn tự chọn 5, Tiếng Anh chuyên ngành, Lịch sử văn học thế giới, Môn tự chọn 1, Văn học hiện đại Việt Nam, Phương pháp giảng dạy Ngữ văn, Nghiên cứu tác phẩm Nguyễn Du, Văn học so sánh, Tư tưởng Hồ Chí Minh, Môn tự chọn 3, Toán cao cấp, Giáo dục thể chất, Lí luận văn học, Văn học Việt Nam cổ điển, Phân tích tác phẩm văn học, Giải tích, Giáo dục quốc phòng - An ninh, Phương pháp dạy văn lớp 12","Làm video, Ẩm thực, Học ngoại ngữ, Du lịch khám phá, Đọc sách"
SV10245,Kế toán,7.4,"Chuỗi cung ứng, Tiếng Anh chuyên ngành, Tài chính quốc tế, Logistics, Kế toán tài chính, Kỹ năng mềm, Môn tự chọn 3, Kinh tế phát triển, Tin học cơ bản, Xác suất thống kê, Quản trị chiến lược, Tư tưởng Hồ Chí Minh, Kế toán quản trị, Marketing cơ bản, Triết học Mác-Lênin, Giáo dục quốc phòng - An ninh, Marketing số, Giáo dục thể chất, Kinh tế lượng, Giải tích, Toán cao cấp, Tài chính doanh nghiệp, Môn tự chọn 2, Quản trị nhân sự, Kinh tế vĩ mô, Thương mại điện tử, Quản trị kinh doanh, Kinh tế vi mô, Kinh tế quốc tế, Tư duy logic và giải quyết vấn đề, Môn tự chọn 1, Ngân hàng thương mại",Quản trị dự án
SV10246,Thiết kế thời trang,7.2,"Môn tự chọn 24, Môn tự chọn 8, Môn tự chọn 17, Môn tự chọn 20, Môn tự chọn 6, Môn tự chọn 11, Môn tự chọn 14, Môn tự chọn 22, Môn tự chọn 9, Tin học cơ bản, Môn tự chọn 4, Môn tự chọn 12, Môn tự chọn 19, Môn tự chọn 1, Môn tự chọn 3, Kỹ năng mềm, Môn tự chọn 7, Môn tự chọn 2, Tư duy logic và giải quyết vấn đề, Giáo dục quốc phòng - An ninh, Môn tự chọn 18, Môn tự chọn 13, Môn tự chọn 10, Triết học Mác-Lênin, Môn tự chọn 25, Môn tự chọn 16, Toán cao cấp, Tiếng Anh chuyên ngành, Môn tự chọn 23, Môn tự chọn 5, Môn tự chọn 21, Môn tự chọn 15, Tư tưởng Hồ Chí Minh, Giáo dục thể chất, Giải tích, Xác suất thống kê","Du lịch khám phá, Làm video, Yoga"
SV10247,Ngôn ngữ Hàn Quốc,7,"Tư duy logic và giải quyết vấn đề, Giáo dục thể chất, Giáo dục quốc phòng - An ninh, Lịch sử Hàn Quốc, Xác suất thống kê, Kỹ năng nghe nói tiếng Hàn, Tư tưởng Hồ Chí Minh, Tin học cơ bản, Kỹ năng mềm, Triết học Mác-Lênin, Tiếng Hàn thương mại, Ngữ pháp tiếng Hàn, Văn hóa Hàn Quốc, Giải tích, Ngữ âm học tiếng Hàn, Dịch Hàn-Việt, Từ vựng tiếng Hàn, Hangeul","Du lịch khám phá, Kinh doanh quốc tế, Nhiếp ảnh, Vẽ tranh"
SV10248,Điều dưỡng,9.5,"Y học dự phòng, Miễn dịch học, Bệnh học ngoại khoa, Giáo dục quốc phòng - An ninh, Giải tích, Bệnh học nội khoa, Toán cao cấp, Triết học Mác-Lênin, Xác suất thống kê, Dinh dưỡng học, Giáo dục thể chất, Dược lâm sàng, Dược lý lâm sàng, Tư tưởng Hồ Chí Minh, Sinh lý học, Giải phẫu học, Bệnh học truyền nhiễm",Internet of Things
SV10249,Marketing,8.1,"Tư duy logic và giải quyết vấn đề, Kế toán quản trị, Tài chính doanh nghiệp, Kinh tế phát triển, Ngân hàng thương mại, Giáo dục quốc phòng - An ninh, Chuỗi cung ứng, Triết học Mác-Lênin, Thương mại điện tử, Quản trị nhân sự, Giải tích, Toán cao cấp, Tiếng Anh chuyên ngành, Marketing cơ bản","Đầu tư, Quản trị dự án, Thương mại điện tử, Khởi nghiệp"
SV10250,Kỹ thuật điện,6.4,"Hệ thống nhúng nâng cao, Tiếng Anh chuyên ngành, Tư tưởng Hồ Chí Minh, Môn tự chọn 8, Điện tử năng lượng, Môn tự chọn 3, Điện tử viễn thông, Môn tự chọn 5, Xử lý tín hiệu số, Môn tự chọn 7, Môn tự chọn 10, Giáo dục thể chất, Truyền thông số, Tư duy logic và giải quyết vấn đề, Môn tự chọn 4, Hệ thống điều khiển tự động, Môn tự chọn 2, Toán cao cấp, Giải tích, Giáo dục quốc phòng - An ninh, Anten và sóng điện từ, Triết học Mác-Lênin, Hệ thống điện tử nhúng, Mạng không dây, Xác suất thống kê, Kỹ thuật radar, Truyền thông quang, Mạng viễn thông, Tin học cơ bản, Môn tự chọn 11, Môn tự chọn 9, Điện tử số, Môn tự chọn 6, Truyền thông vô tuyến, Kỹ thuật vi mạch, Kỹ năng mềm, Điện tử công suất, Môn tự chọn 1, Điện tử cơ bản, Đo lường điện tử","Lập trình, Phát triển web, Robot học, DevOps"
SV10251,Thiết kế đồ họa,8.6,"Triết học Mác-Lênin, Môn tự chọn 4, Môn tự chọn 1, Giáo dục quốc phòng - An ninh, Tin học cơ bản, Giáo dục thể chất, Giải tích, Tư tưởng Hồ Chí Minh, Tư duy logic và giải quyết vấn đề, Môn tự chọn 3, Tiếng Anh chuyên ngành, Toán cao cấp, Môn tự chọn 2, Xác suất thống kê, Kỹ năng mềm",Vẽ tranh
SV10252,Ngôn ngữ Trung Quốc,9.8,"Tư tưởng Hồ Chí Minh, Tiếng Trung kinh tế, Ngữ âm học tiếng Trung, Môn tự chọn 10, Môn tự chọn 1, Môn tự chọn 2, Môn tự chọn 8, Văn hóa Trung Quốc, Tiếng Anh chuyên ngành, Ngữ pháp tiếng Trung, Triết học Mác-Lênin, Xác suất thống kê, Giáo dục quốc phòng - An ninh, Tư duy logic và giải quyết vấn đề, Môn tự chọn 4, Môn tự chọn 7, Tiếng Trung thương mại, Giáo dục thể chất, Hán tự học, Dịch Trung-Việt, Môn tự chọn 6, Môn tự chọn 5, Giải tích, Môn tự chọn 9, Toán cao cấp, Tin học cơ bản, Kỹ năng nghe nói tiếng Trung, Môn tự chọn 3, Kỹ năng mềm, Hán ngữ hiện đại, Môn tự chọn 11, Văn học cổ điển Trung Quốc","Khởi nghiệp, Đọc sách, Big Data"
SV10253,Luật,8.7,"Phát triển ứng dụng di động, Cơ sở dữ liệu, Lập trình web nâng cao, Lập trình Java, Cấu trúc dữ liệu và Giải thuật, Kỹ năng mềm, Lập trình di động iOS/Android, Học sâu, Kiểm thử phần mềm, Machine Learning với TensorFlow, Thiết kế giao diện người dùng, Hệ thống nhúng, Tư tưởng Hồ Chí Minh, Hệ thống phân tán, Cloud Computing - AWS/Azure","Cloud Computing, Lập trình, Blockchain"
SV10254,An ninh mạng,6.2,"Phát triển ứng dụng web, Kỹ năng mềm, Tư tưởng Hồ Chí Minh, Mật mã học, Hệ điều hành, Học sâu, Xác suất thống kê, An toàn thông tin, Phân tích và thiết kế hệ thống, Cloud Computing - AWS/Azure, Xử lý ngôn ngữ tự nhiên, Phát triển phần mềm doanh nghiệp, Triết học Mác-Lênin, Học máy, Kiểm thử phần mềm, Lập trình Java",Lập trình
SV10255,Tài chính - Ngân hàng,7.2,"Thương mại điện tử, Kinh tế vĩ mô, Marketing cơ bản, Kinh tế phát triển, Kinh tế lượng, Kinh tế vi mô, Kế toán quản trị, Giải tích, Quản trị kinh doanh, Xác suất thống kê, Logistics, Tư tưởng Hồ Chí Minh, Giáo dục quốc phòng - An ninh, Tin học cơ bản, Quản trị nhân sự, Chuỗi cung ứng, Tư duy logic và giải quyết vấn đề, Kế toán tài chính, Quản trị chiến lược, Kinh tế quốc tế, Toán cao cấp, Ngân hàng thương mại, Marketing số, Giáo dục thể chất","Fintech, Khởi nghiệp, Kinh doanh quốc tế, Quản trị dự án"
SV10256,Ngôn ngữ Anh,9,"Tiếng Anh chuyên ngành, Tiếng Anh chuyên ngành pháp lý, Giải tích, Tư tưởng Hồ Chí Minh, Ngữ âm học tiếng Anh, Toán cao cấp, Tiếng Anh báo chí, Ngữ pháp tiếng Anh nâng cao, Kỹ năng đọc hiểu tiếng Anh, Tin học cơ bản, Kỹ năng nghe tiếng Anh, Tiếng Anh cho kinh doanh, Dịch Việt-Anh, Xác suất thống kê, Tư duy logic và giải quyết vấn đề, Dịch Anh-Việt","Khoa học dữ liệu, Thiền, Fintech"
SV10257,Điều dưỡng,7,"Hóa sinh y học, Kỹ năng mềm, Môn tự chọn 1, Môn tự chọn 3, Giáo dục quốc phòng - An ninh, Giáo dục thể chất, Dược lâm sàng, Bệnh học ngoại khoa, Dược lý lâm sàng, Dược lý học, Y học cổ truyền, Dinh dưỡng học, Tư tưởng Hồ Chí Minh, Tư duy logic và giải quyết vấn đề, Tin học cơ bản, Miễn dịch học, Bệnh học truyền nhiễm, Sinh lý học, Toán cao cấp, Tiếng Anh chuyên ngành, Giải tích, Môn tự chọn 2, Xác suất thống kê, Triết học Mác-Lênin, Giải phẫu học, Vi sinh y học, Y học dự phòng, Bệnh học nội khoa","Cyber Security, Làm video, Nhiếp ảnh, Diễn thuyết, Kinh doanh quốc tế"
SV10258,Kỹ thuật hóa học,8.1,"Công nghệ xử lý nước, Ô nhiễm không khí, Xác suất thống kê, Giải tích, Hóa học công nghiệp, Toán cao cấp, Kỹ thuật phản ứng hóa học, Kỹ năng mềm, Xử lý nước thải, Kỹ thuật polymer, Hóa phân tích môi trường, Giáo dục thể chất, Kỹ thuật nhiệt hóa học, Xử lý chất thải rắn, Triết học Mác-Lênin, Kỹ thuật hóa học","Nhiếp ảnh, Phân tích dữ liệu, Machine Learning, Cyber Security, Phát triển web"
SV10259,Kỹ thuật cơ khí,8.5,"Kỹ thuật nhiệt, Tiếng Anh chuyên ngành, Kỹ thuật gia công, Động lực học máy, Kỹ thuật hàn, Kỹ thuật sản xuất, Cơ khí chế tạo, Thiết kế máy, Sản xuất tự động, Giáo dục quốc phòng - An ninh, Tư tưởng Hồ Chí Minh, Tư duy logic và giải quyết vấn đề, Cơ học vật liệu, Tin học cơ bản, Kỹ năng mềm","Cloud Computing, Robot học"
SV10260,Ngôn ngữ Hàn Quốc,6.8,"Môn tự chọn 2, Giải tích, Tư tưởng Hồ Chí Minh, Giáo dục thể chất, Hangeul, Từ vựng tiếng Hàn, Giáo dục quốc phòng - An ninh, Tiếng Anh chuyên ngành, Ngữ pháp tiếng Hàn, Môn tự chọn 1, Tư duy logic và giải quyết vấn đề, Tiếng Hàn thương mại, Dịch Hàn-Việt, Toán cao cấp, Kỹ năng mềm, Kỹ năng nghe nói tiếng Hàn, Tin học cơ bản, Lịch sử Hàn Quốc, Văn hóa Hàn Quốc, Xác suất thống kê, Triết học Mác-Lênin, K-pop và văn hóa đại chúng Hàn, Ngữ âm học tiếng Hàn","Cloud Computing, Đọc sách, Blockchain"
SV10261,Ngôn ngữ Hàn Quốc,7.6,"Môn tự chọn 1, Ngữ âm học tiếng Hàn, Văn hóa Hàn Quốc, Môn tự chọn 2, Tiếng Hàn thương mại, Tư tưởng Hồ Chí Minh, Giáo dục quốc phòng - An ninh, Môn tự chọn 3, Từ vựng tiếng Hàn, Môn tự chọn 5, Môn tự chọn 4, Môn tự chọn 6, Giải tích, Ngữ pháp tiếng Hàn, Giáo dục thể chất, Xác suất thống kê, Kỹ năng mềm, Môn tự chọn 7, Môn tự chọn 8, Dịch Hàn-Việt, Tin học cơ bản, Tiếng Anh chuyên ngành, Toán cao cấp, K-pop và văn hóa đại chúng Hàn, Hangeul, Môn tự chọn 9, Kỹ năng nghe nói tiếng Hàn, Tư duy logic và giải quyết vấn đề, Lịch sử Hàn Quốc, Triết học Mác-Lênin","Big Data, Khởi nghiệp"
SV10262,Blockchain và Tiền mã hóa,4.5,"Kiểm thử phần mềm, Quản lý dự án CNTT, Thiết kế giao diện người dùng, Giáo dục quốc phòng - An ninh, Lập trình Java, Thị giác máy tính, Tiếng Anh chuyên ngành, Cơ sở dữ liệu, Mạng máy tính, Kỹ năng mềm, Cloud Computing - AWS/Azure, Hệ thống phân tán, Kỹ thuật phần mềm nâng cao, Hệ điều hành, An ninh mạng cơ bản, Triết học Mác-Lênin, Phát triển ứng dụng web, DevOps và CI/CD, Giải tích, Mật mã học, Xác suất thống kê, Machine Learning với TensorFlow, Học sâu, Lập trình di động iOS/Android, Xử lý ngôn ngữ tự nhiên, Lập trình web nâng cao, Big Data và Hadoop, Toán cao cấp, Cấu trúc dữ liệu và Giải thuật, Phân tích và thiết kế hệ thống, Tư duy logic và giải quyết vấn đề, Cyber Security nâng cao, Phát triển game, Trí tuệ nhân tạo, Học máy, Giáo dục thể chất, An toàn thông tin, Lập trình hướng đối tượng, Phát triển ứng dụng di động",DevOps
SV10263,Dược học,6.7,"Tiếng Anh chuyên ngành, Vi sinh y học, Hóa sinh y học, Dược lý lâm sàng, Giáo dục quốc phòng - An ninh, Tư duy logic và giải quyết vấn đề, Tư tưởng Hồ Chí Minh, Bệnh học nội khoa, Bệnh học ngoại khoa, Tin học cơ bản, Dược lâm sàng, Miễn dịch học, Dược lý học, Xác suất thống kê, Y học dự phòng, Y học cổ truyền, Giải tích, Giáo dục thể chất, Toán cao cấp, Sinh lý học, Triết học Mác-Lênin, Giải phẫu học, Dinh dưỡng học","DevOps, Thiết kế UI/UX, Machine Learning"
SV10264,Kiến trúc,7.4,"Môn tự chọn 4, Toán cao cấp, Công trình ngầm, Tiếng Anh chuyên ngành, Môn tự chọn 11, Giáo dục quốc phòng - An ninh, Thiết kế kiến trúc nội thất, Môn tự chọn 15, Môn tự chọn 8, Vật liệu xây dựng, Môn tự chọn 3, Môn tự chọn 6, Tin học cơ bản, Môn tự chọn 14, Quản lý dự án xây dựng, Cơ sở hạ tầng đô thị, Tư tưởng Hồ Chí Minh, Môn tự chọn 9, Giải tích, Kỹ thuật địa kỹ thuật, Kết cấu thép, Giáo dục thể chất, Môn tự chọn 12, Kỹ năng mềm, Xác suất thống kê, Tư duy logic và giải quyết vấn đề, Triết học Mác-Lênin, Kiến trúc cảnh quan, Môn tự chọn 5, Môn tự chọn 16, Kỹ thuật xây dựng, Môn tự chọn 7, Thiết kế đô thị, Kết cấu bê tông cốt thép, Môn tự chọn 10, Môn tự chọn 13, Môn tự chọn 2, Cầu và đường, Môn tự chọn 1",Trí tuệ nhân tạo
SV10265,Thương mại điện tử,6.5,"Thiết kế giao diện người dùng, Trí tuệ nhân tạo, Cấu trúc dữ liệu và Giải thuật, Kiểm thử phần mềm, Machine Learning với TensorFlow, Hệ thống nhúng, Toán cao cấp, Lập trình hướng đối tượng, Tiếng Anh chuyên ngành, Phân tích và thiết kế hệ thống, Lập trình Java, Học máy, Triết học Mác-Lênin, Big Data và Hadoop, Lập trình Python, Phát triển game, Xác suất thống kê, Phát triển ứng dụng web, Thị giác máy tính, Lập trình web nâng cao, An toàn thông tin, Tư duy logic và giải quyết vấn đề, Internet of Things, Phát triển phần mềm doanh nghiệp, Mạng máy tính, An ninh mạng cơ bản, DevOps và CI/CD, Hệ điều hành, Cơ sở dữ liệu, Giáo dục quốc phòng - An ninh, Giáo dục thể chất, Giải tích, Blockchain cơ bản, Kỹ năng mềm, Kỹ thuật phần mềm nâng cao, Lập trình C/C++, Lập trình di động iOS/Android","Thiết kế UI/UX, Machine Learning, Phát triển ứng dụng di động, Internet of Things"
SV10266,Kiến trúc,9.3,"Xác suất thống kê, Tiếng Anh chuyên ngành, Công trình ngầm, Tin học cơ bản, Kết cấu thép, Toán cao cấp, Giáo dục thể chất, Kỹ thuật địa kỹ thuật, Thiết kế đô thị, Kỹ thuật xây dựng, Kiến trúc cảnh quan, Quản lý dự án xây dựng, Thiết kế kiến trúc nội thất, Giải tích, Cơ sở hạ tầng đô thị, Cầu và đường, Vật liệu xây dựng, Triết học Mác-Lênin, Kết cấu bê tông cốt thép","Phát triển web, Machine Learning, Phát triển ứng dụng di động, DevOps"
SV10267,Kỹ thuật cơ khí,6.3,"Cơ khí chế tạo, Tin học cơ bản, Kỹ thuật nhiệt, Cơ học kỹ thuật, Kỹ thuật hàn, Cơ điện tử, Sản xuất tự động, Xác suất thống kê, Toán cao cấp, Tư duy logic và giải quyết vấn đề, Triết học Mác-Lênin, Cơ khí chính xác, Động lực học máy, Kỹ thuật gia công, Giáo dục thể chất, Robot công nghiệp","Big Data, Kinh doanh quốc tế, Machine Learning"
SV10268,Trí tuệ nhân tạo và Học máy,7.3,"Mạng máy tính, DevOps và CI/CD, Internet of Things, Cơ sở dữ liệu, Phát triển ứng dụng di động, Blockchain cơ bản, Hệ thống phân tán, Lập trình hướng đối tượng, Tiếng Anh chuyên ngành, An ninh mạng cơ bản, Hệ điều hành, Xử lý ngôn ngữ tự nhiên, Học máy, Kỹ thuật phần mềm nâng cao, Phân tích và thiết kế hệ thống, Hệ thống nhúng, Cấu trúc dữ liệu và Giải thuật, Big Data và Hadoop, Tin học cơ bản, Mật mã học, Machine Learning với TensorFlow, Phát triển game, Phát triển phần mềm doanh nghiệp, Giáo dục thể chất, Cloud Computing - AWS/Azure, Kiểm thử phần mềm, Tư duy logic và giải quyết vấn đề, Giáo dục quốc phòng - An ninh, Toán cao cấp, Học sâu, Phát triển ứng dụng web, Giải tích, Thị giác máy tính","Phân tích dữ liệu, Marketing số"
SV10269,Luật,7.8,"Học máy, Phát triển phần mềm doanh nghiệp, Kỹ năng mềm, Trí tuệ nhân tạo, An toàn thông tin, Thị giác máy tính, Machine Learning với TensorFlow, Giáo dục quốc phòng - An ninh, Toán cao cấp, DevOps và CI/CD, Kỹ thuật phần mềm nâng cao, Phân tích và thiết kế hệ thống, Phát triển ứng dụng di động, Xử lý ngôn ngữ tự nhiên, Cơ sở dữ liệu","DevOps, Thiết kế UI/UX, Blockchain, Machine Learning"
SV10270,Công nghệ sinh học,9.1,"Kỹ năng mềm, Vật liệu sinh học, Kỹ thuật mô sinh học, Giáo dục quốc phòng - An ninh, Công nghệ nano y sinh, Kỹ thuật y sinh, Công nghệ sinh học ứng dụng, Hình ảnh y khoa, Tiếng Anh chuyên ngành, Kỹ thuật tế bào, Tin học cơ bản, Triết học Mác-Lênin, Tư tưởng Hồ Chí Minh, Tư duy logic và giải quyết vấn đề, Thiết bị y tế, Toán cao cấp, Công nghệ gen, Giáo dục thể chất","Game Development, Khoa học dữ liệu, Robot học, DevOps"
SV10271,Ngôn ngữ Trung Quốc,6.3,"Tiếng Anh chuyên ngành, Tin học cơ bản, Ngữ âm học tiếng Trung, Tư duy logic và giải quyết vấn đề, Triết học Mác-Lênin, Hán ngữ hiện đại, Giáo dục quốc phòng - An ninh, Giải tích, Xác suất thống kê, Văn học cổ điển Trung Quốc, Ngữ pháp tiếng Trung, Kỹ năng nghe nói tiếng Trung, Hán tự học","Yoga, Chơi nhạc cụ"
SV10272,Công nghệ sinh học,8.9,"Môn tự chọn 1, Vật liệu sinh học, Công nghệ nano y sinh, Sinh học phân tử, Kỹ thuật tế bào, Giải tích, Tin học cơ bản, Kỹ thuật mô sinh học, Thiết bị y tế, Công nghệ sinh học ứng dụng, Toán cao cấp, Tư tưởng Hồ Chí Minh, Giáo dục thể chất, Hình ảnh y khoa, Giáo dục quốc phòng - An ninh, Kỹ thuật y sinh, Triết học Mác-Lênin, Kỹ năng mềm, Môn tự chọn 2, Công nghệ gen, Xác suất thống kê, Tiếng Anh chuyên ngành, Tư duy logic và giải quyết vấn đề","Thơ ca, Internet of Things"
SV10273,Quan hệ quốc tế,7.7,"Internet of Things, Tin học cơ bản, Phát triển ứng dụng di động, Hệ điều hành, Tiếng Anh chuyên ngành, An toàn thông tin, Kiểm thử phần mềm, Lập trình hướng đối tượng, Tư duy logic và giải quyết vấn đề, Cyber Security nâng cao, Giáo dục quốc phòng - An ninh, Kỹ thuật phần mềm nâng cao, Phân tích và thiết kế hệ thống, Học sâu, Trí tuệ nhân tạo, Blockchain cơ bản, Xác suất thống kê, An ninh mạng cơ bản, Machine Learning với TensorFlow, Phát triển game, Big Data và Hadoop, Cloud Computing - AWS/Azure, Mạng máy tính, Quản lý dự án CNTT, Tư tưởng Hồ Chí Minh, DevOps và CI/CD, Triết học Mác-Lênin, Thiết kế giao diện người dùng, Lập trình web nâng cao, Hệ thống phân tán, Xử lý ngôn ngữ tự nhiên, Giáo dục thể chất, Thị giác máy tính, Toán cao cấp, Cơ sở dữ liệu, Học máy, Lập trình Python","Khoa học dữ liệu, Machine Learning, DevOps"
SV10274,Kỹ thuật xây dựng,6.7,"Tin học cơ bản, Xác suất thống kê, Thiết kế đô thị, Kiến trúc cảnh quan, Toán cao cấp, Giải tích, Cầu và đường, Tiếng Anh chuyên ngành, Tư tưởng Hồ Chí Minh, Giáo dục quốc phòng - An ninh, Quản lý dự án xây dựng, Kết cấu thép, Kỹ thuật xây dựng, Kết cấu bê tông cốt thép, Kỹ năng mềm, Tư duy logic và giải quyết vấn đề","Internet of Things, Phân tích dữ liệu"
SV10275,Thương mại điện tử,8.2,"Xác suất thống kê, Lập trình web nâng cao, Toán cao cấp, Lập trình di động iOS/Android, An ninh mạng cơ bản, Lập trình C/C++, Lập trình Python, Lập trình Java, Thiết kế giao diện người dùng, Phát triển ứng dụng di động, Mật mã học, Triết học Mác-Lênin, Tư tưởng Hồ Chí Minh, Giải tích, Hệ thống nhúng, Internet of Things","Viết lách, Phát triển ứng dụng di động, Phát triển web, Khoa học dữ liệu"
SV10276,Công nghệ đa phương tiện,7.9,"Kiểm thử phần mềm, Tiếng Anh chuyên ngành, Cấu trúc dữ liệu và Giải thuật, Quản lý dự án CNTT, Kỹ năng mềm, Phát triển phần mềm doanh nghiệp, Xác suất thống kê, Lập trình Java, Cloud Computing - AWS/Azure, Giáo dục quốc phòng - An ninh, Lập trình Python, Thiết kế giao diện người dùng, Giáo dục thể chất, Tư tưởng Hồ Chí Minh, Phát triển game, Trí tuệ nhân tạo, Hệ điều hành, Triết học Mác-Lênin, Tư duy logic và giải quyết vấn đề, Cyber Security nâng cao, Giải tích, Tin học cơ bản, Học máy, An toàn thông tin, Lập trình hướng đối tượng, Toán cao cấp, Phát triển ứng dụng di động, Học sâu, Cơ sở dữ liệu, Hệ thống phân tán, Hệ thống nhúng, Mật mã học","Phân tích dữ liệu, Big Data, Machine Learning, Phát triển ứng dụng di động"
SV10277,Kỹ thuật điện,7.1,"Hệ thống điều khiển tự động, Mạng không dây, Mạng viễn thông, Truyền thông số, Xác suất thống kê, Điện tử công suất, Anten và sóng điện từ, Tin học cơ bản, Kỹ thuật vi mạch, Kỹ năng mềm, Hệ thống nhúng nâng cao, Triết học Mác-Lênin, Tiếng Anh chuyên ngành, Đo lường điện tử, Điện tử cơ bản, Giáo dục thể chất, Điện tử số, Truyền thông vô tuyến, Điện tử viễn thông, Môn tự chọn 2, Hệ thống điện tử nhúng, Giải tích, Điện tử năng lượng, Môn tự chọn 1, Truyền thông quang, Xử lý tín hiệu số, Tư tưởng Hồ Chí Minh, Tư duy logic và giải quyết vấn đề, Giáo dục quốc phòng - An ninh, Kỹ thuật radar, Toán cao cấp","Big Data, Thiết kế UI/UX, Game Development, Phát triển ứng dụng di động"
SV10278,Kinh tế,7.8,"Chuỗi cung ứng, Ngân hàng thương mại, Triết học Mác-Lênin, Tài chính quốc tế, Tư duy logic và giải quyết vấn đề, Tin học cơ bản, Marketing số, Giải tích, Xác suất thống kê, Môn tự chọn 3, Giáo dục thể chất, Kỹ năng mềm, Môn tự chọn 6, Kinh tế phát triển, Quản trị kinh doanh, Logistics, Kế toán quản trị, Kinh tế lượng, Môn tự chọn 2, Marketing cơ bản, Môn tự chọn 1, Môn tự chọn 5, Môn tự chọn 8, Quản trị nhân sự, Kinh tế vi mô, Kinh tế quốc tế, Tiếng Anh chuyên ngành, Toán cao cấp, Tài chính doanh nghiệp, Môn tự chọn 9, Tư tưởng Hồ Chí Minh, Thương mại điện tử, Kế toán tài chính, Môn tự chọn 4, Quản trị chiến lược, Môn tự chọn 7, Kinh tế vĩ mô, Giáo dục quốc phòng - An ninh","Khởi nghiệp, Kinh doanh quốc tế, Marketing số, Fintech"
SV10279,Quản trị kinh doanh,7.3,"Kế toán tài chính, Kế toán quản trị, Thương mại điện tử, Tư duy logic và giải quyết vấn đề, Kinh tế vĩ mô, Logistics, Giáo dục thể chất, Giải tích, Marketing cơ bản, Quản trị chiến lược, Quản trị kinh doanh, Tư tưởng Hồ Chí Minh, Kinh tế vi mô, Tài chính doanh nghiệp","Kinh doanh quốc tế, Fintech, Marketing số"
SV10280,Sư phạm Tin học,7.8,"Dạy học Tin học phổ thông, Giáo dục thể chất, An toàn mạng trong trường học, Kỹ năng mềm, Đánh giá học tập Tin học, Lập trình cơ bản cho giáo viên, Tư tưởng Hồ Chí Minh, Giải tích, Công nghệ thông tin trong giáo dục, Ứng dụng AI trong giảng dạy, Quản lý lớp học CNTT, Lập trình Python cho giáo viên, Lập trình Scratch cho học sinh, Phát triển bài giảng Tin học, Giáo dục quốc phòng - An ninh, Phương pháp giảng dạy Tin học, Giáo dục kỹ năng số, Xác suất thống kê, Toán cao cấp, Thiết kế khóa học trực tuyến, Triết học Mác-Lênin, Tư duy logic và giải quyết vấn đề, Tin học cơ bản, Phần mềm giáo dục","Đọc sách, Làm video, Khiêu vũ, Chơi nhạc cụ, Diễn thuyết"
SV10281,Thương mại điện tử,8.4,"Mật mã học, Machine Learning với TensorFlow, Lập trình web nâng cao, Phát triển phần mềm doanh nghiệp, Tư duy logic và giải quyết vấn đề, Tư tưởng Hồ Chí Minh, Thị giác máy tính, Tiếng Anh chuyên ngành, Toán cao cấp, Giải tích, Phát triển ứng dụng di động, Kỹ thuật phần mềm nâng cao, Xác suất thống kê, Trí tuệ nhân tạo, Xử lý ngôn ngữ tự nhiên, Cyber Security nâng cao, Phát triển game, Lập trình Python, Hệ điều hành, Phân tích và thiết kế hệ thống, Kỹ năng mềm, Lập trình di động iOS/Android, Cấu trúc dữ liệu và Giải thuật, Mạng máy tính, Internet of Things, Thiết kế giao diện người dùng, Lập trình Java, Phát triển ứng dụng web, Lập trình C/C++, Học máy, Giáo dục thể chất","DevOps, Internet of Things, Trí tuệ nhân tạo, Cyber Security"
SV10282,Y khoa,9.3,"Môn tự chọn 2, Miễn dịch học, Môn tự chọn 3, Tư tưởng Hồ Chí Minh, Giải phẫu học, Bệnh học ngoại khoa, Dược lâm sàng, Sinh lý học, Triết học Mác-Lênin, Giải tích, Hóa sinh y học, Tin học cơ bản, Dược lý học, Y học cổ truyền, Môn tự chọn 9, Tiếng Anh chuyên ngành, Môn tự chọn 8, Bệnh học truyền nhiễm, Bệnh học nội khoa, Dược lý lâm sàng, Toán cao cấp, Tư duy logic và giải quyết vấn đề, Môn tự chọn 5, Môn tự chọn 4, Y học dự phòng, Xác suất thống kê, Môn tự chọn 6, Giáo dục thể chất, Môn tự chọn 1, Vi sinh y học, Kỹ năng mềm, Môn tự chọn 7, Dinh dưỡng học, Giáo dục quốc phòng - An ninh","Yoga, Thiết kế UI/UX, Du lịch khám phá, Game Development"
SV10283,Quản trị kinh doanh,6.5,"Marketing cơ bản, Tài chính quốc tế, Giáo dục quốc phòng - An ninh, Triết học Mác-Lênin, Tư tưởng Hồ Chí Minh, Tài chính doanh nghiệp, Chuỗi cung ứng, Tin học cơ bản, Giáo dục thể chất, Logistics, Tiếng Anh chuyên ngành, Marketing số, Kinh tế quốc tế, Xác suất thống kê, Toán cao cấp, Quản trị chiến lược, Kinh tế vi mô","Bán hàng, Quản trị dự án, Khởi nghiệp, Kinh doanh quốc tế, Fintech"
SV10284,Truyền thông đa phương tiện,9.8,"Giáo dục thể chất, Giáo dục quốc phòng - An ninh, Machine Learning với TensorFlow, Hệ thống nhúng, Hệ điều hành, Cơ sở dữ liệu, Phát triển game, Lập trình C/C++, Tin học cơ bản, DevOps và CI/CD, Hệ thống phân tán, Mạng máy tính, Tiếng Anh chuyên ngành, Xác suất thống kê, Lập trình Java, Cyber Security nâng cao, Phát triển ứng dụng web, Triết học Mác-Lênin, Phát triển ứng dụng di động, Thị giác máy tính, Big Data và Hadoop","Machine Learning, Internet of Things"
SV10285,Dược học,5.7,"Giải phẫu học, Y học cổ truyền, Tin học cơ bản, Giải tích, Toán cao cấp, Giáo dục thể chất, Bệnh học nội khoa, Dược lâm sàng, Dược lý học, Miễn dịch học, Triết học Mác-Lênin, Tiếng Anh chuyên ngành, Kỹ năng mềm, Y học dự phòng, Bệnh học ngoại khoa, Bệnh học truyền nhiễm, Giáo dục quốc phòng - An ninh, Dược lý lâm sàng","Ẩm thực, Phân tích dữ liệu"
SV10286,Kinh tế số,7.5,"Kinh tế quốc tế, Kế toán tài chính, Kinh tế vĩ mô, Kế toán quản trị, Xác suất thống kê, Tiếng Anh chuyên ngành, Tài chính doanh nghiệp, Thương mại điện tử, Ngân hàng thương mại, Triết học Mác-Lênin, Chuỗi cung ứng, Kỹ năng mềm, Quản trị chiến lược, Giáo dục quốc phòng - An ninh, Tin học cơ bản, Logistics, Kinh tế phát triển, Toán cao cấp, Kinh tế lượng, Kinh tế vi mô, Marketing cơ bản, Tư duy logic và giải quyết vấn đề, Tư tưởng Hồ Chí Minh, Giải tích, Giáo dục thể chất, Tài chính quốc tế, Quản trị kinh doanh, Quản trị nhân sự","Thương mại điện tử, Fintech, Khởi nghiệp"
SV10287,Kiến trúc,8.3,"Triết học Mác-Lênin, Công trình ngầm, Cơ sở hạ tầng đô thị, Môn tự chọn 11, Môn tự chọn 4, Vật liệu xây dựng, Kỹ thuật xây dựng, Kỹ năng mềm, Quản lý dự án xây dựng, Cầu và đường, Môn tự chọn 13, Môn tự chọn 3, Tư duy logic và giải quyết vấn đề, Môn tự chọn 15, Toán cao cấp, Môn tự chọn 5, Môn tự chọn 1, Giáo dục thể chất, Môn tự chọn 14, Môn tự chọn 16, Tư tưởng Hồ Chí Minh, Môn tự chọn 10, Xác suất thống kê, Kiến trúc cảnh quan, Kết cấu thép, Tin học cơ bản, Kết cấu bê tông cốt thép, Thiết kế đô thị, Môn tự chọn 12, Kỹ thuật địa kỹ thuật, Môn tự chọn 8, Môn tự chọn 6, Môn tự chọn 2, Môn tự chọn 7, Giải tích, Giáo dục quốc phòng - An ninh, Tiếng Anh chuyên ngành, Môn tự chọn 9, Thiết kế kiến trúc nội thất","Phát triển ứng dụng di động, Cyber Security, Phát triển web, Robot học"
SV10288,Kinh tế số,8,"Kinh tế vĩ mô, Kinh tế lượng, Marketing cơ bản, Tư duy logic và giải quyết vấn đề, Marketing số, Quản trị chiến lược, Tài chính quốc tế, Tiếng Anh chuyên ngành, Kinh tế vi mô, Kỹ năng mềm, Giáo dục quốc phòng - An ninh, Toán cao cấp, Tài chính doanh nghiệp, Xác suất thống kê, Triết học Mác-Lênin, Kế toán quản trị, Tin học cơ bản, Quản trị kinh doanh, Ngân hàng thương mại, Kinh tế phát triển, Giáo dục thể chất, Kế toán tài chính, Logistics","Quản trị dự án, Marketing số"
SV10289,Sư phạm Tin học,7.1,"Xác suất thống kê, Toán cao cấp, Ứng dụng AI trong giảng dạy, Giáo dục quốc phòng - An ninh, Tư duy logic và giải quyết vấn đề, Giải tích, Môn tự chọn 3, Môn tự chọn 1, Môn tự chọn 2, Thiết kế khóa học trực tuyến, Lập trình Scratch cho học sinh, Quản lý lớp học CNTT, Công nghệ thông tin trong giáo dục, Đánh giá học tập Tin học, Tin học cơ bản, Lập trình Python cho giáo viên, Tiếng Anh chuyên ngành, Triết học Mác-Lênin, Giáo dục thể chất, Phần mềm giáo dục, Dạy học Tin học phổ thông, Giáo dục kỹ năng số, Lập trình cơ bản cho giáo viên, Phương pháp giảng dạy Tin học, Phát triển bài giảng Tin học, Kỹ năng mềm, An toàn mạng trong trường học, Tư tưởng Hồ Chí Minh",Âm nhạc
SV10290,Luật,7.5,"Giải tích, Kỹ năng mềm, Giáo dục thể chất, Hệ điều hành, Big Data và Hadoop, Blockchain cơ bản, Lập trình Python, Mạng máy tính, Quản lý dự án CNTT, Tư duy logic và giải quyết vấn đề, Phân tích và thiết kế hệ thống, Cơ sở dữ liệu","Cloud Computing, Lập trình, Phân tích dữ liệu, Phát triển web, Trí tuệ nhân tạo"
SV10291,Sư phạm Lịch sử,7.2,"Giải tích, Môn tự chọn 2, Môn tự chọn 3, Lịch sử thế giới cổ đại, Môn tự chọn 1, Lịch sử văn hóa Việt Nam, Triết học Mác-Lênin, Tư tưởng Hồ Chí Minh, Toán cao cấp, Giáo dục thể chất, Lịch sử thế giới hiện đại, Tư duy logic và giải quyết vấn đề, Xác suất thống kê, Lịch sử Việt Nam hiện đại, Tiếng Anh chuyên ngành, Tin học cơ bản, Dạy học lịch sử phổ thông, Phân tích sự kiện lịch sử, Kỹ năng mềm, Lịch sử Việt Nam cổ đại, Phương pháp giảng dạy Lịch sử, Lịch sử Đảng Cộng sản Việt Nam, Giáo dục quốc phòng - An ninh","Viết lách, Làm video"
SV10292,Thương mại điện tử,7.1,"Cơ sở dữ liệu, Giáo dục thể chất, Quản lý dự án CNTT, Tư duy logic và giải quyết vấn đề, Cấu trúc dữ liệu và Giải thuật, Học sâu, Lập trình di động iOS/Android, An toàn thông tin, Trí tuệ nhân tạo, Internet of Things, Cloud Computing - AWS/Azure, Blockchain cơ bản, Cyber Security nâng cao, Mật mã học, Thiết kế giao diện người dùng, Phát triển ứng dụng di động, Hệ thống nhúng, Kiểm thử phần mềm, Tin học cơ bản, Phát triển ứng dụng web, Phân tích và thiết kế hệ thống, Thị giác máy tính, Mạng máy tính, Big Data và Hadoop, Xác suất thống kê, Lập trình web nâng cao","Robot học, Lập trình, Cloud Computing"
SV10293,Kỹ thuật phần mềm,8.5,"Phân tích và thiết kế hệ thống, Cơ sở dữ liệu, Phát triển phần mềm doanh nghiệp, An toàn thông tin, Lập trình Java, Internet of Things, Big Data và Hadoop, Thiết kế giao diện người dùng, Thị giác máy tính, Giải tích, Hệ thống phân tán, Kỹ năng mềm, An ninh mạng cơ bản, Học máy, Toán cao cấp, Lập trình hướng đối tượng, Mạng máy tính, Xác suất thống kê, Quản lý dự án CNTT, Kỹ thuật phần mềm nâng cao, DevOps và CI/CD, Lập trình C/C++, Blockchain cơ bản, Giáo dục quốc phòng - An ninh",Cloud Computing
SV10294,Thiết kế thời trang,8.1,"Tin học cơ bản, Tư tưởng Hồ Chí Minh, Môn tự chọn 7, Môn tự chọn 6, Môn tự chọn 20, Môn tự chọn 12, Môn tự chọn 1, Môn tự chọn 9, Xác suất thống kê, Giáo dục thể chất, Triết học Mác-Lênin, Môn tự chọn 15, Môn tự chọn 17, Giáo dục quốc phòng - An ninh, Toán cao cấp, Môn tự chọn 5, Môn tự chọn 19, Kỹ năng mềm, Môn tự chọn 4, Tư duy logic và giải quyết vấn đề, Môn tự chọn 3, Môn tự chọn 16, Tiếng Anh chuyên ngành, Môn tự chọn 18, Môn tự chọn 2, Môn tự chọn 10, Giải tích, Môn tự chọn 14, Môn tự chọn 8, Môn tự chọn 11, Môn tự chọn 13","Âm nhạc, Thiền, Du lịch khám phá, Học ngoại ngữ"
SV10295,Kỹ thuật điện,7,"Đo lường điện tử, Mạng viễn thông, Môn tự chọn 8, Anten và sóng điện từ, Điện tử công suất, Tiếng Anh chuyên ngành, Tư duy logic và giải quyết vấn đề, Môn tự chọn 10, Hệ thống nhúng nâng cao, Hệ thống điện tử nhúng, Kỹ năng mềm, Truyền thông quang, Truyền thông vô tuyến, Xác suất thống kê, Giáo dục thể chất, Môn tự chọn 9, Môn tự chọn 3, Kỹ thuật radar, Điện tử viễn thông, Môn tự chọn 1, Môn tự chọn 4, Kỹ thuật vi mạch, Truyền thông số, Xử lý tín hiệu số, Tư tưởng Hồ Chí Minh, Điện tử năng lượng, Giáo dục quốc phòng - An ninh, Hệ thống điều khiển tự động, Điện tử cơ bản, Tin học cơ bản, Môn tự chọn 5, Giải tích, Môn tự chọn 6, Môn tự chọn 7, Môn tự chọn 2, Toán cao cấp, Mạng không dây, Triết học Mác-Lênin, Điện tử số","Lập trình, Big Data, Cloud Computing, Thiết kế UI/UX"
SV10296,Sư phạm Toán,8.6,"Môn tự chọn 6, Môn tự chọn 4, Hình học giải tích, Toán học sơ cấp, Giáo dục quốc phòng - An ninh, Môn tự chọn 5, Đại số tuyến tính, Dạy học toán phổ thông, Toán rời rạc, Môn tự chọn 3, Môn tự chọn 2, Kỹ năng mềm, Phương pháp giảng dạy Toán, Triết học Mác-Lênin, Tư duy logic và giải quyết vấn đề, Tư tưởng Hồ Chí Minh, Toán cao cấp, Giải tích, Môn tự chọn 1, Toán học ứng dụng, Tiếng Anh chuyên ngành, Lý thuyết số, Bài tập toán nâng cao, Giáo dục thể chất, Tin học cơ bản, Xác suất thống kê","Yoga, Âm nhạc, Diễn thuyết"
SV10297,Ngôn ngữ Trung Quốc,8,"Tư tưởng Hồ Chí Minh, Triết học Mác-Lênin, Dịch Trung-Việt, Giải tích, Ngữ âm học tiếng Trung, Tiếng Trung thương mại, Tiếng Anh chuyên ngành, Giáo dục quốc phòng - An ninh, Toán cao cấp, Văn học cổ điển Trung Quốc, Ngữ pháp tiếng Trung, Tin học cơ bản","Khoa học dữ liệu, Nhiếp ảnh, Quản trị dự án"
SV10298,Kỹ thuật điện,8.5,"Giáo dục thể chất, Mạng viễn thông, Giáo dục quốc phòng - An ninh, Tư duy logic và giải quyết vấn đề, Kỹ thuật radar, Tiếng Anh chuyên ngành, Xử lý tín hiệu số, Điện tử viễn thông, Tư tưởng Hồ Chí Minh, Điện tử công suất, Điện tử số, Xác suất thống kê, Anten và sóng điện từ","Game Development, DevOps"
SV10299,Trí tuệ nhân tạo và Học máy,8.3,"Tư duy logic và giải quyết vấn đề, DevOps và CI/CD, An toàn thông tin, Phát triển phần mềm doanh nghiệp, Lập trình Python, Kiểm thử phần mềm, Quản lý dự án CNTT, Thị giác máy tính, Giải tích, Cơ sở dữ liệu, Mạng máy tính, Giáo dục thể chất, Machine Learning với TensorFlow, Lập trình web nâng cao, Kỹ năng mềm","Lập trình, Machine Learning, Trí tuệ nhân tạo"
SV10300,Kỹ thuật điện,6.9,"Tư duy logic và giải quyết vấn đề, Kỹ thuật radar, Tin học cơ bản, Giải tích, Kỹ thuật vi mạch, Xác suất thống kê, Tiếng Anh chuyên ngành, Truyền thông quang, Truyền thông số, Toán cao cấp, Điện tử số, Đo lường điện tử, Tư tưởng Hồ Chí Minh, Điện tử công suất, Giáo dục quốc phòng - An ninh, Điện tử cơ bản, Môn tự chọn 2, Mạng không dây, Triết học Mác-Lênin, Kỹ năng mềm, Môn tự chọn 4, Môn tự chọn 5, Xử lý tín hiệu số, Điện tử viễn thông, Mạng viễn thông, Môn tự chọn 3, Hệ thống điện tử nhúng, Anten và sóng điện từ, Truyền thông vô tuyến, Điện tử năng lượng, Hệ thống nhúng nâng cao, Môn tự chọn 1, Giáo dục thể chất, Hệ thống điều khiển tự động","DevOps, Phân tích dữ liệu, Phát triển ứng dụng di động, Lập trình, Phát triển web"
SV10301,Y khoa,7.1,"Dược lâm sàng, Tư duy logic và giải quyết vấn đề, Sinh lý học, Bệnh học ngoại khoa, Dinh dưỡng học, Triết học Mác-Lênin, Bệnh học nội khoa, Tiếng Anh chuyên ngành, Dược lý lâm sàng, Y học cổ truyền, Xác suất thống kê, Tư tưởng Hồ Chí Minh, Hóa sinh y học, Giáo dục thể chất, Giáo dục quốc phòng - An ninh, Vi sinh y học, Giải tích, Y học dự phòng","DevOps, Yoga, Cyber Security"
SV10302,An ninh mạng,8.4,"Toán cao cấp, Học máy, Phát triển game, Lập trình Java, Thị giác máy tính, Thiết kế giao diện người dùng, Machine Learning với TensorFlow, Phát triển ứng dụng web, Giáo dục thể chất, Hệ thống nhúng","Thiết kế UI/UX, Phân tích dữ liệu"
SV10303,Quản trị kinh doanh,8.3,"Quản trị kinh doanh, Tin học cơ bản, Kinh tế lượng, Kinh tế vi mô, Marketing số, Tài chính doanh nghiệp, Tư duy logic và giải quyết vấn đề, Marketing cơ bản, Giáo dục quốc phòng - An ninh, Ngân hàng thương mại, Kinh tế quốc tế, Kinh tế phát triển, Tài chính quốc tế, Tiếng Anh chuyên ngành, Giải tích, Kế toán tài chính, Xác suất thống kê, Quản trị chiến lược, Kế toán quản trị, Toán cao cấp, Chuỗi cung ứng, Tư tưởng Hồ Chí Minh, Giáo dục thể chất, Triết học Mác-Lênin, Quản trị nhân sự, Logistics","Blockchain, Marketing số, Khởi nghiệp"
SV10304,Du lịch,7.7,"Big Data và Hadoop, Lập trình di động iOS/Android, Xác suất thống kê, Hệ thống nhúng, Kiểm thử phần mềm, Hệ điều hành, Thiết kế giao diện người dùng, Quản lý dự án CNTT, Mạng máy tính, Internet of Things, Phát triển phần mềm doanh nghiệp, Giáo dục thể chất, Lập trình Java, Phân tích và thiết kế hệ thống, Cyber Security nâng cao, Lập trình hướng đối tượng, Blockchain cơ bản, Tư duy logic và giải quyết vấn đề, Tin học cơ bản, Cấu trúc dữ liệu và Giải thuật, Tư tưởng Hồ Chí Minh, Cloud Computing - AWS/Azure, Trí tuệ nhân tạo, DevOps và CI/CD, Phát triển ứng dụng web, Phát triển ứng dụng di động, Toán cao cấp, Học máy, Cơ sở dữ liệu, Kỹ năng mềm, Machine Learning với TensorFlow, Mật mã học, An ninh mạng cơ bản, Phát triển game","Cloud Computing, Khoa học dữ liệu, Blockchain, Trí tuệ nhân tạo, Game Development"
SV10305,Thiết kế thời trang,7.8,"Môn tự chọn 1, Giải tích, Tin học cơ bản, Tư tưởng Hồ Chí Minh, Giáo dục thể chất, Triết học Mác-Lênin, Giáo dục quốc phòng - An ninh, Xác suất thống kê, Kỹ năng mềm, Tiếng Anh chuyên ngành, Toán cao cấp, Môn tự chọn 2, Tư duy logic và giải quyết vấn đề","Diễn thuyết, Viết lách"
SV10306,Y khoa,9,"Sinh lý học, Tư duy logic và giải quyết vấn đề, Hóa sinh y học, Dinh dưỡng học, Bệnh học truyền nhiễm, Dược lý lâm sàng, Dược lâm sàng, Y học cổ truyền, Giáo dục quốc phòng - An ninh, Miễn dịch học, Xác suất thống kê, Giải phẫu học","Khiêu vũ, Marketing số, Game Development, Làm video"
SV10307,Quản trị kinh doanh,7.1,"Kinh tế vĩ mô, Tư tưởng Hồ Chí Minh, Giáo dục quốc phòng - An ninh, Kinh tế lượng, Kỹ năng mềm, Marketing cơ bản, Kinh tế phát triển, Marketing số, Giáo dục thể chất, Môn tự chọn 8, Môn tự chọn 3, Môn tự chọn 5, Ngân hàng thương mại, Tài chính quốc tế, Môn tự chọn 7, Kế toán quản trị, Chuỗi cung ứng, Tiếng Anh chuyên ngành, Môn tự chọn 2, Toán cao cấp, Môn tự chọn 6, Kinh tế quốc tế, Tư duy logic và giải quyết vấn đề, Môn tự chọn 1, Kinh tế vi mô, Quản trị nhân sự, Quản trị kinh doanh, Quản trị chiến lược, Tài chính doanh nghiệp, Kế toán tài chính, Thương mại điện tử, Giải tích, Môn tự chọn 9, Logistics, Xác suất thống kê, Tin học cơ bản, Môn tự chọn 4, Triết học Mác-Lênin","Quản trị dự án, Khiêu vũ"
SV10308,Kỹ thuật y sinh,8.2,"Môn tự chọn 6, Giáo dục quốc phòng - An ninh, Giải tích, Công nghệ sinh học ứng dụng, Môn tự chọn 8, Môn tự chọn 5, Công nghệ nano y sinh, Vật liệu sinh học, Toán cao cấp, Môn tự chọn 7, Giáo dục thể chất, Kỹ thuật y sinh, Môn tự chọn 13, Thiết bị y tế, Môn tự chọn 15, Môn tự chọn 17, Triết học Mác-Lênin, Sinh học phân tử, Kỹ năng mềm, Môn tự chọn 16, Môn tự chọn 12, Kỹ thuật tế bào, Môn tự chọn 4, Môn tự chọn 1, Tiếng Anh chuyên ngành, Môn tự chọn 11, Tư duy logic và giải quyết vấn đề, Tư tưởng Hồ Chí Minh, Môn tự chọn 2, Môn tự chọn 3, Công nghệ gen, Môn tự chọn 10, Xác suất thống kê, Môn tự chọn 14, Kỹ thuật mô sinh học, Môn tự chọn 9, Tin học cơ bản, Hình ảnh y khoa","Khoa học dữ liệu, Thiết kế UI/UX, Trí tuệ nhân tạo, Cloud Computing"
SV10309,Ngôn ngữ Nhật,7.5,"Ngữ pháp tiếng Nhật, Tin học cơ bản, Ngữ âm học tiếng Nhật, Dịch Nhật-Việt, Toán cao cấp, Tư duy logic và giải quyết vấn đề, Tiếng Anh chuyên ngành, Giáo dục thể chất, Giải tích, Tiếng Nhật cho du lịch, Tư tưởng Hồ Chí Minh, Kỹ năng nghe nói tiếng Nhật, Văn học Nhật Bản, Giáo dục quốc phòng - An ninh, Hiragana & Katakana, Kanji, Xác suất thống kê, Văn hóa Nhật Bản, Triết học Mác-Lênin, Tiếng Nhật kinh doanh, Kỹ năng mềm","Làm video, Khởi nghiệp, Fintech"
SV10310,Kỹ thuật hóa học,7.5,"Tư tưởng Hồ Chí Minh, Tư duy logic và giải quyết vấn đề, Ô nhiễm không khí, Giáo dục thể chất, Hóa học công nghiệp, Xác suất thống kê, Kỹ thuật phản ứng hóa học, Triết học Mác-Lênin, Tiếng Anh chuyên ngành, Kỹ thuật môi trường, Hóa phân tích môi trường, Kỹ thuật hóa học, Kỹ thuật nhiệt hóa học, Giáo dục quốc phòng - An ninh, Giải tích, Xử lý chất thải rắn, Xử lý nước thải, Công nghệ xử lý nước, Kỹ thuật polymer, Tin học cơ bản, Toán cao cấp, Kỹ năng mềm","Lập trình, Nhiếp ảnh, Cloud Computing"
SV10311,Âm nhạc học,8.8,"Lịch sử âm nhạc, Môn tự chọn 14, Soạn nhạc cơ bản, Môn tự chọn 8, Giải tích, Âm nhạc hiện đại, Giáo dục thể chất, Môn tự chọn 12, Môn tự chọn 9, Phân tích tác phẩm âm nhạc, Môn tự chọn 1, Triết học Mác-Lênin, Môn tự chọn 3, Tin học cơ bản, Kỹ năng mềm, Môn tự chọn 6, Môn tự chọn 10, Môn tự chọn 7, Tư tưởng Hồ Chí Minh, Giáo dục quốc phòng - An ninh, Kỹ thuật thanh nhạc, Tiếng Anh chuyên ngành, Âm nhạc lý thuyết, Tư duy logic và giải quyết vấn đề, Môn tự chọn 4, Biểu diễn nhạc cụ, Môn tự chọn 5, Âm nhạc cổ điển phương Tây, Môn tự chọn 13, Xác suất thống kê, Hòa âm, Môn tự chọn 2, Toán cao cấp, Môn tự chọn 15, Âm nhạc dân gian Việt Nam, Môn tự chọn 11","Đọc sách, Vẽ tranh, Chơi nhạc cụ"
SV10312,Sư phạm Tin học,8.5,"Thiết kế khóa học trực tuyến, Tin học cơ bản, Lập trình Scratch cho học sinh, Tiếng Anh chuyên ngành, Môn tự chọn 4, Môn tự chọn 2, Môn tự chọn 1, Quản lý lớp học CNTT, Lập trình Python cho giáo viên, Xác suất thống kê, Công nghệ thông tin trong giáo dục, Giáo dục kỹ năng số, Phương pháp giảng dạy Tin học, Đánh giá học tập Tin học, Toán cao cấp, An toàn mạng trong trường học, Giáo dục quốc phòng - An ninh, Giải tích, Dạy học Tin học phổ thông, Ứng dụng AI trong giảng dạy, Tư tưởng Hồ Chí Minh, Triết học Mác-Lênin, Giáo dục thể chất, Phát triển bài giảng Tin học, Kỹ năng mềm, Phần mềm giáo dục, Lập trình cơ bản cho giáo viên, Tư duy logic và giải quyết vấn đề, Môn tự chọn 3","Đọc sách, Học ngoại ngữ, Âm nhạc"
SV10313,Kỹ thuật y sinh,8.5,"Môn tự chọn 15, Môn tự chọn 19, Vật liệu sinh học, Môn tự chọn 16, Môn tự chọn 14, Giải tích, Hình ảnh y khoa, Môn tự chọn 9, Môn tự chọn 6, Kỹ thuật mô sinh học, Môn tự chọn 3, Công nghệ nano y sinh, Môn tự chọn 17, Công nghệ gen, Công nghệ sinh học ứng dụng, Môn tự chọn 7, Môn tự chọn 13, Môn tự chọn 11, Thiết bị y tế, Tin học cơ bản, Xác suất thống kê, Môn tự chọn 4, Kỹ năng mềm, Tư duy logic và giải quyết vấn đề, Môn tự chọn 1, Môn tự chọn 8, Tiếng Anh chuyên ngành, Tư tưởng Hồ Chí Minh, Môn tự chọn 18, Kỹ thuật y sinh, Giáo dục thể chất, Toán cao cấp, Sinh học phân tử, Môn tự chọn 12, Môn tự chọn 5, Môn tự chọn 10, Môn tự chọn 2, Giáo dục quốc phòng - An ninh, Kỹ thuật tế bào, Triết học Mác-Lênin","Game Development, Trí tuệ nhân tạo"
SV10314,Kỹ thuật máy tính,9,"Hệ thống điện tử nhúng, Điện tử công suất, Xác suất thống kê, Hệ thống điều khiển tự động, Toán cao cấp, Kỹ năng mềm, Hệ thống nhúng nâng cao, Điện tử viễn thông, Truyền thông quang, Đo lường điện tử, Điện tử cơ bản, Tư duy logic và giải quyết vấn đề, Mạng viễn thông, Kỹ thuật radar, Tư tưởng Hồ Chí Minh, Giáo dục quốc phòng - An ninh, Triết học Mác-Lênin, Giáo dục thể chất, Tin học cơ bản, Mạng không dây, Điện tử năng lượng, Điện tử số, Anten và sóng điện từ, Giải tích, Truyền thông vô tuyến, Kỹ thuật vi mạch","Blockchain, Khoa học dữ liệu, Phân tích dữ liệu"
SV10315,Sư phạm Lịch sử,7.7,"Môn tự chọn 5, Lịch sử Đảng Cộng sản Việt Nam, Phân tích sự kiện lịch sử, Môn tự chọn 1, Tư tưởng Hồ Chí Minh, Giáo dục quốc phòng - An ninh, Tiếng Anh chuyên ngành, Môn tự chọn 9, Phương pháp giảng dạy Lịch sử, Môn tự chọn 3, Giải tích, Giáo dục thể chất, Lịch sử văn hóa Việt Nam, Triết học Mác-Lênin, Toán cao cấp, Môn tự chọn 6, Môn tự chọn 2, Lịch sử thế giới cổ đại, Môn tự chọn 8, Xác suất thống kê, Dạy học lịch sử phổ thông, Môn tự chọn 4, Kỹ năng mềm, Lịch sử thế giới hiện đại, Tin học cơ bản, Lịch sử Việt Nam cổ đại, Lịch sử Việt Nam hiện đại, Tư duy logic và giải quyết vấn đề, Môn tự chọn 7","Vẽ tranh, Nhiếp ảnh, Ẩm thực, Âm nhạc"
SV10316,Báo chí,8.4,"Tin học cơ bản, Tiếng Anh chuyên ngành, Phát triển phần mềm doanh nghiệp, Tư tưởng Hồ Chí Minh, Toán cao cấp, Cloud Computing - AWS/Azure, Machine Learning với TensorFlow, Cơ sở dữ liệu, Lập trình web nâng cao, An toàn thông tin, Hệ thống phân tán, Xử lý ngôn ngữ tự nhiên, Cấu trúc dữ liệu và Giải thuật, Phát triển game, Phát triển ứng dụng web, Lập trình Java, Quản lý dự án CNTT, Giáo dục thể chất, Hệ điều hành, Giải tích, Lập trình Python, Kiểm thử phần mềm, Cyber Security nâng cao, Trí tuệ nhân tạo, Thiết kế giao diện người dùng, Mạng máy tính, An ninh mạng cơ bản, Xác suất thống kê, Tư duy logic và giải quyết vấn đề, Phát triển ứng dụng di động, Kỹ năng mềm","Khoa học dữ liệu, Cloud Computing, DevOps, Cyber Security, Phát triển web"
SV10317,Tài chính - Ngân hàng,7.4,"Marketing số, Kinh tế lượng, Chuỗi cung ứng, Logistics, Quản trị nhân sự, Môn tự chọn 4, Toán cao cấp, Ngân hàng thương mại, Môn tự chọn 1, Kinh tế vi mô, Thương mại điện tử, Triết học Mác-Lênin, Tài chính quốc tế, Kinh tế vĩ mô, Môn tự chọn 3, Quản trị kinh doanh, Môn tự chọn 5, Giáo dục quốc phòng - An ninh, Kế toán tài chính, Kinh tế quốc tế, Giáo dục thể chất, Tiếng Anh chuyên ngành, Môn tự chọn 2, Quản trị chiến lược, Giải tích, Kinh tế phát triển, Tư duy logic và giải quyết vấn đề, Tin học cơ bản, Kế toán quản trị, Kỹ năng mềm, Tài chính doanh nghiệp, Marketing cơ bản, Tư tưởng Hồ Chí Minh, Xác suất thống kê","Bán hàng, Đầu tư, Thương mại điện tử, Khởi nghiệp, Marketing số"
SV10318,Kỹ thuật y sinh,8,"Giáo dục quốc phòng - An ninh, Kỹ thuật tế bào, Kỹ thuật y sinh, Môn tự chọn 16, Môn tự chọn 7, Tư tưởng Hồ Chí Minh, Môn tự chọn 11, Xác suất thống kê, Môn tự chọn 10, Toán cao cấp, Môn tự chọn 15, Giáo dục thể chất, Môn tự chọn 1, Môn tự chọn 13, Môn tự chọn 9, Kỹ năng mềm, Công nghệ nano y sinh, Môn tự chọn 3, Giải tích, Tư duy logic và giải quyết vấn đề, Thiết bị y tế, Kỹ thuật mô sinh học, Môn tự chọn 8, Môn tự chọn 6, Môn tự chọn 17, Môn tự chọn 2, Công nghệ sinh học ứng dụng, Tiếng Anh chuyên ngành, Hình ảnh y khoa, Tin học cơ bản, Môn tự chọn 14, Môn tự chọn 12, Sinh học phân tử, Môn tự chọn 5, Vật liệu sinh học, Môn tự chọn 4, Công nghệ gen, Triết học Mác-Lênin","Khoa học dữ liệu, Phát triển ứng dụng di động, Internet of Things, Phát triển web, DevOps"
SV10319,Điều dưỡng,7.6,"Giáo dục quốc phòng - An ninh, Bệnh học truyền nhiễm, Dinh dưỡng học, Dược lý học, Môn tự chọn 1, Dược lý lâm sàng, Kỹ năng mềm, Môn tự chọn 5, Tin học cơ bản, Hóa sinh y học, Tư duy logic và giải quyết vấn đề, Bệnh học nội khoa, Dược lâm sàng, Tiếng Anh chuyên ngành, Giải phẫu học, Miễn dịch học, Y học dự phòng, Bệnh học ngoại khoa, Giáo dục thể chất, Y học cổ truyền, Môn tự chọn 2, Sinh lý học, Giải tích, Môn tự chọn 4, Tư tưởng Hồ Chí Minh, Vi sinh y học, Triết học Mác-Lênin, Toán cao cấp, Môn tự chọn 3, Xác suất thống kê","Viết lách, Thiền, Diễn thuyết, Nhiếp ảnh, Fintech"
SV10320,Quan hệ quốc tế,7.8,"Giáo dục thể chất, Hệ thống phân tán, Học sâu, Triết học Mác-Lênin, Quản lý dự án CNTT, Hệ điều hành, Giải tích, Tư tưởng Hồ Chí Minh, Phát triển phần mềm doanh nghiệp, Kiểm thử phần mềm, Phát triển ứng dụng web, Lập trình di động iOS/Android, Hệ thống nhúng, Phát triển game, Mạng máy tính, Xử lý ngôn ngữ tự nhiên, Lập trình web nâng cao, Machine Learning với TensorFlow, Phân tích và thiết kế hệ thống, An ninh mạng cơ bản, Kỹ năng mềm, Lập trình C/C++, Cơ sở dữ liệu, Thiết kế giao diện người dùng, Cấu trúc dữ liệu và Giải thuật, An toàn thông tin","Thiết kế UI/UX, Trí tuệ nhân tạo"
SV10321,Marketing,8.3,"Kinh tế quốc tế, Quản trị chiến lược, Kế toán quản trị, Tư tưởng Hồ Chí Minh, Thương mại điện tử, Quản trị kinh doanh, Ngân hàng thương mại, Tài chính quốc tế, Giải tích, Tư duy logic và giải quyết vấn đề, Kỹ năng mềm, Toán cao cấp, Tài chính doanh nghiệp, Xác suất thống kê, Kinh tế vĩ mô, Tin học cơ bản, Tiếng Anh chuyên ngành, Giáo dục thể chất, Triết học Mác-Lênin, Marketing số, Kinh tế vi mô, Kinh tế phát triển","Đầu tư, Marketing số, Bán hàng, Kinh doanh quốc tế"
SV10322,Ngôn ngữ Hàn Quốc,6.9,"Xác suất thống kê, Kỹ năng mềm, Kỹ năng nghe nói tiếng Hàn, Văn hóa Hàn Quốc, Hangeul, Môn tự chọn 15, Môn tự chọn 6, Môn tự chọn 5, Giáo dục quốc phòng - An ninh, Môn tự chọn 17, Môn tự chọn 10, Môn tự chọn 9, Tiếng Hàn thương mại, Ngữ âm học tiếng Hàn, Dịch Hàn-Việt, Giáo dục thể chất, Môn tự chọn 14, Môn tự chọn 2, Tư duy logic và giải quyết vấn đề, Tiếng Anh chuyên ngành, Toán cao cấp, Triết học Mác-Lênin, Giải tích, Môn tự chọn 16, Tư tưởng Hồ Chí Minh, Ngữ pháp tiếng Hàn, Môn tự chọn 12, Môn tự chọn 18, Tin học cơ bản, Môn tự chọn 4, Môn tự chọn 1, K-pop và văn hóa đại chúng Hàn, Môn tự chọn 7, Môn tự chọn 11, Môn tự chọn 8, Từ vựng tiếng Hàn, Môn tự chọn 13, Lịch sử Hàn Quốc, Môn tự chọn 3","Lập trình, Khởi nghiệp, Internet of Things, Kinh doanh quốc tế"
SV10323,Thiết kế thời trang,9.8,"Tiếng Anh chuyên ngành, Kỹ năng mềm, Môn tự chọn 25, Tư duy logic và giải quyết vấn đề, Môn tự chọn 2, Triết học Mác-Lênin, Tư tưởng Hồ Chí Minh, Môn tự chọn 1, Môn tự chọn 7, Giáo dục thể chất, Môn tự chọn 14, Môn tự chọn 4, Môn tự chọn 15, Giải tích, Môn tự chọn 19, Môn tự chọn 5, Môn tự chọn 3, Toán cao cấp, Môn tự chọn 21, Giáo dục quốc phòng - An ninh, Môn tự chọn 9, Tin học cơ bản, Môn tự chọn 17, Môn tự chọn 24, Môn tự chọn 8, Môn tự chọn 12, Môn tự chọn 16, Môn tự chọn 18, Môn tự chọn 22, Xác suất thống kê, Môn tự chọn 23, Môn tự chọn 10, Môn tự chọn 26, Môn tự chọn 6, Môn tự chọn 20, Môn tự chọn 13, Môn tự chọn 11","Diễn thuyết, Kể chuyện"
SV10324,Kỹ thuật hóa học,6.7,"Hóa học công nghiệp, Giải tích, Công nghệ xử lý nước, Môn tự chọn 4, Xác suất thống kê, Môn tự chọn 1, Kỹ thuật nhiệt hóa học, Môn tự chọn 5, Tin học cơ bản, Tiếng Anh chuyên ngành, Môn tự chọn 2, Kỹ thuật môi trường, Giáo dục thể chất, Môn tự chọn 3, Giáo dục quốc phòng - An ninh, Xử lý chất thải rắn, Kỹ thuật phản ứng hóa học, Kỹ năng mềm, Triết học Mác-Lênin, Kỹ thuật hóa học, Ô nhiễm không khí, Tư duy logic và giải quyết vấn đề, Tư tưởng Hồ Chí Minh, Hóa phân tích môi trường, Toán cao cấp, Xử lý nước thải, Kỹ thuật polymer","Lập trình, Thơ ca"
SV10325,Trí tuệ nhân tạo và Học máy,6.5,"Internet of Things, Lập trình Python, Giải tích, An toàn thông tin, Hệ thống phân tán, Tiếng Anh chuyên ngành, Mật mã học, Phát triển phần mềm doanh nghiệp, Machine Learning với TensorFlow, Triết học Mác-Lênin, Phân tích và thiết kế hệ thống, Lập trình web nâng cao, Giáo dục quốc phòng - An ninh, Phát triển ứng dụng di động, Cấu trúc dữ liệu và Giải thuật, Hệ điều hành, Lập trình hướng đối tượng, Học sâu, Cloud Computing - AWS/Azure, Tư tưởng Hồ Chí Minh, An ninh mạng cơ bản, Tư duy logic và giải quyết vấn đề, Xác suất thống kê, Lập trình C/C++, DevOps và CI/CD, Xử lý ngôn ngữ tự nhiên, Cyber Security nâng cao, Hệ thống nhúng, Học máy, Giáo dục thể chất, Phát triển game, Cơ sở dữ liệu, Kiểm thử phần mềm, Lập trình di động iOS/Android, Quản lý dự án CNTT, Lập trình Java, Kỹ năng mềm, Toán cao cấp, Thiết kế giao diện người dùng","Thiết kế UI/UX, Robot học"
SV10326,Điều dưỡng,8.9,"Miễn dịch học, Triết học Mác-Lênin, Bệnh học nội khoa, Tin học cơ bản, Bệnh học truyền nhiễm, Sinh lý học, Tư duy logic và giải quyết vấn đề, Dược lâm sàng, Vi sinh y học, Toán cao cấp, Giáo dục quốc phòng - An ninh, Dược lý học, Y học dự phòng, Tư tưởng Hồ Chí Minh, Y học cổ truyền, Dược lý lâm sàng, Tiếng Anh chuyên ngành","Lập trình, Viết lách, Thiền, Khởi nghiệp, Làm video"
SV10327,Thiết kế đồ họa,8.5,"Tin học cơ bản, Xác suất thống kê, Kỹ năng mềm, Giải tích, Triết học Mác-Lênin, Giáo dục quốc phòng - An ninh, Tư tưởng Hồ Chí Minh, Toán cao cấp, Tư duy logic và giải quyết vấn đề, Giáo dục thể chất, Tiếng Anh chuyên ngành","Yoga, Khiêu vũ, Nhiếp ảnh, Kể chuyện"
SV10328,Du lịch,8.3,"Lập trình web nâng cao, Tin học cơ bản, Kỹ năng mềm, DevOps và CI/CD, Hệ thống phân tán, Machine Learning với TensorFlow, Big Data và Hadoop, Cấu trúc dữ liệu và Giải thuật, Phát triển ứng dụng web, Xử lý ngôn ngữ tự nhiên, Mạng máy tính, An toàn thông tin, Phát triển phần mềm doanh nghiệp, Xác suất thống kê, Kỹ thuật phần mềm nâng cao, An ninh mạng cơ bản, Lập trình Java, Hệ thống nhúng, Giáo dục quốc phòng - An ninh, Phát triển ứng dụng di động, Lập trình di động iOS/Android, Kiểm thử phần mềm, Internet of Things, Lập trình C/C++, Học sâu, Lập trình hướng đối tượng, Thị giác máy tính, Lập trình Python, Cyber Security nâng cao, Mật mã học, Giáo dục thể chất, Cloud Computing - AWS/Azure, Tiếng Anh chuyên ngành, Học máy, Toán cao cấp, Phát triển game, Quản lý dự án CNTT, Cơ sở dữ liệu, Tư duy logic và giải quyết vấn đề, Trí tuệ nhân tạo","Phát triển ứng dụng di động, Thiết kế UI/UX, Blockchain"
SV10329,Công nghệ sinh học,8.3,"Triết học Mác-Lênin, Tư tưởng Hồ Chí Minh, Kỹ thuật tế bào, Hình ảnh y khoa, Xác suất thống kê, Công nghệ nano y sinh, Kỹ thuật mô sinh học, Tư duy logic và giải quyết vấn đề, Giáo dục thể chất, Kỹ thuật y sinh, Giải tích, Kỹ năng mềm, Vật liệu sinh học, Giáo dục quốc phòng - An ninh, Thiết bị y tế","Cloud Computing, DevOps"
SV10330,Truyền thông đa phương tiện,7.7,"Kỹ thuật phần mềm nâng cao, Lập trình C/C++, Kiểm thử phần mềm, Giáo dục thể chất, Toán cao cấp, Giáo dục quốc phòng - An ninh, Xử lý ngôn ngữ tự nhiên, Hệ điều hành, Học máy, Lập trình hướng đối tượng, Mạng máy tính, Quản lý dự án CNTT, Phát triển phần mềm doanh nghiệp, Học sâu, Machine Learning với TensorFlow, Hệ thống phân tán, Triết học Mác-Lênin, Phát triển ứng dụng di động, Giải tích, Lập trình web nâng cao, Tin học cơ bản, Trí tuệ nhân tạo, Internet of Things, Tư tưởng Hồ Chí Minh, DevOps và CI/CD, Mật mã học, Big Data và Hadoop, Cơ sở dữ liệu, Cyber Security nâng cao, Tư duy logic và giải quyết vấn đề, Thiết kế giao diện người dùng, Tiếng Anh chuyên ngành, Cấu trúc dữ liệu và Giải thuật, An ninh mạng cơ bản, Lập trình di động iOS/Android, An toàn thông tin, Lập trình Python, Hệ thống nhúng, Phát triển game, Cloud Computing - AWS/Azure",Thiết kế UI/UX
SV10331,Công nghệ đa phương tiện,6.8,"Phát triển ứng dụng web, Xác suất thống kê, Cyber Security nâng cao, An toàn thông tin, Xử lý ngôn ngữ tự nhiên, Hệ điều hành, Phân tích và thiết kế hệ thống, An ninh mạng cơ bản, Lập trình di động iOS/Android, Machine Learning với TensorFlow, Kỹ thuật phần mềm nâng cao, Lập trình Python, Tin học cơ bản, Trí tuệ nhân tạo, Cơ sở dữ liệu, Triết học Mác-Lênin, Tiếng Anh chuyên ngành, Lập trình C/C++, Kỹ năng mềm, Học sâu, Quản lý dự án CNTT, Blockchain cơ bản, Thiết kế giao diện người dùng, Internet of Things, Big Data và Hadoop, Kiểm thử phần mềm, Cấu trúc dữ liệu và Giải thuật, Hệ thống phân tán, DevOps và CI/CD, Tư tưởng Hồ Chí Minh, Lập trình Java, Lập trình hướng đối tượng","Phân tích dữ liệu, Thiền"
SV10332,Truyền thông đa phương tiện,7.8,"Quản lý dự án CNTT, Tư tưởng Hồ Chí Minh, Kỹ thuật phần mềm nâng cao, Mạng máy tính, Phát triển game, Lập trình Python, Big Data và Hadoop, Hệ thống nhúng, Kỹ năng mềm, Phát triển ứng dụng di động, Tiếng Anh chuyên ngành, Lập trình di động iOS/Android, Tin học cơ bản","Trí tuệ nhân tạo, Thiết kế UI/UX, Phát triển web, Cloud Computing"
SV10333,Kế toán,7,"Kế toán quản trị, Kinh tế phát triển, Tiếng Anh chuyên ngành, Tin học cơ bản, Kinh tế lượng, Marketing số, Logistics, Tài chính quốc tế, Tài chính doanh nghiệp, Thương mại điện tử, Kinh tế vĩ mô, Kế toán tài chính, Triết học Mác-Lênin, Kinh tế quốc tế","Bán hàng, Thơ ca"
SV10334,Kỹ thuật máy tính,8.7,"Giáo dục thể chất, Hệ thống nhúng nâng cao, Anten và sóng điện từ, Điện tử số, Điện tử công suất, Triết học Mác-Lênin, Truyền thông số, Mạng không dây, Tin học cơ bản, Toán cao cấp, Điện tử viễn thông, Xác suất thống kê, Kỹ năng mềm, Kỹ thuật radar, Truyền thông quang, Hệ thống điện tử nhúng, Hệ thống điều khiển tự động, Xử lý tín hiệu số, Tư duy logic và giải quyết vấn đề, Điện tử cơ bản, Tiếng Anh chuyên ngành, Tư tưởng Hồ Chí Minh, Đo lường điện tử, Mạng viễn thông, Kỹ thuật vi mạch, Giải tích, Truyền thông vô tuyến, Giáo dục quốc phòng - An ninh","Cloud Computing, Machine Learning, Game Development"
SV10335,Blockchain và Tiền mã hóa,7.6,"An toàn thông tin, Phát triển ứng dụng web, Mật mã học, Mạng máy tính, Machine Learning với TensorFlow, An ninh mạng cơ bản, Học máy, Big Data và Hadoop, Tiếng Anh chuyên ngành, DevOps và CI/CD, Thị giác máy tính, Giáo dục thể chất, Blockchain cơ bản, Hệ thống nhúng, Quản lý dự án CNTT, Giải tích, Lập trình web nâng cao, Phát triển game, Hệ điều hành, Internet of Things, Phát triển phần mềm doanh nghiệp, Lập trình C/C++, Xử lý ngôn ngữ tự nhiên, Tin học cơ bản, Cyber Security nâng cao, Cloud Computing - AWS/Azure","Phát triển ứng dụng di động, Lập trình, DevOps, Robot học"
SV10336,Công nghệ thông tin,6.9,"Blockchain cơ bản, Giải tích, Quản lý dự án CNTT, Lập trình C/C++, Học máy, Lập trình Python, Triết học Mác-Lênin, Kỹ năng mềm, An toàn thông tin, Hệ thống nhúng, An ninh mạng cơ bản, Xác suất thống kê, Lập trình di động iOS/Android, Big Data và Hadoop, Phát triển ứng dụng web, Phát triển game, Trí tuệ nhân tạo, Xử lý ngôn ngữ tự nhiên, Phát triển ứng dụng di động, Phát triển phần mềm doanh nghiệp, Lập trình web nâng cao, Internet of Things, Tiếng Anh chuyên ngành, Hệ điều hành, Mạng máy tính","Yoga, DevOps, Cloud Computing"
SV10337,Kỹ thuật máy tính,7.4,"Điện tử năng lượng, Giải tích, Kỹ năng mềm, Điện tử cơ bản, Mạng viễn thông, Đo lường điện tử, Tư tưởng Hồ Chí Minh, Hệ thống điều khiển tự động, Xử lý tín hiệu số, Truyền thông vô tuyến, Truyền thông quang, Xác suất thống kê, Điện tử số, Điện tử viễn thông, Anten và sóng điện từ, Truyền thông số, Hệ thống điện tử nhúng, Tin học cơ bản","Trí tuệ nhân tạo, Lập trình, Internet of Things, DevOps"
SV10338,Sư phạm Toán,8.1,"Tư tưởng Hồ Chí Minh, Bài tập toán nâng cao, Hình học giải tích, Dạy học toán phổ thông, Triết học Mác-Lênin, Xác suất thống kê, Toán rời rạc, Giải tích, Tin học cơ bản, Tư duy logic và giải quyết vấn đề, Lý thuyết số, Đại số tuyến tính, Toán cao cấp, Kỹ năng mềm, Toán học ứng dụng","Thiền, DevOps"
SV10339,Hệ thống thông tin,7.1,"Quản lý dự án CNTT, DevOps và CI/CD, Kiểm thử phần mềm, Trí tuệ nhân tạo, Tin học cơ bản, Lập trình Java, Toán cao cấp, Thị giác máy tính, Phát triển ứng dụng di động, Phát triển ứng dụng web, An toàn thông tin, Lập trình hướng đối tượng","DevOps, Game Development, Phát triển ứng dụng di động"
SV10340,Công nghệ sinh học,6.9,"Giáo dục quốc phòng - An ninh, Triết học Mác-Lênin, Thiết bị y tế, Công nghệ sinh học ứng dụng, Tư tưởng Hồ Chí Minh, Kỹ thuật y sinh, Vật liệu sinh học, Công nghệ nano y sinh, Môn tự chọn 1, Môn tự chọn 5, Kỹ năng mềm, Môn tự chọn 3, Môn tự chọn 12, Môn tự chọn 13, Môn tự chọn 10, Kỹ thuật tế bào, Toán cao cấp, Giáo dục thể chất, Môn tự chọn 11, Môn tự chọn 4, Môn tự chọn 6, Môn tự chọn 2, Môn tự chọn 14, Môn tự chọn 7, Môn tự chọn 8, Tin học cơ bản, Xác suất thống kê, Tư duy logic và giải quyết vấn đề, Môn tự chọn 9, Tiếng Anh chuyên ngành, Giải tích, Kỹ thuật mô sinh học, Hình ảnh y khoa, Công nghệ gen, Sinh học phân tử","Blockchain, Phát triển ứng dụng di động, Phân tích dữ liệu, DevOps"
SV10341,Khoa học máy tính,7.9,"Quản lý dự án CNTT, An toàn thông tin, DevOps và CI/CD, Hệ thống nhúng, Mạng máy tính, Lập trình Python, Thiết kế giao diện người dùng, Big Data và Hadoop, Cyber Security nâng cao, Lập trình hướng đối tượng, Cloud Computing - AWS/Azure, Kỹ năng mềm, Machine Learning với TensorFlow, Phân tích và thiết kế hệ thống, Tiếng Anh chuyên ngành, Học máy, Mật mã học, Giáo dục quốc phòng - An ninh, Phát triển ứng dụng di động, Phát triển phần mềm doanh nghiệp, Triết học Mác-Lênin, Xử lý ngôn ngữ tự nhiên, Tư duy logic và giải quyết vấn đề, Trí tuệ nhân tạo, Kiểm thử phần mềm, Giáo dục thể chất, Tư tưởng Hồ Chí Minh, Lập trình di động iOS/Android, Blockchain cơ bản, Giải tích, Cấu trúc dữ liệu và Giải thuật, Xác suất thống kê, Hệ thống phân tán, Hệ điều hành","Trí tuệ nhân tạo, Thiết kế UI/UX, Robot học"
SV10342,Thiết kế đồ họa,7.9,"Môn tự chọn 14, Môn tự chọn 18, Môn tự chọn 21, Môn tự chọn 5, Môn tự chọn 11, Tin học cơ bản, Tiếng Anh chuyên ngành, Kỹ năng mềm, Môn tự chọn 17, Môn tự chọn 19, Xác suất thống kê, Môn tự chọn 13, Môn tự chọn 2, Môn tự chọn 8, Môn tự chọn 10, Môn tự chọn 23, Tư tưởng Hồ Chí Minh, Triết học Mác-Lênin, Môn tự chọn 6, Môn tự chọn 12, Tư duy logic và giải quyết vấn đề, Môn tự chọn 1, Môn tự chọn 15, Môn tự chọn 4, Môn tự chọn 7, Môn tự chọn 16, Môn tự chọn 9, Môn tự chọn 22, Giáo dục thể chất, Toán cao cấp, Môn tự chọn 3, Giáo dục quốc phòng - An ninh, Môn tự chọn 20, Môn tự chọn 24, Giải tích","Kể chuyện, Diễn thuyết, Âm nhạc"
SV10343,Marketing,7.2,"Giáo dục thể chất, Triết học Mác-Lênin, Tài chính quốc tế, Xác suất thống kê, Tài chính doanh nghiệp, Kinh tế quốc tế, Quản trị kinh doanh, Marketing số, Kỹ năng mềm, Môn tự chọn 1, Môn tự chọn 2, Kinh tế phát triển, Giáo dục quốc phòng - An ninh, Môn tự chọn 3, Quản trị nhân sự, Thương mại điện tử, Quản trị chiến lược, Kế toán quản trị, Tin học cơ bản, Marketing cơ bản, Kế toán tài chính, Kinh tế vi mô, Kinh tế vĩ mô, Giải tích, Tư duy logic và giải quyết vấn đề, Chuỗi cung ứng, Tư tưởng Hồ Chí Minh, Toán cao cấp, Ngân hàng thương mại, Kinh tế lượng, Logistics, Tiếng Anh chuyên ngành","Bán hàng, Fintech"
SV10344,Ngôn ngữ Trung Quốc,7.2,"Môn tự chọn 12, Môn tự chọn 16, Ngữ pháp tiếng Trung, Môn tự chọn 1, Môn tự chọn 7, Văn hóa Trung Quốc, Môn tự chọn 3, Môn tự chọn 11, Kỹ năng nghe nói tiếng Trung, Môn tự chọn 2, Tiếng Trung thương mại, Tư tưởng Hồ Chí Minh, Môn tự chọn 5, Hán tự học, Giáo dục quốc phòng - An ninh, Tư duy logic và giải quyết vấn đề, Ngữ âm học tiếng Trung, Giải tích, Kỹ năng mềm, Môn tự chọn 14, Hán ngữ hiện đại, Môn tự chọn 13, Toán cao cấp, Tin học cơ bản, Môn tự chọn 8, Tiếng Trung kinh tế, Môn tự chọn 6, Môn tự chọn 4, Môn tự chọn 10, Tiếng Anh chuyên ngành, Môn tự chọn 9, Văn học cổ điển Trung Quốc, Xác suất thống kê, Môn tự chọn 15, Triết học Mác-Lênin, Dịch Trung-Việt, Giáo dục thể chất","Thơ ca, Yoga, Thiết kế UI/UX"
SV10345,Sư phạm Ngữ văn,7.9,"Lịch sử văn học thế giới, Giải tích, Triết học Mác-Lênin, Tin học cơ bản, Tư duy logic và giải quyết vấn đề, Tư tưởng Hồ Chí Minh, Nghiên cứu tác phẩm Nguyễn Du, Phương pháp dạy văn lớp 12, Kỹ năng mềm, Văn học Việt Nam cổ điển, Tiếng Anh chuyên ngành","Học ngoại ngữ, Yoga, Nhiếp ảnh, Âm nhạc"
SV10346,Kinh tế,6.3,"Xác suất thống kê, Tư tưởng Hồ Chí Minh, Kinh tế vĩ mô, Kinh tế quốc tế, Quản trị chiến lược, Tư duy logic và giải quyết vấn đề, Giáo dục quốc phòng - An ninh, Ngân hàng thương mại, Thương mại điện tử, Tài chính doanh nghiệp, Logistics, Quản trị kinh doanh, Tin học cơ bản, Triết học Mác-Lênin, Tiếng Anh chuyên ngành, Marketing số, Chuỗi cung ứng, Kế toán quản trị, Kinh tế lượng, Giải tích, Kế toán tài chính, Marketing cơ bản, Kỹ năng mềm, Toán cao cấp, Kinh tế phát triển","Fintech, Blockchain, Bán hàng, Marketing số, Thương mại điện tử"
SV10347,Kinh tế,6.3,"Kế toán quản trị, Marketing cơ bản, Triết học Mác-Lênin, Giáo dục quốc phòng - An ninh, Quản trị chiến lược, Kinh tế vi mô, Giáo dục thể chất, Kinh tế phát triển, Thương mại điện tử, Giải tích, Tiếng Anh chuyên ngành, Tin học cơ bản, Tư tưởng Hồ Chí Minh, Tài chính quốc tế, Logistics, Tài chính doanh nghiệp, Chuỗi cung ứng","Kinh doanh quốc tế, Quản trị dự án, Khởi nghiệp, Marketing số"
SV10348,Luật,7,"Phát triển ứng dụng di động, Cloud Computing - AWS/Azure, Học sâu, Toán cao cấp, Blockchain cơ bản, Quản lý dự án CNTT, Lập trình Python, Lập trình Java, Lập trình hướng đối tượng, Lập trình di động iOS/Android, Học máy, Tư duy logic và giải quyết vấn đề, Xử lý ngôn ngữ tự nhiên, Kiểm thử phần mềm, Phát triển game, Tin học cơ bản, Kỹ thuật phần mềm nâng cao, Internet of Things, Hệ điều hành, Cyber Security nâng cao, Mật mã học, An ninh mạng cơ bản, Cơ sở dữ liệu, DevOps và CI/CD, Trí tuệ nhân tạo, Machine Learning với TensorFlow, Phát triển ứng dụng web, Phân tích và thiết kế hệ thống, Lập trình web nâng cao, Triết học Mác-Lênin","Machine Learning, Phát triển ứng dụng di động, Game Development, Big Data"
SV10349,Điều dưỡng,7.5,"Tin học cơ bản, Tư tưởng Hồ Chí Minh, Y học cổ truyền, Tư duy logic và giải quyết vấn đề, Giải tích, Bệnh học truyền nhiễm, Giải phẫu học, Bệnh học ngoại khoa, Dinh dưỡng học, Kỹ năng mềm, Dược lý lâm sàng, Dược lý học, Xác suất thống kê, Vi sinh y học, Miễn dịch học, Triết học Mác-Lênin, Y học dự phòng, Giáo dục quốc phòng - An ninh, Sinh lý học, Dược lâm sàng, Toán cao cấp, Giáo dục thể chất","Thương mại điện tử, Bán hàng, Kể chuyện"
SV10350,Kỹ thuật cơ khí,8,"Động lực học máy, Kỹ thuật gia công, Cơ học vật liệu, Tiếng Anh chuyên ngành, Giáo dục quốc phòng - An ninh, Toán cao cấp, Cơ điện tử, Kỹ thuật nhiệt, Giáo dục thể chất, Triết học Mác-Lênin, Tư tưởng Hồ Chí Minh, Thiết kế máy, Kỹ thuật sản xuất, Cơ khí chế tạo, Giải tích, Cơ khí chính xác, Cơ học kỹ thuật",Lập trình
SV10351,Fintech,9.2,"Phát triển ứng dụng web, Kỹ thuật phần mềm nâng cao, Big Data và Hadoop, An toàn thông tin, Mạng máy tính, Giáo dục quốc phòng - An ninh, Giáo dục thể chất, Giải tích, Lập trình hướng đối tượng, Lập trình Python, Phát triển phần mềm doanh nghiệp, Kiểm thử phần mềm, Lập trình web nâng cao",Khoa học dữ liệu
SV10352,Marketing,8.6,"Tư duy logic và giải quyết vấn đề, Giáo dục quốc phòng - An ninh, Xác suất thống kê, Quản trị kinh doanh, Triết học Mác-Lênin, Chuỗi cung ứng, Tin học cơ bản, Tài chính doanh nghiệp, Kinh tế vi mô, Giải tích, Kinh tế phát triển, Marketing cơ bản","Kinh doanh quốc tế, Đầu tư, Thương mại điện tử"
SV10353,Điều dưỡng,7.5,"Môn tự chọn 3, Giải tích, Hóa sinh y học, Môn tự chọn 2, Giáo dục thể chất, Toán cao cấp, Tư duy logic và giải quyết vấn đề, Miễn dịch học, Bệnh học nội khoa, Môn tự chọn 4, Môn tự chọn 1, Môn tự chọn 8, Vi sinh y học, Xác suất thống kê, Bệnh học truyền nhiễm, Dược lý học, Giải phẫu học, Môn tự chọn 9, Tin học cơ bản, Tư tưởng Hồ Chí Minh, Dược lâm sàng, Y học cổ truyền, Bệnh học ngoại khoa, Môn tự chọn 13, Tiếng Anh chuyên ngành, Y học dự phòng, Môn tự chọn 12, Sinh lý học, Môn tự chọn 10, Môn tự chọn 11, Môn tự chọn 5, Dược lý lâm sàng, Môn tự chọn 6, Môn tự chọn 7, Dinh dưỡng học, Triết học Mác-Lênin, Giáo dục quốc phòng - An ninh, Môn tự chọn 15, Môn tự chọn 14, Kỹ năng mềm","Du lịch khám phá, Vẽ tranh, Làm video, Thơ ca"
SV10354,Sư phạm Ngữ văn,7.7,"Văn học hiện đại Việt Nam, Giáo dục quốc phòng - An ninh, Ngữ pháp tiếng Việt, Lí luận văn học, Môn tự chọn 9, Văn học Việt Nam hiện đại, Phương pháp dạy văn lớp 12, Môn tự chọn 1, Môn tự chọn 7, Phương pháp giảng dạy Ngữ văn, Nghiên cứu tác phẩm Nguyễn Du, Triết học Mác-Lênin, Lịch sử văn học thế giới, Toán cao cấp, Giáo dục thể chất, Văn học dân gian, Văn học Việt Nam cổ điển, Môn tự chọn 5, Môn tự chọn 2, Tư duy logic và giải quyết vấn đề, Tin học cơ bản, Phân tích tác phẩm văn học, Môn tự chọn 6, Môn tự chọn 8, Xác suất thống kê, Văn học so sánh, Môn tự chọn 11, Môn tự chọn 4, Kỹ năng mềm, Giải tích, Môn tự chọn 10, Môn tự chọn 3, Tư tưởng Hồ Chí Minh, Tiếng Anh chuyên ngành",Yoga
SV10355,Thương mại điện tử,6.7,"Kỹ thuật phần mềm nâng cao, Blockchain cơ bản, Cơ sở dữ liệu, Lập trình web nâng cao, Hệ điều hành, Xác suất thống kê, Giáo dục thể chất, Phát triển game, Kỹ năng mềm, Trí tuệ nhân tạo, Big Data và Hadoop, Cyber Security nâng cao, Học máy, Mạng máy tính, Thị giác máy tính","Khoa học dữ liệu, Phát triển web, Trí tuệ nhân tạo, Cloud Computing, Cyber Security"
SV10356,Blockchain và Tiền mã hóa,7.7,"Tư tưởng Hồ Chí Minh, Phân tích và thiết kế hệ thống, Lập trình C/C++, Internet of Things, Giáo dục thể chất, Thị giác máy tính, Quản lý dự án CNTT, Kỹ năng mềm, Cơ sở dữ liệu, Kiểm thử phần mềm","Thiết kế UI/UX, Robot học"
SV10357,Công nghệ sinh học,7.4,"Tin học cơ bản, Vật liệu sinh học, Giáo dục quốc phòng - An ninh, Xác suất thống kê, Tư duy logic và giải quyết vấn đề, Triết học Mác-Lênin, Tư tưởng Hồ Chí Minh, Tiếng Anh chuyên ngành, Thiết bị y tế, Công nghệ sinh học ứng dụng, Công nghệ gen, Hình ảnh y khoa","Khoa học dữ liệu, Trí tuệ nhân tạo"
SV10358,Răng - Hàm - Mặt,8,"Toán cao cấp, Miễn dịch học, Môn tự chọn 6, Bệnh học ngoại khoa, Môn tự chọn 5, Tiếng Anh chuyên ngành, Tư duy logic và giải quyết vấn đề, Tin học cơ bản, Tư tưởng Hồ Chí Minh, Môn tự chọn 3, Dược lý lâm sàng, Giải phẫu học, Giải tích, Xác suất thống kê, Sinh lý học, Dược lý học, Vi sinh y học, Dược lâm sàng, Bệnh học truyền nhiễm, Môn tự chọn 7, Môn tự chọn 2, Kỹ năng mềm, Giáo dục quốc phòng - An ninh, Môn tự chọn 1, Triết học Mác-Lênin, Y học dự phòng, Dinh dưỡng học, Bệnh học nội khoa, Giáo dục thể chất, Y học cổ truyền, Hóa sinh y học, Môn tự chọn 4","Phát triển ứng dụng di động, Thương mại điện tử"
SV10359,Kỹ thuật y sinh,6.9,"Xác suất thống kê, Sinh học phân tử, Kỹ thuật mô sinh học, Giáo dục thể chất, Vật liệu sinh học, Công nghệ sinh học ứng dụng, Kỹ năng mềm, Triết học Mác-Lênin, Tư tưởng Hồ Chí Minh, Công nghệ nano y sinh, Tư duy logic và giải quyết vấn đề","Lập trình, Machine Learning, Trí tuệ nhân tạo, Blockchain"
SV10360,Tài chính - Ngân hàng,8.2,"Kế toán tài chính, Xác suất thống kê, Toán cao cấp, Kinh tế vĩ mô, Marketing số, Logistics, Ngân hàng thương mại, Chuỗi cung ứng, Giáo dục thể chất, Tài chính quốc tế, Quản trị nhân sự, Kỹ năng mềm, Kế toán quản trị, Tin học cơ bản, Kinh tế lượng, Giải tích, Kinh tế quốc tế, Tư tưởng Hồ Chí Minh","Quản trị dự án, Kể chuyện, Khởi nghiệp, Thương mại điện tử, Kinh doanh quốc tế"
SV10361,Hệ thống thông tin,9.2,"Cyber Security nâng cao, Tin học cơ bản, Phân tích và thiết kế hệ thống, Triết học Mác-Lênin, Giáo dục thể chất, Blockchain cơ bản, Lập trình di động iOS/Android, Cloud Computing - AWS/Azure, Phát triển ứng dụng di động, Mạng máy tính, Internet of Things, Thiết kế giao diện người dùng, Cơ sở dữ liệu, Xác suất thống kê, Giải tích, Lập trình hướng đối tượng, Lập trình Python","Phát triển ứng dụng di động, Robot học, Cyber Security"
SV10362,Tài chính - Ngân hàng,7.6,"Tài chính quốc tế, Tư duy logic và giải quyết vấn đề, Quản trị nhân sự, Quản trị kinh doanh, Kế toán tài chính, Giải tích, Tin học cơ bản, Toán cao cấp, Giáo dục quốc phòng - An ninh, Kinh tế phát triển, Xác suất thống kê, Kinh tế vĩ mô, Kinh tế vi mô, Marketing số, Giáo dục thể chất, Kỹ năng mềm","Game Development, Bán hàng, Fintech, Marketing số"
SV10363,Y khoa,8.1,"Xác suất thống kê, Miễn dịch học, Bệnh học truyền nhiễm, Y học cổ truyền, Giáo dục quốc phòng - An ninh, Giáo dục thể chất, Dược lý lâm sàng, Giải phẫu học, Kỹ năng mềm, Dược lâm sàng, Giải tích","Làm video, Yoga, DevOps, Phân tích dữ liệu"
SV10364,Truyền thông đa phương tiện,8.4,"Blockchain cơ bản, Tư tưởng Hồ Chí Minh, Hệ thống phân tán, Phân tích và thiết kế hệ thống, Cloud Computing - AWS/Azure, Học sâu, Triết học Mác-Lênin, Lập trình web nâng cao, Hệ điều hành, DevOps và CI/CD, Hệ thống nhúng, Xác suất thống kê, An ninh mạng cơ bản, An toàn thông tin, Lập trình hướng đối tượng, Lập trình Java, Tiếng Anh chuyên ngành, Lập trình di động iOS/Android, Mật mã học, Kiểm thử phần mềm, Kỹ thuật phần mềm nâng cao, Tư duy logic và giải quyết vấn đề, Trí tuệ nhân tạo, Machine Learning với TensorFlow, Xử lý ngôn ngữ tự nhiên, Thiết kế giao diện người dùng, Tin học cơ bản, Cyber Security nâng cao, Giáo dục thể chất, Kỹ năng mềm","Cyber Security, Cloud Computing, Phân tích dữ liệu"
SV10365,Công nghệ sinh học,7.3,"Môn tự chọn 6, Môn tự chọn 18, Xác suất thống kê, Công nghệ sinh học ứng dụng, Môn tự chọn 2, Môn tự chọn 11, Môn tự chọn 15, Môn tự chọn 13, Môn tự chọn 7, Môn tự chọn 4, Giáo dục quốc phòng - An ninh, Môn tự chọn 9, Tiếng Anh chuyên ngành, Môn tự chọn 5, Môn tự chọn 10, Môn tự chọn 1, Môn tự chọn 8, Tin học cơ bản, Sinh học phân tử, Công nghệ nano y sinh, Kỹ thuật y sinh, Môn tự chọn 12, Giáo dục thể chất, Môn tự chọn 17, Kỹ năng mềm, Công nghệ gen, Giải tích, Thiết bị y tế, Môn tự chọn 14, Môn tự chọn 3, Môn tự chọn 16, Tư tưởng Hồ Chí Minh, Kỹ thuật tế bào, Toán cao cấp, Hình ảnh y khoa, Tư duy logic và giải quyết vấn đề, Môn tự chọn 19, Triết học Mác-Lênin, Kỹ thuật mô sinh học, Vật liệu sinh học","Machine Learning, Thiết kế UI/UX, Cloud Computing, Phát triển ứng dụng di động"
SV10366,Kỹ thuật điện,7.9,"Xác suất thống kê, Toán cao cấp, Giáo dục quốc phòng - An ninh, Điện tử số, Giải tích, Tư duy logic và giải quyết vấn đề, Đo lường điện tử, Triết học Mác-Lênin, Giáo dục thể chất, Xử lý tín hiệu số, Điện tử năng lượng, Hệ thống điều khiển tự động","Big Data, Cloud Computing, Thiết kế UI/UX"
SV10367,Khoa học máy tính,7.7,"Cloud Computing - AWS/Azure, DevOps và CI/CD, Kỹ năng mềm, Kiểm thử phần mềm, Mạng máy tính, Hệ điều hành, Triết học Mác-Lênin, Phát triển game, Phát triển ứng dụng di động, Tư tưởng Hồ Chí Minh, An toàn thông tin, Lập trình web nâng cao, Xử lý ngôn ngữ tự nhiên, Giáo dục quốc phòng - An ninh, Quản lý dự án CNTT, Trí tuệ nhân tạo, Toán cao cấp, Học máy, Lập trình Java, Giáo dục thể chất","Thiết kế UI/UX, Game Development, Robot học, Khoa học dữ liệu"
SV10368,Âm nhạc học,7.8,"Môn tự chọn 10, Môn tự chọn 9, Môn tự chọn 6, Môn tự chọn 16, Môn tự chọn 8, Biểu diễn nhạc cụ, Giáo dục quốc phòng - An ninh, Môn tự chọn 7, Âm nhạc dân gian Việt Nam, Phân tích tác phẩm âm nhạc, Tiếng Anh chuyên ngành, Hòa âm, Soạn nhạc cơ bản, Môn tự chọn 3, Môn tự chọn 17, Môn tự chọn 14, Môn tự chọn 12, Tin học cơ bản, Môn tự chọn 2, Giải tích, Âm nhạc hiện đại, Xác suất thống kê, Giáo dục thể chất, Kỹ thuật thanh nhạc, Tư duy logic và giải quyết vấn đề, Lịch sử âm nhạc, Triết học Mác-Lênin, Môn tự chọn 4, Môn tự chọn 1, Môn tự chọn 5, Âm nhạc lý thuyết, Âm nhạc cổ điển phương Tây, Môn tự chọn 15, Tư tưởng Hồ Chí Minh, Môn tự chọn 13, Kỹ năng mềm, Toán cao cấp, Môn tự chọn 11","Kể chuyện, Trí tuệ nhân tạo, Khiêu vũ"
SV10369,Ngôn ngữ Trung Quốc,6.9,"Tiếng Anh chuyên ngành, Dịch Trung-Việt, Kỹ năng nghe nói tiếng Trung, Tiếng Trung thương mại, Tiếng Trung kinh tế, Triết học Mác-Lênin, Ngữ pháp tiếng Trung, Ngữ âm học tiếng Trung, Toán cao cấp, Tin học cơ bản, Giáo dục thể chất, Tư duy logic và giải quyết vấn đề, Văn hóa Trung Quốc, Giải tích, Hán ngữ hiện đại, Tư tưởng Hồ Chí Minh, Giáo dục quốc phòng - An ninh, Văn học cổ điển Trung Quốc, Xác suất thống kê","Nhiếp ảnh, Nhiếp ảnh, Thiết kế UI/UX, Bán hàng, Ẩm thực"
SV10370,Kỹ thuật máy tính,7.7,"Điện tử số, Điện tử công suất, Môn tự chọn 1, Môn tự chọn 7, Hệ thống điều khiển tự động, Toán cao cấp, Anten và sóng điện từ, Giáo dục quốc phòng - An ninh, Hệ thống điện tử nhúng, Môn tự chọn 2, Tư tưởng Hồ Chí Minh, Giải tích, Môn tự chọn 6, Xử lý tín hiệu số, Giáo dục thể chất, Môn tự chọn 8, Môn tự chọn 4, Kỹ năng mềm, Mạng không dây, Triết học Mác-Lênin, Tiếng Anh chuyên ngành, Truyền thông vô tuyến, Điện tử cơ bản, Môn tự chọn 5, Tin học cơ bản, Điện tử viễn thông, Kỹ thuật vi mạch, Môn tự chọn 3, Tư duy logic và giải quyết vấn đề, Hệ thống nhúng nâng cao, Mạng viễn thông, Xác suất thống kê, Truyền thông số, Truyền thông quang, Điện tử năng lượng, Kỹ thuật radar, Đo lường điện tử","Phát triển ứng dụng di động, Thiết kế UI/UX, Khoa học dữ liệu, Lập trình"
SV10371,Kế toán,8.2,"Tiếng Anh chuyên ngành, Kỹ năng mềm, Môn tự chọn 4, Môn tự chọn 2, Kinh tế phát triển, Quản trị chiến lược, Thương mại điện tử, Tài chính quốc tế, Tư duy logic và giải quyết vấn đề, Marketing số, Toán cao cấp, Ngân hàng thương mại, Môn tự chọn 1, Kinh tế quốc tế, Tài chính doanh nghiệp, Giáo dục quốc phòng - An ninh, Tư tưởng Hồ Chí Minh, Quản trị kinh doanh, Kinh tế vi mô, Triết học Mác-Lênin, Marketing cơ bản, Quản trị nhân sự, Chuỗi cung ứng, Kế toán quản trị, Logistics, Kinh tế vĩ mô, Giáo dục thể chất, Môn tự chọn 3, Tin học cơ bản, Xác suất thống kê, Kinh tế lượng, Giải tích, Kế toán tài chính","Khởi nghiệp, Đầu tư, Thương mại điện tử, Fintech"
SV10372,Ngôn ngữ Anh,9.2,"Tiếng Anh học thuật, Tiếng Anh báo chí, Kỹ năng nói tiếng Anh, Môn tự chọn 7, Môn tự chọn 9, Ngữ pháp tiếng Anh nâng cao, Tiếng Anh chuyên ngành pháp lý, Kỹ năng đọc hiểu tiếng Anh, Tư tưởng Hồ Chí Minh, Môn tự chọn 12, Môn tự chọn 2, Văn hóa Anh-Mỹ, Môn tự chọn 11, Môn tự chọn 10, Kỹ năng viết tiếng Anh, Môn tự chọn 3, Môn tự chọn 6, Phiên dịch hội nghị, Xác suất thống kê, Môn tự chọn 8, Văn học Anh, Môn tự chọn 13, Kỹ năng mềm, Tư duy logic và giải quyết vấn đề, Giáo dục thể chất, Giải tích, Tiếng Anh cho kinh doanh, Kỹ năng nghe tiếng Anh, Môn tự chọn 5, Dịch Anh-Việt, Tiếng Anh chuyên ngành, Triết học Mác-Lênin, Ngữ âm học tiếng Anh, Môn tự chọn 4, Tin học cơ bản, Dịch Việt-Anh, Giáo dục quốc phòng - An ninh, Môn tự chọn 1, Tiếng Anh thương mại, Toán cao cấp","Thương mại điện tử, Cyber Security"
SV10373,Hệ thống thông tin,8.7,"Triết học Mác-Lênin, Lập trình Java, Xác suất thống kê, Cấu trúc dữ liệu và Giải thuật, Học sâu, Phát triển ứng dụng di động, Tư tưởng Hồ Chí Minh, Phát triển game, Lập trình di động iOS/Android, An ninh mạng cơ bản, Kỹ thuật phần mềm nâng cao, Học máy, Phát triển phần mềm doanh nghiệp, Tiếng Anh chuyên ngành","Trí tuệ nhân tạo, Internet of Things, DevOps"
SV10374,Khoa học máy tính,9.9,"Lập trình Python, Hệ thống nhúng, Cơ sở dữ liệu, Cyber Security nâng cao, Mật mã học, Cloud Computing - AWS/Azure, Hệ điều hành, Triết học Mác-Lênin, Hệ thống phân tán, Mạng máy tính, Phát triển phần mềm doanh nghiệp, Giáo dục quốc phòng - An ninh, Học máy, Xử lý ngôn ngữ tự nhiên, Internet of Things, Kỹ năng mềm, Trí tuệ nhân tạo, Kỹ thuật phần mềm nâng cao, Thị giác máy tính, An toàn thông tin, Phát triển ứng dụng di động, Tư tưởng Hồ Chí Minh, Giải tích, Lập trình di động iOS/Android, Lập trình C/C++, Lập trình hướng đối tượng, Lập trình web nâng cao, Toán cao cấp","Lập trình, Big Data, Robot học, Trí tuệ nhân tạo, Phát triển ứng dụng di động"
SV10375,Kỹ thuật môi trường,6.9,"Môn tự chọn 2, Xử lý nước thải, Tư duy logic và giải quyết vấn đề, Kỹ thuật phản ứng hóa học, Toán cao cấp, Tư tưởng Hồ Chí Minh, Giáo dục thể chất, Triết học Mác-Lênin, Tin học cơ bản, Xử lý chất thải rắn, Kỹ thuật nhiệt hóa học, Môn tự chọn 5, Xác suất thống kê, Môn tự chọn 1, Môn tự chọn 4, Môn tự chọn 6, Kỹ thuật polymer, Tiếng Anh chuyên ngành, Kỹ năng mềm, Ô nhiễm không khí, Kỹ thuật môi trường, Công nghệ xử lý nước, Môn tự chọn 3, Giải tích, Hóa học công nghiệp, Hóa phân tích môi trường, Giáo dục quốc phòng - An ninh, Kỹ thuật hóa học","Khoa học dữ liệu, Machine Learning, Phát triển web"
SV10376,Điều dưỡng,8.6,"Môn tự chọn 3, Dược lý lâm sàng, Giáo dục quốc phòng - An ninh, Y học dự phòng, Sinh lý học, Vi sinh y học, Kỹ năng mềm, Giải phẫu học, Hóa sinh y học, Giải tích, Dược lý học, Bệnh học nội khoa, Bệnh học truyền nhiễm, Giáo dục thể chất, Môn tự chọn 2, Tư tưởng Hồ Chí Minh, Tư duy logic và giải quyết vấn đề, Dược lâm sàng, Triết học Mác-Lênin, Toán cao cấp, Y học cổ truyền, Tin học cơ bản, Xác suất thống kê, Tiếng Anh chuyên ngành, Bệnh học ngoại khoa, Môn tự chọn 1, Dinh dưỡng học, Miễn dịch học","Làm video, Fintech, Yoga, Ẩm thực"
SV10377,Dược học,7.9,"Tin học cơ bản, Tiếng Anh chuyên ngành, Giải phẫu học, Bệnh học nội khoa, Miễn dịch học, Dược lý học, Tư duy logic và giải quyết vấn đề, Giáo dục thể chất, Hóa sinh y học, Y học cổ truyền, Xác suất thống kê, Bệnh học truyền nhiễm, Dinh dưỡng học, Dược lâm sàng, Giáo dục quốc phòng - An ninh, Giải tích, Kỹ năng mềm, Dược lý lâm sàng, Tư tưởng Hồ Chí Minh, Y học dự phòng, Vi sinh y học, Sinh lý học, Triết học Mác-Lênin, Bệnh học ngoại khoa","Vẽ tranh, Ẩm thực, Lập trình"
SV10378,Kế toán,9.9,"Quản trị chiến lược, Kinh tế vi mô, Quản trị kinh doanh, Quản trị nhân sự, Kinh tế lượng, Xác suất thống kê, Kế toán quản trị, Giáo dục quốc phòng - An ninh, Chuỗi cung ứng, Tài chính quốc tế, Kinh tế quốc tế, Marketing cơ bản, Kế toán tài chính, Tư tưởng Hồ Chí Minh, Ngân hàng thương mại, Triết học Mác-Lênin, Kinh tế vĩ mô, Marketing số, Tin học cơ bản, Giáo dục thể chất, Kỹ năng mềm, Giải tích, Tiếng Anh chuyên ngành","Fintech, Thương mại điện tử"
SV10379,Điều dưỡng,6.9,"Toán cao cấp, Môn tự chọn 7, Môn tự chọn 8, Dược lâm sàng, Môn tự chọn 5, Bệnh học nội khoa, Giáo dục quốc phòng - An ninh, Giải phẫu học, Môn tự chọn 4, Vi sinh y học, Xác suất thống kê, Y học dự phòng, Bệnh học ngoại khoa, Dược lý học, Giáo dục thể chất, Tin học cơ bản, Môn tự chọn 1, Y học cổ truyền, Môn tự chọn 9, Bệnh học truyền nhiễm, Tư tưởng Hồ Chí Minh, Hóa sinh y học, Miễn dịch học, Dược lý lâm sàng, Dinh dưỡng học, Kỹ năng mềm, Môn tự chọn 2, Giải tích, Môn tự chọn 6, Sinh lý học, Tiếng Anh chuyên ngành, Tư duy logic và giải quyết vấn đề, Triết học Mác-Lênin, Môn tự chọn 3",Cyber Security
SV10380,Ngôn ngữ Trung Quốc,6.9,"Môn tự chọn 1, Kỹ năng nghe nói tiếng Trung, Toán cao cấp, Giáo dục thể chất, Triết học Mác-Lênin, Ngữ pháp tiếng Trung, Môn tự chọn 5, Giáo dục quốc phòng - An ninh, Môn tự chọn 11, Môn tự chọn 10, Ngữ âm học tiếng Trung, Hán tự học, Môn tự chọn 8, Hán ngữ hiện đại, Môn tự chọn 7, Môn tự chọn 12, Kỹ năng mềm, Môn tự chọn 13, Môn tự chọn 2, Tiếng Trung thương mại, Dịch Trung-Việt, Văn hóa Trung Quốc, Môn tự chọn 3, Môn tự chọn 6, Tư duy logic và giải quyết vấn đề, Văn học cổ điển Trung Quốc, Môn tự chọn 9, Môn tự chọn 4, Xác suất thống kê, Tiếng Trung kinh tế, Tư tưởng Hồ Chí Minh, Tiếng Anh chuyên ngành, Tin học cơ bản, Giải tích","Đầu tư, Robot học, Kinh doanh quốc tế"
SV10381,Dược học,7.1,"Giáo dục quốc phòng - An ninh, Bệnh học nội khoa, Kỹ năng mềm, Xác suất thống kê, Tin học cơ bản, Dược lý học, Tiếng Anh chuyên ngành, Vi sinh y học, Sinh lý học, Y học cổ truyền, Hóa sinh y học, Bệnh học ngoại khoa, Toán cao cấp, Triết học Mác-Lênin, Miễn dịch học, Bệnh học truyền nhiễm, Tư tưởng Hồ Chí Minh, Giải phẫu học, Dinh dưỡng học","Cyber Security, Phát triển ứng dụng di động"
SV10382,Marketing,5.6,"Marketing số, Toán cao cấp, Kế toán quản trị, Thương mại điện tử, Marketing cơ bản, Ngân hàng thương mại, Tài chính quốc tế, Kinh tế lượng, Xác suất thống kê, Quản trị chiến lược, Tin học cơ bản, Kinh tế phát triển, Giáo dục thể chất, Kinh tế vĩ mô, Quản trị nhân sự, Giải tích, Logistics, Kinh tế quốc tế, Triết học Mác-Lênin, Kinh tế vi mô, Tài chính doanh nghiệp, Giáo dục quốc phòng - An ninh, Tư tưởng Hồ Chí Minh, Kế toán tài chính, Chuỗi cung ứng","Bán hàng, Fintech, Kinh doanh quốc tế, Quản trị dự án"
SV10383,Thương mại điện tử,7.2,"DevOps và CI/CD, An toàn thông tin, Phát triển ứng dụng di động, Mật mã học, Thị giác máy tính, Cloud Computing - AWS/Azure, Hệ điều hành, Triết học Mác-Lênin, Tư tưởng Hồ Chí Minh, Tư duy logic và giải quyết vấn đề, Lập trình C/C++, Kiểm thử phần mềm, Cấu trúc dữ liệu và Giải thuật, Kỹ thuật phần mềm nâng cao, Giải tích, Tin học cơ bản, Kỹ năng mềm, Trí tuệ nhân tạo, Quản lý dự án CNTT, Blockchain cơ bản","Game Development, Phân tích dữ liệu"
SV10384,Khoa học dữ liệu,6.9,"Cyber Security nâng cao, Cơ sở dữ liệu, Giải tích, Tin học cơ bản, Lập trình hướng đối tượng, Tiếng Anh chuyên ngành, Giáo dục quốc phòng - An ninh, Mật mã học, Hệ thống nhúng, Phát triển ứng dụng di động","Robot học, Internet of Things, Phát triển ứng dụng di động, Cloud Computing"
SV10385,An ninh mạng,7.9,"Cấu trúc dữ liệu và Giải thuật, Cloud Computing - AWS/Azure, Toán cao cấp, Quản lý dự án CNTT, Lập trình web nâng cao, Kỹ thuật phần mềm nâng cao, Lập trình Python, Lập trình hướng đối tượng, Trí tuệ nhân tạo, Thị giác máy tính, An toàn thông tin, Hệ thống nhúng, Lập trình C/C++, Internet of Things","Game Development, Blockchain, Phát triển web"
SV10386,Ngôn ngữ Anh,8,"Ngữ pháp tiếng Anh nâng cao, Tư duy logic và giải quyết vấn đề, Ngữ âm học tiếng Anh, Dịch Việt-Anh, Văn học Anh, Triết học Mác-Lênin, Giáo dục thể chất, Văn hóa Anh-Mỹ, Giáo dục quốc phòng - An ninh, Kỹ năng viết tiếng Anh, Tin học cơ bản, Kỹ năng đọc hiểu tiếng Anh, Tiếng Anh thương mại, Giải tích, Tiếng Anh cho kinh doanh, Tiếng Anh chuyên ngành, Dịch Anh-Việt, Tiếng Anh báo chí, Xác suất thống kê, Kỹ năng mềm, Phiên dịch hội nghị","Viết lách, Cloud Computing"
SV10387,An ninh mạng,9.6,"Cloud Computing - AWS/Azure, Mạng máy tính, Cấu trúc dữ liệu và Giải thuật, Trí tuệ nhân tạo, Giáo dục thể chất, Phát triển ứng dụng web, Kỹ thuật phần mềm nâng cao, Triết học Mác-Lênin, Phát triển game, Lập trình di động iOS/Android, Xác suất thống kê, Lập trình Python, Cyber Security nâng cao, Internet of Things, Phát triển phần mềm doanh nghiệp, Giáo dục quốc phòng - An ninh, Lập trình web nâng cao, Lập trình C/C++, Lập trình hướng đối tượng, Mật mã học, An toàn thông tin, Blockchain cơ bản, Cơ sở dữ liệu, Kiểm thử phần mềm, Học sâu, Machine Learning với TensorFlow, Thị giác máy tính, Quản lý dự án CNTT, Tiếng Anh chuyên ngành","Blockchain, Cyber Security"
SV10388,Thiết kế đồ họa,8.7,"Môn tự chọn 3, Môn tự chọn 2, Tin học cơ bản, Giáo dục quốc phòng - An ninh, Môn tự chọn 15, Kỹ năng mềm, Môn tự chọn 1, Môn tự chọn 6, Môn tự chọn 7, Môn tự chọn 10, Môn tự chọn 16, Xác suất thống kê, Triết học Mác-Lênin, Môn tự chọn 9, Giải tích, Môn tự chọn 13, Môn tự chọn 11, Môn tự chọn 4, Tư tưởng Hồ Chí Minh, Tư duy logic và giải quyết vấn đề, Môn tự chọn 14, Giáo dục thể chất, Môn tự chọn 12, Môn tự chọn 8, Môn tự chọn 5, Tiếng Anh chuyên ngành, Toán cao cấp","Khiêu vũ, Âm nhạc, Nhiếp ảnh, Ẩm thực"
SV10389,Khoa học máy tính,7.1,"Toán cao cấp, Phân tích và thiết kế hệ thống, Mật mã học, Xác suất thống kê, Lập trình hướng đối tượng, Kiểm thử phần mềm, Hệ thống nhúng, Cấu trúc dữ liệu và Giải thuật, Big Data và Hadoop, Machine Learning với TensorFlow, Triết học Mác-Lênin, An toàn thông tin, Tin học cơ bản, Quản lý dự án CNTT, Cyber Security nâng cao, Mạng máy tính, Kỹ năng mềm, Trí tuệ nhân tạo, Học sâu, Cơ sở dữ liệu, Lập trình web nâng cao, Tư tưởng Hồ Chí Minh","Machine Learning, Internet of Things, Lập trình, Phát triển ứng dụng di động"
SV10390,Quản trị kinh doanh,6.8,"Giáo dục thể chất, Môn tự chọn 1, Logistics, Kế toán tài chính, Tài chính doanh nghiệp, Tài chính quốc tế, Marketing cơ bản, Ngân hàng thương mại, Quản trị chiến lược, Quản trị nhân sự, Chuỗi cung ứng, Tin học cơ bản, Tiếng Anh chuyên ngành, Kế toán quản trị, Kinh tế vi mô, Tư duy logic và giải quyết vấn đề, Kinh tế vĩ mô, Kinh tế lượng, Kinh tế quốc tế, Kinh tế phát triển, Quản trị kinh doanh, Marketing số, Xác suất thống kê, Giáo dục quốc phòng - An ninh, Kỹ năng mềm, Tư tưởng Hồ Chí Minh, Thương mại điện tử, Triết học Mác-Lênin, Toán cao cấp, Giải tích","Marketing số, Bán hàng, Kinh doanh quốc tế"
SV10391,Hệ thống thông tin,8.2,"Phát triển ứng dụng web, Cyber Security nâng cao, Giáo dục quốc phòng - An ninh, Tư duy logic và giải quyết vấn đề, Phát triển phần mềm doanh nghiệp, Hệ thống nhúng, Lập trình Java, Tiếng Anh chuyên ngành, Thiết kế giao diện người dùng, Tin học cơ bản, DevOps và CI/CD, Lập trình hướng đối tượng, Triết học Mác-Lênin, An toàn thông tin, Mật mã học, Cloud Computing - AWS/Azure, Mạng máy tính, Big Data và Hadoop, Học sâu, Trí tuệ nhân tạo, Phân tích và thiết kế hệ thống, Xác suất thống kê","Cyber Security, DevOps, Phân tích dữ liệu, Trí tuệ nhân tạo"
SV10392,Kỹ thuật hóa học,6.4,"Kỹ thuật polymer, Công nghệ xử lý nước, Tiếng Anh chuyên ngành, Giải tích, Giáo dục quốc phòng - An ninh, Xử lý nước thải, Tư duy logic và giải quyết vấn đề, Môn tự chọn 1, Môn tự chọn 6, Kỹ thuật phản ứng hóa học, Môn tự chọn 2, Kỹ thuật hóa học, Hóa học công nghiệp, Xử lý chất thải rắn, Ô nhiễm không khí, Triết học Mác-Lênin, Môn tự chọn 7, Tin học cơ bản, Tư tưởng Hồ Chí Minh, Giáo dục thể chất, Môn tự chọn 5, Hóa phân tích môi trường, Môn tự chọn 3, Toán cao cấp, Xác suất thống kê, Kỹ năng mềm, Kỹ thuật nhiệt hóa học, Môn tự chọn 4, Kỹ thuật môi trường","Thiết kế UI/UX, DevOps, Machine Learning"
SV10393,Logistics và Quản lý chuỗi cung ứng,9.5,"Tư duy logic và giải quyết vấn đề, Lập trình C/C++, Phát triển ứng dụng web, Triết học Mác-Lênin, Lập trình Python, Hệ thống phân tán, Cyber Security nâng cao, Thiết kế giao diện người dùng, Tin học cơ bản, Phát triển ứng dụng di động, Big Data và Hadoop","Khiêu vũ, Trí tuệ nhân tạo"
SV10394,Kỹ thuật môi trường,8.9,"Kỹ thuật nhiệt hóa học, Ô nhiễm không khí, Kỹ thuật hóa học, Môn tự chọn 2, Môn tự chọn 11, Công nghệ xử lý nước, Môn tự chọn 15, Môn tự chọn 8, Môn tự chọn 12, Môn tự chọn 16, Toán cao cấp, Triết học Mác-Lênin, Giải tích, Kỹ thuật phản ứng hóa học, Môn tự chọn 10, Giáo dục quốc phòng - An ninh, Tư tưởng Hồ Chí Minh, Môn tự chọn 1, Kỹ thuật polymer, Môn tự chọn 14, Môn tự chọn 6, Tiếng Anh chuyên ngành, Môn tự chọn 9, Môn tự chọn 13, Tin học cơ bản, Tư duy logic và giải quyết vấn đề, Môn tự chọn 3, Môn tự chọn 4, Kỹ thuật môi trường, Giáo dục thể chất, Xác suất thống kê, Môn tự chọn 5, Hóa phân tích môi trường, Xử lý chất thải rắn, Hóa học công nghiệp, Môn tự chọn 7, Kỹ năng mềm, Xử lý nước thải","Kể chuyện, Cloud Computing"
SV10395,Fintech,7.2,"Kỹ năng mềm, Mạng máy tính, Xác suất thống kê, Kỹ thuật phần mềm nâng cao, Cơ sở dữ liệu, Phân tích và thiết kế hệ thống, Hệ thống phân tán, Tin học cơ bản, Lập trình Python, Phát triển ứng dụng di động, Giáo dục thể chất, Giáo dục quốc phòng - An ninh, An toàn thông tin, Tư duy logic và giải quyết vấn đề, Kiểm thử phần mềm, Phát triển ứng dụng web, Phát triển game, Xử lý ngôn ngữ tự nhiên, Tư tưởng Hồ Chí Minh, An ninh mạng cơ bản, Hệ thống nhúng, Toán cao cấp, Cyber Security nâng cao, Mật mã học, DevOps và CI/CD, Thị giác máy tính, Triết học Mác-Lênin, Tiếng Anh chuyên ngành","Thiết kế UI/UX, Phát triển web"
SV10396,Logistics và Quản lý chuỗi cung ứng,6,"Trí tuệ nhân tạo, Học sâu, Giải tích, Mạng máy tính, Lập trình hướng đối tượng, Phát triển phần mềm doanh nghiệp, Phát triển game, Hệ thống phân tán, Học máy, Thị giác máy tính, Kiểm thử phần mềm, An toàn thông tin, Kỹ thuật phần mềm nâng cao, Lập trình Java, Phát triển ứng dụng web, Cấu trúc dữ liệu và Giải thuật, Lập trình C/C++, Cơ sở dữ liệu","DevOps, Game Development, Internet of Things, Lập trình, Cloud Computing"
SV10397,Tài chính - Ngân hàng,9.1,"Kinh tế quốc tế, Quản trị kinh doanh, Môn tự chọn 11, Kỹ năng mềm, Môn tự chọn 8, Môn tự chọn 4, Tài chính doanh nghiệp, Tư tưởng Hồ Chí Minh, Môn tự chọn 5, Môn tự chọn 7, Kinh tế lượng, Môn tự chọn 9, Logistics, Kinh tế vi mô, Triết học Mác-Lênin, Toán cao cấp, Kế toán tài chính, Môn tự chọn 1, Môn tự chọn 6, Môn tự chọn 2, Giải tích, Marketing cơ bản, Xác suất thống kê, Marketing số, Môn tự chọn 3, Kinh tế vĩ mô, Thương mại điện tử, Kinh tế phát triển, Tin học cơ bản, Tiếng Anh chuyên ngành, Kế toán quản trị, Giáo dục thể chất, Tài chính quốc tế, Giáo dục quốc phòng - An ninh, Ngân hàng thương mại, Tư duy logic và giải quyết vấn đề, Chuỗi cung ứng, Quản trị chiến lược, Quản trị nhân sự, Môn tự chọn 10","Fintech, Đầu tư, Quản trị dự án"
SV10398,Logistics và Quản lý chuỗi cung ứng,7.6,"Internet of Things, Kiểm thử phần mềm, Phát triển ứng dụng di động, Lập trình di động iOS/Android, Mật mã học, Lập trình Java, Cấu trúc dữ liệu và Giải thuật, Triết học Mác-Lênin, Xử lý ngôn ngữ tự nhiên, Thiết kế giao diện người dùng, Lập trình web nâng cao, Hệ thống phân tán, Hệ điều hành, Tiếng Anh chuyên ngành, An toàn thông tin, Học sâu, Phát triển phần mềm doanh nghiệp, Tin học cơ bản, Machine Learning với TensorFlow, Lập trình C/C++, Xác suất thống kê, Kỹ thuật phần mềm nâng cao, Tư duy logic và giải quyết vấn đề, An ninh mạng cơ bản, Giáo dục quốc phòng - An ninh, Cloud Computing - AWS/Azure, Học máy, Big Data và Hadoop, Blockchain cơ bản, Cyber Security nâng cao","Lập trình, DevOps, Cloud Computing, Phát triển ứng dụng di động"
SV10399,Thương mại điện tử,8.9,"Hệ thống phân tán, Phát triển phần mềm doanh nghiệp, Hệ điều hành, Lập trình hướng đối tượng, Triết học Mác-Lênin, Toán cao cấp, Kiểm thử phần mềm, Phát triển ứng dụng web, Kỹ thuật phần mềm nâng cao, Lập trình Java, Xác suất thống kê, Big Data và Hadoop, DevOps và CI/CD, Cloud Computing - AWS/Azure, Phát triển ứng dụng di động, Lập trình C/C++, Mạng máy tính, An toàn thông tin, Tiếng Anh chuyên ngành, Phân tích và thiết kế hệ thống, Học máy, Mật mã học, Tin học cơ bản, Lập trình di động iOS/Android, Xử lý ngôn ngữ tự nhiên, Kỹ năng mềm, Trí tuệ nhân tạo, Giáo dục quốc phòng - An ninh, Cơ sở dữ liệu, Giải tích, Hệ thống nhúng, Machine Learning với TensorFlow, Tư duy logic và giải quyết vấn đề, Lập trình Python, Quản lý dự án CNTT, Internet of Things, Cyber Security nâng cao, Lập trình web nâng cao, Phát triển game, Cấu trúc dữ liệu và Giải thuật","DevOps, Trí tuệ nhân tạo"
SV10400,Công nghệ thông tin,6.1,"Quản lý dự án CNTT, Lập trình web nâng cao, Mật mã học, Lập trình Python, Xác suất thống kê, Internet of Things, Cloud Computing - AWS/Azure, Hệ thống phân tán, Mạng máy tính, Blockchain cơ bản, An toàn thông tin, Tiếng Anh chuyên ngành, Giải tích, Cơ sở dữ liệu, Lập trình hướng đối tượng, Trí tuệ nhân tạo, Triết học Mác-Lênin, Lập trình C/C++, Kiểm thử phần mềm, Tin học cơ bản, Học máy, Thiết kế giao diện người dùng, Tư tưởng Hồ Chí Minh, Thị giác máy tính, Phát triển ứng dụng web, Big Data và Hadoop, Tư duy logic và giải quyết vấn đề, Kỹ thuật phần mềm nâng cao, Phát triển game, Lập trình Java","Phát triển web, Trí tuệ nhân tạo"
SV10401,Thiết kế thời trang,7.1,"Tư tưởng Hồ Chí Minh, Môn tự chọn 4, Môn tự chọn 3, Môn tự chọn 5, Triết học Mác-Lênin, Môn tự chọn 2, Tư duy logic và giải quyết vấn đề, Tiếng Anh chuyên ngành, Toán cao cấp, Giáo dục quốc phòng - An ninh, Xác suất thống kê, Môn tự chọn 6, Kỹ năng mềm, Giáo dục thể chất, Tin học cơ bản, Giải tích, Môn tự chọn 1","Thiền, Làm video, Nhiếp ảnh"
SV10402,Kỹ thuật môi trường,7.7,"Kỹ thuật hóa học, Môn tự chọn 5, Môn tự chọn 10, Kỹ năng mềm, Kỹ thuật polymer, Môn tự chọn 1, Kỹ thuật nhiệt hóa học, Môn tự chọn 4, Xử lý chất thải rắn, Tiếng Anh chuyên ngành, Giáo dục quốc phòng - An ninh, Môn tự chọn 9, Xác suất thống kê, Tư duy logic và giải quyết vấn đề, Ô nhiễm không khí, Xử lý nước thải, Tin học cơ bản, Triết học Mác-Lênin, Môn tự chọn 7, Môn tự chọn 8, Giải tích, Môn tự chọn 3, Kỹ thuật phản ứng hóa học, Môn tự chọn 2, Giáo dục thể chất, Tư tưởng Hồ Chí Minh, Hóa học công nghiệp, Công nghệ xử lý nước, Hóa phân tích môi trường, Toán cao cấp, Môn tự chọn 6, Kỹ thuật môi trường","Machine Learning, Cloud Computing"
SV10403,Dược học,7.7,"Dược lý lâm sàng, Môn tự chọn 1, Giải phẫu học, Xác suất thống kê, Môn tự chọn 2, Bệnh học ngoại khoa, Dược lý học, Tin học cơ bản, Dinh dưỡng học, Miễn dịch học, Tư duy logic và giải quyết vấn đề, Hóa sinh y học, Toán cao cấp, Kỹ năng mềm, Giáo dục thể chất, Y học cổ truyền, Triết học Mác-Lênin, Tiếng Anh chuyên ngành, Bệnh học truyền nhiễm, Bệnh học nội khoa, Môn tự chọn 4, Giáo dục quốc phòng - An ninh, Tư tưởng Hồ Chí Minh, Sinh lý học, Vi sinh y học, Giải tích, Môn tự chọn 3, Y học dự phòng, Dược lâm sàng","Làm video, Đọc sách"
SV10404,Thương mại điện tử,7.2,"Mật mã học, Học sâu, Tư duy logic và giải quyết vấn đề, Tư tưởng Hồ Chí Minh, Xử lý ngôn ngữ tự nhiên, Phát triển ứng dụng web, Cấu trúc dữ liệu và Giải thuật, Tiếng Anh chuyên ngành, Toán cao cấp, Xác suất thống kê, Lập trình hướng đối tượng, Phát triển phần mềm doanh nghiệp, Giáo dục quốc phòng - An ninh, Triết học Mác-Lênin, Hệ điều hành, Học máy, Blockchain cơ bản, Hệ thống nhúng, Internet of Things, Big Data và Hadoop, Quản lý dự án CNTT, Phát triển ứng dụng di động, DevOps và CI/CD, Phát triển game, Machine Learning với TensorFlow, Lập trình Python, Mạng máy tính, Cơ sở dữ liệu, An toàn thông tin, Lập trình di động iOS/Android, Lập trình web nâng cao","Cyber Security, Cloud Computing, Thiết kế UI/UX"
SV10405,Thiết kế thời trang,8.3,"Giáo dục thể chất, Môn tự chọn 4, Kỹ năng mềm, Giáo dục quốc phòng - An ninh, Môn tự chọn 13, Tin học cơ bản, Môn tự chọn 5, Tư duy logic và giải quyết vấn đề, Môn tự chọn 1, Giải tích, Môn tự chọn 12, Môn tự chọn 2, Môn tự chọn 6, Môn tự chọn 8, Tư tưởng Hồ Chí Minh, Môn tự chọn 10, Triết học Mác-Lênin, Môn tự chọn 9, Môn tự chọn 7, Xác suất thống kê, Tiếng Anh chuyên ngành, Môn tự chọn 11, Môn tự chọn 3, Toán cao cấp","Kể chuyện, Nhiếp ảnh"
SV10406,Kỹ thuật xây dựng,6.6,"Triết học Mác-Lênin, Môn tự chọn 5, Giáo dục thể chất, Kết cấu bê tông cốt thép, Xác suất thống kê, Toán cao cấp, Môn tự chọn 6, Tư tưởng Hồ Chí Minh, Tin học cơ bản, Thiết kế đô thị, Vật liệu xây dựng, Tư duy logic và giải quyết vấn đề, Môn tự chọn 2, Quản lý dự án xây dựng, Kỹ năng mềm, Kỹ thuật xây dựng, Giải tích, Kỹ thuật địa kỹ thuật, Cơ sở hạ tầng đô thị, Kiến trúc cảnh quan, Tiếng Anh chuyên ngành, Công trình ngầm, Môn tự chọn 1, Cầu và đường, Kết cấu thép, Giáo dục quốc phòng - An ninh, Môn tự chọn 3, Thiết kế kiến trúc nội thất, Môn tự chọn 4","Cyber Security, Cloud Computing, DevOps"
SV10407,Ngôn ngữ Trung Quốc,7.6,"Xác suất thống kê, Giáo dục thể chất, Tư tưởng Hồ Chí Minh, Văn hóa Trung Quốc, Tin học cơ bản, Hán tự học, Ngữ pháp tiếng Trung, Kỹ năng mềm, Tiếng Anh chuyên ngành, Dịch Trung-Việt, Triết học Mác-Lênin, Giáo dục quốc phòng - An ninh, Kỹ năng nghe nói tiếng Trung, Tiếng Trung thương mại, Giải tích, Toán cao cấp, Hán ngữ hiện đại, Môn tự chọn 1, Văn học cổ điển Trung Quốc, Tư duy logic và giải quyết vấn đề, Tiếng Trung kinh tế, Ngữ âm học tiếng Trung","Lập trình, Machine Learning, Game Development, Ẩm thực"
SV10408,Thương mại điện tử,7.8,"Tin học cơ bản, Hệ điều hành, Trí tuệ nhân tạo, Quản lý dự án CNTT, Kỹ năng mềm, Lập trình Python, Toán cao cấp, Phát triển ứng dụng di động, Thị giác máy tính, Machine Learning với TensorFlow, Mạng máy tính, Học sâu, Giáo dục thể chất, Giải tích, Lập trình hướng đối tượng, An ninh mạng cơ bản, Lập trình di động iOS/Android, Blockchain cơ bản, Lập trình web nâng cao, Cấu trúc dữ liệu và Giải thuật, Hệ thống nhúng, Học máy, Phát triển ứng dụng web, Big Data và Hadoop, Xử lý ngôn ngữ tự nhiên, An toàn thông tin, Kỹ thuật phần mềm nâng cao, Tư tưởng Hồ Chí Minh, DevOps và CI/CD, Cloud Computing - AWS/Azure, Lập trình Java, Phát triển game, Hệ thống phân tán, Internet of Things, Thiết kế giao diện người dùng, Tiếng Anh chuyên ngành","Trí tuệ nhân tạo, Phát triển ứng dụng di động, Lập trình"
SV10409,Blockchain và Tiền mã hóa,8.2,"Cơ sở dữ liệu, Hệ thống nhúng, Kỹ thuật phần mềm nâng cao, Thiết kế giao diện người dùng, Triết học Mác-Lênin, Học sâu, Machine Learning với TensorFlow, An toàn thông tin, Giáo dục thể chất, Quản lý dự án CNTT, Mạng máy tính, Lập trình web nâng cao, Lập trình hướng đối tượng, Trí tuệ nhân tạo, Tiếng Anh chuyên ngành, Toán cao cấp, Mật mã học, Lập trình C/C++, DevOps và CI/CD, Kỹ năng mềm, Kiểm thử phần mềm, Tư tưởng Hồ Chí Minh, Cloud Computing - AWS/Azure, Blockchain cơ bản, Lập trình di động iOS/Android, Phát triển ứng dụng di động, Học máy, Cấu trúc dữ liệu và Giải thuật, Thị giác máy tính, Tin học cơ bản","Phát triển ứng dụng di động, Internet of Things, DevOps"
SV10410,Kỹ thuật xây dựng,8.4,"Môn tự chọn 4, Vật liệu xây dựng, Triết học Mác-Lênin, Tiếng Anh chuyên ngành, Kết cấu bê tông cốt thép, Môn tự chọn 7, Kỹ năng mềm, Thiết kế kiến trúc nội thất, Xác suất thống kê, Quản lý dự án xây dựng, Giáo dục quốc phòng - An ninh, Tư tưởng Hồ Chí Minh, Môn tự chọn 2, Kết cấu thép, Toán cao cấp, Môn tự chọn 1, Kỹ thuật xây dựng, Môn tự chọn 5, Tư duy logic và giải quyết vấn đề, Kỹ thuật địa kỹ thuật, Giải tích, Môn tự chọn 3, Môn tự chọn 6, Thiết kế đô thị, Giáo dục thể chất, Tin học cơ bản, Cầu và đường, Cơ sở hạ tầng đô thị, Công trình ngầm, Môn tự chọn 8, Kiến trúc cảnh quan","Game Development, Internet of Things, Khoa học dữ liệu, Blockchain"
SV10411,Luật,6.6,"Mật mã học, Lập trình C/C++, DevOps và CI/CD, Học máy, Lập trình Python, Cơ sở dữ liệu, Cyber Security nâng cao, Hệ điều hành, Triết học Mác-Lênin, Blockchain cơ bản, Giáo dục thể chất, Lập trình hướng đối tượng, Cấu trúc dữ liệu và Giải thuật, Toán cao cấp, Machine Learning với TensorFlow, Tư tưởng Hồ Chí Minh, Giáo dục quốc phòng - An ninh, Phát triển phần mềm doanh nghiệp, Tin học cơ bản, An toàn thông tin, Phát triển ứng dụng web, Hệ thống nhúng, Phân tích và thiết kế hệ thống, Mạng máy tính, An ninh mạng cơ bản, Kỹ năng mềm, Trí tuệ nhân tạo, Kiểm thử phần mềm, Hệ thống phân tán, Xử lý ngôn ngữ tự nhiên, Giải tích","Khoa học dữ liệu, Phát triển ứng dụng di động, Cyber Security, Game Development, Trí tuệ nhân tạo"
SV10412,Kỹ thuật xây dựng,6.2,"Tư tưởng Hồ Chí Minh, Giáo dục quốc phòng - An ninh, Giải tích, Tin học cơ bản, Thiết kế kiến trúc nội thất, Xác suất thống kê, Giáo dục thể chất, Kết cấu thép, Cầu và đường, Tiếng Anh chuyên ngành, Tư duy logic và giải quyết vấn đề, Kết cấu bê tông cốt thép","Blockchain, DevOps, Big Data"
SV10413,Fintech,9,"Xác suất thống kê, Triết học Mác-Lênin, Học sâu, Lập trình Java, Phát triển ứng dụng web, Tư tưởng Hồ Chí Minh, Internet of Things, Kỹ năng mềm, Cơ sở dữ liệu, Lập trình hướng đối tượng, Cyber Security nâng cao, Mạng máy tính, Hệ thống phân tán, Blockchain cơ bản, Lập trình C/C++, DevOps và CI/CD, Phát triển game, An ninh mạng cơ bản, Giải tích, Học máy, Toán cao cấp, Hệ điều hành, Giáo dục thể chất, Mật mã học, Tin học cơ bản, An toàn thông tin, Tiếng Anh chuyên ngành, Trí tuệ nhân tạo, Big Data và Hadoop, Giáo dục quốc phòng - An ninh, Kỹ thuật phần mềm nâng cao, Phân tích và thiết kế hệ thống, Lập trình di động iOS/Android","Big Data, DevOps, Internet of Things, Thiết kế UI/UX"
SV10414,Kế toán,8,"Kinh tế vĩ mô, Kinh tế vi mô, Ngân hàng thương mại, Marketing số, Logistics, Tin học cơ bản, Tư duy logic và giải quyết vấn đề, Tài chính doanh nghiệp, Kinh tế phát triển, Giáo dục quốc phòng - An ninh, Xác suất thống kê, Triết học Mác-Lênin, Giải tích, Kinh tế lượng, Kế toán tài chính, Tài chính quốc tế, Quản trị kinh doanh","Marketing số, Kinh doanh quốc tế, Quản trị dự án, Khởi nghiệp"
SV10415,Y khoa,7,"Tư duy logic và giải quyết vấn đề, Bệnh học ngoại khoa, Kỹ năng mềm, Tư tưởng Hồ Chí Minh, Dược lý học, Dược lý lâm sàng, Toán cao cấp, Y học dự phòng, Triết học Mác-Lênin, Miễn dịch học, Bệnh học truyền nhiễm, Tin học cơ bản, Hóa sinh y học, Bệnh học nội khoa, Tiếng Anh chuyên ngành, Dinh dưỡng học, Vi sinh y học, Sinh lý học, Giải phẫu học, Xác suất thống kê, Giáo dục thể chất, Giải tích, Y học cổ truyền, Dược lâm sàng","Thơ ca, Âm nhạc, Cyber Security"
SV10416,Công nghệ sinh học,9.3,"Sinh học phân tử, Kỹ thuật tế bào, Toán cao cấp, Vật liệu sinh học, Công nghệ sinh học ứng dụng, Kỹ thuật y sinh, Tin học cơ bản, Kỹ năng mềm, Công nghệ nano y sinh, Tiếng Anh chuyên ngành","Thiết kế UI/UX, Big Data, Cloud Computing, Phát triển web, Blockchain"
SV10417,Kỹ thuật y sinh,7.8,"Tư duy logic và giải quyết vấn đề, Kỹ thuật y sinh, Công nghệ nano y sinh, Kỹ thuật mô sinh học, Thiết bị y tế, Kỹ thuật tế bào, Công nghệ gen, Vật liệu sinh học, Xác suất thống kê, Triết học Mác-Lênin, Công nghệ sinh học ứng dụng, Hình ảnh y khoa, Kỹ năng mềm, Sinh học phân tử, Tiếng Anh chuyên ngành, Giáo dục quốc phòng - An ninh, Giáo dục thể chất","Cloud Computing, Thiết kế UI/UX, Blockchain"
SV10418,Hệ thống thông tin,8.9,"Lập trình C/C++, Phát triển ứng dụng di động, Kiểm thử phần mềm, Học máy, Phát triển phần mềm doanh nghiệp, Cấu trúc dữ liệu và Giải thuật, Lập trình web nâng cao, Mạng máy tính, Quản lý dự án CNTT, Học sâu, Mật mã học, Hệ thống nhúng, Giáo dục thể chất, Kỹ năng mềm, Hệ thống phân tán, Tiếng Anh chuyên ngành, Xử lý ngôn ngữ tự nhiên","Thiết kế UI/UX, Machine Learning, Internet of Things, Phân tích dữ liệu"
SV10419,Khoa học máy tính,7.8,"Lập trình web nâng cao, Hệ thống phân tán, An ninh mạng cơ bản, Blockchain cơ bản, Phát triển phần mềm doanh nghiệp, Lập trình hướng đối tượng, Toán cao cấp, Phát triển ứng dụng di động, Kỹ thuật phần mềm nâng cao, An toàn thông tin, Lập trình C/C++, Giải tích, Cơ sở dữ liệu, Cloud Computing - AWS/Azure","Internet of Things, DevOps, Game Development"
SV10420,An ninh mạng,9.8,"Học sâu, Phát triển game, Thiết kế giao diện người dùng, Xử lý ngôn ngữ tự nhiên, An ninh mạng cơ bản, Quản lý dự án CNTT, Kiểm thử phần mềm, Phát triển phần mềm doanh nghiệp, Cloud Computing - AWS/Azure, Toán cao cấp, Cơ sở dữ liệu, Tin học cơ bản, Hệ thống phân tán, Cấu trúc dữ liệu và Giải thuật, Kỹ năng mềm, Lập trình Java, Tư duy logic và giải quyết vấn đề","Phát triển ứng dụng di động, Thiết kế UI/UX"
SV10421,Marketing,9.5,"Logistics, Môn tự chọn 2, Tiếng Anh chuyên ngành, Quản trị chiến lược, Marketing số, Quản trị nhân sự, Xác suất thống kê, Tài chính doanh nghiệp, Môn tự chọn 3, Giáo dục thể chất, Marketing cơ bản, Toán cao cấp, Tin học cơ bản, Môn tự chọn 5, Tư tưởng Hồ Chí Minh, Chuỗi cung ứng, Thương mại điện tử, Tài chính quốc tế, Kinh tế vi mô, Môn tự chọn 4, Triết học Mác-Lênin, Kinh tế lượng, Kinh tế quốc tế, Giáo dục quốc phòng - An ninh, Quản trị kinh doanh, Giải tích, Môn tự chọn 1, Tư duy logic và giải quyết vấn đề, Kinh tế vĩ mô, Ngân hàng thương mại, Kinh tế phát triển, Kế toán quản trị, Kỹ năng mềm, Kế toán tài chính","Kinh doanh quốc tế, Quản trị dự án, Thương mại điện tử, Bán hàng, Marketing số"
SV10422,Fintech,7.5,"Tư tưởng Hồ Chí Minh, Phát triển game, Triết học Mác-Lênin, Toán cao cấp, Cấu trúc dữ liệu và Giải thuật, Hệ thống nhúng, Cloud Computing - AWS/Azure, Big Data và Hadoop, Kỹ năng mềm, Giáo dục thể chất, Phát triển ứng dụng web, Thiết kế giao diện người dùng, Blockchain cơ bản, Lập trình C/C++",Thiết kế UI/UX
SV10423,Điều dưỡng,8.7,"Dinh dưỡng học, Môn tự chọn 8, Dược lý lâm sàng, Miễn dịch học, Môn tự chọn 3, Môn tự chọn 2, Dược lý học, Tư duy logic và giải quyết vấn đề, Môn tự chọn 6, Giải tích, Môn tự chọn 1, Dược lâm sàng, Bệnh học truyền nhiễm, Giải phẫu học, Toán cao cấp, Tin học cơ bản, Triết học Mác-Lênin, Tư tưởng Hồ Chí Minh, Môn tự chọn 9, Sinh lý học, Môn tự chọn 7, Môn tự chọn 5, Kỹ năng mềm, Y học cổ truyền, Y học dự phòng, Giáo dục quốc phòng - An ninh, Môn tự chọn 4, Vi sinh y học, Bệnh học nội khoa, Giáo dục thể chất, Môn tự chọn 10, Hóa sinh y học, Bệnh học ngoại khoa, Tiếng Anh chuyên ngành, Xác suất thống kê","Khởi nghiệp, Robot học"
SV10424,Âm nhạc học,8.3,"Tư duy logic và giải quyết vấn đề, Âm nhạc lý thuyết, Phân tích tác phẩm âm nhạc, Giáo dục thể chất, Âm nhạc cổ điển phương Tây, Giải tích, Âm nhạc dân gian Việt Nam, Lịch sử âm nhạc, Hòa âm, Tư tưởng Hồ Chí Minh, Toán cao cấp, Kỹ thuật thanh nhạc, Xác suất thống kê","Thiền, Đọc sách"
SV10425,Kỹ thuật hóa học,9.1,"Tin học cơ bản, Hóa phân tích môi trường, Kỹ năng mềm, Giáo dục thể chất, Xử lý chất thải rắn, Kỹ thuật phản ứng hóa học, Kỹ thuật môi trường, Kỹ thuật hóa học, Tư duy logic và giải quyết vấn đề, Ô nhiễm không khí, Toán cao cấp, Xử lý nước thải, Triết học Mác-Lênin, Hóa học công nghiệp, Tư tưởng Hồ Chí Minh, Kỹ thuật nhiệt hóa học, Tiếng Anh chuyên ngành, Giáo dục quốc phòng - An ninh, Công nghệ xử lý nước, Giải tích, Kỹ thuật polymer","Big Data, Phân tích dữ liệu, Lập trình, Khoa học dữ liệu"
SV10426,Quan hệ quốc tế,6.7,"Toán cao cấp, Phát triển ứng dụng web, Cyber Security nâng cao, Mạng máy tính, Hệ thống phân tán, Xử lý ngôn ngữ tự nhiên, DevOps và CI/CD, Phát triển game, Internet of Things, Mật mã học, Big Data và Hadoop, Lập trình Java, Tin học cơ bản, Quản lý dự án CNTT, Kỹ thuật phần mềm nâng cao, Blockchain cơ bản, Tiếng Anh chuyên ngành, An ninh mạng cơ bản, Lập trình C/C++, Tư tưởng Hồ Chí Minh, Phát triển ứng dụng di động, Xác suất thống kê, Lập trình hướng đối tượng, Học máy, Phát triển phần mềm doanh nghiệp, Lập trình di động iOS/Android, Thiết kế giao diện người dùng, Triết học Mác-Lênin, Giáo dục thể chất",Blockchain
SV10427,Thương mại điện tử,8.4,"Lập trình Java, Giáo dục thể chất, Thị giác máy tính, Tiếng Anh chuyên ngành, Phát triển game, Kỹ năng mềm, Big Data và Hadoop, Học sâu, Trí tuệ nhân tạo, Giáo dục quốc phòng - An ninh, An ninh mạng cơ bản, Triết học Mác-Lênin, Lập trình hướng đối tượng, Tư duy logic và giải quyết vấn đề, Giải tích, Kiểm thử phần mềm","Blockchain, Cyber Security"
SV10428,Kỹ thuật phần mềm,8.8,"Quản lý dự án CNTT, Machine Learning với TensorFlow, Phân tích và thiết kế hệ thống, Thị giác máy tính, Thiết kế giao diện người dùng, Phát triển ứng dụng di động, Cloud Computing - AWS/Azure, Cơ sở dữ liệu, Mạng máy tính, Lập trình C/C++, Lập trình web nâng cao, Kỹ năng mềm, Xác suất thống kê, Tư tưởng Hồ Chí Minh, Kiểm thử phần mềm, Tư duy logic và giải quyết vấn đề, DevOps và CI/CD, An toàn thông tin","Machine Learning, Robot học, Lập trình, Blockchain, Thiết kế UI/UX"
SV10429,Logistics và Quản lý chuỗi cung ứng,5.9,"Kiểm thử phần mềm, Xử lý ngôn ngữ tự nhiên, Lập trình hướng đối tượng, Trí tuệ nhân tạo, Lập trình Java, Lập trình web nâng cao, Học sâu, Tiếng Anh chuyên ngành, An toàn thông tin, Lập trình C/C++, Cấu trúc dữ liệu và Giải thuật, Toán cao cấp, An ninh mạng cơ bản, Hệ thống phân tán, Giải tích, Mật mã học, DevOps và CI/CD, Kỹ thuật phần mềm nâng cao, Hệ điều hành, Phát triển ứng dụng di động, Giáo dục thể chất, Internet of Things, Tư tưởng Hồ Chí Minh, Tư duy logic và giải quyết vấn đề, Mạng máy tính, Giáo dục quốc phòng - An ninh, Cloud Computing - AWS/Azure, Hệ thống nhúng, Phát triển game, Xác suất thống kê",Khoa học dữ liệu
SV10430,Khoa học máy tính,6.5,"Mật mã học, Cơ sở dữ liệu, Kỹ thuật phần mềm nâng cao, Hệ điều hành, An toàn thông tin, Triết học Mác-Lênin, Lập trình web nâng cao, Hệ thống nhúng, Lập trình Java, Lập trình di động iOS/Android, Tin học cơ bản, Phát triển ứng dụng web, Toán cao cấp, Phân tích và thiết kế hệ thống, Phát triển game, Kỹ năng mềm, Cloud Computing - AWS/Azure, Phát triển phần mềm doanh nghiệp, Cyber Security nâng cao, Lập trình Python, Tư tưởng Hồ Chí Minh, Big Data và Hadoop, Thiết kế giao diện người dùng, An ninh mạng cơ bản, Lập trình C/C++, Mạng máy tính, Hệ thống phân tán, Giáo dục thể chất, Giải tích, Phát triển ứng dụng di động, Quản lý dự án CNTT, Cấu trúc dữ liệu và Giải thuật, Blockchain cơ bản","Cloud Computing, Game Development, Phát triển ứng dụng di động, Cyber Security"
SV10431,Sư phạm Toán,5.7,"Lý thuyết số, Tin học cơ bản, Toán rời rạc, Xác suất thống kê, Hình học giải tích, Bài tập toán nâng cao, Toán cao cấp, Giáo dục thể chất, Toán học ứng dụng, Tiếng Anh chuyên ngành, Phương pháp giảng dạy Toán, Kỹ năng mềm, Tư tưởng Hồ Chí Minh, Giải tích","Viết lách, Yoga, Khiêu vũ, Làm video, Vẽ tranh"
SV10432,Kỹ thuật điện,7.4,"Mạng không dây, Điện tử cơ bản, Truyền thông vô tuyến, Giải tích, Điện tử năng lượng, Truyền thông số, Tiếng Anh chuyên ngành, Hệ thống điều khiển tự động, Xác suất thống kê, Đo lường điện tử, Kỹ thuật vi mạch, Xử lý tín hiệu số, Giáo dục thể chất, Triết học Mác-Lênin",Blockchain
SV10433,Ngôn ngữ Hàn Quốc,8.4,"Kỹ năng nghe nói tiếng Hàn, Dịch Hàn-Việt, Giáo dục thể chất, Môn tự chọn 1, Lịch sử Hàn Quốc, Từ vựng tiếng Hàn, Môn tự chọn 7, Hangeul, Tiếng Hàn thương mại, K-pop và văn hóa đại chúng Hàn, Môn tự chọn 8, Tin học cơ bản, Môn tự chọn 2, Môn tự chọn 6, Giải tích, Ngữ âm học tiếng Hàn, Giáo dục quốc phòng - An ninh, Kỹ năng mềm, Xác suất thống kê, Môn tự chọn 3, Ngữ pháp tiếng Hàn, Triết học Mác-Lênin, Tư duy logic và giải quyết vấn đề, Tiếng Anh chuyên ngành, Môn tự chọn 5, Văn hóa Hàn Quốc, Tư tưởng Hồ Chí Minh, Môn tự chọn 4, Toán cao cấp",Bán hàng
SV10434,Ngôn ngữ Hàn Quốc,9.2,"Tiếng Hàn thương mại, Tin học cơ bản, Toán cao cấp, Từ vựng tiếng Hàn, Kỹ năng mềm, Ngữ pháp tiếng Hàn, Xác suất thống kê, Tư duy logic và giải quyết vấn đề, Kỹ năng nghe nói tiếng Hàn, Tiếng Anh chuyên ngành, Ngữ âm học tiếng Hàn, Triết học Mác-Lênin, Lịch sử Hàn Quốc","Ẩm thực, Làm video"
SV10435,Thiết kế thời trang,7.8,"Môn tự chọn 2, Tiếng Anh chuyên ngành, Tư duy logic và giải quyết vấn đề, Triết học Mác-Lênin, Giải tích, Môn tự chọn 9, Toán cao cấp, Môn tự chọn 8, Tin học cơ bản, Môn tự chọn 5, Môn tự chọn 11, Môn tự chọn 3, Giáo dục quốc phòng - An ninh, Môn tự chọn 4, Môn tự chọn 10, Tư tưởng Hồ Chí Minh, Xác suất thống kê, Giáo dục thể chất, Môn tự chọn 6, Môn tự chọn 1, Kỹ năng mềm, Môn tự chọn 7","Thơ ca, Du lịch khám phá, Thiền"
SV10436,Tài chính - Ngân hàng,9.3,"Marketing số, Môn tự chọn 10, Logistics, Tư tưởng Hồ Chí Minh, Kinh tế vĩ mô, Kinh tế lượng, Kinh tế vi mô, Toán cao cấp, Giáo dục quốc phòng - An ninh, Kinh tế quốc tế, Môn tự chọn 3, Giáo dục thể chất, Quản trị nhân sự, Ngân hàng thương mại, Kế toán tài chính, Chuỗi cung ứng, Kinh tế phát triển, Kế toán quản trị, Môn tự chọn 7, Thương mại điện tử, Môn tự chọn 6, Tư duy logic và giải quyết vấn đề, Triết học Mác-Lênin, Kỹ năng mềm, Môn tự chọn 1, Giải tích, Tài chính doanh nghiệp, Môn tự chọn 8, Quản trị kinh doanh, Quản trị chiến lược, Tiếng Anh chuyên ngành, Xác suất thống kê, Tài chính quốc tế, Môn tự chọn 9, Môn tự chọn 5, Tin học cơ bản, Marketing cơ bản, Môn tự chọn 2, Môn tự chọn 4","Đầu tư, Bán hàng, Thương mại điện tử, Cloud Computing"
SV10437,Quản trị kinh doanh,6.3,"Quản trị chiến lược, Tài chính quốc tế, Tư duy logic và giải quyết vấn đề, Xác suất thống kê, Marketing cơ bản, Kinh tế lượng, Kế toán quản trị, Môn tự chọn 7, Kinh tế vi mô, Kế toán tài chính, Ngân hàng thương mại, Chuỗi cung ứng, Môn tự chọn 5, Môn tự chọn 1, Môn tự chọn 2, Tiếng Anh chuyên ngành, Toán cao cấp, Tài chính doanh nghiệp, Môn tự chọn 4, Giáo dục quốc phòng - An ninh, Tin học cơ bản, Kinh tế phát triển, Triết học Mác-Lênin, Môn tự chọn 9, Kinh tế vĩ mô, Quản trị kinh doanh, Môn tự chọn 10, Kinh tế quốc tế, Giáo dục thể chất, Quản trị nhân sự, Kỹ năng mềm, Môn tự chọn 3, Thương mại điện tử, Logistics, Môn tự chọn 8, Môn tự chọn 6, Tư tưởng Hồ Chí Minh, Marketing số, Giải tích","Quản trị dự án, Thương mại điện tử, Fintech, Khởi nghiệp"
SV10438,Thiết kế thời trang,6,"Môn tự chọn 8, Môn tự chọn 13, Giáo dục quốc phòng - An ninh, Tư duy logic và giải quyết vấn đề, Môn tự chọn 15, Môn tự chọn 5, Môn tự chọn 3, Môn tự chọn 14, Môn tự chọn 12, Môn tự chọn 2, Môn tự chọn 17, Toán cao cấp, Tiếng Anh chuyên ngành, Kỹ năng mềm, Giải tích, Môn tự chọn 11, Môn tự chọn 7, Môn tự chọn 20, Triết học Mác-Lênin, Môn tự chọn 19, Môn tự chọn 9, Giáo dục thể chất, Môn tự chọn 1, Môn tự chọn 16, Môn tự chọn 10, Môn tự chọn 6, Môn tự chọn 18, Xác suất thống kê, Tư tưởng Hồ Chí Minh, Tin học cơ bản, Môn tự chọn 4","Nhiếp ảnh, Thiền"
SV10439,Sư phạm Toán,7.6,"Xác suất thống kê, Tiếng Anh chuyên ngành, Kỹ năng mềm, Toán cao cấp, Bài tập toán nâng cao, Triết học Mác-Lênin, Giải tích, Tin học cơ bản, Toán học ứng dụng, Giáo dục thể chất, Lý thuyết số, Tư duy logic và giải quyết vấn đề, Đại số tuyến tính, Toán rời rạc, Toán học sơ cấp, Dạy học toán phổ thông, Giáo dục quốc phòng - An ninh, Phương pháp giảng dạy Toán","Diễn thuyết, Đọc sách, Vẽ tranh, Làm video"
SV10440,Logistics và Quản lý chuỗi cung ứng,8.1,"Hệ điều hành, Giải tích, Giáo dục thể chất, An ninh mạng cơ bản, Internet of Things, Phát triển game, Tư tưởng Hồ Chí Minh, Phân tích và thiết kế hệ thống, Hệ thống nhúng, Triết học Mác-Lênin, Học sâu, Cấu trúc dữ liệu và Giải thuật, Blockchain cơ bản, Cơ sở dữ liệu, Cloud Computing - AWS/Azure, Kiểm thử phần mềm, Xử lý ngôn ngữ tự nhiên, Lập trình Java, Phát triển ứng dụng di động, Thiết kế giao diện người dùng, Lập trình C/C++, Phát triển phần mềm doanh nghiệp, Tư duy logic và giải quyết vấn đề, Xác suất thống kê, Machine Learning với TensorFlow, Tin học cơ bản, Hệ thống phân tán, Toán cao cấp, Mạng máy tính, Big Data và Hadoop, Thị giác máy tính, Trí tuệ nhân tạo","Machine Learning, Game Development"
SV10441,Ngôn ngữ Nhật,7.7,"Toán cao cấp, Tiếng Nhật cho du lịch, Tin học cơ bản, Văn hóa Nhật Bản, Dịch Nhật-Việt, Ngữ pháp tiếng Nhật, Giáo dục quốc phòng - An ninh, Kanji, Kỹ năng mềm, Tư duy logic và giải quyết vấn đề, Tiếng Nhật kinh doanh, Triết học Mác-Lênin, Hiragana & Katakana, Văn học Nhật Bản, Tiếng Anh chuyên ngành","Khoa học dữ liệu, Quản trị dự án"
SV10442,Công nghệ đa phương tiện,5.6,"Cloud Computing - AWS/Azure, Xử lý ngôn ngữ tự nhiên, An ninh mạng cơ bản, Kỹ thuật phần mềm nâng cao, Hệ điều hành, Phát triển ứng dụng di động, Tư tưởng Hồ Chí Minh, Giải tích, An toàn thông tin, Lập trình hướng đối tượng, Blockchain cơ bản, Phát triển phần mềm doanh nghiệp, Xác suất thống kê, Cơ sở dữ liệu, Mật mã học, Lập trình Python, Học máy, Phát triển ứng dụng web, Tiếng Anh chuyên ngành","DevOps, Thiết kế UI/UX, Game Development, Big Data, Viết lách"
SV10443,Du lịch,7.6,"Thị giác máy tính, Triết học Mác-Lênin, Toán cao cấp, Xác suất thống kê, Kỹ thuật phần mềm nâng cao, Lập trình di động iOS/Android, Internet of Things, Machine Learning với TensorFlow, DevOps và CI/CD, Thiết kế giao diện người dùng, Tư tưởng Hồ Chí Minh, Trí tuệ nhân tạo, Big Data và Hadoop, Lập trình Java, Hệ thống nhúng, An ninh mạng cơ bản, Tin học cơ bản, Mạng máy tính, Quản lý dự án CNTT, Cấu trúc dữ liệu và Giải thuật, Giáo dục thể chất, Phát triển phần mềm doanh nghiệp, Tiếng Anh chuyên ngành, Mật mã học, Giải tích, Kiểm thử phần mềm, Học máy, Phát triển ứng dụng di động",Thiết kế UI/UX
SV10444,Công nghệ đa phương tiện,6.4,"Giải tích, Big Data và Hadoop, Kỹ năng mềm, An ninh mạng cơ bản, Internet of Things, Tư tưởng Hồ Chí Minh, Lập trình C/C++, Học máy, Cyber Security nâng cao, DevOps và CI/CD, Tiếng Anh chuyên ngành, Toán cao cấp, Giáo dục quốc phòng - An ninh, Lập trình Python, An toàn thông tin, Phân tích và thiết kế hệ thống, Kỹ thuật phần mềm nâng cao, Lập trình hướng đối tượng, Hệ thống phân tán","Machine Learning, Cloud Computing, DevOps, Blockchain"
SV10445,Dược học,8.4,"Toán cao cấp, Vi sinh y học, Giáo dục quốc phòng - An ninh, Sinh lý học, Kỹ năng mềm, Hóa sinh y học, Y học cổ truyền, Tiếng Anh chuyên ngành, Xác suất thống kê, Giải tích, Dinh dưỡng học, Bệnh học truyền nhiễm, Giải phẫu học, Triết học Mác-Lênin, Dược lý học","Lập trình, Chơi nhạc cụ"
SV10446,An ninh mạng,8.1,"Triết học Mác-Lênin, Cơ sở dữ liệu, An ninh mạng cơ bản, Toán cao cấp, Lập trình Java, Kỹ thuật phần mềm nâng cao, Xử lý ngôn ngữ tự nhiên, Cloud Computing - AWS/Azure, Blockchain cơ bản, Phát triển ứng dụng di động, Giáo dục thể chất","Machine Learning, Game Development"
SV10447,Fintech,6.8,"Phát triển ứng dụng di động, Blockchain cơ bản, Lập trình hướng đối tượng, Thị giác máy tính, Triết học Mác-Lênin, Phát triển ứng dụng web, Lập trình Python, Giáo dục thể chất, Lập trình web nâng cao, Toán cao cấp, Xác suất thống kê, Lập trình di động iOS/Android, An ninh mạng cơ bản, Tiếng Anh chuyên ngành","Big Data, Phát triển ứng dụng di động, Robot học"
SV10448,Kỹ thuật máy tính,7.2,"Kỹ thuật vi mạch, Giáo dục quốc phòng - An ninh, Tiếng Anh chuyên ngành, Hệ thống điện tử nhúng, Kỹ năng mềm, Môn tự chọn 6, Tin học cơ bản, Triết học Mác-Lênin, Môn tự chọn 7, Truyền thông vô tuyến, Anten và sóng điện từ, Truyền thông số, Điện tử năng lượng, Xác suất thống kê, Tư duy logic và giải quyết vấn đề, Môn tự chọn 1, Mạng không dây, Điện tử cơ bản, Xử lý tín hiệu số, Hệ thống nhúng nâng cao, Điện tử số, Giáo dục thể chất, Hệ thống điều khiển tự động, Giải tích, Điện tử viễn thông, Đo lường điện tử, Môn tự chọn 8, Tư tưởng Hồ Chí Minh, Mạng viễn thông, Toán cao cấp, Môn tự chọn 5, Truyền thông quang, Điện tử công suất, Môn tự chọn 2, Kỹ thuật radar, Môn tự chọn 3, Môn tự chọn 4","Trí tuệ nhân tạo, Game Development"
SV10449,Sư phạm Ngữ văn,6.6,"Xác suất thống kê, Toán cao cấp, Môn tự chọn 15, Triết học Mác-Lênin, Môn tự chọn 11, Môn tự chọn 7, Môn tự chọn 3, Giáo dục quốc phòng - An ninh, Môn tự chọn 9, Môn tự chọn 4, Văn học hiện đại Việt Nam, Văn học Việt Nam hiện đại, Giáo dục thể chất, Văn học so sánh, Tư tưởng Hồ Chí Minh, Văn học dân gian, Môn tự chọn 10, Tiếng Anh chuyên ngành, Môn tự chọn 6, Tư duy logic và giải quyết vấn đề, Môn tự chọn 12, Phương pháp dạy văn lớp 12, Môn tự chọn 5, Môn tự chọn 1, Văn học Việt Nam cổ điển, Giải tích, Kỹ năng mềm, Tin học cơ bản, Lịch sử văn học thế giới, Môn tự chọn 2, Môn tự chọn 14, Nghiên cứu tác phẩm Nguyễn Du, Ngữ pháp tiếng Việt, Phương pháp giảng dạy Ngữ văn, Môn tự chọn 8, Phân tích tác phẩm văn học, Lí luận văn học, Môn tự chọn 13",Đọc sách
SV10450,Marketing,7.6,"Giáo dục quốc phòng - An ninh, Tư tưởng Hồ Chí Minh, Kế toán tài chính, Kinh tế quốc tế, Triết học Mác-Lênin, Giải tích, Tài chính quốc tế, Tư duy logic và giải quyết vấn đề, Tin học cơ bản, Tài chính doanh nghiệp, Kinh tế phát triển, Quản trị nhân sự, Chuỗi cung ứng, Marketing cơ bản, Quản trị chiến lược, Quản trị kinh doanh, Marketing số, Giáo dục thể chất, Kinh tế vĩ mô, Thương mại điện tử, Xác suất thống kê, Kinh tế vi mô, Kế toán quản trị, Tiếng Anh chuyên ngành, Toán cao cấp, Kỹ năng mềm","Vẽ tranh, Đầu tư, Marketing số, Bán hàng, Kinh doanh quốc tế"
SV10451,Dược học,8.7,"Bệnh học nội khoa, Y học dự phòng, Dược lý lâm sàng, Dược lý học, Tư tưởng Hồ Chí Minh, Bệnh học truyền nhiễm, Giải tích, Y học cổ truyền, Miễn dịch học, Toán cao cấp, Triết học Mác-Lênin","Viết lách, Khoa học dữ liệu"
SV10452,Ngôn ngữ Hàn Quốc,6.7,"Dịch Hàn-Việt, Tiếng Hàn thương mại, Văn hóa Hàn Quốc, Tiếng Anh chuyên ngành, Kỹ năng mềm, Xác suất thống kê, Tư duy logic và giải quyết vấn đề, Tư tưởng Hồ Chí Minh, Triết học Mác-Lênin, Kỹ năng nghe nói tiếng Hàn, Giải tích, Ngữ pháp tiếng Hàn, Tin học cơ bản, Từ vựng tiếng Hàn, K-pop và văn hóa đại chúng Hàn, Hangeul, Giáo dục quốc phòng - An ninh","Cloud Computing, Blockchain"
SV10453,Công nghệ đa phương tiện,8.2,"Trí tuệ nhân tạo, Tư tưởng Hồ Chí Minh, Mạng máy tính, Hệ điều hành, Lập trình Java, Tiếng Anh chuyên ngành, Lập trình web nâng cao, An ninh mạng cơ bản, Quản lý dự án CNTT, Học máy, Lập trình C/C++, Cloud Computing - AWS/Azure, Tin học cơ bản, Internet of Things, Lập trình di động iOS/Android, Hệ thống phân tán, Kỹ thuật phần mềm nâng cao, Tư duy logic và giải quyết vấn đề, Phát triển ứng dụng web, Cơ sở dữ liệu, DevOps và CI/CD, Blockchain cơ bản, Xử lý ngôn ngữ tự nhiên, Machine Learning với TensorFlow, Cấu trúc dữ liệu và Giải thuật","Phân tích dữ liệu, Game Development, Internet of Things, Lập trình"
SV10454,Dược học,7.2,"Giáo dục quốc phòng - An ninh, Giáo dục thể chất, Dược lâm sàng, Sinh lý học, Tư tưởng Hồ Chí Minh, Dinh dưỡng học, Miễn dịch học, Dược lý lâm sàng, Giải tích, Vi sinh y học, Tiếng Anh chuyên ngành, Bệnh học ngoại khoa, Hóa sinh y học","Robot học, Marketing số, Ẩm thực, Làm video, Học ngoại ngữ"
SV10455,Fintech,6.9,"Big Data và Hadoop, Giáo dục quốc phòng - An ninh, Kỹ thuật phần mềm nâng cao, DevOps và CI/CD, Cyber Security nâng cao, Mật mã học, Triết học Mác-Lênin, Quản lý dự án CNTT, Phát triển phần mềm doanh nghiệp, Lập trình C/C++, An toàn thông tin, Tiếng Anh chuyên ngành, Toán cao cấp, Lập trình hướng đối tượng, Kiểm thử phần mềm","Machine Learning, Âm nhạc"
SV10456,Công nghệ thông tin,7.6,"Internet of Things, Mạng máy tính, Tư tưởng Hồ Chí Minh, Tiếng Anh chuyên ngành, Blockchain cơ bản, Phát triển game, Kiểm thử phần mềm, Phát triển phần mềm doanh nghiệp, Cyber Security nâng cao, Hệ thống phân tán","Machine Learning, Big Data, Khoa học dữ liệu, Game Development"
SV10457,Marketing,6.7,"Kinh tế vi mô, Marketing số, Marketing cơ bản, Kế toán tài chính, Logistics, Giáo dục thể chất, Quản trị chiến lược, Kinh tế phát triển, Tài chính quốc tế, Tiếng Anh chuyên ngành, Kinh tế quốc tế, Kinh tế lượng, Thương mại điện tử, Ngân hàng thương mại, Chuỗi cung ứng, Tài chính doanh nghiệp, Giáo dục quốc phòng - An ninh","Fintech, Đầu tư, Marketing số"
SV10458,Blockchain và Tiền mã hóa,7.1,"Kiểm thử phần mềm, Lập trình Python, Trí tuệ nhân tạo, Internet of Things, Mạng máy tính, An toàn thông tin, Giáo dục thể chất, Lập trình C/C++, Giải tích, Phân tích và thiết kế hệ thống, Tư duy logic và giải quyết vấn đề, Học máy, Big Data và Hadoop, Hệ điều hành, Phát triển ứng dụng web, Lập trình di động iOS/Android, Lập trình Java","Machine Learning, Lập trình, Big Data, Cloud Computing, Phân tích dữ liệu"
SV10459,Luật,6.5,"Quản lý dự án CNTT, Triết học Mác-Lênin, Kiểm thử phần mềm, Mật mã học, Hệ thống phân tán, Phát triển phần mềm doanh nghiệp, Machine Learning với TensorFlow, Xử lý ngôn ngữ tự nhiên, Blockchain cơ bản, Giáo dục quốc phòng - An ninh, Lập trình di động iOS/Android, Giáo dục thể chất, Học sâu, Phân tích và thiết kế hệ thống, Lập trình Java, Thị giác máy tính, An ninh mạng cơ bản, Lập trình C/C++","Big Data, Phát triển web, Lập trình, Khoa học dữ liệu"
SV10460,Sư phạm Ngữ văn,9.7,"Kỹ năng mềm, Giải tích, Giáo dục quốc phòng - An ninh, Văn học Việt Nam hiện đại, Tư tưởng Hồ Chí Minh, Ngữ pháp tiếng Việt, Văn học so sánh, Văn học Việt Nam cổ điển, Tư duy logic và giải quyết vấn đề, Tin học cơ bản, Phương pháp dạy văn lớp 12",Viết lách
SV10461,Ngôn ngữ Anh,7.7,"Triết học Mác-Lênin, Giáo dục thể chất, Môn tự chọn 2, Tiếng Anh chuyên ngành, Giáo dục quốc phòng - An ninh, Dịch Việt-Anh, Môn tự chọn 10, Ngữ pháp tiếng Anh nâng cao, Môn tự chọn 6, Môn tự chọn 7, Phiên dịch hội nghị, Môn tự chọn 4, Môn tự chọn 11, Môn tự chọn 3, Tư duy logic và giải quyết vấn đề, Kỹ năng đọc hiểu tiếng Anh, Tư tưởng Hồ Chí Minh, Toán cao cấp, Kỹ năng nói tiếng Anh, Ngữ âm học tiếng Anh, Môn tự chọn 13, Tiếng Anh thương mại, Môn tự chọn 1, Tiếng Anh cho kinh doanh, Môn tự chọn 12, Kỹ năng mềm, Môn tự chọn 8, Tin học cơ bản, Văn hóa Anh-Mỹ, Xác suất thống kê, Tiếng Anh học thuật, Dịch Anh-Việt, Môn tự chọn 9, Kỹ năng nghe tiếng Anh, Kỹ năng viết tiếng Anh, Môn tự chọn 5, Tiếng Anh báo chí, Văn học Anh, Tiếng Anh chuyên ngành pháp lý, Giải tích","Đầu tư, Fintech, Robot học, Trí tuệ nhân tạo, Marketing số"
SV10462,Kỹ thuật xây dựng,7,"Tư tưởng Hồ Chí Minh, Thiết kế kiến trúc nội thất, Cầu và đường, Quản lý dự án xây dựng, Kỹ thuật xây dựng, Công trình ngầm, Kỹ thuật địa kỹ thuật, Tư duy logic và giải quyết vấn đề, Toán cao cấp, Tin học cơ bản, Kiến trúc cảnh quan, Kỹ năng mềm, Kết cấu thép, Triết học Mác-Lênin, Kết cấu bê tông cốt thép",Machine Learning
SV10463,Kỹ thuật điện tử - Viễn thông,7.9,"Điện tử công suất, Kỹ năng mềm, Toán cao cấp, Tiếng Anh chuyên ngành, Truyền thông quang, Xác suất thống kê, Kỹ thuật radar, Giải tích, Mạng viễn thông, Truyền thông vô tuyến, Điện tử số, Truyền thông số, Tư duy logic và giải quyết vấn đề, Đo lường điện tử, Giáo dục quốc phòng - An ninh, Hệ thống điện tử nhúng, Triết học Mác-Lênin, Giáo dục thể chất, Hệ thống điều khiển tự động, Xử lý tín hiệu số, Tin học cơ bản, Điện tử cơ bản, Anten và sóng điện từ","Phát triển ứng dụng di động, Robot học"
SV10464,Kế toán,7.6,"Xác suất thống kê, Giáo dục thể chất, Quản trị nhân sự, Môn tự chọn 4, Tư tưởng Hồ Chí Minh, Quản trị kinh doanh, Tài chính quốc tế, Quản trị chiến lược, Môn tự chọn 6, Kế toán quản trị, Kỹ năng mềm, Môn tự chọn 1, Môn tự chọn 5, Kế toán tài chính, Kinh tế quốc tế, Tài chính doanh nghiệp, Giải tích, Môn tự chọn 3, Kinh tế phát triển, Tin học cơ bản, Kinh tế vĩ mô, Kinh tế lượng, Ngân hàng thương mại, Triết học Mác-Lênin, Chuỗi cung ứng, Môn tự chọn 2, Marketing số, Tiếng Anh chuyên ngành, Kinh tế vi mô, Thương mại điện tử, Toán cao cấp, Giáo dục quốc phòng - An ninh, Môn tự chọn 7, Môn tự chọn 8, Logistics, Tư duy logic và giải quyết vấn đề, Marketing cơ bản","Thương mại điện tử, Khởi nghiệp"
SV10465,Kỹ thuật điện tử - Viễn thông,7.5,"Xác suất thống kê, Mạng viễn thông, Tin học cơ bản, Điện tử cơ bản, Hệ thống điện tử nhúng, Đo lường điện tử, Truyền thông vô tuyến, Điện tử năng lượng, Điện tử công suất, Kỹ thuật vi mạch, Điện tử viễn thông, Hệ thống nhúng nâng cao, Xử lý tín hiệu số, Tư duy logic và giải quyết vấn đề, Giải tích, Truyền thông số, Mạng không dây, Tư tưởng Hồ Chí Minh, Hệ thống điều khiển tự động, Kỹ năng mềm, Giáo dục thể chất, Kỹ thuật radar, Anten và sóng điện từ, Triết học Mác-Lênin","Phân tích dữ liệu, Trí tuệ nhân tạo, Game Development, Robot học"
SV10466,Sư phạm Ngữ văn,8.3,"Giáo dục quốc phòng - An ninh, Phương pháp dạy văn lớp 12, Văn học hiện đại Việt Nam, Văn học Việt Nam cổ điển, Lí luận văn học, Văn học Việt Nam hiện đại, Toán cao cấp, Văn học dân gian, Phân tích tác phẩm văn học, Phương pháp giảng dạy Ngữ văn, Tiếng Anh chuyên ngành","Âm nhạc, Du lịch khám phá, Chơi nhạc cụ"
SV10467,Kinh tế số,8.5,"Kỹ năng mềm, Tiếng Anh chuyên ngành, Chuỗi cung ứng, Kinh tế phát triển, Quản trị kinh doanh, Quản trị nhân sự, Tư duy logic và giải quyết vấn đề, Kế toán tài chính, Kinh tế vĩ mô, Giải tích, Thương mại điện tử, Toán cao cấp, Kế toán quản trị, Kinh tế lượng, Triết học Mác-Lênin, Xác suất thống kê, Quản trị chiến lược, Ngân hàng thương mại, Kinh tế quốc tế, Marketing cơ bản, Tin học cơ bản, Tài chính doanh nghiệp, Kinh tế vi mô, Logistics, Tài chính quốc tế, Marketing số, Tư tưởng Hồ Chí Minh, Giáo dục thể chất","Quản trị dự án, Đầu tư, Thương mại điện tử, Marketing số"
SV10468,Răng - Hàm - Mặt,7.2,"Giải phẫu học, Bệnh học truyền nhiễm, Tư duy logic và giải quyết vấn đề, Môn tự chọn 9, Toán cao cấp, Dược lý học, Kỹ năng mềm, Môn tự chọn 8, Triết học Mác-Lênin, Tin học cơ bản, Môn tự chọn 7, Y học dự phòng, Môn tự chọn 10, Y học cổ truyền, Vi sinh y học, Bệnh học nội khoa, Hóa sinh y học, Môn tự chọn 5, Môn tự chọn 3, Dược lý lâm sàng, Giáo dục thể chất, Môn tự chọn 1, Dinh dưỡng học, Môn tự chọn 6, Tiếng Anh chuyên ngành, Dược lâm sàng, Sinh lý học, Giáo dục quốc phòng - An ninh, Môn tự chọn 4, Xác suất thống kê, Môn tự chọn 2, Miễn dịch học, Bệnh học ngoại khoa, Tư tưởng Hồ Chí Minh, Giải tích","Cyber Security, Du lịch khám phá, Marketing số, DevOps"
SV10469,Kỹ thuật điện tử - Viễn thông,7.1,"Giáo dục thể chất, Toán cao cấp, Xử lý tín hiệu số, Tư duy logic và giải quyết vấn đề, Kỹ thuật radar, Mạng viễn thông, Điện tử cơ bản, Mạng không dây, Điện tử công suất, Xác suất thống kê, Đo lường điện tử","Phát triển web, Lập trình"
SV10470,Sư phạm Tin học,7.4,"Phát triển bài giảng Tin học, Tin học cơ bản, Tư duy logic và giải quyết vấn đề, Xác suất thống kê, Phương pháp giảng dạy Tin học, Giáo dục kỹ năng số, Lập trình cơ bản cho giáo viên, Thiết kế khóa học trực tuyến, Tiếng Anh chuyên ngành, Kỹ năng mềm, An toàn mạng trong trường học","Thơ ca, Nhiếp ảnh, Yoga"
SV10471,Marketing,5.4,"Toán cao cấp, Kinh tế vi mô, Tài chính quốc tế, Chuỗi cung ứng, Tin học cơ bản, Xác suất thống kê, Quản trị nhân sự, Logistics, Tư tưởng Hồ Chí Minh, Kế toán quản trị, Ngân hàng thương mại","Quản trị dự án, Bán hàng"
SV10472,Thiết kế đồ họa,6.2,"Môn tự chọn 1, Môn tự chọn 7, Tư tưởng Hồ Chí Minh, Môn tự chọn 14, Giáo dục thể chất, Tư duy logic và giải quyết vấn đề, Môn tự chọn 8, Giáo dục quốc phòng - An ninh, Kỹ năng mềm, Toán cao cấp, Môn tự chọn 12, Môn tự chọn 4, Tin học cơ bản, Môn tự chọn 13, Môn tự chọn 2, Tiếng Anh chuyên ngành, Môn tự chọn 10, Giải tích, Môn tự chọn 5, Môn tự chọn 11, Môn tự chọn 3, Môn tự chọn 6, Triết học Mác-Lênin, Xác suất thống kê, Môn tự chọn 9","Làm video, Viết lách"
SV10473,Quản trị khách sạn,9.1,"Giải tích, Thương mại điện tử, Toán cao cấp, Kinh tế vi mô, Kinh tế quốc tế, Tài chính quốc tế, Quản trị kinh doanh, Kế toán quản trị, Xác suất thống kê, Giáo dục quốc phòng - An ninh, Marketing số, Ngân hàng thương mại, Kế toán tài chính, Tài chính doanh nghiệp, Logistics, Triết học Mác-Lênin","Thương mại điện tử, Đầu tư"
SV10474,Du lịch,9.3,"Thiết kế giao diện người dùng, Phát triển ứng dụng di động, Internet of Things, Hệ thống phân tán, Hệ điều hành, Lập trình web nâng cao, Cloud Computing - AWS/Azure, Kỹ năng mềm, Hệ thống nhúng, Phát triển game, Blockchain cơ bản, DevOps và CI/CD, Phát triển phần mềm doanh nghiệp, Giáo dục quốc phòng - An ninh, Giáo dục thể chất, Học máy, An toàn thông tin, Phân tích và thiết kế hệ thống, Tư tưởng Hồ Chí Minh, Lập trình Java, Lập trình di động iOS/Android, Cơ sở dữ liệu, Xử lý ngôn ngữ tự nhiên, Kiểm thử phần mềm, Toán cao cấp, Triết học Mác-Lênin, Cyber Security nâng cao, Phát triển ứng dụng web, Big Data và Hadoop, Machine Learning với TensorFlow, An ninh mạng cơ bản, Cấu trúc dữ liệu và Giải thuật, Trí tuệ nhân tạo","Trí tuệ nhân tạo, Robot học, Cloud Computing, Phân tích dữ liệu"
SV10475,Kiến trúc,7.5,"Xác suất thống kê, Công trình ngầm, Kỹ thuật địa kỹ thuật, Tiếng Anh chuyên ngành, Kỹ thuật xây dựng, Tư tưởng Hồ Chí Minh, Thiết kế đô thị, Kỹ năng mềm, Quản lý dự án xây dựng, Giáo dục thể chất","Lập trình, Khoa học dữ liệu, Game Development, Cyber Security, Big Data"
SV10476,Blockchain và Tiền mã hóa,8.3,"Quản lý dự án CNTT, Lập trình C/C++, Phân tích và thiết kế hệ thống, Lập trình Python, Tin học cơ bản, Tư duy logic và giải quyết vấn đề, Kiểm thử phần mềm, Hệ điều hành, Xử lý ngôn ngữ tự nhiên, Kỹ năng mềm, Cấu trúc dữ liệu và Giải thuật, Lập trình di động iOS/Android, Machine Learning với TensorFlow, Hệ thống phân tán, Cloud Computing - AWS/Azure, Cyber Security nâng cao, Thiết kế giao diện người dùng, Tiếng Anh chuyên ngành, Phát triển ứng dụng di động, Lập trình hướng đối tượng, Phát triển ứng dụng web, Tư tưởng Hồ Chí Minh, Lập trình web nâng cao, Giáo dục quốc phòng - An ninh, Giáo dục thể chất, Mạng máy tính, Trí tuệ nhân tạo, Hệ thống nhúng, Phát triển phần mềm doanh nghiệp, Kỹ thuật phần mềm nâng cao, An toàn thông tin, DevOps và CI/CD, An ninh mạng cơ bản, Triết học Mác-Lênin, Học sâu, Blockchain cơ bản, Lập trình Java, Toán cao cấp, Thị giác máy tính","Machine Learning, Big Data"
SV10477,Sư phạm Lịch sử,8,"Giáo dục thể chất, Dạy học lịch sử phổ thông, Giải tích, Lịch sử văn hóa Việt Nam, Phân tích sự kiện lịch sử, Giáo dục quốc phòng - An ninh, Tư tưởng Hồ Chí Minh, Môn tự chọn 3, Lịch sử Việt Nam hiện đại, Toán cao cấp, Môn tự chọn 5, Lịch sử thế giới hiện đại, Xác suất thống kê, Tư duy logic và giải quyết vấn đề, Lịch sử Đảng Cộng sản Việt Nam, Môn tự chọn 8, Môn tự chọn 4, Môn tự chọn 2, Lịch sử Việt Nam cổ đại, Môn tự chọn 7, Kỹ năng mềm, Phương pháp giảng dạy Lịch sử, Triết học Mác-Lênin, Tin học cơ bản, Lịch sử thế giới cổ đại, Tiếng Anh chuyên ngành, Môn tự chọn 6, Môn tự chọn 1, Môn tự chọn 9","Nhiếp ảnh, Du lịch khám phá, Vẽ tranh"
SV10478,Truyền thông đa phương tiện,10,"Lập trình web nâng cao, Cloud Computing - AWS/Azure, Mạng máy tính, Machine Learning với TensorFlow, Thị giác máy tính, Tư tưởng Hồ Chí Minh, Hệ thống phân tán, Phát triển ứng dụng web, Lập trình C/C++, Cơ sở dữ liệu",Phát triển ứng dụng di động
SV10479,Luật,8.8,"Phát triển phần mềm doanh nghiệp, Cấu trúc dữ liệu và Giải thuật, Cloud Computing - AWS/Azure, Quản lý dự án CNTT, Thị giác máy tính, Big Data và Hadoop, Internet of Things, Giải tích, Mật mã học, Học máy, Thiết kế giao diện người dùng, An ninh mạng cơ bản, Phân tích và thiết kế hệ thống, Toán cao cấp, DevOps và CI/CD, Phát triển ứng dụng web, Hệ thống nhúng, Tư tưởng Hồ Chí Minh, Kỹ năng mềm, Tiếng Anh chuyên ngành, Xử lý ngôn ngữ tự nhiên, Hệ điều hành",Lập trình
SV10480,Fintech,7.6,"Mạng máy tính, Cơ sở dữ liệu, Giáo dục thể chất, Học máy, Phát triển ứng dụng web, Hệ điều hành, Quản lý dự án CNTT, Cấu trúc dữ liệu và Giải thuật, Tiếng Anh chuyên ngành, Hệ thống phân tán, Thị giác máy tính, Lập trình di động iOS/Android, Mật mã học","Thiết kế UI/UX, Phát triển ứng dụng di động, Trí tuệ nhân tạo"
SV10481,Kỹ thuật xây dựng,6.7,"Tin học cơ bản, Môn tự chọn 10, Môn tự chọn 1, Môn tự chọn 4, Vật liệu xây dựng, Thiết kế đô thị, Môn tự chọn 6, Kỹ thuật địa kỹ thuật, Kiến trúc cảnh quan, Quản lý dự án xây dựng, Kỹ thuật xây dựng, Môn tự chọn 12, Tiếng Anh chuyên ngành, Môn tự chọn 11, Kết cấu bê tông cốt thép, Cơ sở hạ tầng đô thị, Môn tự chọn 13, Môn tự chọn 7, Kỹ năng mềm, Môn tự chọn 5, Môn tự chọn 3, Triết học Mác-Lênin, Toán cao cấp, Môn tự chọn 2, Công trình ngầm, Giáo dục quốc phòng - An ninh, Thiết kế kiến trúc nội thất, Giải tích, Kết cấu thép, Cầu và đường, Tư duy logic và giải quyết vấn đề, Môn tự chọn 9, Môn tự chọn 8, Giáo dục thể chất, Tư tưởng Hồ Chí Minh, Xác suất thống kê","Blockchain, Internet of Things"
SV10482,Công nghệ đa phương tiện,6.1,"Thiết kế giao diện người dùng, Học máy, Xử lý ngôn ngữ tự nhiên, Tư tưởng Hồ Chí Minh, An toàn thông tin, Phân tích và thiết kế hệ thống, Lập trình di động iOS/Android, Cloud Computing - AWS/Azure, Trí tuệ nhân tạo, Hệ thống phân tán, Quản lý dự án CNTT, Xác suất thống kê, Tiếng Anh chuyên ngành, Giải tích, Triết học Mác-Lênin, Machine Learning với TensorFlow, Giáo dục thể chất, Toán cao cấp, Hệ thống nhúng, Giáo dục quốc phòng - An ninh, Phát triển ứng dụng web, Kỹ năng mềm","Phát triển ứng dụng di động, Machine Learning, Thiết kế UI/UX"
SV10483,Răng - Hàm - Mặt,7.9,"Triết học Mác-Lênin, Tiếng Anh chuyên ngành, Giáo dục thể chất, Toán cao cấp, Bệnh học ngoại khoa, Dinh dưỡng học, Y học cổ truyền, Miễn dịch học, Giải tích, Y học dự phòng","Machine Learning, Big Data"
SV10484,Kỹ thuật môi trường,6.9,"Xử lý nước thải, Tư duy logic và giải quyết vấn đề, Hóa phân tích môi trường, Toán cao cấp, Giải tích, Kỹ thuật phản ứng hóa học, Kỹ thuật polymer, Kỹ thuật nhiệt hóa học, Kỹ năng mềm, Tin học cơ bản, Giáo dục quốc phòng - An ninh, Giáo dục thể chất, Hóa học công nghiệp, Triết học Mác-Lênin, Xác suất thống kê, Tiếng Anh chuyên ngành, Tư tưởng Hồ Chí Minh","Big Data, Phân tích dữ liệu, Khoa học dữ liệu, Lập trình"
SV10485,Ngôn ngữ Nhật,6.3,"Hiragana & Katakana, Toán cao cấp, Giải tích, Ngữ pháp tiếng Nhật, Tư tưởng Hồ Chí Minh, Kỹ năng mềm, Kỹ năng nghe nói tiếng Nhật, Tiếng Anh chuyên ngành, Giáo dục quốc phòng - An ninh, Dịch Nhật-Việt, Văn hóa Nhật Bản, Tư duy logic và giải quyết vấn đề, Triết học Mác-Lênin, Tiếng Nhật cho du lịch, Xác suất thống kê, Ngữ âm học tiếng Nhật","Cloud Computing, Machine Learning, Game Development"
SV10486,Du lịch,7.1,"Phân tích và thiết kế hệ thống, Toán cao cấp, Học sâu, An ninh mạng cơ bản, Internet of Things, Tư duy logic và giải quyết vấn đề, Hệ điều hành, Lập trình Python, Trí tuệ nhân tạo, Thiết kế giao diện người dùng, Lập trình Java, Hệ thống nhúng, Big Data và Hadoop, Lập trình hướng đối tượng, Kỹ năng mềm","Vẽ tranh, Thiết kế UI/UX, Internet of Things"
SV10487,Logistics và Quản lý chuỗi cung ứng,6.6,"Hệ điều hành, Phát triển phần mềm doanh nghiệp, Tư tưởng Hồ Chí Minh, Mật mã học, An toàn thông tin, Cyber Security nâng cao, Thị giác máy tính, Quản lý dự án CNTT, Phát triển ứng dụng web, Trí tuệ nhân tạo, Học máy, DevOps và CI/CD, Internet of Things, Lập trình Python, Big Data và Hadoop, Lập trình C/C++, Xác suất thống kê, Kỹ năng mềm, Kỹ thuật phần mềm nâng cao","Lập trình, Phân tích dữ liệu, Thiết kế UI/UX"
SV10488,Kỹ thuật điện tử - Viễn thông,9.4,"Điện tử viễn thông, Đo lường điện tử, Môn tự chọn 3, Tin học cơ bản, Tư duy logic và giải quyết vấn đề, Kỹ thuật vi mạch, Điện tử cơ bản, Truyền thông vô tuyến, Giải tích, Điện tử số, Tư tưởng Hồ Chí Minh, Hệ thống nhúng nâng cao, Môn tự chọn 7, Môn tự chọn 9, Toán cao cấp, Giáo dục thể chất, Triết học Mác-Lênin, Điện tử công suất, Tiếng Anh chuyên ngành, Truyền thông số, Xác suất thống kê, Môn tự chọn 8, Kỹ thuật radar, Điện tử năng lượng, Truyền thông quang, Mạng không dây, Môn tự chọn 6, Giáo dục quốc phòng - An ninh, Môn tự chọn 2, Xử lý tín hiệu số, Anten và sóng điện từ, Kỹ năng mềm, Môn tự chọn 1, Hệ thống điện tử nhúng, Mạng viễn thông, Hệ thống điều khiển tự động, Môn tự chọn 5, Môn tự chọn 4","Trí tuệ nhân tạo, DevOps, Thiết kế UI/UX, Khoa học dữ liệu, Lập trình"
SV10489,Kỹ thuật hóa học,8.6,"Xử lý nước thải, Kỹ thuật hóa học, Tư tưởng Hồ Chí Minh, Hóa phân tích môi trường, Giáo dục quốc phòng - An ninh, Ô nhiễm không khí, Giáo dục thể chất, Tư duy logic và giải quyết vấn đề, Tiếng Anh chuyên ngành, Kỹ thuật nhiệt hóa học, Giải tích, Môn tự chọn 1, Kỹ thuật phản ứng hóa học, Xử lý chất thải rắn, Toán cao cấp, Kỹ năng mềm, Kỹ thuật môi trường, Môn tự chọn 2, Kỹ thuật polymer, Triết học Mác-Lênin, Hóa học công nghiệp, Xác suất thống kê, Tin học cơ bản, Công nghệ xử lý nước","Thiết kế UI/UX, Phân tích dữ liệu, Blockchain"
SV10490,Quản trị khách sạn,7.7,"Kinh tế vĩ mô, Kinh tế lượng, Tư tưởng Hồ Chí Minh, Môn tự chọn 2, Quản trị chiến lược, Tư duy logic và giải quyết vấn đề, Ngân hàng thương mại, Tin học cơ bản, Giáo dục thể chất, Môn tự chọn 5, Chuỗi cung ứng, Quản trị kinh doanh, Marketing số, Kế toán quản trị, Tiếng Anh chuyên ngành, Kỹ năng mềm, Logistics, Môn tự chọn 4, Kế toán tài chính, Giải tích, Triết học Mác-Lênin, Kinh tế quốc tế, Môn tự chọn 1, Thương mại điện tử, Kinh tế phát triển, Môn tự chọn 3, Marketing cơ bản, Kinh tế vi mô, Quản trị nhân sự, Tài chính doanh nghiệp, Xác suất thống kê, Tài chính quốc tế, Giáo dục quốc phòng - An ninh, Toán cao cấp","Marketing số, Khởi nghiệp"
SV10491,Ngôn ngữ Hàn Quốc,9.2,"Tiếng Anh chuyên ngành, Môn tự chọn 5, Giải tích, Dịch Hàn-Việt, Từ vựng tiếng Hàn, Tiếng Hàn thương mại, Môn tự chọn 7, Tin học cơ bản, Môn tự chọn 2, Môn tự chọn 1, Kỹ năng nghe nói tiếng Hàn, Ngữ âm học tiếng Hàn, Triết học Mác-Lênin, Giáo dục quốc phòng - An ninh, Môn tự chọn 3, Lịch sử Hàn Quốc, Môn tự chọn 8, Tư duy logic và giải quyết vấn đề, Hangeul, Văn hóa Hàn Quốc, K-pop và văn hóa đại chúng Hàn, Môn tự chọn 6, Ngữ pháp tiếng Hàn, Kỹ năng mềm, Tư tưởng Hồ Chí Minh, Giáo dục thể chất, Toán cao cấp, Xác suất thống kê, Môn tự chọn 4","Fintech, Ẩm thực"
SV10492,Quản trị khách sạn,7.8,"Tư duy logic và giải quyết vấn đề, Kinh tế vĩ mô, Tin học cơ bản, Giáo dục thể chất, Logistics, Kinh tế vi mô, Marketing cơ bản, Tư tưởng Hồ Chí Minh, Chuỗi cung ứng, Xác suất thống kê, Kinh tế quốc tế, Thương mại điện tử, Ngân hàng thương mại, Kế toán tài chính, Kỹ năng mềm, Giải tích, Quản trị chiến lược, Kinh tế phát triển, Marketing số, Triết học Mác-Lênin, Quản trị kinh doanh, Tiếng Anh chuyên ngành, Tài chính quốc tế, Kinh tế lượng, Tài chính doanh nghiệp, Kế toán quản trị","Bán hàng, Đầu tư, Fintech, Khởi nghiệp"
SV10493,Du lịch,6.8,"Phát triển ứng dụng web, Phân tích và thiết kế hệ thống, Lập trình hướng đối tượng, Kỹ thuật phần mềm nâng cao, Mạng máy tính, Tiếng Anh chuyên ngành, An ninh mạng cơ bản, Lập trình Java, Mật mã học, Cơ sở dữ liệu, Xác suất thống kê, DevOps và CI/CD, Tư tưởng Hồ Chí Minh, Kỹ năng mềm",Lập trình
SV10494,Kỹ thuật máy tính,9.2,"Kỹ năng mềm, Truyền thông vô tuyến, Tin học cơ bản, Điện tử cơ bản, Tư tưởng Hồ Chí Minh, Đo lường điện tử, Giáo dục quốc phòng - An ninh, Mạng viễn thông, Tư duy logic và giải quyết vấn đề, Giáo dục thể chất, Xử lý tín hiệu số, Hệ thống điện tử nhúng, Hệ thống điều khiển tự động, Kỹ thuật radar, Triết học Mác-Lênin, Toán cao cấp, Điện tử viễn thông, Điện tử số, Điện tử năng lượng, Xác suất thống kê, Điện tử công suất, Truyền thông quang, Anten và sóng điện từ, Tiếng Anh chuyên ngành","Cloud Computing, Thiết kế UI/UX, Blockchain, Cyber Security"
SV10495,Sư phạm Lịch sử,8.2,"Môn tự chọn 1, Phương pháp giảng dạy Lịch sử, Lịch sử Việt Nam hiện đại, Tiếng Anh chuyên ngành, Giáo dục quốc phòng - An ninh, Giáo dục thể chất, Xác suất thống kê, Môn tự chọn 2, Toán cao cấp, Tin học cơ bản, Lịch sử thế giới hiện đại, Triết học Mác-Lênin, Kỹ năng mềm, Lịch sử văn hóa Việt Nam, Dạy học lịch sử phổ thông, Tư duy logic và giải quyết vấn đề, Phân tích sự kiện lịch sử, Lịch sử Đảng Cộng sản Việt Nam, Giải tích, Lịch sử Việt Nam cổ đại, Lịch sử thế giới cổ đại, Tư tưởng Hồ Chí Minh","Nhiếp ảnh, Diễn thuyết, Học ngoại ngữ, Đọc sách, Vẽ tranh"
SV10496,Kỹ thuật xây dựng,6.7,"Tiếng Anh chuyên ngành, Môn tự chọn 10, Cầu và đường, Vật liệu xây dựng, Môn tự chọn 6, Môn tự chọn 15, Môn tự chọn 7, Công trình ngầm, Môn tự chọn 9, Môn tự chọn 1, Môn tự chọn 3, Tin học cơ bản, Tư tưởng Hồ Chí Minh, Thiết kế đô thị, Kết cấu thép, Kỹ thuật địa kỹ thuật, Toán cao cấp, Môn tự chọn 14, Xác suất thống kê, Môn tự chọn 11, Giáo dục quốc phòng - An ninh, Tư duy logic và giải quyết vấn đề, Thiết kế kiến trúc nội thất, Môn tự chọn 4, Môn tự chọn 12, Triết học Mác-Lênin, Quản lý dự án xây dựng, Giải tích, Kết cấu bê tông cốt thép, Kỹ thuật xây dựng, Môn tự chọn 5, Môn tự chọn 8, Cơ sở hạ tầng đô thị, Kiến trúc cảnh quan, Giáo dục thể chất, Môn tự chọn 13, Kỹ năng mềm, Môn tự chọn 2","Robot học, Học ngoại ngữ, Lập trình"
SV10497,Khoa học dữ liệu,7.5,"Blockchain cơ bản, Lập trình di động iOS/Android, Lập trình web nâng cao, Lập trình C/C++, Mạng máy tính, Phát triển ứng dụng di động, Lập trình Python, DevOps và CI/CD, Xử lý ngôn ngữ tự nhiên, Giáo dục quốc phòng - An ninh, Phát triển ứng dụng web, Tin học cơ bản, Giải tích, An ninh mạng cơ bản, Thị giác máy tính, Triết học Mác-Lênin, Trí tuệ nhân tạo, Cyber Security nâng cao, Phân tích và thiết kế hệ thống, Giáo dục thể chất, Kiểm thử phần mềm, Lập trình Java, Cloud Computing - AWS/Azure, Học sâu, Toán cao cấp, Quản lý dự án CNTT, Internet of Things, Tư duy logic và giải quyết vấn đề, Phát triển game, Machine Learning với TensorFlow","Cloud Computing, Internet of Things"
SV10498,Trí tuệ nhân tạo và Học máy,6.8,"Mật mã học, Kiểm thử phần mềm, Triết học Mác-Lênin, An toàn thông tin, Phát triển ứng dụng di động, Giáo dục quốc phòng - An ninh, Mạng máy tính, Xác suất thống kê, Hệ thống phân tán, Tin học cơ bản, Trí tuệ nhân tạo, Lập trình web nâng cao, Hệ thống nhúng, Phân tích và thiết kế hệ thống, Thiết kế giao diện người dùng, Kỹ thuật phần mềm nâng cao, Giải tích, Tư duy logic và giải quyết vấn đề, Cloud Computing - AWS/Azure, Phát triển game, Lập trình Java, Lập trình hướng đối tượng, Học máy, An ninh mạng cơ bản, Blockchain cơ bản","Làm video, Trí tuệ nhân tạo"
SV10499,Điều dưỡng,6.3,"Xác suất thống kê, Y học cổ truyền, Tiếng Anh chuyên ngành, Dược lâm sàng, Dinh dưỡng học, Dược lý lâm sàng, Tư duy logic và giải quyết vấn đề, Giải tích, Y học dự phòng, Toán cao cấp, Kỹ năng mềm, Hóa sinh y học, Vi sinh y học, Bệnh học ngoại khoa, Triết học Mác-Lênin, Bệnh học nội khoa","Big Data, Chơi nhạc cụ, Phát triển ứng dụng di động, Bán hàng, Học ngoại ngữ"
SV10500,Kỹ thuật hóa học,8.6,"Ô nhiễm không khí, Kỹ thuật phản ứng hóa học, Xác suất thống kê, Giáo dục quốc phòng - An ninh, Kỹ thuật hóa học, Giải tích, Tư duy logic và giải quyết vấn đề, Hóa học công nghiệp, Triết học Mác-Lênin, Hóa phân tích môi trường, Kỹ năng mềm, Tư tưởng Hồ Chí Minh, Xử lý chất thải rắn, Giáo dục thể chất, Kỹ thuật nhiệt hóa học, Tin học cơ bản, Kỹ thuật môi trường","Robot học, Lập trình"
SV10501,Công nghệ thông tin,9.6,"Giáo dục thể chất, Cơ sở dữ liệu, Machine Learning với TensorFlow, Xử lý ngôn ngữ tự nhiên, Big Data và Hadoop, Phát triển ứng dụng web, Mật mã học, Tiếng Anh chuyên ngành, Lập trình web nâng cao, Phát triển game, Tư duy logic và giải quyết vấn đề","DevOps, Lập trình, Khoa học dữ liệu, Internet of Things, Robot học"
SV10502,Kiến trúc,6.3,"Cầu và đường, Kiến trúc cảnh quan, Môn tự chọn 14, Công trình ngầm, Toán cao cấp, Giáo dục thể chất, Thiết kế kiến trúc nội thất, Giáo dục quốc phòng - An ninh, Môn tự chọn 16, Môn tự chọn 13, Môn tự chọn 3, Xác suất thống kê, Tin học cơ bản, Tiếng Anh chuyên ngành, Thiết kế đô thị, Tư duy logic và giải quyết vấn đề, Kỹ thuật địa kỹ thuật, Kết cấu thép, Môn tự chọn 1, Giải tích, Môn tự chọn 11, Môn tự chọn 6, Môn tự chọn 5, Cơ sở hạ tầng đô thị, Tư tưởng Hồ Chí Minh, Môn tự chọn 17, Môn tự chọn 2, Môn tự chọn 9, Môn tự chọn 8, Môn tự chọn 12, Môn tự chọn 10, Triết học Mác-Lênin, Vật liệu xây dựng, Kết cấu bê tông cốt thép, Môn tự chọn 7, Môn tự chọn 15, Kỹ thuật xây dựng, Quản lý dự án xây dựng, Kỹ năng mềm, Môn tự chọn 4","Trí tuệ nhân tạo, Phát triển web, Game Development, DevOps, Phát triển ứng dụng di động"
SV10503,Kinh tế,8.3,"Toán cao cấp, Kinh tế vĩ mô, Tin học cơ bản, Kinh tế vi mô, Ngân hàng thương mại, Kế toán quản trị, Kinh tế quốc tế, Kinh tế lượng, Marketing cơ bản, Quản trị kinh doanh, Marketing số, Kế toán tài chính, Quản trị nhân sự, Kinh tế phát triển, Giáo dục thể chất","Thương mại điện tử, Kinh doanh quốc tế"
SV10504,Marketing,7,"Môn tự chọn 1, Quản trị nhân sự, Marketing số, Kinh tế vi mô, Môn tự chọn 2, Logistics, Kỹ năng mềm, Thương mại điện tử, Kế toán quản trị, Giáo dục quốc phòng - An ninh, Tài chính doanh nghiệp, Tài chính quốc tế, Tư tưởng Hồ Chí Minh, Marketing cơ bản, Tư duy logic và giải quyết vấn đề, Giáo dục thể chất, Toán cao cấp, Môn tự chọn 4, Tiếng Anh chuyên ngành, Môn tự chọn 3, Quản trị chiến lược, Ngân hàng thương mại, Kế toán tài chính, Kinh tế quốc tế, Quản trị kinh doanh, Chuỗi cung ứng, Kinh tế phát triển, Kinh tế lượng, Giải tích, Tin học cơ bản, Xác suất thống kê, Triết học Mác-Lênin, Kinh tế vĩ mô","Marketing số, Thương mại điện tử, Đầu tư"
SV10505,Thiết kế thời trang,7.2,"Tư tưởng Hồ Chí Minh, Giáo dục thể chất, Giáo dục quốc phòng - An ninh, Tư duy logic và giải quyết vấn đề, Tiếng Anh chuyên ngành, Giải tích, Toán cao cấp, Triết học Mác-Lênin, Tin học cơ bản, Kỹ năng mềm, Xác suất thống kê","Đọc sách, Học ngoại ngữ"
SV10506,Kế toán,7.1,"Kinh tế vĩ mô, Tư tưởng Hồ Chí Minh, Quản trị nhân sự, Kinh tế phát triển, Môn tự chọn 6, Logistics, Môn tự chọn 8, Kinh tế quốc tế, Kỹ năng mềm, Giáo dục quốc phòng - An ninh, Quản trị kinh doanh, Kế toán tài chính, Kế toán quản trị, Tài chính quốc tế, Quản trị chiến lược, Môn tự chọn 2, Môn tự chọn 9, Môn tự chọn 1, Môn tự chọn 3, Kinh tế lượng, Triết học Mác-Lênin, Ngân hàng thương mại, Chuỗi cung ứng, Tin học cơ bản, Môn tự chọn 4, Tiếng Anh chuyên ngành, Giải tích, Giáo dục thể chất, Marketing số, Kinh tế vi mô, Xác suất thống kê, Thương mại điện tử, Môn tự chọn 5, Marketing cơ bản, Môn tự chọn 7, Toán cao cấp, Tài chính doanh nghiệp, Môn tự chọn 10, Tư duy logic và giải quyết vấn đề","Quản trị dự án, Bán hàng"
SV10507,Quan hệ quốc tế,6.8,"DevOps và CI/CD, Lập trình C/C++, Cyber Security nâng cao, Tư duy logic và giải quyết vấn đề, Lập trình Python, Cấu trúc dữ liệu và Giải thuật, Giáo dục thể chất, Lập trình di động iOS/Android, Phát triển ứng dụng di động, Tiếng Anh chuyên ngành, Thị giác máy tính, Kỹ năng mềm, An toàn thông tin, Cloud Computing - AWS/Azure, Phát triển phần mềm doanh nghiệp, Học máy, Thiết kế giao diện người dùng, Trí tuệ nhân tạo, Tư tưởng Hồ Chí Minh, Big Data và Hadoop, Mật mã học","DevOps, Cyber Security, Internet of Things, Trí tuệ nhân tạo"
SV10508,Blockchain và Tiền mã hóa,7.7,"Học máy, Kỹ thuật phần mềm nâng cao, Lập trình C/C++, Giải tích, Mật mã học, Xử lý ngôn ngữ tự nhiên, Cơ sở dữ liệu, Thị giác máy tính, Xác suất thống kê, Lập trình web nâng cao, Big Data và Hadoop, Toán cao cấp, Hệ thống nhúng, Machine Learning với TensorFlow, Internet of Things, Lập trình hướng đối tượng, Cyber Security nâng cao, Tiếng Anh chuyên ngành, Quản lý dự án CNTT, Mạng máy tính, Kỹ năng mềm, Phát triển phần mềm doanh nghiệp, Giáo dục thể chất, Tin học cơ bản, Phân tích và thiết kế hệ thống, Trí tuệ nhân tạo, Phát triển ứng dụng web, Blockchain cơ bản, Phát triển game, Hệ thống phân tán","Phát triển web, Thiết kế UI/UX, Cloud Computing, Phát triển ứng dụng di động"
SV10509,Quản trị kinh doanh,6.9,"Tiếng Anh chuyên ngành, Kinh tế phát triển, Marketing số, Toán cao cấp, Kế toán tài chính, Quản trị nhân sự, Ngân hàng thương mại, Tin học cơ bản, Chuỗi cung ứng, Giáo dục quốc phòng - An ninh, Triết học Mác-Lênin, Logistics, Kinh tế vĩ mô, Kinh tế lượng, Tư duy logic và giải quyết vấn đề, Tài chính quốc tế, Giáo dục thể chất","Thương mại điện tử, Kinh doanh quốc tế"
SV10510,Báo chí,8,"Toán cao cấp, Cơ sở dữ liệu, Giáo dục thể chất, Hệ thống nhúng, Tư tưởng Hồ Chí Minh, Lập trình hướng đối tượng, Lập trình Java, Xử lý ngôn ngữ tự nhiên, Hệ thống phân tán, Big Data và Hadoop, Kiểm thử phần mềm, Hệ điều hành, DevOps và CI/CD, Tiếng Anh chuyên ngành, Tư duy logic và giải quyết vấn đề, Kỹ thuật phần mềm nâng cao, Cyber Security nâng cao, Mật mã học","Machine Learning, Thơ ca, Cloud Computing, Blockchain"
SV10511,Logistics và Quản lý chuỗi cung ứng,7.6,"Phát triển phần mềm doanh nghiệp, Học sâu, Quản lý dự án CNTT, Cloud Computing - AWS/Azure, DevOps và CI/CD, Trí tuệ nhân tạo, Hệ thống nhúng, Triết học Mác-Lênin, Giải tích, Lập trình web nâng cao, An ninh mạng cơ bản, Mật mã học, Tiếng Anh chuyên ngành, Lập trình di động iOS/Android, Học máy, Thiết kế giao diện người dùng, Toán cao cấp, Big Data và Hadoop, Mạng máy tính, Lập trình Java, Xử lý ngôn ngữ tự nhiên, Tin học cơ bản, Hệ điều hành, Xác suất thống kê","Lập trình, DevOps, Khoa học dữ liệu, Machine Learning, Thiết kế UI/UX"
SV10512,Sư phạm Lịch sử,7.5,"Môn tự chọn 5, Môn tự chọn 4, Xác suất thống kê, Triết học Mác-Lênin, Tư duy logic và giải quyết vấn đề, Môn tự chọn 2, Tin học cơ bản, Môn tự chọn 11, Giáo dục quốc phòng - An ninh, Môn tự chọn 8, Lịch sử Việt Nam cổ đại, Môn tự chọn 12, Toán cao cấp, Lịch sử Việt Nam hiện đại, Lịch sử thế giới hiện đại, Giải tích, Phương pháp giảng dạy Lịch sử, Môn tự chọn 1, Lịch sử thế giới cổ đại, Môn tự chọn 9, Dạy học lịch sử phổ thông, Lịch sử văn hóa Việt Nam, Phân tích sự kiện lịch sử, Tiếng Anh chuyên ngành, Môn tự chọn 3, Môn tự chọn 10, Giáo dục thể chất, Lịch sử Đảng Cộng sản Việt Nam, Môn tự chọn 6, Kỹ năng mềm, Môn tự chọn 7, Tư tưởng Hồ Chí Minh","Học ngoại ngữ, Kể chuyện, Đọc sách, Âm nhạc"
SV10513,Kinh tế,6.8,"Kinh tế lượng, Toán cao cấp, Tư duy logic và giải quyết vấn đề, Giải tích, Quản trị kinh doanh, Giáo dục thể chất, Kinh tế quốc tế, Kinh tế vĩ mô, Tư tưởng Hồ Chí Minh, Triết học Mác-Lênin, Chuỗi cung ứng, Kinh tế vi mô, Quản trị nhân sự, Thương mại điện tử, Tài chính doanh nghiệp, Quản trị chiến lược, Ngân hàng thương mại, Kỹ năng mềm, Kế toán tài chính, Tài chính quốc tế, Kế toán quản trị, Tiếng Anh chuyên ngành, Logistics, Marketing số, Tin học cơ bản, Marketing cơ bản, Giáo dục quốc phòng - An ninh, Kinh tế phát triển, Xác suất thống kê","Đầu tư, Khởi nghiệp, Kinh doanh quốc tế, Quản trị dự án"
SV10514,Blockchain và Tiền mã hóa,7.1,"Lập trình Java, Học máy, Giáo dục thể chất, Phát triển ứng dụng web, Phát triển phần mềm doanh nghiệp, Machine Learning với TensorFlow, Cấu trúc dữ liệu và Giải thuật, Trí tuệ nhân tạo, Xác suất thống kê, Hệ thống nhúng, Mạng máy tính, DevOps và CI/CD, Toán cao cấp, Giải tích, Cloud Computing - AWS/Azure, Lập trình di động iOS/Android, Mật mã học, Triết học Mác-Lênin, Tiếng Anh chuyên ngành, Học sâu, Internet of Things, Lập trình C/C++, Cyber Security nâng cao, Blockchain cơ bản, Kiểm thử phần mềm, Tư duy logic và giải quyết vấn đề, Xử lý ngôn ngữ tự nhiên, Phát triển game, Cơ sở dữ liệu, Phân tích và thiết kế hệ thống, Giáo dục quốc phòng - An ninh","Big Data, DevOps"
SV10515,Báo chí,8.5,"Internet of Things, Phát triển game, Tiếng Anh chuyên ngành, Lập trình web nâng cao, Cyber Security nâng cao, Hệ thống nhúng, Học sâu, Cơ sở dữ liệu, Mạng máy tính, Cấu trúc dữ liệu và Giải thuật, Kiểm thử phần mềm, Hệ điều hành, Mật mã học, Hệ thống phân tán, Phát triển ứng dụng di động, Giáo dục thể chất, Cloud Computing - AWS/Azure, DevOps và CI/CD, Toán cao cấp, Kỹ năng mềm, Big Data và Hadoop, An toàn thông tin, Phát triển ứng dụng web, Tư tưởng Hồ Chí Minh, Phân tích và thiết kế hệ thống, Machine Learning với TensorFlow, Lập trình Python, Xác suất thống kê, Triết học Mác-Lênin, Phát triển phần mềm doanh nghiệp, Lập trình Java, Tin học cơ bản, Xử lý ngôn ngữ tự nhiên, Tư duy logic và giải quyết vấn đề, Trí tuệ nhân tạo, Lập trình C/C++, Giáo dục quốc phòng - An ninh","Phân tích dữ liệu, Cyber Security, Big Data, Thiết kế UI/UX"
SV10516,Thiết kế đồ họa,8.2,"Giải tích, Môn tự chọn 15, Môn tự chọn 3, Môn tự chọn 9, Giáo dục quốc phòng - An ninh, Môn tự chọn 13, Tiếng Anh chuyên ngành, Môn tự chọn 14, Kỹ năng mềm, Môn tự chọn 16, Tin học cơ bản, Môn tự chọn 8, Môn tự chọn 7, Xác suất thống kê, Môn tự chọn 10, Toán cao cấp, Môn tự chọn 11, Giáo dục thể chất, Tư duy logic và giải quyết vấn đề, Môn tự chọn 6, Triết học Mác-Lênin, Môn tự chọn 5, Môn tự chọn 12, Môn tự chọn 2, Môn tự chọn 1, Tư tưởng Hồ Chí Minh, Môn tự chọn 4","Âm nhạc, Đọc sách, Khiêu vũ"
SV10517,Kinh tế,6.7,"Triết học Mác-Lênin, Tư duy logic và giải quyết vấn đề, Tài chính doanh nghiệp, Kinh tế quốc tế, Tài chính quốc tế, Tư tưởng Hồ Chí Minh, Tiếng Anh chuyên ngành, Giáo dục quốc phòng - An ninh, Marketing số, Kế toán tài chính, Kinh tế vi mô, Xác suất thống kê, Giáo dục thể chất, Ngân hàng thương mại, Quản trị chiến lược, Kinh tế phát triển, Toán cao cấp, Quản trị nhân sự, Thương mại điện tử, Logistics, Kinh tế vĩ mô, Giải tích, Kế toán quản trị, Kinh tế lượng, Marketing cơ bản, Quản trị kinh doanh","Kinh doanh quốc tế, Khởi nghiệp, Thương mại điện tử, Quản trị dự án"
SV10518,Hệ thống thông tin,7.8,"Xử lý ngôn ngữ tự nhiên, Lập trình Java, Học máy, Cloud Computing - AWS/Azure, Triết học Mác-Lênin, Kỹ năng mềm, Mật mã học, Hệ thống nhúng, Cyber Security nâng cao, Machine Learning với TensorFlow, Giáo dục quốc phòng - An ninh, Tư tưởng Hồ Chí Minh, Hệ điều hành, Phát triển ứng dụng web, Lập trình hướng đối tượng, Big Data và Hadoop, Quản lý dự án CNTT, Lập trình Python, Phân tích và thiết kế hệ thống, Toán cao cấp, Thiết kế giao diện người dùng, Tin học cơ bản, Tư duy logic và giải quyết vấn đề, An toàn thông tin, DevOps và CI/CD, Blockchain cơ bản, Kiểm thử phần mềm, Lập trình web nâng cao, Giải tích, Học sâu, Internet of Things, Phát triển phần mềm doanh nghiệp, Cấu trúc dữ liệu và Giải thuật, Mạng máy tính, Tiếng Anh chuyên ngành, Kỹ thuật phần mềm nâng cao, An ninh mạng cơ bản","Cyber Security, Cloud Computing"
SV10519,Kế toán,8.5,"Thương mại điện tử, Kế toán quản trị, Kế toán tài chính, Giáo dục quốc phòng - An ninh, Tư tưởng Hồ Chí Minh, Kinh tế lượng, Giải tích, Logistics, Xác suất thống kê, Tài chính quốc tế, Quản trị nhân sự, Kỹ năng mềm, Giáo dục thể chất, Chuỗi cung ứng, Toán cao cấp, Kinh tế phát triển, Tiếng Anh chuyên ngành, Tin học cơ bản, Quản trị kinh doanh, Triết học Mác-Lênin, Kinh tế vi mô, Quản trị chiến lược, Marketing số, Tài chính doanh nghiệp, Tư duy logic và giải quyết vấn đề, Kinh tế quốc tế, Kinh tế vĩ mô, Marketing cơ bản",Marketing số
SV10520,Công nghệ đa phương tiện,6,"Big Data và Hadoop, Lập trình web nâng cao, Hệ thống nhúng, Xác suất thống kê, Trí tuệ nhân tạo, Tiếng Anh chuyên ngành, Học sâu, Tin học cơ bản, An ninh mạng cơ bản, Cloud Computing - AWS/Azure, Thị giác máy tính, Xử lý ngôn ngữ tự nhiên, Internet of Things, Hệ điều hành, Giáo dục quốc phòng - An ninh, Kiểm thử phần mềm, Phát triển ứng dụng web","Machine Learning, Big Data, Phát triển web, Robot học"
SV10521,Kinh tế,8.2,"Tin học cơ bản, Thương mại điện tử, Marketing số, Tài chính doanh nghiệp, Quản trị kinh doanh, Toán cao cấp, Kỹ năng mềm, Kinh tế vi mô, Tiếng Anh chuyên ngành, Kinh tế lượng, Kế toán tài chính, Kinh tế quốc tế, Logistics, Xác suất thống kê, Marketing cơ bản, Giáo dục quốc phòng - An ninh, Triết học Mác-Lênin, Ngân hàng thương mại, Chuỗi cung ứng, Tư tưởng Hồ Chí Minh","Khởi nghiệp, Đầu tư, Kinh doanh quốc tế, Quản trị dự án"
SV10522,Logistics và Quản lý chuỗi cung ứng,7,"Blockchain cơ bản, Lập trình hướng đối tượng, Lập trình Python, Cơ sở dữ liệu, Lập trình C/C++, Học sâu, Học máy, Mạng máy tính, Phát triển ứng dụng web, Lập trình Java, Giáo dục quốc phòng - An ninh, An ninh mạng cơ bản, Trí tuệ nhân tạo, Cấu trúc dữ liệu và Giải thuật, An toàn thông tin, Hệ thống nhúng, Internet of Things, Toán cao cấp, Tư duy logic và giải quyết vấn đề, Kiểm thử phần mềm, Thiết kế giao diện người dùng, Mật mã học, Giải tích, Hệ điều hành, Tin học cơ bản, Xác suất thống kê, Lập trình web nâng cao, Thị giác máy tính, Xử lý ngôn ngữ tự nhiên","Blockchain, Game Development"
SV10523,Kỹ thuật cơ khí,8.3,"Kỹ thuật nhiệt, Tiếng Anh chuyên ngành, Kỹ năng mềm, Cơ khí chế tạo, Cơ điện tử, Kỹ thuật hàn, Triết học Mác-Lênin, Tư duy logic và giải quyết vấn đề, Kỹ thuật gia công, Toán cao cấp, Giải tích, Tư tưởng Hồ Chí Minh, Kỹ thuật sản xuất, Giáo dục thể chất, Xác suất thống kê","Phát triển ứng dụng di động, Phân tích dữ liệu, Internet of Things"
SV10524,Fintech,6.9,"Giải tích, Học máy, Phát triển ứng dụng di động, Xác suất thống kê, Phân tích và thiết kế hệ thống, Kỹ thuật phần mềm nâng cao, DevOps và CI/CD, Big Data và Hadoop, Tin học cơ bản, Quản lý dự án CNTT, Mạng máy tính, Mật mã học","Robot học, Phân tích dữ liệu, Cyber Security"
SV10525,Điều dưỡng,5.9,"Môn tự chọn 5, Tin học cơ bản, Dược lý học, Môn tự chọn 9, Môn tự chọn 6, Môn tự chọn 7, Tư tưởng Hồ Chí Minh, Dược lâm sàng, Giáo dục quốc phòng - An ninh, Toán cao cấp, Dinh dưỡng học, Môn tự chọn 4, Triết học Mác-Lênin, Y học cổ truyền, Tiếng Anh chuyên ngành, Hóa sinh y học, Môn tự chọn 1, Bệnh học ngoại khoa, Bệnh học nội khoa, Môn tự chọn 3, Giải tích, Xác suất thống kê, Sinh lý học, Môn tự chọn 10, Y học dự phòng, Giáo dục thể chất, Dược lý lâm sàng, Vi sinh y học, Bệnh học truyền nhiễm, Tư duy logic và giải quyết vấn đề, Giải phẫu học, Môn tự chọn 8, Môn tự chọn 2, Kỹ năng mềm, Miễn dịch học","Đầu tư, Robot học"
SV10526,Quản trị kinh doanh,6.1,"Giải tích, Kinh tế vĩ mô, Quản trị kinh doanh, Marketing số, Kinh tế lượng, Tin học cơ bản, Quản trị nhân sự, Logistics, Kỹ năng mềm, Kinh tế quốc tế, Triết học Mác-Lênin, Kế toán tài chính, Kinh tế phát triển, Tài chính doanh nghiệp","Thương mại điện tử, Kinh doanh quốc tế, Fintech"
SV10527,Kỹ thuật y sinh,7.7,"Kỹ thuật y sinh, Kỹ thuật tế bào, Môn tự chọn 3, Môn tự chọn 4, Môn tự chọn 2, Thiết bị y tế, Môn tự chọn 17, Môn tự chọn 9, Kỹ năng mềm, Môn tự chọn 8, Tư duy logic và giải quyết vấn đề, Giáo dục quốc phòng - An ninh, Môn tự chọn 15, Môn tự chọn 12, Tiếng Anh chuyên ngành, Môn tự chọn 6, Giải tích, Giáo dục thể chất, Công nghệ sinh học ứng dụng, Triết học Mác-Lênin, Môn tự chọn 11, Môn tự chọn 10, Toán cao cấp, Công nghệ nano y sinh, Môn tự chọn 13, Kỹ thuật mô sinh học, Môn tự chọn 7, Môn tự chọn 14, Vật liệu sinh học, Môn tự chọn 16, Hình ảnh y khoa, Môn tự chọn 5, Công nghệ gen, Sinh học phân tử, Xác suất thống kê, Tư tưởng Hồ Chí Minh, Tin học cơ bản, Môn tự chọn 1","DevOps, Khoa học dữ liệu, Big Data, Thiết kế UI/UX"
SV10528,Kỹ thuật hóa học,8,"Giáo dục thể chất, Kỹ thuật nhiệt hóa học, Công nghệ xử lý nước, Giáo dục quốc phòng - An ninh, Ô nhiễm không khí, Xử lý nước thải, Kỹ năng mềm, Tin học cơ bản, Kỹ thuật môi trường, Kỹ thuật hóa học",Phân tích dữ liệu
SV10529,Trí tuệ nhân tạo và Học máy,6.8,"Học sâu, Thị giác máy tính, Lập trình Java, Toán cao cấp, Giải tích, Tư tưởng Hồ Chí Minh, Cyber Security nâng cao, Triết học Mác-Lênin, Quản lý dự án CNTT, DevOps và CI/CD, Trí tuệ nhân tạo, Phát triển ứng dụng di động, Lập trình Python, Cơ sở dữ liệu, Hệ thống nhúng, Tiếng Anh chuyên ngành, Giáo dục thể chất, Mật mã học, Phát triển ứng dụng web","Phát triển web, Cloud Computing, Robot học"
SV10530,Tài chính - Ngân hàng,8.3,"Môn tự chọn 3, Quản trị kinh doanh, Kinh tế vĩ mô, Quản trị nhân sự, Kinh tế lượng, Quản trị chiến lược, Môn tự chọn 9, Chuỗi cung ứng, Giáo dục quốc phòng - An ninh, Môn tự chọn 8, Kế toán tài chính, Môn tự chọn 11, Tài chính doanh nghiệp, Tiếng Anh chuyên ngành, Môn tự chọn 10, Kinh tế vi mô, Kỹ năng mềm, Ngân hàng thương mại, Giáo dục thể chất, Kinh tế phát triển, Môn tự chọn 4, Môn tự chọn 7, Marketing cơ bản, Thương mại điện tử, Marketing số, Kế toán quản trị, Logistics, Môn tự chọn 5, Môn tự chọn 1, Toán cao cấp, Kinh tế quốc tế, Môn tự chọn 6, Xác suất thống kê, Giải tích, Triết học Mác-Lênin, Tin học cơ bản, Tư duy logic và giải quyết vấn đề, Môn tự chọn 2, Tài chính quốc tế, Tư tưởng Hồ Chí Minh","Thương mại điện tử, Thơ ca"
SV10531,Truyền thông đa phương tiện,6,"Big Data và Hadoop, Lập trình web nâng cao, Tiếng Anh chuyên ngành, An toàn thông tin, Thị giác máy tính, Toán cao cấp, Phát triển game, Thiết kế giao diện người dùng, Lập trình Java, Trí tuệ nhân tạo, Kỹ năng mềm, Blockchain cơ bản, Mạng máy tính, Lập trình Python, Phát triển ứng dụng di động, Phát triển phần mềm doanh nghiệp, Internet of Things, Lập trình hướng đối tượng, Quản lý dự án CNTT","Lập trình, Machine Learning, Game Development, Internet of Things"
SV10532,Blockchain và Tiền mã hóa,7.6,"Blockchain cơ bản, Kỹ năng mềm, Tư tưởng Hồ Chí Minh, Quản lý dự án CNTT, Hệ thống nhúng, Học máy, Triết học Mác-Lênin, Học sâu, An toàn thông tin, Tiếng Anh chuyên ngành, Phát triển phần mềm doanh nghiệp, Tư duy logic và giải quyết vấn đề, Xác suất thống kê, Phát triển game, Mạng máy tính, Giải tích, Phân tích và thiết kế hệ thống, Cơ sở dữ liệu, Tin học cơ bản, Thị giác máy tính, Phát triển ứng dụng web, Lập trình C/C++, Kỹ thuật phần mềm nâng cao, Thiết kế giao diện người dùng","DevOps, Khoa học dữ liệu, Blockchain, Internet of Things"
SV10533,Y khoa,6.5,"Giáo dục quốc phòng - An ninh, Dược lý học, Toán cao cấp, Giải phẫu học, Bệnh học nội khoa, Giải tích, Môn tự chọn 2, Bệnh học truyền nhiễm, Vi sinh y học, Sinh lý học, Môn tự chọn 1, Y học cổ truyền, Kỹ năng mềm, Tư tưởng Hồ Chí Minh, Tiếng Anh chuyên ngành, Miễn dịch học, Giáo dục thể chất, Y học dự phòng, Dược lâm sàng, Triết học Mác-Lênin, Môn tự chọn 3, Xác suất thống kê, Dược lý lâm sàng, Tin học cơ bản, Bệnh học ngoại khoa, Hóa sinh y học, Dinh dưỡng học, Tư duy logic và giải quyết vấn đề","Marketing số, Marketing số, Cloud Computing, Vẽ tranh, Kể chuyện"
SV10534,Sư phạm Lịch sử,7,"Tư duy logic và giải quyết vấn đề, Tư tưởng Hồ Chí Minh, Triết học Mác-Lênin, Giáo dục quốc phòng - An ninh, Phân tích sự kiện lịch sử, Xác suất thống kê, Lịch sử Việt Nam cổ đại, Lịch sử Việt Nam hiện đại, Phương pháp giảng dạy Lịch sử, Lịch sử văn hóa Việt Nam","Du lịch khám phá, Chơi nhạc cụ, Học ngoại ngữ, Đọc sách, Kể chuyện"
SV10535,Logistics và Quản lý chuỗi cung ứng,7.7,"Phát triển phần mềm doanh nghiệp, Học máy, Thiết kế giao diện người dùng, Tiếng Anh chuyên ngành, Phát triển ứng dụng web, DevOps và CI/CD, Trí tuệ nhân tạo, Quản lý dự án CNTT, Kiểm thử phần mềm, Giải tích, Triết học Mác-Lênin, Phát triển ứng dụng di động, An ninh mạng cơ bản, Giáo dục thể chất, Lập trình C/C++, Machine Learning với TensorFlow, Internet of Things, Toán cao cấp, Blockchain cơ bản, Kỹ năng mềm, Tư duy logic và giải quyết vấn đề, Tin học cơ bản","Phát triển web, DevOps, Âm nhạc, Cloud Computing, Thiết kế UI/UX"
SV10536,Dược học,6.8,"Kỹ năng mềm, Dược lý học, Giáo dục thể chất, Dinh dưỡng học, Tư tưởng Hồ Chí Minh, Toán cao cấp, Y học cổ truyền, Giáo dục quốc phòng - An ninh, Dược lâm sàng, Xác suất thống kê","Machine Learning, Học ngoại ngữ, Khởi nghiệp"
SV10537,Trí tuệ nhân tạo và Học máy,7.3,"Toán cao cấp, Tư duy logic và giải quyết vấn đề, Thiết kế giao diện người dùng, Triết học Mác-Lênin, Phát triển ứng dụng di động, Lập trình di động iOS/Android, Giải tích, Mạng máy tính, Mật mã học, Giáo dục thể chất, Phát triển phần mềm doanh nghiệp, Cấu trúc dữ liệu và Giải thuật, Học máy, Kiểm thử phần mềm, Machine Learning với TensorFlow, Giáo dục quốc phòng - An ninh, Phân tích và thiết kế hệ thống, DevOps và CI/CD, Xử lý ngôn ngữ tự nhiên, Phát triển ứng dụng web, Lập trình hướng đối tượng, An toàn thông tin, Tư tưởng Hồ Chí Minh, Internet of Things, Lập trình Python, Học sâu, Cloud Computing - AWS/Azure, Cyber Security nâng cao, Kỹ năng mềm, Cơ sở dữ liệu, Big Data và Hadoop, Trí tuệ nhân tạo, Hệ điều hành",Blockchain
SV10538,Hệ thống thông tin,8.7,"Xác suất thống kê, Xử lý ngôn ngữ tự nhiên, Phát triển ứng dụng di động, Mật mã học, Học sâu, Thị giác máy tính, Cyber Security nâng cao, Machine Learning với TensorFlow, Quản lý dự án CNTT, Hệ điều hành, Giáo dục quốc phòng - An ninh, Phân tích và thiết kế hệ thống, Triết học Mác-Lênin, Kiểm thử phần mềm, Cơ sở dữ liệu, Giáo dục thể chất, Mạng máy tính, Tiếng Anh chuyên ngành, Tin học cơ bản, Trí tuệ nhân tạo, Giải tích, Hệ thống nhúng, An toàn thông tin, Phát triển ứng dụng web, Lập trình web nâng cao, DevOps và CI/CD, Lập trình di động iOS/Android, Lập trình Python, Lập trình Java, Blockchain cơ bản, Tư tưởng Hồ Chí Minh, Hệ thống phân tán, Big Data và Hadoop, Toán cao cấp, An ninh mạng cơ bản, Phát triển game, Cấu trúc dữ liệu và Giải thuật","DevOps, Game Development, Khoa học dữ liệu, Phát triển ứng dụng di động"
SV10539,Kỹ thuật y sinh,7.1,"Công nghệ sinh học ứng dụng, Giải tích, Hình ảnh y khoa, Công nghệ gen, Kỹ thuật tế bào, Vật liệu sinh học, Thiết bị y tế, Kỹ năng mềm, Sinh học phân tử, Kỹ thuật mô sinh học, Tiếng Anh chuyên ngành, Giáo dục quốc phòng - An ninh, Toán cao cấp, Triết học Mác-Lênin, Xác suất thống kê, Tư tưởng Hồ Chí Minh, Tư duy logic và giải quyết vấn đề, Công nghệ nano y sinh, Giáo dục thể chất","Blockchain, DevOps, Cyber Security"
SV10540,Marketing,8.5,"Kinh tế phát triển, Toán cao cấp, Tin học cơ bản, Kỹ năng mềm, Logistics, Kinh tế lượng, Chuỗi cung ứng, Tiếng Anh chuyên ngành, Tư duy logic và giải quyết vấn đề, Tài chính doanh nghiệp, Marketing số, Tư tưởng Hồ Chí Minh, Giải tích, Thương mại điện tử, Marketing cơ bản, Ngân hàng thương mại, Giáo dục quốc phòng - An ninh, Kế toán tài chính, Giáo dục thể chất, Quản trị kinh doanh, Quản trị chiến lược, Xác suất thống kê","Thương mại điện tử, Bán hàng"
SV10541,Quan hệ quốc tế,6.6,"Hệ thống phân tán, An toàn thông tin, Quản lý dự án CNTT, Phát triển ứng dụng di động, Lập trình Python, Xử lý ngôn ngữ tự nhiên, Internet of Things, Học sâu, Tiếng Anh chuyên ngành, Cloud Computing - AWS/Azure, Tin học cơ bản, Phát triển game, Tư duy logic và giải quyết vấn đề, Lập trình C/C++, Phát triển ứng dụng web, Mật mã học, Trí tuệ nhân tạo, Thị giác máy tính, Kỹ năng mềm, Lập trình web nâng cao, Cơ sở dữ liệu, Lập trình di động iOS/Android, Lập trình hướng đối tượng, Hệ điều hành, Kỹ thuật phần mềm nâng cao, Machine Learning với TensorFlow, Mạng máy tính, Kiểm thử phần mềm, Phân tích và thiết kế hệ thống, Thiết kế giao diện người dùng, DevOps và CI/CD, Xác suất thống kê, Giáo dục quốc phòng - An ninh","Phát triển web, Game Development, Lập trình, Thương mại điện tử, Big Data"
SV10542,Hệ thống thông tin,8.2,"DevOps và CI/CD, Hệ thống phân tán, Học máy, Kỹ thuật phần mềm nâng cao, Phát triển ứng dụng web, Giải tích, Trí tuệ nhân tạo, Cloud Computing - AWS/Azure, Hệ thống nhúng, Tư tưởng Hồ Chí Minh, Giáo dục thể chất, Xác suất thống kê, Phát triển ứng dụng di động, Kiểm thử phần mềm, Big Data và Hadoop, Xử lý ngôn ngữ tự nhiên, Phát triển game, Lập trình di động iOS/Android, Lập trình Java, Tin học cơ bản, Lập trình web nâng cao, Machine Learning với TensorFlow, Thiết kế giao diện người dùng, An ninh mạng cơ bản, Lập trình Python, Học sâu, Triết học Mác-Lênin, An toàn thông tin, Tư duy logic và giải quyết vấn đề","Phát triển ứng dụng di động, Thiết kế UI/UX, Big Data, Internet of Things"
SV10543,Âm nhạc học,9.1,"Giáo dục quốc phòng - An ninh, Toán cao cấp, Biểu diễn nhạc cụ, Tư duy logic và giải quyết vấn đề, Lịch sử âm nhạc, Môn tự chọn 2, Môn tự chọn 6, Kỹ năng mềm, Kỹ thuật thanh nhạc, Môn tự chọn 3, Phân tích tác phẩm âm nhạc, Giải tích, Âm nhạc cổ điển phương Tây, Tư tưởng Hồ Chí Minh, Âm nhạc lý thuyết, Môn tự chọn 1, Âm nhạc hiện đại, Tiếng Anh chuyên ngành, Triết học Mác-Lênin, Giáo dục thể chất, Soạn nhạc cơ bản, Môn tự chọn 5, Xác suất thống kê, Âm nhạc dân gian Việt Nam, Môn tự chọn 4, Tin học cơ bản, Môn tự chọn 7, Hòa âm","Du lịch khám phá, Ẩm thực"
SV10544,Kỹ thuật điện,5.2,"Điện tử năng lượng, Tư tưởng Hồ Chí Minh, Mạng không dây, Kỹ năng mềm, Hệ thống nhúng nâng cao, Điện tử viễn thông, Hệ thống điện tử nhúng, Hệ thống điều khiển tự động, Kỹ thuật radar, Truyền thông vô tuyến, Điện tử cơ bản, Xử lý tín hiệu số, Điện tử công suất, Truyền thông số, Triết học Mác-Lênin, Kỹ thuật vi mạch, Giải tích, Giáo dục thể chất, Tiếng Anh chuyên ngành, Mạng viễn thông, Truyền thông quang, Giáo dục quốc phòng - An ninh, Tư duy logic và giải quyết vấn đề, Điện tử số, Đo lường điện tử, Anten và sóng điện từ, Tin học cơ bản, Xác suất thống kê, Toán cao cấp","Cyber Security, Blockchain, Làm video"
SV10545,Kế toán,6.9,"Tư duy logic và giải quyết vấn đề, Kinh tế lượng, Quản trị chiến lược, Tài chính doanh nghiệp, Xác suất thống kê, Kinh tế quốc tế, Tin học cơ bản, Chuỗi cung ứng, Kế toán tài chính, Marketing cơ bản, Ngân hàng thương mại, Logistics, Quản trị kinh doanh, Kinh tế vĩ mô, Tư tưởng Hồ Chí Minh","Marketing số, Khởi nghiệp"
SV10546,Kỹ thuật máy tính,8.3,"Truyền thông số, Hệ thống nhúng nâng cao, Điện tử công suất, Tư tưởng Hồ Chí Minh, Xử lý tín hiệu số, Điện tử viễn thông, Toán cao cấp, Giáo dục quốc phòng - An ninh, Mạng viễn thông, Đo lường điện tử, Mạng không dây, Điện tử cơ bản, Điện tử số, Triết học Mác-Lênin, Truyền thông vô tuyến, Tư duy logic và giải quyết vấn đề, Truyền thông quang, Anten và sóng điện từ, Kỹ thuật radar, Xác suất thống kê, Giải tích","Robot học, Khoa học dữ liệu, Lập trình, Thiết kế UI/UX, Machine Learning"
SV10547,Fintech,7.5,"Mật mã học, An toàn thông tin, Cyber Security nâng cao, Kiểm thử phần mềm, Phát triển ứng dụng web, Xác suất thống kê, Internet of Things, Kỹ thuật phần mềm nâng cao, Kỹ năng mềm, Lập trình C/C++, Thiết kế giao diện người dùng, DevOps và CI/CD, Xử lý ngôn ngữ tự nhiên","Cyber Security, Big Data"
SV10548,Ngôn ngữ Nhật,8.1,"Văn học Nhật Bản, Văn hóa Nhật Bản, Giải tích, Ngữ pháp tiếng Nhật, Tiếng Nhật cho du lịch, Kỹ năng mềm, Tin học cơ bản, Hiragana & Katakana, Toán cao cấp, Kỹ năng nghe nói tiếng Nhật, Dịch Nhật-Việt, Tiếng Nhật kinh doanh, Tư duy logic và giải quyết vấn đề, Triết học Mác-Lênin, Kanji, Giáo dục thể chất, Xác suất thống kê, Ngữ âm học tiếng Nhật, Tư tưởng Hồ Chí Minh, Tiếng Anh chuyên ngành","Âm nhạc, Đầu tư, Chơi nhạc cụ, Diễn thuyết, Blockchain"
SV10549,Kỹ thuật điện tử - Viễn thông,7.1,"Xác suất thống kê, Điện tử viễn thông, Điện tử công suất, Kỹ năng mềm, Giải tích, Đo lường điện tử, Hệ thống điều khiển tự động, Tư tưởng Hồ Chí Minh, Điện tử năng lượng, Hệ thống nhúng nâng cao, Kỹ thuật vi mạch, Toán cao cấp, Truyền thông số, Điện tử cơ bản, Giáo dục quốc phòng - An ninh, Tư duy logic và giải quyết vấn đề, Xử lý tín hiệu số, Mạng không dây, Hệ thống điện tử nhúng, Tin học cơ bản, Giáo dục thể chất, Kỹ thuật radar, Truyền thông vô tuyến, Tiếng Anh chuyên ngành, Điện tử số, Mạng viễn thông, Anten và sóng điện từ","Machine Learning, Cloud Computing, Robot học, Thiết kế UI/UX, Phát triển web"
SV10550,Kỹ thuật xây dựng,7.8,"Kỹ năng mềm, Giáo dục thể chất, Thiết kế kiến trúc nội thất, Cầu và đường, Tiếng Anh chuyên ngành, Xác suất thống kê, Triết học Mác-Lênin, Môn tự chọn 4, Kỹ thuật địa kỹ thuật, Môn tự chọn 1, Tin học cơ bản, Môn tự chọn 2, Tư tưởng Hồ Chí Minh, Quản lý dự án xây dựng, Giải tích, Giáo dục quốc phòng - An ninh, Kỹ thuật xây dựng, Môn tự chọn 3, Kết cấu bê tông cốt thép, Vật liệu xây dựng, Cơ sở hạ tầng đô thị, Kiến trúc cảnh quan, Kết cấu thép, Công trình ngầm, Tư duy logic và giải quyết vấn đề, Thiết kế đô thị, Toán cao cấp","Machine Learning, Phát triển ứng dụng di động, Khoa học dữ liệu, Thiết kế UI/UX, Big Data"
SV10551,Ngôn ngữ Hàn Quốc,7.5,"Xác suất thống kê, Tư tưởng Hồ Chí Minh, Tin học cơ bản, Dịch Hàn-Việt, Ngữ âm học tiếng Hàn, Môn tự chọn 1, Tư duy logic và giải quyết vấn đề, Giải tích, Toán cao cấp, Văn hóa Hàn Quốc, Lịch sử Hàn Quốc, Kỹ năng nghe nói tiếng Hàn, K-pop và văn hóa đại chúng Hàn, Ngữ pháp tiếng Hàn, Giáo dục quốc phòng - An ninh, Tiếng Anh chuyên ngành, Hangeul, Kỹ năng mềm, Tiếng Hàn thương mại, Giáo dục thể chất, Triết học Mác-Lênin, Từ vựng tiếng Hàn, Môn tự chọn 2",Nhiếp ảnh
SV10552,Ngôn ngữ Nhật,8.9,"Dịch Nhật-Việt, Môn tự chọn 1, Môn tự chọn 12, Môn tự chọn 6, Môn tự chọn 15, Tư tưởng Hồ Chí Minh, Môn tự chọn 4, Hiragana & Katakana, Tiếng Anh chuyên ngành, Triết học Mác-Lênin, Môn tự chọn 17, Giải tích, Kỹ năng nghe nói tiếng Nhật, Môn tự chọn 10, Văn hóa Nhật Bản, Môn tự chọn 9, Môn tự chọn 7, Môn tự chọn 11, Ngữ pháp tiếng Nhật, Giáo dục thể chất, Ngữ âm học tiếng Nhật, Môn tự chọn 16, Môn tự chọn 5, Môn tự chọn 14, Tư duy logic và giải quyết vấn đề, Môn tự chọn 2, Toán cao cấp, Môn tự chọn 3, Tin học cơ bản, Kanji, Kỹ năng mềm, Xác suất thống kê, Văn học Nhật Bản, Môn tự chọn 8, Tiếng Nhật kinh doanh, Tiếng Nhật cho du lịch, Giáo dục quốc phòng - An ninh, Môn tự chọn 13","Trí tuệ nhân tạo, Thương mại điện tử"
SV10553,Marketing,8,"Tư duy logic và giải quyết vấn đề, Môn tự chọn 4, Marketing số, Kế toán quản trị, Kỹ năng mềm, Kinh tế quốc tế, Quản trị nhân sự, Tin học cơ bản, Ngân hàng thương mại, Môn tự chọn 5, Kế toán tài chính, Toán cao cấp, Tư tưởng Hồ Chí Minh, Kinh tế lượng, Môn tự chọn 1, Tài chính doanh nghiệp, Môn tự chọn 2, Môn tự chọn 6, Logistics, Giáo dục quốc phòng - An ninh, Triết học Mác-Lênin, Kinh tế vĩ mô, Marketing cơ bản, Quản trị chiến lược, Chuỗi cung ứng, Kinh tế phát triển, Tài chính quốc tế, Giáo dục thể chất, Thương mại điện tử, Kinh tế vi mô, Môn tự chọn 3, Giải tích, Xác suất thống kê, Tiếng Anh chuyên ngành, Quản trị kinh doanh, Môn tự chọn 7","Diễn thuyết, Khởi nghiệp"
SV10554,Kế toán,8,"Xác suất thống kê, Kinh tế lượng, Tài chính quốc tế, Giải tích, Kinh tế phát triển, Tư tưởng Hồ Chí Minh, Kinh tế vĩ mô, Tiếng Anh chuyên ngành, Kế toán tài chính, Kinh tế quốc tế, Ngân hàng thương mại, Chuỗi cung ứng, Kế toán quản trị, Kinh tế vi mô, Triết học Mác-Lênin, Logistics, Quản trị nhân sự, Giáo dục quốc phòng - An ninh, Quản trị kinh doanh, Tin học cơ bản, Marketing số, Tài chính doanh nghiệp","Đầu tư, Kinh doanh quốc tế"
SV10555,Fintech,7.3,"Lập trình hướng đối tượng, Trí tuệ nhân tạo, Phát triển ứng dụng di động, Tiếng Anh chuyên ngành, Hệ thống nhúng, Thiết kế giao diện người dùng, Mạng máy tính, Internet of Things, Tư tưởng Hồ Chí Minh, Triết học Mác-Lênin, Lập trình web nâng cao, Phân tích và thiết kế hệ thống","DevOps, Lập trình"
SV10556,Tài chính - Ngân hàng,7.2,"Kinh tế phát triển, Giáo dục thể chất, Tư duy logic và giải quyết vấn đề, Logistics, Kỹ năng mềm, Tài chính quốc tế, Quản trị chiến lược, Kế toán tài chính, Kinh tế quốc tế, Quản trị kinh doanh, Kinh tế lượng, Xác suất thống kê, Quản trị nhân sự, Tư tưởng Hồ Chí Minh, Toán cao cấp, Thương mại điện tử","Thương mại điện tử, Fintech, Quản trị dự án"
SV10557,Fintech,7.3,"Kỹ năng mềm, Mạng máy tính, Giáo dục thể chất, Lập trình di động iOS/Android, An toàn thông tin, Hệ điều hành, Trí tuệ nhân tạo, Cơ sở dữ liệu, Lập trình web nâng cao, Toán cao cấp, Giải tích, Hệ thống phân tán, Kỹ thuật phần mềm nâng cao, Phát triển ứng dụng web, Học sâu, Kiểm thử phần mềm, Internet of Things, Cyber Security nâng cao, Xác suất thống kê, Mật mã học, Hệ thống nhúng, Triết học Mác-Lênin, An ninh mạng cơ bản, Tư duy logic và giải quyết vấn đề, Phát triển phần mềm doanh nghiệp, Quản lý dự án CNTT, Giáo dục quốc phòng - An ninh","Game Development, Phát triển ứng dụng di động, Phát triển web, Robot học, Trí tuệ nhân tạo"
SV10558,Kỹ thuật cơ khí,8.1,"Sản xuất tự động, Kỹ năng mềm, Tiếng Anh chuyên ngành, Cơ học kỹ thuật, Cơ học vật liệu, Tư tưởng Hồ Chí Minh, Giải tích, Triết học Mác-Lênin, Tư duy logic và giải quyết vấn đề, Tin học cơ bản, Giáo dục quốc phòng - An ninh, Thiết kế máy, Động lực học máy, Robot công nghiệp, Kỹ thuật gia công, Kỹ thuật sản xuất, Cơ khí chế tạo, Toán cao cấp, Cơ khí chính xác, Môn tự chọn 1, Cơ điện tử, Xác suất thống kê, Thiết kế CAD/CAM, Kỹ thuật hàn, Giáo dục thể chất, Kỹ thuật nhiệt","Robot học, Thiết kế UI/UX"
SV10559,Kỹ thuật điện,7.3,"Xác suất thống kê, Giải tích, Giáo dục quốc phòng - An ninh, Điện tử viễn thông, Môn tự chọn 2, Điện tử cơ bản, Điện tử năng lượng, Tư duy logic và giải quyết vấn đề, Tiếng Anh chuyên ngành, Truyền thông vô tuyến, Giáo dục thể chất, Kỹ thuật vi mạch, Xử lý tín hiệu số, Truyền thông số, Toán cao cấp, Truyền thông quang, Triết học Mác-Lênin, Kỹ năng mềm, Tin học cơ bản, Tư tưởng Hồ Chí Minh, Mạng viễn thông, Hệ thống điện tử nhúng, Điện tử công suất, Môn tự chọn 1, Hệ thống nhúng nâng cao, Kỹ thuật radar, Điện tử số, Anten và sóng điện từ, Đo lường điện tử, Môn tự chọn 3, Hệ thống điều khiển tự động, Mạng không dây","Cyber Security, Phát triển ứng dụng di động, Game Development, DevOps"
SV10560,Trí tuệ nhân tạo và Học máy,8,"An ninh mạng cơ bản, Phát triển ứng dụng di động, Mạng máy tính, An toàn thông tin, Tư tưởng Hồ Chí Minh, Cyber Security nâng cao, Big Data và Hadoop, Giáo dục quốc phòng - An ninh, Tiếng Anh chuyên ngành, Tư duy logic và giải quyết vấn đề, Lập trình C/C++, Xác suất thống kê, Triết học Mác-Lênin, Thiết kế giao diện người dùng, Học sâu, Kỹ năng mềm, Toán cao cấp, Lập trình hướng đối tượng, Blockchain cơ bản, Hệ thống nhúng, Mật mã học, Lập trình Python, Phát triển game, DevOps và CI/CD, Lập trình Java, Internet of Things, Giải tích, Phân tích và thiết kế hệ thống, Kỹ thuật phần mềm nâng cao","Thiết kế UI/UX, Machine Learning"
SV10561,Y khoa,9.8,"Bệnh học nội khoa, Môn tự chọn 8, Y học dự phòng, Xác suất thống kê, Toán cao cấp, Hóa sinh y học, Giáo dục quốc phòng - An ninh, Sinh lý học, Môn tự chọn 9, Triết học Mác-Lênin, Giải tích, Bệnh học ngoại khoa, Môn tự chọn 5, Tư tưởng Hồ Chí Minh, Môn tự chọn 3, Môn tự chọn 6, Vi sinh y học, Dược lâm sàng, Dinh dưỡng học, Giáo dục thể chất, Môn tự chọn 7, Tiếng Anh chuyên ngành, Giải phẫu học, Dược lý học, Kỹ năng mềm, Miễn dịch học, Môn tự chọn 2, Tư duy logic và giải quyết vấn đề, Môn tự chọn 1, Tin học cơ bản, Bệnh học truyền nhiễm, Y học cổ truyền, Môn tự chọn 4, Dược lý lâm sàng","Làm video, Marketing số, Đọc sách, Vẽ tranh, Fintech"
SV10562,Báo chí,8.6,"Xử lý ngôn ngữ tự nhiên, Mạng máy tính, Mật mã học, Học sâu, An toàn thông tin, Lập trình Python, Lập trình C/C++, DevOps và CI/CD, An ninh mạng cơ bản, Thị giác máy tính, Tư tưởng Hồ Chí Minh, Giáo dục quốc phòng - An ninh","Phát triển web, Game Development, Thiết kế UI/UX"
SV10563,Công nghệ đa phương tiện,7.4,"Mật mã học, Lập trình Java, Hệ điều hành, Phát triển ứng dụng web, Cyber Security nâng cao, An toàn thông tin, Mạng máy tính, Tin học cơ bản, Hệ thống nhúng, Trí tuệ nhân tạo, Lập trình Python, Giáo dục quốc phòng - An ninh, Giải tích, Phát triển ứng dụng di động, Lập trình di động iOS/Android, Phát triển phần mềm doanh nghiệp, Xác suất thống kê, DevOps và CI/CD, Machine Learning với TensorFlow, Học máy, Kỹ năng mềm, Internet of Things, Tiếng Anh chuyên ngành, Lập trình C/C++, Big Data và Hadoop, Lập trình web nâng cao, Toán cao cấp, Cloud Computing - AWS/Azure, Kỹ thuật phần mềm nâng cao, Cơ sở dữ liệu, Thị giác máy tính","Phát triển ứng dụng di động, Big Data"
SV10564,Quản trị kinh doanh,8.9,"Triết học Mác-Lênin, Kế toán quản trị, Quản trị chiến lược, Marketing cơ bản, Quản trị kinh doanh, Quản trị nhân sự, Ngân hàng thương mại, Kinh tế lượng, Tin học cơ bản, Tư duy logic và giải quyết vấn đề, Logistics, Toán cao cấp, Kinh tế phát triển, Kinh tế quốc tế, Marketing số, Giải tích, Giáo dục quốc phòng - An ninh, Giáo dục thể chất, Tư tưởng Hồ Chí Minh, Tài chính quốc tế, Tiếng Anh chuyên ngành, Chuỗi cung ứng, Kế toán tài chính, Tài chính doanh nghiệp, Thương mại điện tử, Kinh tế vi mô, Kinh tế vĩ mô, Xác suất thống kê","Marketing số, Trí tuệ nhân tạo, Khởi nghiệp, Quản trị dự án"
SV10565,Y khoa,7.3,"Dược lâm sàng, Y học dự phòng, Giáo dục thể chất, Toán cao cấp, Môn tự chọn 8, Môn tự chọn 2, Môn tự chọn 6, Môn tự chọn 7, Môn tự chọn 9, Tiếng Anh chuyên ngành, Môn tự chọn 5, Dinh dưỡng học, Tư duy logic và giải quyết vấn đề, Triết học Mác-Lênin, Môn tự chọn 10, Môn tự chọn 11, Sinh lý học, Dược lý học, Giải phẫu học, Xác suất thống kê, Bệnh học truyền nhiễm, Dược lý lâm sàng, Bệnh học nội khoa, Vi sinh y học, Bệnh học ngoại khoa, Môn tự chọn 4, Tin học cơ bản, Tư tưởng Hồ Chí Minh, Miễn dịch học, Môn tự chọn 3, Giải tích, Y học cổ truyền, Hóa sinh y học, Giáo dục quốc phòng - An ninh, Kỹ năng mềm, Môn tự chọn 1","Đọc sách, Phát triển ứng dụng di động, Trí tuệ nhân tạo, Vẽ tranh, Phân tích dữ liệu"
SV10566,Thương mại điện tử,5.7,"Lập trình Python, DevOps và CI/CD, Phân tích và thiết kế hệ thống, Machine Learning với TensorFlow, Xử lý ngôn ngữ tự nhiên, Cơ sở dữ liệu, Blockchain cơ bản, Hệ thống phân tán, Kỹ năng mềm, Giải tích, Thiết kế giao diện người dùng, Lập trình web nâng cao, Cyber Security nâng cao, Cấu trúc dữ liệu và Giải thuật, Internet of Things, Cloud Computing - AWS/Azure, Phát triển phần mềm doanh nghiệp, Big Data và Hadoop, Tiếng Anh chuyên ngành, Học máy, Toán cao cấp, Phát triển ứng dụng web, Phát triển ứng dụng di động, An toàn thông tin, Lập trình C/C++, Kỹ thuật phần mềm nâng cao, Giáo dục thể chất, Trí tuệ nhân tạo, Thị giác máy tính, Kiểm thử phần mềm, Lập trình hướng đối tượng","Phát triển ứng dụng di động, Game Development, Internet of Things, Phát triển web"
SV10567,Kế toán,6.7,"Giáo dục thể chất, Kế toán tài chính, Marketing cơ bản, Quản trị nhân sự, Giáo dục quốc phòng - An ninh, Kế toán quản trị, Kinh tế vĩ mô, Kỹ năng mềm, Xác suất thống kê, Marketing số","Marketing số, Kinh doanh quốc tế, Khởi nghiệp"
SV10568,Kỹ thuật y sinh,5.8,"Giáo dục quốc phòng - An ninh, Môn tự chọn 2, Môn tự chọn 3, Tin học cơ bản, Kỹ thuật y sinh, Xác suất thống kê, Giáo dục thể chất, Triết học Mác-Lênin, Công nghệ nano y sinh, Kỹ thuật tế bào, Tiếng Anh chuyên ngành, Hình ảnh y khoa, Công nghệ sinh học ứng dụng, Kỹ thuật mô sinh học, Tư duy logic và giải quyết vấn đề, Sinh học phân tử, Môn tự chọn 4, Kỹ năng mềm, Giải tích, Công nghệ gen, Vật liệu sinh học, Tư tưởng Hồ Chí Minh, Môn tự chọn 1, Thiết bị y tế, Toán cao cấp",Phát triển ứng dụng di động
SV10569,Kế toán,7.3,"Tài chính quốc tế, Marketing cơ bản, Giáo dục thể chất, Toán cao cấp, Tài chính doanh nghiệp, Xác suất thống kê, Tư duy logic và giải quyết vấn đề, Tiếng Anh chuyên ngành, Quản trị chiến lược, Kế toán quản trị, Triết học Mác-Lênin, Kỹ năng mềm, Ngân hàng thương mại, Kinh tế vi mô, Kinh tế lượng, Tin học cơ bản, Thương mại điện tử, Kế toán tài chính, Chuỗi cung ứng, Kinh tế vĩ mô, Giải tích, Kinh tế quốc tế, Logistics, Giáo dục quốc phòng - An ninh, Quản trị kinh doanh, Kinh tế phát triển, Tư tưởng Hồ Chí Minh, Quản trị nhân sự","Bán hàng, Robot học, Kinh doanh quốc tế"
SV10570,Hệ thống thông tin,7.7,"Kỹ năng mềm, Toán cao cấp, Tiếng Anh chuyên ngành, Lập trình C/C++, Trí tuệ nhân tạo, Tư duy logic và giải quyết vấn đề, Phân tích và thiết kế hệ thống, Hệ thống phân tán, Học sâu, Xử lý ngôn ngữ tự nhiên, Blockchain cơ bản, Mật mã học, Giáo dục quốc phòng - An ninh, Cyber Security nâng cao, Hệ điều hành, Thiết kế giao diện người dùng, An ninh mạng cơ bản, Quản lý dự án CNTT, Xác suất thống kê, Lập trình di động iOS/Android, Cơ sở dữ liệu, Internet of Things, Cấu trúc dữ liệu và Giải thuật, Triết học Mác-Lênin, Giải tích, Big Data và Hadoop, Lập trình web nâng cao, Phát triển phần mềm doanh nghiệp, Tư tưởng Hồ Chí Minh, Phát triển ứng dụng di động, Lập trình Python, Giáo dục thể chất, Kỹ thuật phần mềm nâng cao, Lập trình hướng đối tượng, Hệ thống nhúng, Thị giác máy tính","DevOps, Phát triển ứng dụng di động"
SV10571,Kinh tế số,9.4,"Tư duy logic và giải quyết vấn đề, Kinh tế quốc tế, Chuỗi cung ứng, Kinh tế vĩ mô, Kinh tế phát triển, Quản trị nhân sự, Kinh tế lượng, Marketing cơ bản, Quản trị kinh doanh, Ngân hàng thương mại, Toán cao cấp, Quản trị chiến lược, Tiếng Anh chuyên ngành, Kỹ năng mềm, Giải tích, Logistics, Giáo dục thể chất, Tư tưởng Hồ Chí Minh, Kinh tế vi mô","Quản trị dự án, Marketing số, Thương mại điện tử"
SV10572,Quản trị khách sạn,8,"Tư tưởng Hồ Chí Minh, Tư duy logic và giải quyết vấn đề, Triết học Mác-Lênin, Toán cao cấp, Tài chính quốc tế, Kinh tế vi mô, Tài chính doanh nghiệp, Kinh tế phát triển, Xác suất thống kê, Ngân hàng thương mại, Kinh tế lượng, Thương mại điện tử, Tin học cơ bản","Bán hàng, Kinh doanh quốc tế"
SV10573,Thiết kế thời trang,7.5,"Môn tự chọn 1, Triết học Mác-Lênin, Tiếng Anh chuyên ngành, Giáo dục quốc phòng - An ninh, Giáo dục thể chất, Tư tưởng Hồ Chí Minh, Tư duy logic và giải quyết vấn đề, Giải tích, Toán cao cấp, Kỹ năng mềm, Xác suất thống kê, Tin học cơ bản, Môn tự chọn 2","Âm nhạc, Thơ ca, Vẽ tranh, Học ngoại ngữ"
SV10574,Quản trị kinh doanh,8.5,"Tư tưởng Hồ Chí Minh, Giáo dục thể chất, Chuỗi cung ứng, Tiếng Anh chuyên ngành, Tin học cơ bản, Quản trị nhân sự, Kinh tế lượng, Ngân hàng thương mại, Tài chính doanh nghiệp, Quản trị chiến lược, Kinh tế quốc tế","Fintech, Thương mại điện tử, Đầu tư, Marketing số, Bán hàng"
SV10575,Kiến trúc,5.5,"Vật liệu xây dựng, Quản lý dự án xây dựng, Môn tự chọn 1, Toán cao cấp, Xác suất thống kê, Giải tích, Môn tự chọn 9, Công trình ngầm, Môn tự chọn 3, Kiến trúc cảnh quan, Môn tự chọn 5, Cơ sở hạ tầng đô thị, Kết cấu bê tông cốt thép, Triết học Mác-Lênin, Môn tự chọn 4, Kết cấu thép, Kỹ thuật địa kỹ thuật, Môn tự chọn 6, Môn tự chọn 2, Kỹ thuật xây dựng, Thiết kế đô thị, Giáo dục quốc phòng - An ninh, Kỹ năng mềm, Tư duy logic và giải quyết vấn đề, Môn tự chọn 8, Thiết kế kiến trúc nội thất, Tư tưởng Hồ Chí Minh, Cầu và đường, Môn tự chọn 7, Tin học cơ bản, Tiếng Anh chuyên ngành, Giáo dục thể chất","Phát triển web, Phân tích dữ liệu"
SV10576,Du lịch,7.9,"Mạng máy tính, Hệ thống phân tán, Cloud Computing - AWS/Azure, Tiếng Anh chuyên ngành, Cyber Security nâng cao, Lập trình hướng đối tượng, Phát triển ứng dụng di động, Lập trình di động iOS/Android, Giải tích, Trí tuệ nhân tạo, Hệ thống nhúng, Lập trình Python, Lập trình web nâng cao, Kỹ năng mềm, Toán cao cấp, Tư tưởng Hồ Chí Minh, Phát triển ứng dụng web, Cấu trúc dữ liệu và Giải thuật, An toàn thông tin, Hệ điều hành, Thị giác máy tính, Học sâu, Mật mã học, Kỹ thuật phần mềm nâng cao, Phát triển game, Giáo dục quốc phòng - An ninh, Machine Learning với TensorFlow, Cơ sở dữ liệu, Xử lý ngôn ngữ tự nhiên, Lập trình C/C++, Internet of Things, Xác suất thống kê, Quản lý dự án CNTT","Internet of Things, Phân tích dữ liệu, Big Data, Cyber Security"
SV10577,Blockchain và Tiền mã hóa,8.5,"Internet of Things, Giải tích, Hệ thống phân tán, Học máy, Trí tuệ nhân tạo, Tiếng Anh chuyên ngành, Thiết kế giao diện người dùng, Cơ sở dữ liệu, Thị giác máy tính, Phát triển game, Lập trình di động iOS/Android, Lập trình C/C++, Phân tích và thiết kế hệ thống, Phát triển ứng dụng di động","Robot học, Phát triển ứng dụng di động, Trí tuệ nhân tạo"
SV10578,Marketing,6.2,"Tư duy logic và giải quyết vấn đề, Kinh tế lượng, Kinh tế vĩ mô, Kế toán tài chính, Kinh tế vi mô, Quản trị kinh doanh, Tiếng Anh chuyên ngành, Kế toán quản trị, Kinh tế phát triển, Triết học Mác-Lênin, Giải tích, Tài chính doanh nghiệp, Thương mại điện tử, Marketing số, Toán cao cấp","Marketing số, Kinh doanh quốc tế, Bán hàng, Fintech"
SV10579,Điều dưỡng,8.8,"Bệnh học ngoại khoa, Hóa sinh y học, Kỹ năng mềm, Dược lý học, Y học dự phòng, Toán cao cấp, Tin học cơ bản, Giải phẫu học, Giải tích, Y học cổ truyền, Bệnh học nội khoa, Xác suất thống kê, Dược lý lâm sàng, Tư duy logic và giải quyết vấn đề, Vi sinh y học, Môn tự chọn 1, Dược lâm sàng, Giáo dục thể chất, Bệnh học truyền nhiễm, Sinh lý học, Giáo dục quốc phòng - An ninh, Miễn dịch học, Tiếng Anh chuyên ngành, Triết học Mác-Lênin, Tư tưởng Hồ Chí Minh, Dinh dưỡng học","Thương mại điện tử, Đọc sách, Khiêu vũ, Ẩm thực"
SV10580,Logistics và Quản lý chuỗi cung ứng,8,"An ninh mạng cơ bản, Giải tích, Lập trình Java, Cloud Computing - AWS/Azure, Hệ thống nhúng, Phát triển ứng dụng web, Kỹ năng mềm, Tư tưởng Hồ Chí Minh, Giáo dục quốc phòng - An ninh, Tư duy logic và giải quyết vấn đề, Phân tích và thiết kế hệ thống, Kỹ thuật phần mềm nâng cao, DevOps và CI/CD, Lập trình Python, Toán cao cấp, Trí tuệ nhân tạo, Hệ thống phân tán, Internet of Things, Cấu trúc dữ liệu và Giải thuật, Lập trình hướng đối tượng, Quản lý dự án CNTT, Mạng máy tính, Phát triển game, Xác suất thống kê, Thiết kế giao diện người dùng, Giáo dục thể chất, Machine Learning với TensorFlow, Blockchain cơ bản, Tiếng Anh chuyên ngành, Cyber Security nâng cao, An toàn thông tin, Học máy","Trí tuệ nhân tạo, Thiết kế UI/UX, Machine Learning"
SV10581,Kinh tế số,7.3,"Tin học cơ bản, Kinh tế lượng, Quản trị nhân sự, Kinh tế phát triển, Kỹ năng mềm, Kinh tế vi mô, Kế toán tài chính, Logistics, Kế toán quản trị, Giáo dục quốc phòng - An ninh, Giải tích, Marketing số, Marketing cơ bản, Kinh tế quốc tế, Ngân hàng thương mại, Tài chính doanh nghiệp, Giáo dục thể chất, Quản trị kinh doanh, Tài chính quốc tế, Tư duy logic và giải quyết vấn đề, Triết học Mác-Lênin, Tiếng Anh chuyên ngành, Thương mại điện tử, Chuỗi cung ứng, Quản trị chiến lược, Xác suất thống kê","Quản trị dự án, Khởi nghiệp, Thương mại điện tử"
SV10582,Thiết kế đồ họa,8.3,"Môn tự chọn 5, Môn tự chọn 4, Môn tự chọn 28, Môn tự chọn 3, Giáo dục thể chất, Môn tự chọn 22, Môn tự chọn 17, Môn tự chọn 6, Môn tự chọn 19, Tư duy logic và giải quyết vấn đề, Giáo dục quốc phòng - An ninh, Môn tự chọn 10, Môn tự chọn 14, Tư tưởng Hồ Chí Minh, Tin học cơ bản, Môn tự chọn 27, Kỹ năng mềm, Môn tự chọn 11, Môn tự chọn 18, Môn tự chọn 25, Môn tự chọn 20, Môn tự chọn 13, Môn tự chọn 24, Giải tích, Môn tự chọn 9, Môn tự chọn 8, Xác suất thống kê, Môn tự chọn 23, Môn tự chọn 7, Môn tự chọn 12, Triết học Mác-Lênin, Tiếng Anh chuyên ngành, Môn tự chọn 15, Môn tự chọn 2, Môn tự chọn 26, Toán cao cấp, Môn tự chọn 1, Môn tự chọn 16, Môn tự chọn 21","Nhiếp ảnh, Vẽ tranh"
SV10583,Công nghệ đa phương tiện,10,"Học sâu, Giáo dục thể chất, Tư tưởng Hồ Chí Minh, Giải tích, Blockchain cơ bản, Học máy, DevOps và CI/CD, Thị giác máy tính, Tin học cơ bản, Big Data và Hadoop, Kỹ thuật phần mềm nâng cao, Phát triển ứng dụng di động, Mật mã học, Xác suất thống kê, Lập trình Java, Cấu trúc dữ liệu và Giải thuật, Cloud Computing - AWS/Azure, Hệ thống nhúng, Giáo dục quốc phòng - An ninh, Toán cao cấp, Xử lý ngôn ngữ tự nhiên, Hệ điều hành, Lập trình hướng đối tượng, Kỹ năng mềm, Cyber Security nâng cao, Phát triển ứng dụng web, Phát triển phần mềm doanh nghiệp, Trí tuệ nhân tạo, An ninh mạng cơ bản, Phát triển game","Machine Learning, Robot học, Game Development, Phát triển ứng dụng di động"
SV10584,Thiết kế thời trang,7.9,"Tư tưởng Hồ Chí Minh, Xác suất thống kê, Môn tự chọn 1, Môn tự chọn 14, Môn tự chọn 4, Môn tự chọn 15, Môn tự chọn 16, Môn tự chọn 21, Môn tự chọn 19, Giải tích, Môn tự chọn 2, Môn tự chọn 12, Môn tự chọn 18, Môn tự chọn 7, Tin học cơ bản, Môn tự chọn 5, Môn tự chọn 10, Toán cao cấp, Giáo dục thể chất, Môn tự chọn 8, Môn tự chọn 9, Tư duy logic và giải quyết vấn đề, Tiếng Anh chuyên ngành, Môn tự chọn 17, Triết học Mác-Lênin, Giáo dục quốc phòng - An ninh, Môn tự chọn 20, Môn tự chọn 3, Môn tự chọn 6, Môn tự chọn 13, Môn tự chọn 11, Kỹ năng mềm",Vẽ tranh
SV10585,An ninh mạng,7.9,"Phát triển phần mềm doanh nghiệp, Tin học cơ bản, Hệ thống nhúng, Blockchain cơ bản, Lập trình di động iOS/Android, Internet of Things, Tiếng Anh chuyên ngành, Học sâu, Xử lý ngôn ngữ tự nhiên, Trí tuệ nhân tạo, Tư tưởng Hồ Chí Minh, Giáo dục quốc phòng - An ninh, An ninh mạng cơ bản, Phát triển game, Mạng máy tính, Lập trình web nâng cao, Giáo dục thể chất, Kỹ năng mềm, Cloud Computing - AWS/Azure, Kỹ thuật phần mềm nâng cao, DevOps và CI/CD, Toán cao cấp, Phân tích và thiết kế hệ thống, Lập trình C/C++, Tư duy logic và giải quyết vấn đề, Lập trình hướng đối tượng, Lập trình Java, Học máy, Phát triển ứng dụng web, Cyber Security nâng cao, Machine Learning với TensorFlow","Phát triển ứng dụng di động, Phát triển web, Cyber Security"
SV10586,Tài chính - Ngân hàng,7.2,"Tài chính quốc tế, Kinh tế vĩ mô, Chuỗi cung ứng, Kế toán quản trị, Logistics, Kế toán tài chính, Marketing số, Kỹ năng mềm, Marketing cơ bản, Tin học cơ bản, Giáo dục thể chất, Quản trị nhân sự, Thương mại điện tử","Fintech, Khởi nghiệp, Marketing số"
SV10587,Răng - Hàm - Mặt,6.9,"Hóa sinh y học, Vi sinh y học, Y học dự phòng, Triết học Mác-Lênin, Y học cổ truyền, Bệnh học ngoại khoa, Tin học cơ bản, Miễn dịch học, Giáo dục quốc phòng - An ninh, Tiếng Anh chuyên ngành, Tư duy logic và giải quyết vấn đề, Dược lâm sàng, Dinh dưỡng học, Giải tích, Dược lý lâm sàng, Giáo dục thể chất, Xác suất thống kê, Sinh lý học","Quản trị dự án, Thương mại điện tử, Internet of Things, Robot học, Fintech"
SV10588,Thương mại điện tử,8.5,"Lập trình C/C++, Triết học Mác-Lênin, Học sâu, Kỹ thuật phần mềm nâng cao, Giải tích, Cloud Computing - AWS/Azure, Cấu trúc dữ liệu và Giải thuật, Xác suất thống kê, Kỹ năng mềm, Giáo dục thể chất, Mật mã học, Toán cao cấp, Phát triển game, Lập trình di động iOS/Android, Phát triển ứng dụng di động, Học máy, Phân tích và thiết kế hệ thống, Hệ điều hành, Quản lý dự án CNTT, Big Data và Hadoop, Tiếng Anh chuyên ngành, Trí tuệ nhân tạo, Lập trình Java, Thị giác máy tính, Tư tưởng Hồ Chí Minh, Lập trình Python, Cyber Security nâng cao, Blockchain cơ bản, Tin học cơ bản, Machine Learning với TensorFlow, Phát triển phần mềm doanh nghiệp, An ninh mạng cơ bản","Internet of Things, Phát triển ứng dụng di động, Khoa học dữ liệu"
SV10589,Y khoa,6.8,"Xác suất thống kê, Giải phẫu học, Hóa sinh y học, Toán cao cấp, Giáo dục quốc phòng - An ninh, Dược lâm sàng, Dược lý lâm sàng, Miễn dịch học, Tư tưởng Hồ Chí Minh, Dược lý học, Tin học cơ bản, Tiếng Anh chuyên ngành, Giải tích, Tư duy logic và giải quyết vấn đề, Bệnh học nội khoa, Bệnh học truyền nhiễm, Bệnh học ngoại khoa, Giáo dục thể chất, Y học cổ truyền, Kỹ năng mềm, Vi sinh y học, Sinh lý học, Y học dự phòng",Vẽ tranh
SV10590,Thiết kế đồ họa,7.8,"Giải tích, Tin học cơ bản, Toán cao cấp, Môn tự chọn 9, Môn tự chọn 3, Triết học Mác-Lênin, Môn tự chọn 10, Tư tưởng Hồ Chí Minh, Môn tự chọn 8, Giáo dục quốc phòng - An ninh, Xác suất thống kê, Giáo dục thể chất, Môn tự chọn 11, Tư duy logic và giải quyết vấn đề, Môn tự chọn 7, Tiếng Anh chuyên ngành, Kỹ năng mềm, Môn tự chọn 13, Môn tự chọn 2, Môn tự chọn 6, Môn tự chọn 1, Môn tự chọn 4, Môn tự chọn 5, Môn tự chọn 12","Đọc sách, Yoga, Ẩm thực, Thơ ca, Âm nhạc"
SV10591,Logistics và Quản lý chuỗi cung ứng,7.2,"Hệ điều hành, Tư tưởng Hồ Chí Minh, Hệ thống nhúng, Phát triển game, Thị giác máy tính, Lập trình web nâng cao, DevOps và CI/CD, Kỹ năng mềm, Lập trình Java, Phát triển phần mềm doanh nghiệp, Tin học cơ bản, Internet of Things, Quản lý dự án CNTT, Cấu trúc dữ liệu và Giải thuật, Trí tuệ nhân tạo, Lập trình Python, Học máy, Lập trình C/C++, Cloud Computing - AWS/Azure, Tiếng Anh chuyên ngành, Phân tích và thiết kế hệ thống, Triết học Mác-Lênin, Phát triển ứng dụng web, Machine Learning với TensorFlow, Tư duy logic và giải quyết vấn đề, Blockchain cơ bản, An ninh mạng cơ bản, Mạng máy tính, An toàn thông tin, Lập trình di động iOS/Android, Xử lý ngôn ngữ tự nhiên","Game Development, Machine Learning, Khoa học dữ liệu, Diễn thuyết"
SV10592,Trí tuệ nhân tạo và Học máy,8.2,"DevOps và CI/CD, Học máy, Hệ điều hành, Giải tích, Giáo dục thể chất, Thiết kế giao diện người dùng, Toán cao cấp, Lập trình hướng đối tượng, Tư tưởng Hồ Chí Minh, Tiếng Anh chuyên ngành, Xử lý ngôn ngữ tự nhiên, Phát triển phần mềm doanh nghiệp, Lập trình C/C++, Hệ thống nhúng, Phát triển ứng dụng web, Lập trình di động iOS/Android, Tin học cơ bản, Cấu trúc dữ liệu và Giải thuật, Học sâu","Cloud Computing, Phát triển ứng dụng di động"
SV10593,Kỹ thuật điện tử - Viễn thông,8,"Điện tử số, Xác suất thống kê, Môn tự chọn 2, Xử lý tín hiệu số, Anten và sóng điện từ, Truyền thông quang, Đo lường điện tử, Hệ thống điều khiển tự động, Môn tự chọn 1, Tin học cơ bản, Kỹ năng mềm, Tư duy logic và giải quyết vấn đề, Giáo dục thể chất, Truyền thông vô tuyến, Điện tử công suất, Toán cao cấp, Điện tử năng lượng, Hệ thống nhúng nâng cao, Giải tích, Điện tử viễn thông, Giáo dục quốc phòng - An ninh, Hệ thống điện tử nhúng, Kỹ thuật radar, Truyền thông số, Mạng không dây, Tư tưởng Hồ Chí Minh, Mạng viễn thông, Tiếng Anh chuyên ngành, Điện tử cơ bản, Triết học Mác-Lênin, Kỹ thuật vi mạch","Internet of Things, Cloud Computing, DevOps"
SV10594,Khoa học máy tính,8.7,"Thị giác máy tính, Giáo dục quốc phòng - An ninh, Machine Learning với TensorFlow, Lập trình web nâng cao, Hệ thống phân tán, Mạng máy tính, Kỹ thuật phần mềm nâng cao, Giáo dục thể chất, Tư tưởng Hồ Chí Minh, Hệ điều hành, Phát triển ứng dụng web, Tư duy logic và giải quyết vấn đề, Lập trình di động iOS/Android, Mật mã học, Quản lý dự án CNTT, Toán cao cấp, Phát triển game, Trí tuệ nhân tạo, Lập trình Java, Xử lý ngôn ngữ tự nhiên, An toàn thông tin, Triết học Mác-Lênin, Cyber Security nâng cao, Cloud Computing - AWS/Azure, Kỹ năng mềm, DevOps và CI/CD","Lập trình, Thiết kế UI/UX, Khoa học dữ liệu, Phát triển web, Machine Learning"
SV10595,Khoa học máy tính,7.2,"Phát triển ứng dụng web, Tiếng Anh chuyên ngành, Hệ điều hành, Lập trình Python, Giáo dục quốc phòng - An ninh, Phân tích và thiết kế hệ thống, Hệ thống nhúng, Xác suất thống kê, Blockchain cơ bản, DevOps và CI/CD, Lập trình di động iOS/Android, Triết học Mác-Lênin, Tin học cơ bản, Tư tưởng Hồ Chí Minh, Trí tuệ nhân tạo, Mạng máy tính, Cloud Computing - AWS/Azure, Xử lý ngôn ngữ tự nhiên, Phát triển ứng dụng di động, Machine Learning với TensorFlow, Thị giác máy tính, Học máy, Cơ sở dữ liệu, Cấu trúc dữ liệu và Giải thuật, Học sâu, Quản lý dự án CNTT, Lập trình hướng đối tượng, Mật mã học, An ninh mạng cơ bản, Internet of Things, Phát triển game, Kỹ năng mềm, Hệ thống phân tán, Lập trình C/C++, Lập trình Java, Kỹ thuật phần mềm nâng cao, Phát triển phần mềm doanh nghiệp, Tư duy logic và giải quyết vấn đề, Cyber Security nâng cao",Cloud Computing
SV10596,An ninh mạng,7.4,"Machine Learning với TensorFlow, Kiểm thử phần mềm, Mạng máy tính, Lập trình Java, Quản lý dự án CNTT, Thị giác máy tính, Học sâu, DevOps và CI/CD, Blockchain cơ bản, Lập trình web nâng cao, Xử lý ngôn ngữ tự nhiên, Xác suất thống kê, Hệ điều hành, Giáo dục thể chất, Thiết kế giao diện người dùng, Lập trình C/C++, An ninh mạng cơ bản, Cấu trúc dữ liệu và Giải thuật, Giải tích, Tư tưởng Hồ Chí Minh, Phát triển phần mềm doanh nghiệp, Giáo dục quốc phòng - An ninh, Hệ thống nhúng, Học máy, Lập trình Python, Triết học Mác-Lênin, Phát triển ứng dụng di động, Big Data và Hadoop, Cloud Computing - AWS/Azure, Kỹ năng mềm, Internet of Things, Tiếng Anh chuyên ngành, Cơ sở dữ liệu, Hệ thống phân tán, An toàn thông tin, Phát triển game",Khoa học dữ liệu
SV10597,Răng - Hàm - Mặt,6.7,"Giáo dục quốc phòng - An ninh, Tin học cơ bản, Miễn dịch học, Tư tưởng Hồ Chí Minh, Dược lâm sàng, Bệnh học nội khoa, Tiếng Anh chuyên ngành, Giải phẫu học, Hóa sinh y học, Dược lý học, Tư duy logic và giải quyết vấn đề, Sinh lý học, Toán cao cấp, Bệnh học ngoại khoa, Dinh dưỡng học, Vi sinh y học, Y học cổ truyền, Giải tích","Khởi nghiệp, Game Development, Thiết kế UI/UX, Làm video, Đầu tư"
SV10598,Kỹ thuật điện tử - Viễn thông,7.3,"Truyền thông quang, Toán cao cấp, Mạng viễn thông, Kỹ thuật vi mạch, Đo lường điện tử, Điện tử số, Truyền thông số, Giáo dục quốc phòng - An ninh, Tư tưởng Hồ Chí Minh, Triết học Mác-Lênin, Xác suất thống kê, Hệ thống điện tử nhúng, Hệ thống nhúng nâng cao, Kỹ năng mềm, Giáo dục thể chất, Kỹ thuật radar, Truyền thông vô tuyến, Xử lý tín hiệu số","Làm video, Internet of Things"
SV10599,Kỹ thuật môi trường,8.1,"Hóa phân tích môi trường, Môn tự chọn 8, Môn tự chọn 5, Kỹ thuật nhiệt hóa học, Giáo dục quốc phòng - An ninh, Xử lý nước thải, Tiếng Anh chuyên ngành, Môn tự chọn 2, Giáo dục thể chất, Toán cao cấp, Môn tự chọn 6, Môn tự chọn 3, Kỹ thuật môi trường, Kỹ thuật phản ứng hóa học, Tư duy logic và giải quyết vấn đề, Xác suất thống kê, Hóa học công nghiệp, Môn tự chọn 11, Giải tích, Môn tự chọn 10, Môn tự chọn 12, Triết học Mác-Lênin, Công nghệ xử lý nước, Kỹ thuật polymer, Tư tưởng Hồ Chí Minh, Kỹ năng mềm, Môn tự chọn 13, Tin học cơ bản, Kỹ thuật hóa học, Xử lý chất thải rắn, Môn tự chọn 1, Môn tự chọn 4, Môn tự chọn 7, Ô nhiễm không khí, Môn tự chọn 9","Thiết kế UI/UX, Phát triển web, Phân tích dữ liệu, Internet of Things, Khoa học dữ liệu"
SV10600,Thương mại điện tử,8.5,"Cloud Computing - AWS/Azure, Hệ thống phân tán, Mạng máy tính, Học máy, Phát triển phần mềm doanh nghiệp, Phát triển ứng dụng web, Machine Learning với TensorFlow, Lập trình Python, Cơ sở dữ liệu, An ninh mạng cơ bản, Cấu trúc dữ liệu và Giải thuật, Quản lý dự án CNTT, Big Data và Hadoop, Triết học Mác-Lênin, Tư tưởng Hồ Chí Minh, Tin học cơ bản, Hệ thống nhúng, An toàn thông tin, Thiết kế giao diện người dùng, Phân tích và thiết kế hệ thống, Internet of Things, Lập trình di động iOS/Android, Lập trình web nâng cao, Lập trình Java, Tiếng Anh chuyên ngành, Tư duy logic và giải quyết vấn đề, Mật mã học, Cyber Security nâng cao, Hệ điều hành, Phát triển ứng dụng di động","Internet of Things, Blockchain, Phát triển ứng dụng di động"
SV10601,Quan hệ quốc tế,6.8,"Tư duy logic và giải quyết vấn đề, Quản lý dự án CNTT, Lập trình Java, Cấu trúc dữ liệu và Giải thuật, Cơ sở dữ liệu, Internet of Things, Giáo dục quốc phòng - An ninh, DevOps và CI/CD, Hệ điều hành, Lập trình di động iOS/Android, Xử lý ngôn ngữ tự nhiên, Kỹ thuật phần mềm nâng cao, An toàn thông tin, Giải tích, Blockchain cơ bản, Lập trình web nâng cao, Giáo dục thể chất, Tin học cơ bản, Phát triển ứng dụng web, Phân tích và thiết kế hệ thống, Xác suất thống kê, Kiểm thử phần mềm, Hệ thống nhúng, Thiết kế giao diện người dùng, Tiếng Anh chuyên ngành, Kỹ năng mềm, Lập trình Python, Lập trình hướng đối tượng, Triết học Mác-Lênin, Mật mã học, Phát triển ứng dụng di động, Toán cao cấp, Cloud Computing - AWS/Azure, Trí tuệ nhân tạo","Game Development, Trí tuệ nhân tạo, Big Data, Blockchain"
SV10602,Kiến trúc,8.6,"Giáo dục thể chất, Môn tự chọn 9, Thiết kế kiến trúc nội thất, Môn tự chọn 12, Môn tự chọn 7, Môn tự chọn 8, Kết cấu thép, Môn tự chọn 10, Triết học Mác-Lênin, Môn tự chọn 3, Môn tự chọn 2, Thiết kế đô thị, Tin học cơ bản, Tư duy logic và giải quyết vấn đề, Tư tưởng Hồ Chí Minh, Công trình ngầm, Môn tự chọn 14, Giải tích, Môn tự chọn 13, Cầu và đường, Giáo dục quốc phòng - An ninh, Kỹ thuật xây dựng, Môn tự chọn 6, Cơ sở hạ tầng đô thị, Tiếng Anh chuyên ngành, Môn tự chọn 15, Quản lý dự án xây dựng, Kỹ thuật địa kỹ thuật, Môn tự chọn 4, Kiến trúc cảnh quan, Môn tự chọn 1, Kết cấu bê tông cốt thép, Kỹ năng mềm, Vật liệu xây dựng, Xác suất thống kê, Toán cao cấp, Môn tự chọn 5, Môn tự chọn 11","Robot học, Game Development, Machine Learning, Blockchain"
SV10603,Sư phạm Toán,9.1,"Toán rời rạc, Tư tưởng Hồ Chí Minh, Hình học giải tích, Môn tự chọn 12, Toán cao cấp, Tư duy logic và giải quyết vấn đề, Môn tự chọn 10, Môn tự chọn 18, Giáo dục thể chất, Môn tự chọn 19, Môn tự chọn 14, Môn tự chọn 11, Môn tự chọn 13, Tiếng Anh chuyên ngành, Lý thuyết số, Môn tự chọn 5, Giải tích, Kỹ năng mềm, Môn tự chọn 17, Môn tự chọn 2, Môn tự chọn 8, Bài tập toán nâng cao, Môn tự chọn 16, Môn tự chọn 1, Tin học cơ bản, Môn tự chọn 4, Toán học sơ cấp, Môn tự chọn 15, Giáo dục quốc phòng - An ninh, Môn tự chọn 9, Xác suất thống kê, Đại số tuyến tính, Môn tự chọn 6, Dạy học toán phổ thông, Phương pháp giảng dạy Toán, Môn tự chọn 3, Triết học Mác-Lênin, Môn tự chọn 7, Toán học ứng dụng","Đọc sách, Diễn thuyết, Học ngoại ngữ"
SV10604,Công nghệ sinh học,8.1,"Kỹ thuật y sinh, Môn tự chọn 7, Môn tự chọn 9, Tin học cơ bản, Giáo dục quốc phòng - An ninh, Giải tích, Kỹ thuật mô sinh học, Công nghệ sinh học ứng dụng, Môn tự chọn 11, Tư tưởng Hồ Chí Minh, Công nghệ gen, Môn tự chọn 17, Toán cao cấp, Vật liệu sinh học, Triết học Mác-Lênin, Môn tự chọn 13, Hình ảnh y khoa, Môn tự chọn 3, Kỹ thuật tế bào, Tiếng Anh chuyên ngành, Môn tự chọn 2, Môn tự chọn 14, Môn tự chọn 1, Sinh học phân tử, Xác suất thống kê, Kỹ năng mềm, Môn tự chọn 16, Môn tự chọn 6, Môn tự chọn 4, Tư duy logic và giải quyết vấn đề, Môn tự chọn 15, Môn tự chọn 8, Công nghệ nano y sinh, Môn tự chọn 5, Thiết bị y tế, Giáo dục thể chất, Môn tự chọn 12, Môn tự chọn 10","Thiết kế UI/UX, Game Development"
SV10605,Báo chí,9.6,"Kỹ thuật phần mềm nâng cao, Học sâu, Xử lý ngôn ngữ tự nhiên, An toàn thông tin, Mật mã học, Mạng máy tính, Lập trình hướng đối tượng, Lập trình web nâng cao, Hệ thống phân tán, Trí tuệ nhân tạo, Toán cao cấp, Big Data và Hadoop, Giáo dục thể chất, Thiết kế giao diện người dùng, Phát triển ứng dụng di động, Kỹ năng mềm, Hệ thống nhúng, Lập trình di động iOS/Android, Machine Learning với TensorFlow, Lập trình Python, Phát triển ứng dụng web, Internet of Things, Blockchain cơ bản, Phát triển game, Kiểm thử phần mềm, Tin học cơ bản, Học máy, Quản lý dự án CNTT, Tư tưởng Hồ Chí Minh, Giáo dục quốc phòng - An ninh, Triết học Mác-Lênin, Hệ điều hành, Lập trình C/C++, Lập trình Java","Cyber Security, Blockchain, Big Data, Trí tuệ nhân tạo"
SV10606,Công nghệ đa phương tiện,6.9,"Lập trình C/C++, Phân tích và thiết kế hệ thống, Machine Learning với TensorFlow, Xử lý ngôn ngữ tự nhiên, Kỹ thuật phần mềm nâng cao, Lập trình Python, Thiết kế giao diện người dùng, An ninh mạng cơ bản, Cyber Security nâng cao, Xác suất thống kê, Phát triển ứng dụng di động, Cloud Computing - AWS/Azure, Phát triển ứng dụng web, Giải tích, Thị giác máy tính","Phân tích dữ liệu, Internet of Things"
SV10607,Luật,6.5,"Blockchain cơ bản, Mật mã học, Xác suất thống kê, Kiểm thử phần mềm, Học sâu, Machine Learning với TensorFlow, Xử lý ngôn ngữ tự nhiên, Phát triển ứng dụng di động, Giải tích, Thị giác máy tính, Phát triển game, Lập trình web nâng cao, Phát triển phần mềm doanh nghiệp, Lập trình hướng đối tượng, Giáo dục quốc phòng - An ninh, An ninh mạng cơ bản, Hệ thống nhúng, Toán cao cấp, Quản lý dự án CNTT, Lập trình Python, Lập trình Java","Phân tích dữ liệu, Robot học, Lập trình, Cloud Computing, Internet of Things"
SV10608,Răng - Hàm - Mặt,5.9,"Bệnh học ngoại khoa, Miễn dịch học, Môn tự chọn 7, Dược lý học, Sinh lý học, Bệnh học nội khoa, Môn tự chọn 2, Toán cao cấp, Môn tự chọn 5, Môn tự chọn 9, Bệnh học truyền nhiễm, Tiếng Anh chuyên ngành, Giáo dục thể chất, Giải phẫu học, Tư tưởng Hồ Chí Minh, Giải tích, Hóa sinh y học, Môn tự chọn 11, Giáo dục quốc phòng - An ninh, Môn tự chọn 3, Dược lâm sàng, Vi sinh y học, Xác suất thống kê, Môn tự chọn 6, Môn tự chọn 4, Dược lý lâm sàng, Tư duy logic và giải quyết vấn đề, Môn tự chọn 8, Kỹ năng mềm, Môn tự chọn 10, Tin học cơ bản, Y học dự phòng, Dinh dưỡng học, Triết học Mác-Lênin, Môn tự chọn 1, Y học cổ truyền","Kể chuyện, Cloud Computing, Thơ ca"
SV10609,An ninh mạng,9.2,"Cấu trúc dữ liệu và Giải thuật, Trí tuệ nhân tạo, Xử lý ngôn ngữ tự nhiên, Quản lý dự án CNTT, Internet of Things, Xác suất thống kê, Cyber Security nâng cao, Lập trình Java, Phân tích và thiết kế hệ thống, Hệ thống nhúng, Học máy, Giải tích, Giáo dục thể chất, Triết học Mác-Lênin, An ninh mạng cơ bản, Phát triển phần mềm doanh nghiệp, Thị giác máy tính, Hệ điều hành","Phân tích dữ liệu, Khoa học dữ liệu, DevOps, Machine Learning"
SV10610,Điều dưỡng,8.4,"Hóa sinh y học, Bệnh học nội khoa, Dinh dưỡng học, Kỹ năng mềm, Môn tự chọn 9, Xác suất thống kê, Tiếng Anh chuyên ngành, Giải phẫu học, Tư duy logic và giải quyết vấn đề, Môn tự chọn 12, Môn tự chọn 6, Môn tự chọn 3, Môn tự chọn 8, Y học cổ truyền, Y học dự phòng, Giải tích, Tư tưởng Hồ Chí Minh, Môn tự chọn 11, Môn tự chọn 2, Giáo dục quốc phòng - An ninh, Bệnh học ngoại khoa, Triết học Mác-Lênin, Môn tự chọn 15, Miễn dịch học, Dược lý lâm sàng, Tin học cơ bản, Môn tự chọn 5, Môn tự chọn 4, Môn tự chọn 14, Dược lý học, Giáo dục thể chất, Sinh lý học, Môn tự chọn 1, Dược lâm sàng, Vi sinh y học, Bệnh học truyền nhiễm, Môn tự chọn 10, Môn tự chọn 7, Môn tự chọn 13, Toán cao cấp","Kinh doanh quốc tế, Thơ ca"
SV10611,Kỹ thuật hóa học,7.6,"Ô nhiễm không khí, Môn tự chọn 5, Tiếng Anh chuyên ngành, Môn tự chọn 3, Môn tự chọn 1, Kỹ thuật phản ứng hóa học, Giáo dục quốc phòng - An ninh, Triết học Mác-Lênin, Tư tưởng Hồ Chí Minh, Tư duy logic và giải quyết vấn đề, Kỹ năng mềm, Kỹ thuật polymer, Toán cao cấp, Giáo dục thể chất, Môn tự chọn 6, Xử lý chất thải rắn, Tin học cơ bản, Kỹ thuật nhiệt hóa học, Hóa phân tích môi trường, Xác suất thống kê, Hóa học công nghiệp, Môn tự chọn 2, Kỹ thuật môi trường, Giải tích, Môn tự chọn 4, Công nghệ xử lý nước, Kỹ thuật hóa học, Xử lý nước thải","Cloud Computing, Kinh doanh quốc tế, Robot học, Cyber Security, Phân tích dữ liệu"
SV10612,Kỹ thuật cơ khí,8,"Robot công nghiệp, Kỹ thuật nhiệt, Tin học cơ bản, Cơ học vật liệu, Cơ khí chế tạo, Giáo dục thể chất, Cơ khí chính xác, Xác suất thống kê, Cơ học kỹ thuật, Giải tích, Động lực học máy, Tư duy logic và giải quyết vấn đề, Tư tưởng Hồ Chí Minh, Cơ điện tử, Giáo dục quốc phòng - An ninh, Thiết kế máy, Thiết kế CAD/CAM, Tiếng Anh chuyên ngành, Kỹ thuật gia công, Sản xuất tự động, Kỹ thuật hàn, Kỹ năng mềm, Toán cao cấp, Kỹ thuật sản xuất, Triết học Mác-Lênin","Quản trị dự án, Thiết kế UI/UX"
SV10613,Kỹ thuật môi trường,6.6,"Xác suất thống kê, Môn tự chọn 1, Triết học Mác-Lênin, Kỹ thuật hóa học, Tư tưởng Hồ Chí Minh, Môn tự chọn 16, Hóa học công nghiệp, Môn tự chọn 12, Môn tự chọn 5, Môn tự chọn 8, Xử lý chất thải rắn, Môn tự chọn 7, Ô nhiễm không khí, Kỹ thuật phản ứng hóa học, Môn tự chọn 6, Môn tự chọn 9, Môn tự chọn 11, Môn tự chọn 13, Môn tự chọn 14, Kỹ thuật nhiệt hóa học, Tin học cơ bản, Kỹ thuật môi trường, Xử lý nước thải, Môn tự chọn 10, Môn tự chọn 3, Môn tự chọn 2, Tiếng Anh chuyên ngành, Công nghệ xử lý nước, Giải tích, Hóa phân tích môi trường, Môn tự chọn 17, Giáo dục thể chất, Môn tự chọn 15, Giáo dục quốc phòng - An ninh, Toán cao cấp, Kỹ năng mềm, Môn tự chọn 4, Môn tự chọn 18, Tư duy logic và giải quyết vấn đề, Kỹ thuật polymer","Cyber Security, Internet of Things"
SV10614,Quản trị kinh doanh,10,"Tài chính doanh nghiệp, Xác suất thống kê, Môn tự chọn 6, Môn tự chọn 7, Kỹ năng mềm, Marketing cơ bản, Giải tích, Marketing số, Ngân hàng thương mại, Giáo dục quốc phòng - An ninh, Tin học cơ bản, Kinh tế quốc tế, Quản trị chiến lược, Tư tưởng Hồ Chí Minh, Kinh tế vi mô, Logistics, Môn tự chọn 2, Kinh tế phát triển, Chuỗi cung ứng, Giáo dục thể chất, Môn tự chọn 8, Thương mại điện tử, Triết học Mác-Lênin, Quản trị nhân sự, Tiếng Anh chuyên ngành, Môn tự chọn 5, Quản trị kinh doanh, Toán cao cấp, Kế toán quản trị, Kinh tế lượng, Kinh tế vĩ mô, Môn tự chọn 4, Môn tự chọn 3, Tài chính quốc tế, Môn tự chọn 1, Kế toán tài chính, Tư duy logic và giải quyết vấn đề","Khởi nghiệp, Marketing số, Đầu tư, Quản trị dự án, Kinh doanh quốc tế"
SV10615,Khoa học dữ liệu,7.8,"Tư tưởng Hồ Chí Minh, Giáo dục thể chất, Triết học Mác-Lênin, Thị giác máy tính, Machine Learning với TensorFlow, Tiếng Anh chuyên ngành, Phát triển ứng dụng web, Internet of Things, Xử lý ngôn ngữ tự nhiên, An ninh mạng cơ bản","Trí tuệ nhân tạo, Big Data, DevOps, Phát triển ứng dụng di động, Phân tích dữ liệu"
SV10616,Truyền thông đa phương tiện,7.8,"Tư tưởng Hồ Chí Minh, Kiểm thử phần mềm, Tiếng Anh chuyên ngành, Kỹ thuật phần mềm nâng cao, Quản lý dự án CNTT, Xử lý ngôn ngữ tự nhiên, Triết học Mác-Lênin, Blockchain cơ bản, Cyber Security nâng cao, Phát triển ứng dụng di động, Machine Learning với TensorFlow, Cấu trúc dữ liệu và Giải thuật, Trí tuệ nhân tạo, Học máy, Giáo dục thể chất, Học sâu, Lập trình C/C++, Lập trình di động iOS/Android, Tin học cơ bản, Internet of Things, Cơ sở dữ liệu, An ninh mạng cơ bản, Thiết kế giao diện người dùng, Tư duy logic và giải quyết vấn đề, Lập trình web nâng cao, Mạng máy tính, Hệ thống nhúng, Phát triển game, DevOps và CI/CD, Thị giác máy tính, Toán cao cấp, Giáo dục quốc phòng - An ninh, Kỹ năng mềm, Phân tích và thiết kế hệ thống, Lập trình Java, Big Data và Hadoop, Hệ điều hành","Game Development, Phát triển web, Machine Learning"
SV10617,Y khoa,8.4,"Dược lý lâm sàng, Giải tích, Tin học cơ bản, Dinh dưỡng học, Y học dự phòng, Xác suất thống kê, Dược lý học, Dược lâm sàng, Giáo dục quốc phòng - An ninh, Miễn dịch học, Tiếng Anh chuyên ngành, Bệnh học ngoại khoa, Vi sinh y học, Sinh lý học, Giải phẫu học, Giáo dục thể chất, Bệnh học nội khoa, Triết học Mác-Lênin, Tư tưởng Hồ Chí Minh, Kỹ năng mềm, Hóa sinh y học, Y học cổ truyền, Tư duy logic và giải quyết vấn đề, Bệnh học truyền nhiễm, Toán cao cấp","Đọc sách, Trí tuệ nhân tạo, Game Development"
SV10618,Marketing,8.2,"Marketing số, Marketing cơ bản, Xác suất thống kê, Thương mại điện tử, Giáo dục thể chất, Tư duy logic và giải quyết vấn đề, Kinh tế phát triển, Chuỗi cung ứng, Ngân hàng thương mại, Kế toán quản trị, Quản trị nhân sự, Toán cao cấp, Tin học cơ bản, Kinh tế quốc tế, Tài chính doanh nghiệp, Logistics, Tài chính quốc tế, Kế toán tài chính, Kinh tế vi mô, Kỹ năng mềm, Giáo dục quốc phòng - An ninh, Tiếng Anh chuyên ngành, Quản trị chiến lược, Tư tưởng Hồ Chí Minh, Giải tích, Kinh tế vĩ mô, Quản trị kinh doanh, Kinh tế lượng","Marketing số, Kinh doanh quốc tế, Khởi nghiệp, Bán hàng"
SV10619,Khoa học máy tính,7.9,"Phát triển game, Phát triển ứng dụng di động, Giáo dục quốc phòng - An ninh, Big Data và Hadoop, An ninh mạng cơ bản, Hệ điều hành, Kỹ thuật phần mềm nâng cao, Tin học cơ bản, Cloud Computing - AWS/Azure, Tư duy logic và giải quyết vấn đề, Kỹ năng mềm, Lập trình web nâng cao, Học sâu, Lập trình Java, Hệ thống phân tán, Giáo dục thể chất, Toán cao cấp, Tiếng Anh chuyên ngành, Xác suất thống kê, Trí tuệ nhân tạo, Giải tích, Tư tưởng Hồ Chí Minh, Internet of Things, Hệ thống nhúng, Quản lý dự án CNTT, Cơ sở dữ liệu, DevOps và CI/CD, Thị giác máy tính, Phát triển ứng dụng web, Lập trình Python, Thiết kế giao diện người dùng","Internet of Things, Machine Learning"
SV10620,Âm nhạc học,6.9,"Triết học Mác-Lênin, Tiếng Anh chuyên ngành, Toán cao cấp, Biểu diễn nhạc cụ, Môn tự chọn 4, Giáo dục thể chất, Hòa âm, Phân tích tác phẩm âm nhạc, Tư duy logic và giải quyết vấn đề, Môn tự chọn 3, Kỹ thuật thanh nhạc, Soạn nhạc cơ bản, Lịch sử âm nhạc, Giáo dục quốc phòng - An ninh, Môn tự chọn 5, Môn tự chọn 2, Kỹ năng mềm, Âm nhạc cổ điển phương Tây, Âm nhạc lý thuyết, Âm nhạc hiện đại, Tin học cơ bản, Môn tự chọn 1, Tư tưởng Hồ Chí Minh, Âm nhạc dân gian Việt Nam, Xác suất thống kê, Giải tích","Thơ ca, Ẩm thực"
SV10621,Quản trị khách sạn,8.2,"Kế toán tài chính, Marketing cơ bản, Toán cao cấp, Giáo dục thể chất, Marketing số, Triết học Mác-Lênin, Ngân hàng thương mại, Kinh tế quốc tế, Tiếng Anh chuyên ngành, Giải tích, Xác suất thống kê, Giáo dục quốc phòng - An ninh, Quản trị kinh doanh, Thương mại điện tử, Kỹ năng mềm, Kế toán quản trị, Kinh tế phát triển, Chuỗi cung ứng, Tư duy logic và giải quyết vấn đề, Tài chính quốc tế, Kinh tế vĩ mô, Logistics, Tư tưởng Hồ Chí Minh, Kinh tế lượng, Tài chính doanh nghiệp, Quản trị chiến lược, Kinh tế vi mô","Yoga, Quản trị dự án"
SV10622,Kỹ thuật máy tính,9.6,"Tin học cơ bản, Giáo dục thể chất, Giải tích, Kỹ thuật radar, Anten và sóng điện từ, Môn tự chọn 2, Đo lường điện tử, Hệ thống điều khiển tự động, Tư duy logic và giải quyết vấn đề, Mạng viễn thông, Điện tử công suất, Hệ thống nhúng nâng cao, Môn tự chọn 4, Truyền thông quang, Kỹ thuật vi mạch, Môn tự chọn 7, Xác suất thống kê, Môn tự chọn 1, Hệ thống điện tử nhúng, Tư tưởng Hồ Chí Minh, Môn tự chọn 5, Xử lý tín hiệu số, Giáo dục quốc phòng - An ninh, Điện tử cơ bản, Điện tử số, Môn tự chọn 8, Môn tự chọn 3, Mạng không dây, Điện tử viễn thông, Môn tự chọn 6, Điện tử năng lượng, Truyền thông vô tuyến, Triết học Mác-Lênin, Truyền thông số, Toán cao cấp, Kỹ năng mềm, Tiếng Anh chuyên ngành","Cyber Security, Khoa học dữ liệu, Internet of Things, Robot học"
SV10623,Kỹ thuật điện tử - Viễn thông,9,"Hệ thống điều khiển tự động, Kỹ thuật vi mạch, Giải tích, Mạng viễn thông, Truyền thông số, Tin học cơ bản, Điện tử năng lượng, Toán cao cấp, Tư duy logic và giải quyết vấn đề, Điện tử công suất, Điện tử cơ bản, Mạng không dây, Điện tử viễn thông, Truyền thông quang, Xử lý tín hiệu số, Đo lường điện tử, Hệ thống điện tử nhúng, Truyền thông vô tuyến, Hệ thống nhúng nâng cao","Thiết kế UI/UX, Lập trình"
SV10624,Thương mại điện tử,9.3,"Xử lý ngôn ngữ tự nhiên, Quản lý dự án CNTT, Toán cao cấp, Tư duy logic và giải quyết vấn đề, Học máy, Mạng máy tính, Giáo dục thể chất, Cyber Security nâng cao, Cấu trúc dữ liệu và Giải thuật, Cloud Computing - AWS/Azure, Lập trình di động iOS/Android, Lập trình Java, Giáo dục quốc phòng - An ninh, Hệ thống nhúng, Hệ điều hành, Lập trình web nâng cao, Lập trình C/C++, Lập trình Python, Machine Learning với TensorFlow, Triết học Mác-Lênin, Giải tích, Thị giác máy tính, Internet of Things, Thiết kế giao diện người dùng, Tin học cơ bản, Hệ thống phân tán, Kiểm thử phần mềm, An toàn thông tin, DevOps và CI/CD, Trí tuệ nhân tạo, Big Data và Hadoop, Học sâu","Cyber Security, Khoa học dữ liệu"
SV10625,Kỹ thuật điện,7.2,"Xử lý tín hiệu số, Tư tưởng Hồ Chí Minh, Truyền thông quang, Điện tử công suất, Truyền thông vô tuyến, Điện tử cơ bản, Hệ thống nhúng nâng cao, Điện tử số, Kỹ thuật radar, Triết học Mác-Lênin, Kỹ thuật vi mạch, Toán cao cấp, Xác suất thống kê, Mạng viễn thông, Hệ thống điện tử nhúng, Điện tử năng lượng, Đo lường điện tử, Tiếng Anh chuyên ngành, Tư duy logic và giải quyết vấn đề, Giải tích, Điện tử viễn thông, Giáo dục thể chất, Truyền thông số","Phát triển ứng dụng di động, Machine Learning, Trí tuệ nhân tạo, Internet of Things"
SV10626,Kỹ thuật điện,6.7,"Điện tử công suất, Tiếng Anh chuyên ngành, Toán cao cấp, Triết học Mác-Lênin, Giáo dục quốc phòng - An ninh, Truyền thông quang, Xử lý tín hiệu số, Điện tử cơ bản, Kỹ năng mềm, Mạng không dây, Mạng viễn thông, Truyền thông số, Điện tử viễn thông, Kỹ thuật radar, Điện tử số, Giải tích, Truyền thông vô tuyến, Đo lường điện tử, Hệ thống điều khiển tự động, Tin học cơ bản, Hệ thống nhúng nâng cao, Kỹ thuật vi mạch, Xác suất thống kê, Hệ thống điện tử nhúng, Anten và sóng điện từ",Cyber Security
SV10627,Hệ thống thông tin,7.6,"Blockchain cơ bản, Internet of Things, Cấu trúc dữ liệu và Giải thuật, Phát triển game, Tiếng Anh chuyên ngành, Lập trình web nâng cao, Kỹ năng mềm, DevOps và CI/CD, Xử lý ngôn ngữ tự nhiên, Cloud Computing - AWS/Azure, Mật mã học, Thị giác máy tính, Cơ sở dữ liệu, Xác suất thống kê, An toàn thông tin, Kiểm thử phần mềm, Mạng máy tính, Trí tuệ nhân tạo, Lập trình Python, Học máy, Tin học cơ bản, An ninh mạng cơ bản, Lập trình di động iOS/Android, Phân tích và thiết kế hệ thống, Hệ điều hành, Lập trình hướng đối tượng, Tư duy logic và giải quyết vấn đề, Tư tưởng Hồ Chí Minh, Quản lý dự án CNTT, Phát triển phần mềm doanh nghiệp, Giáo dục quốc phòng - An ninh, Học sâu, Hệ thống phân tán, Thiết kế giao diện người dùng, Big Data và Hadoop, Hệ thống nhúng, Machine Learning với TensorFlow","Phát triển web, DevOps"
SV10628,Blockchain và Tiền mã hóa,7.8,"Giải tích, Mạng máy tính, Trí tuệ nhân tạo, Phát triển ứng dụng web, Hệ thống phân tán, Triết học Mác-Lênin, An ninh mạng cơ bản, Thị giác máy tính, Cyber Security nâng cao, Kỹ năng mềm, DevOps và CI/CD, Học sâu, Lập trình di động iOS/Android, Lập trình C/C++, Lập trình web nâng cao, Lập trình Java, Xác suất thống kê, Phân tích và thiết kế hệ thống, Phát triển game, Lập trình hướng đối tượng","Phát triển ứng dụng di động, Big Data, Trí tuệ nhân tạo, Cyber Security"
SV10629,Kỹ thuật hóa học,8.8,"Giáo dục quốc phòng - An ninh, Hóa phân tích môi trường, Môn tự chọn 17, Giải tích, Kỹ năng mềm, Tư tưởng Hồ Chí Minh, Toán cao cấp, Tiếng Anh chuyên ngành, Môn tự chọn 15, Môn tự chọn 13, Tư duy logic và giải quyết vấn đề, Môn tự chọn 11, Môn tự chọn 10, Kỹ thuật phản ứng hóa học, Môn tự chọn 14, Môn tự chọn 8, Kỹ thuật nhiệt hóa học, Triết học Mác-Lênin, Hóa học công nghiệp, Môn tự chọn 7, Kỹ thuật môi trường, Xử lý nước thải, Giáo dục thể chất, Môn tự chọn 6, Tin học cơ bản, Ô nhiễm không khí, Công nghệ xử lý nước, Kỹ thuật hóa học, Môn tự chọn 2, Môn tự chọn 18, Môn tự chọn 1, Môn tự chọn 9, Môn tự chọn 5, Môn tự chọn 16, Môn tự chọn 12, Xác suất thống kê, Môn tự chọn 3, Kỹ thuật polymer, Môn tự chọn 4, Xử lý chất thải rắn","Machine Learning, Big Data"
SV10630,Du lịch,6,"Giải tích, Lập trình C/C++, Machine Learning với TensorFlow, Học máy, Thiết kế giao diện người dùng, Cấu trúc dữ liệu và Giải thuật, Tư duy logic và giải quyết vấn đề, Lập trình Java, Giáo dục quốc phòng - An ninh, Thị giác máy tính, Lập trình di động iOS/Android, Phát triển ứng dụng di động, Blockchain cơ bản, An ninh mạng cơ bản, Lập trình hướng đối tượng, Cơ sở dữ liệu","Cyber Security, Game Development, Khoa học dữ liệu, Trí tuệ nhân tạo, DevOps"
SV10631,Fintech,9.2,"Tư duy logic và giải quyết vấn đề, Học sâu, DevOps và CI/CD, An ninh mạng cơ bản, Machine Learning với TensorFlow, Học máy, Phát triển game, Giải tích, Xử lý ngôn ngữ tự nhiên, An toàn thông tin, Xác suất thống kê, Thiết kế giao diện người dùng, Hệ điều hành, Cấu trúc dữ liệu và Giải thuật, Toán cao cấp, Tư tưởng Hồ Chí Minh, Phân tích và thiết kế hệ thống, Trí tuệ nhân tạo, Lập trình C/C++","Phân tích dữ liệu, Internet of Things"
SV10632,Hệ thống thông tin,7.5,"Tin học cơ bản, Phát triển ứng dụng di động, Mật mã học, Triết học Mác-Lênin, Lập trình Python, Kỹ thuật phần mềm nâng cao, Mạng máy tính, An ninh mạng cơ bản, Cloud Computing - AWS/Azure, Quản lý dự án CNTT, Thiết kế giao diện người dùng, Hệ thống phân tán, Lập trình Java, Machine Learning với TensorFlow, Lập trình C/C++, Tư duy logic và giải quyết vấn đề, Cyber Security nâng cao, Big Data và Hadoop, An toàn thông tin, Kiểm thử phần mềm, Giáo dục quốc phòng - An ninh, Lập trình di động iOS/Android, Cấu trúc dữ liệu và Giải thuật, Phân tích và thiết kế hệ thống, Xác suất thống kê, Hệ thống nhúng, Blockchain cơ bản, Hệ điều hành","DevOps, Cyber Security"
SV10633,Kỹ thuật điện,7.3,"Xác suất thống kê, Điện tử viễn thông, Điện tử số, Điện tử cơ bản, Hệ thống điện tử nhúng, Giải tích, Giáo dục thể chất, Giáo dục quốc phòng - An ninh, Xử lý tín hiệu số, Kỹ thuật vi mạch, Kỹ thuật radar, Tư tưởng Hồ Chí Minh, Tin học cơ bản, Truyền thông vô tuyến, Đo lường điện tử, Hệ thống nhúng nâng cao, Tiếng Anh chuyên ngành, Kỹ năng mềm, Toán cao cấp","Trí tuệ nhân tạo, Machine Learning"
SV10634,Kỹ thuật phần mềm,6.7,"Học máy, Học sâu, Phát triển phần mềm doanh nghiệp, Giáo dục quốc phòng - An ninh, Toán cao cấp, Triết học Mác-Lênin, Mạng máy tính, Xác suất thống kê, Internet of Things, Quản lý dự án CNTT, Lập trình Python, Mật mã học, Hệ điều hành, Lập trình hướng đối tượng, Machine Learning với TensorFlow, Kỹ năng mềm, Tư tưởng Hồ Chí Minh, Thiết kế giao diện người dùng, Phát triển ứng dụng di động, Tiếng Anh chuyên ngành, An ninh mạng cơ bản","Khoa học dữ liệu, Robot học, Blockchain, Phát triển ứng dụng di động, Game Development"
SV10635,Thiết kế đồ họa,6,"Giải tích, Môn tự chọn 2, Tư tưởng Hồ Chí Minh, Toán cao cấp, Kỹ năng mềm, Môn tự chọn 1, Giáo dục quốc phòng - An ninh, Tư duy logic và giải quyết vấn đề, Giáo dục thể chất, Triết học Mác-Lênin, Xác suất thống kê, Môn tự chọn 4, Tin học cơ bản, Tiếng Anh chuyên ngành, Môn tự chọn 3","Âm nhạc, Khiêu vũ, Chơi nhạc cụ, Kể chuyện, Đọc sách"
SV10636,Công nghệ thông tin,8.5,"Giáo dục quốc phòng - An ninh, Kiểm thử phần mềm, An toàn thông tin, Xác suất thống kê, Mạng máy tính, Tư tưởng Hồ Chí Minh, Toán cao cấp, Hệ thống phân tán, Hệ điều hành, Giáo dục thể chất, Cyber Security nâng cao, Xử lý ngôn ngữ tự nhiên, Internet of Things, An ninh mạng cơ bản, Kỹ thuật phần mềm nâng cao, Phát triển ứng dụng web, Cơ sở dữ liệu, Phát triển ứng dụng di động, Lập trình web nâng cao, Lập trình di động iOS/Android, Lập trình Python, Tiếng Anh chuyên ngành","Cyber Security, Phát triển web, Khoa học dữ liệu"
SV10637,Ngôn ngữ Hàn Quốc,7.8,"Giáo dục thể chất, Tư duy logic và giải quyết vấn đề, Tiếng Hàn thương mại, Hangeul, Lịch sử Hàn Quốc, Ngữ pháp tiếng Hàn, Xác suất thống kê, Giáo dục quốc phòng - An ninh, Ngữ âm học tiếng Hàn, Văn hóa Hàn Quốc, Kỹ năng nghe nói tiếng Hàn, Kỹ năng mềm, K-pop và văn hóa đại chúng Hàn, Dịch Hàn-Việt, Triết học Mác-Lênin, Giải tích, Tiếng Anh chuyên ngành, Tin học cơ bản, Từ vựng tiếng Hàn","Khoa học dữ liệu, Robot học, Trí tuệ nhân tạo, Đọc sách"
SV10638,Công nghệ thông tin,6.4,"An toàn thông tin, Mạng máy tính, Trí tuệ nhân tạo, Phát triển ứng dụng web, Xử lý ngôn ngữ tự nhiên, Tư tưởng Hồ Chí Minh, Internet of Things, Lập trình web nâng cao, Học sâu, Cloud Computing - AWS/Azure, Phát triển ứng dụng di động, Giải tích, Tiếng Anh chuyên ngành, Hệ thống nhúng, Toán cao cấp, Mật mã học, Kỹ năng mềm, Machine Learning với TensorFlow, Cyber Security nâng cao, Xác suất thống kê, Triết học Mác-Lênin, Thị giác máy tính, Giáo dục thể chất, Phát triển game, Phân tích và thiết kế hệ thống, Hệ điều hành, Tư duy logic và giải quyết vấn đề, DevOps và CI/CD, Lập trình di động iOS/Android","Thiết kế UI/UX, Big Data, Cloud Computing, Game Development, Blockchain"
SV10639,Báo chí,6.4,"Hệ điều hành, An toàn thông tin, An ninh mạng cơ bản, Mật mã học, Lập trình di động iOS/Android, Machine Learning với TensorFlow, Giải tích, Phát triển ứng dụng di động, Big Data và Hadoop, Phát triển game, DevOps và CI/CD, Cấu trúc dữ liệu và Giải thuật","Trí tuệ nhân tạo, Big Data, Bán hàng, Phát triển web, Cyber Security"
SV10640,Kỹ thuật điện,7.4,"Điện tử công suất, Truyền thông quang, Tiếng Anh chuyên ngành, Kỹ năng mềm, Truyền thông vô tuyến, Truyền thông số, Tư tưởng Hồ Chí Minh, Mạng không dây, Giáo dục thể chất, Tin học cơ bản","Phát triển web, DevOps, Thiết kế UI/UX, Trí tuệ nhân tạo"
SV10641,Sư phạm Tin học,9.4,"Môn tự chọn 1, Quản lý lớp học CNTT, Đánh giá học tập Tin học, Giáo dục thể chất, Phương pháp giảng dạy Tin học, Môn tự chọn 8, Giải tích, Giáo dục kỹ năng số, Ứng dụng AI trong giảng dạy, Môn tự chọn 4, Tiếng Anh chuyên ngành, Kỹ năng mềm, Triết học Mác-Lênin, Xác suất thống kê, Tin học cơ bản, Toán cao cấp, Môn tự chọn 5, Môn tự chọn 2, Lập trình Python cho giáo viên, Thiết kế khóa học trực tuyến, Lập trình Scratch cho học sinh, Môn tự chọn 6, Lập trình cơ bản cho giáo viên, Môn tự chọn 7, Môn tự chọn 3, Tư duy logic và giải quyết vấn đề, Công nghệ thông tin trong giáo dục, Tư tưởng Hồ Chí Minh, Phần mềm giáo dục, Giáo dục quốc phòng - An ninh, Dạy học Tin học phổ thông, Phát triển bài giảng Tin học, An toàn mạng trong trường học","Vẽ tranh, Diễn thuyết, Viết lách, Thơ ca"
SV10642,Quản trị kinh doanh,7.4,"Tài chính doanh nghiệp, Chuỗi cung ứng, Ngân hàng thương mại, Kế toán tài chính, Giải tích, Kỹ năng mềm, Tin học cơ bản, Tư tưởng Hồ Chí Minh, Thương mại điện tử, Kinh tế phát triển, Giáo dục quốc phòng - An ninh, Triết học Mác-Lênin, Tư duy logic và giải quyết vấn đề, Toán cao cấp, Kinh tế vi mô, Xác suất thống kê, Marketing số, Giáo dục thể chất, Quản trị chiến lược, Tài chính quốc tế, Kinh tế lượng, Logistics, Kinh tế quốc tế, Kế toán quản trị","Khởi nghiệp, Marketing số, Fintech, Quản trị dự án"
SV10643,Marketing,6.2,"Thương mại điện tử, Kế toán quản trị, Xác suất thống kê, Tài chính doanh nghiệp, Triết học Mác-Lênin, Kinh tế vi mô, Kinh tế phát triển, Quản trị kinh doanh, Giáo dục thể chất, Marketing cơ bản, Kế toán tài chính","Quản trị dự án, Marketing số"
SV10644,Kỹ thuật cơ khí,7.5,"Cơ khí chính xác, Kỹ thuật nhiệt, Giải tích, Môn tự chọn 9, Giáo dục thể chất, Tư tưởng Hồ Chí Minh, Tư duy logic và giải quyết vấn đề, Môn tự chọn 8, Triết học Mác-Lênin, Cơ học kỹ thuật, Xác suất thống kê, Giáo dục quốc phòng - An ninh, Cơ điện tử, Kỹ thuật hàn, Môn tự chọn 5, Tin học cơ bản, Môn tự chọn 1, Môn tự chọn 7, Sản xuất tự động, Thiết kế máy, Kỹ thuật gia công, Robot công nghiệp, Môn tự chọn 3, Kỹ năng mềm, Cơ học vật liệu, Thiết kế CAD/CAM, Môn tự chọn 6, Môn tự chọn 4, Tiếng Anh chuyên ngành, Động lực học máy, Kỹ thuật sản xuất, Môn tự chọn 2, Toán cao cấp, Cơ khí chế tạo","DevOps, Cloud Computing, Blockchain"
SV10645,Thương mại điện tử,7.4,"Cấu trúc dữ liệu và Giải thuật, Thị giác máy tính, Lập trình C/C++, Phát triển game, Blockchain cơ bản, Quản lý dự án CNTT, Lập trình Python, Machine Learning với TensorFlow, Phát triển ứng dụng di động, Kỹ thuật phần mềm nâng cao, Kiểm thử phần mềm, Phân tích và thiết kế hệ thống, Lập trình hướng đối tượng, Kỹ năng mềm, Xử lý ngôn ngữ tự nhiên, An ninh mạng cơ bản, DevOps và CI/CD, Hệ thống nhúng, Trí tuệ nhân tạo, Phát triển phần mềm doanh nghiệp, Mạng máy tính, Cloud Computing - AWS/Azure, Phát triển ứng dụng web, Big Data và Hadoop, Mật mã học, Hệ điều hành, Hệ thống phân tán, Xác suất thống kê, An toàn thông tin, Lập trình web nâng cao, Tư duy logic và giải quyết vấn đề, Giáo dục thể chất, Giải tích, Tiếng Anh chuyên ngành, Học sâu, Tư tưởng Hồ Chí Minh, Cyber Security nâng cao","Game Development, Thiết kế UI/UX, Cyber Security, Phân tích dữ liệu, Thiền"
SV10646,Khoa học máy tính,5,"Mạng máy tính, Quản lý dự án CNTT, Machine Learning với TensorFlow, Giải tích, Thiết kế giao diện người dùng, Mật mã học, An toàn thông tin, Lập trình Python, Tư duy logic và giải quyết vấn đề, Phát triển game, Lập trình Java, Toán cao cấp, Kiểm thử phần mềm, Phát triển ứng dụng web, Tư tưởng Hồ Chí Minh, Lập trình hướng đối tượng, Phát triển phần mềm doanh nghiệp, Kỹ năng mềm, An ninh mạng cơ bản, Xử lý ngôn ngữ tự nhiên, Internet of Things, Thị giác máy tính, Tiếng Anh chuyên ngành, Cyber Security nâng cao, Giáo dục thể chất, Lập trình di động iOS/Android, Big Data và Hadoop, Lập trình web nâng cao, Học sâu, Hệ điều hành, Blockchain cơ bản, Giáo dục quốc phòng - An ninh","Trí tuệ nhân tạo, Khoa học dữ liệu, Machine Learning, Big Data, DevOps"
SV10647,Sư phạm Tin học,7.6,"Phương pháp giảng dạy Tin học, Phát triển bài giảng Tin học, Phần mềm giáo dục, Tin học cơ bản, Giáo dục quốc phòng - An ninh, Quản lý lớp học CNTT, Tư tưởng Hồ Chí Minh, Xác suất thống kê, Giáo dục kỹ năng số, Ứng dụng AI trong giảng dạy, Đánh giá học tập Tin học, Thiết kế khóa học trực tuyến, Công nghệ thông tin trong giáo dục, Triết học Mác-Lênin, An toàn mạng trong trường học, Kỹ năng mềm","Học ngoại ngữ, Kể chuyện, Thiền, Viết lách"
SV10648,An ninh mạng,7.5,"Kỹ thuật phần mềm nâng cao, Xử lý ngôn ngữ tự nhiên, Giải tích, Kỹ năng mềm, Machine Learning với TensorFlow, Quản lý dự án CNTT, Mật mã học, Triết học Mác-Lênin, Lập trình Python, Tiếng Anh chuyên ngành, Giáo dục thể chất, Blockchain cơ bản, Mạng máy tính, Học máy, Cyber Security nâng cao, Hệ thống nhúng, Cơ sở dữ liệu, Toán cao cấp, Xác suất thống kê, Hệ thống phân tán, DevOps và CI/CD, Tư tưởng Hồ Chí Minh, Trí tuệ nhân tạo, Thiết kế giao diện người dùng, Tư duy logic và giải quyết vấn đề, Học sâu, Lập trình di động iOS/Android, Tin học cơ bản, Internet of Things",Game Development
SV10649,Kỹ thuật điện tử - Viễn thông,8.4,"Truyền thông vô tuyến, Xử lý tín hiệu số, Giải tích, Mạng viễn thông, Tin học cơ bản, Truyền thông số, Đo lường điện tử, Giáo dục thể chất, Điện tử viễn thông, Kỹ thuật vi mạch, Điện tử năng lượng, Kỹ thuật radar, Tiếng Anh chuyên ngành, Giáo dục quốc phòng - An ninh, Hệ thống điều khiển tự động, Điện tử số, Anten và sóng điện từ, Tư duy logic và giải quyết vấn đề","Robot học, Khiêu vũ"
SV10650,Điều dưỡng,9.5,"Giáo dục quốc phòng - An ninh, Tin học cơ bản, Tư tưởng Hồ Chí Minh, Vi sinh y học, Y học cổ truyền, Kỹ năng mềm, Bệnh học truyền nhiễm, Bệnh học ngoại khoa, Hóa sinh y học, Triết học Mác-Lênin, Xác suất thống kê, Bệnh học nội khoa, Dược lâm sàng, Tiếng Anh chuyên ngành, Sinh lý học, Giải tích, Dinh dưỡng học, Dược lý lâm sàng, Y học dự phòng, Miễn dịch học, Giải phẫu học, Toán cao cấp, Tư duy logic và giải quyết vấn đề, Dược lý học","Trí tuệ nhân tạo, Robot học, Phát triển web, Khoa học dữ liệu"
SV10651,Luật,8.8,"Quản lý dự án CNTT, Lập trình C/C++, Học sâu, Thị giác máy tính, Học máy, Xác suất thống kê, Trí tuệ nhân tạo, Cơ sở dữ liệu, Big Data và Hadoop, Phát triển phần mềm doanh nghiệp, Kỹ năng mềm, Lập trình web nâng cao, Tư tưởng Hồ Chí Minh, Hệ điều hành, Lập trình Java, Giáo dục quốc phòng - An ninh, Phát triển ứng dụng di động, Kỹ thuật phần mềm nâng cao, Giáo dục thể chất, Thiết kế giao diện người dùng, Phát triển ứng dụng web, Phân tích và thiết kế hệ thống","Machine Learning, Robot học"
SV10652,Công nghệ đa phương tiện,7.4,"An toàn thông tin, Học sâu, Lập trình C/C++, Tư duy logic và giải quyết vấn đề, Thiết kế giao diện người dùng, Triết học Mác-Lênin, Hệ điều hành, Học máy, Cơ sở dữ liệu, Kỹ thuật phần mềm nâng cao, Lập trình Java, Thị giác máy tính, Tiếng Anh chuyên ngành, Giáo dục thể chất, Kỹ năng mềm","DevOps, Game Development, Robot học"
SV10653,Trí tuệ nhân tạo và Học máy,6.6,"Tin học cơ bản, Lập trình hướng đối tượng, Học sâu, Cyber Security nâng cao, Lập trình Python, Kỹ năng mềm, Triết học Mác-Lênin, Lập trình di động iOS/Android, Lập trình C/C++, Lập trình web nâng cao, Giáo dục quốc phòng - An ninh, Xác suất thống kê, Xử lý ngôn ngữ tự nhiên, Quản lý dự án CNTT, Internet of Things, Mạng máy tính, Toán cao cấp, Phát triển phần mềm doanh nghiệp, Phát triển ứng dụng di động, An ninh mạng cơ bản, Tiếng Anh chuyên ngành, Mật mã học","Phát triển ứng dụng di động, Cyber Security, Trí tuệ nhân tạo"
SV10654,Kỹ thuật hóa học,10,"Giáo dục quốc phòng - An ninh, Kỹ thuật môi trường, Ô nhiễm không khí, Giáo dục thể chất, Hóa học công nghiệp, Công nghệ xử lý nước, Kỹ thuật nhiệt hóa học, Tiếng Anh chuyên ngành, Tư duy logic và giải quyết vấn đề, Xác suất thống kê, Xử lý chất thải rắn, Kỹ năng mềm, Kỹ thuật polymer, Hóa phân tích môi trường, Tin học cơ bản, Giải tích, Kỹ thuật phản ứng hóa học, Triết học Mác-Lênin, Tư tưởng Hồ Chí Minh, Toán cao cấp, Xử lý nước thải, Kỹ thuật hóa học","Thiết kế UI/UX, Robot học"
SV10655,Kỹ thuật y sinh,7.8,"Triết học Mác-Lênin, Công nghệ gen, Thiết bị y tế, Công nghệ sinh học ứng dụng, Tiếng Anh chuyên ngành, Xác suất thống kê, Môn tự chọn 1, Tư duy logic và giải quyết vấn đề, Kỹ thuật y sinh, Sinh học phân tử, Vật liệu sinh học, Kỹ thuật tế bào, Hình ảnh y khoa, Tư tưởng Hồ Chí Minh, Tin học cơ bản, Môn tự chọn 2, Giải tích, Giáo dục quốc phòng - An ninh, Toán cao cấp, Công nghệ nano y sinh, Giáo dục thể chất, Kỹ năng mềm, Kỹ thuật mô sinh học","Cloud Computing, Lập trình"
SV10656,Kỹ thuật cơ khí,7.7,"Môn tự chọn 5, Giải tích, Cơ học kỹ thuật, Kỹ năng mềm, Thiết kế CAD/CAM, Tư tưởng Hồ Chí Minh, Kỹ thuật sản xuất, Cơ học vật liệu, Cơ điện tử, Kỹ thuật nhiệt, Môn tự chọn 6, Môn tự chọn 2, Cơ khí chế tạo, Động lực học máy, Môn tự chọn 1, Thiết kế máy, Tư duy logic và giải quyết vấn đề, Robot công nghiệp, Tin học cơ bản, Kỹ thuật hàn, Triết học Mác-Lênin, Toán cao cấp, Giáo dục thể chất, Tiếng Anh chuyên ngành, Xác suất thống kê, Giáo dục quốc phòng - An ninh, Môn tự chọn 3, Sản xuất tự động, Cơ khí chính xác, Kỹ thuật gia công, Môn tự chọn 4","Phát triển ứng dụng di động, Phát triển web"
SV10657,An ninh mạng,7.7,"Học sâu, Học máy, Hệ thống phân tán, Cấu trúc dữ liệu và Giải thuật, Trí tuệ nhân tạo, Giáo dục quốc phòng - An ninh, Thiết kế giao diện người dùng, Cloud Computing - AWS/Azure, Machine Learning với TensorFlow, Giáo dục thể chất, Lập trình hướng đối tượng, Lập trình Java, Phát triển game, Kiểm thử phần mềm, Tiếng Anh chuyên ngành, Blockchain cơ bản, Tin học cơ bản, Lập trình C/C++, Kỹ thuật phần mềm nâng cao","Cloud Computing, Lập trình, Khoa học dữ liệu"
SV10658,Logistics và Quản lý chuỗi cung ứng,7.9,"Lập trình Java, Cơ sở dữ liệu, Tin học cơ bản, Lập trình hướng đối tượng, Machine Learning với TensorFlow, DevOps và CI/CD, Tư duy logic và giải quyết vấn đề, Mạng máy tính, Toán cao cấp, Kỹ năng mềm, Quản lý dự án CNTT, Kiểm thử phần mềm, An ninh mạng cơ bản, Blockchain cơ bản, Giải tích, Big Data và Hadoop, Thiết kế giao diện người dùng, Phát triển ứng dụng di động, Xử lý ngôn ngữ tự nhiên, Lập trình C/C++, Mật mã học, Triết học Mác-Lênin, Giáo dục quốc phòng - An ninh, Lập trình di động iOS/Android, Phát triển game, Internet of Things, An toàn thông tin, Cloud Computing - AWS/Azure, Học máy, Hệ thống phân tán, Tiếng Anh chuyên ngành, Lập trình web nâng cao, Cyber Security nâng cao","DevOps, Big Data"
SV10659,Kinh tế số,7.6,"Kinh tế lượng, Giáo dục quốc phòng - An ninh, Marketing số, Ngân hàng thương mại, Kinh tế phát triển, Giáo dục thể chất, Tài chính doanh nghiệp, Quản trị kinh doanh, Thương mại điện tử, Quản trị nhân sự, Xác suất thống kê, Marketing cơ bản, Toán cao cấp","Thương mại điện tử, Bán hàng"
SV10660,Kiến trúc,7.1,"Xác suất thống kê, Tư tưởng Hồ Chí Minh, Công trình ngầm, Giáo dục thể chất, Triết học Mác-Lênin, Cầu và đường, Quản lý dự án xây dựng, Giải tích, Thiết kế đô thị, Kỹ thuật xây dựng, Cơ sở hạ tầng đô thị, Kỹ thuật địa kỹ thuật, Kiến trúc cảnh quan, Thiết kế kiến trúc nội thất, Toán cao cấp, Tin học cơ bản, Kết cấu thép","Cyber Security, Internet of Things, Blockchain, Game Development"
SV10661,Khoa học dữ liệu,7.2,"Kỹ năng mềm, Mạng máy tính, Tư tưởng Hồ Chí Minh, Thiết kế giao diện người dùng, Kiểm thử phần mềm, Phân tích và thiết kế hệ thống, Cấu trúc dữ liệu và Giải thuật, Tin học cơ bản, Lập trình di động iOS/Android, Tư duy logic và giải quyết vấn đề, Quản lý dự án CNTT, Triết học Mác-Lênin, Lập trình hướng đối tượng, DevOps và CI/CD, Hệ điều hành, Giáo dục quốc phòng - An ninh, Cơ sở dữ liệu, Cloud Computing - AWS/Azure, Phát triển phần mềm doanh nghiệp, Lập trình Python, Xác suất thống kê, Lập trình Java","Big Data, Phát triển ứng dụng di động, Game Development, Phân tích dữ liệu"
SV10662,Kỹ thuật hóa học,7.7,"Môn tự chọn 5, Môn tự chọn 9, Môn tự chọn 10, Môn tự chọn 3, Triết học Mác-Lênin, Toán cao cấp, Kỹ thuật polymer, Môn tự chọn 6, Tư tưởng Hồ Chí Minh, Kỹ thuật hóa học, Hóa học công nghiệp, Kỹ thuật phản ứng hóa học, Môn tự chọn 4, Kỹ năng mềm, Xác suất thống kê, Giáo dục quốc phòng - An ninh, Công nghệ xử lý nước, Kỹ thuật nhiệt hóa học, Giải tích, Giáo dục thể chất, Xử lý nước thải, Tin học cơ bản, Ô nhiễm không khí, Môn tự chọn 8, Tư duy logic và giải quyết vấn đề, Môn tự chọn 1, Tiếng Anh chuyên ngành, Môn tự chọn 2, Xử lý chất thải rắn, Hóa phân tích môi trường, Môn tự chọn 7, Kỹ thuật môi trường","Thiết kế UI/UX, Blockchain, DevOps, Khoa học dữ liệu, Phân tích dữ liệu"
SV10663,Kỹ thuật máy tính,7.2,"Xác suất thống kê, Môn tự chọn 9, Giáo dục quốc phòng - An ninh, Môn tự chọn 4, Điện tử năng lượng, Tiếng Anh chuyên ngành, Điện tử cơ bản, Điện tử công suất, Hệ thống điện tử nhúng, Môn tự chọn 8, Mạng viễn thông, Môn tự chọn 6, Môn tự chọn 5, Truyền thông vô tuyến, Hệ thống nhúng nâng cao, Toán cao cấp, Anten và sóng điện từ, Tư tưởng Hồ Chí Minh, Hệ thống điều khiển tự động, Đo lường điện tử, Kỹ thuật radar, Tin học cơ bản, Truyền thông số, Điện tử viễn thông, Kỹ thuật vi mạch, Điện tử số, Mạng không dây, Xử lý tín hiệu số, Môn tự chọn 7, Kỹ năng mềm, Triết học Mác-Lênin, Môn tự chọn 1, Môn tự chọn 2, Truyền thông quang, Giáo dục thể chất, Giải tích, Tư duy logic và giải quyết vấn đề, Môn tự chọn 3","Khoa học dữ liệu, Trí tuệ nhân tạo"
SV10664,Luật,7,"Tư tưởng Hồ Chí Minh, Mật mã học, Xử lý ngôn ngữ tự nhiên, Thiết kế giao diện người dùng, Lập trình di động iOS/Android, Tư duy logic và giải quyết vấn đề, Kỹ thuật phần mềm nâng cao, Giáo dục quốc phòng - An ninh, Kiểm thử phần mềm, Quản lý dự án CNTT, Cấu trúc dữ liệu và Giải thuật, Kỹ năng mềm, Thị giác máy tính, Cyber Security nâng cao, An toàn thông tin, Mạng máy tính, Giáo dục thể chất, Lập trình Java, Triết học Mác-Lênin, Lập trình C/C++, Internet of Things, Hệ thống nhúng, Hệ thống phân tán, Phát triển game, Trí tuệ nhân tạo, Lập trình hướng đối tượng, Học sâu","Phân tích dữ liệu, DevOps, Phát triển web, Robot học, Internet of Things"
SV10665,Trí tuệ nhân tạo và Học máy,7.8,"Kỹ năng mềm, Xử lý ngôn ngữ tự nhiên, Machine Learning với TensorFlow, Lập trình di động iOS/Android, An toàn thông tin, Quản lý dự án CNTT, Phân tích và thiết kế hệ thống, Thiết kế giao diện người dùng, Giải tích, An ninh mạng cơ bản, Giáo dục quốc phòng - An ninh, Hệ thống phân tán, Lập trình web nâng cao, Giáo dục thể chất, Thị giác máy tính, Học máy, Trí tuệ nhân tạo, Xác suất thống kê, Big Data và Hadoop, Lập trình Python, Học sâu, Blockchain cơ bản, Phát triển phần mềm doanh nghiệp, Phát triển ứng dụng web, Tiếng Anh chuyên ngành, Mạng máy tính, Mật mã học, Cơ sở dữ liệu, Tư duy logic và giải quyết vấn đề, Phát triển game, Kiểm thử phần mềm, Lập trình hướng đối tượng, Internet of Things, Kỹ thuật phần mềm nâng cao, DevOps và CI/CD, Lập trình Java, Hệ điều hành, Cloud Computing - AWS/Azure","Khoa học dữ liệu, Blockchain"
SV10666,Quan hệ quốc tế,7.4,"Phát triển ứng dụng web, DevOps và CI/CD, Toán cao cấp, Phát triển game, Hệ thống phân tán, Phát triển ứng dụng di động, Hệ điều hành, Mật mã học, Lập trình hướng đối tượng, Giáo dục thể chất, Kỹ thuật phần mềm nâng cao, Phân tích và thiết kế hệ thống, Lập trình C/C++, Xác suất thống kê, Cấu trúc dữ liệu và Giải thuật, Blockchain cơ bản, Thiết kế giao diện người dùng, Quản lý dự án CNTT, Giáo dục quốc phòng - An ninh, Mạng máy tính, Lập trình di động iOS/Android, Lập trình Java, Tin học cơ bản, Tiếng Anh chuyên ngành, Cyber Security nâng cao, An ninh mạng cơ bản, Triết học Mác-Lênin, Lập trình web nâng cao, Thị giác máy tính","Phát triển web, Phân tích dữ liệu, Machine Learning, Thiết kế UI/UX"
SV10667,Kiến trúc,9.2,"Kết cấu bê tông cốt thép, Giáo dục quốc phòng - An ninh, Kỹ năng mềm, Vật liệu xây dựng, Tư tưởng Hồ Chí Minh, Kỹ thuật xây dựng, Kỹ thuật địa kỹ thuật, Kết cấu thép, Quản lý dự án xây dựng, Công trình ngầm, Giáo dục thể chất, Tin học cơ bản, Thiết kế đô thị, Xác suất thống kê, Thiết kế kiến trúc nội thất, Cơ sở hạ tầng đô thị, Toán cao cấp, Môn tự chọn 1, Tiếng Anh chuyên ngành, Cầu và đường, Giải tích, Môn tự chọn 2, Tư duy logic và giải quyết vấn đề, Triết học Mác-Lênin, Kiến trúc cảnh quan","Phát triển ứng dụng di động, Cloud Computing, Phân tích dữ liệu"
SV10668,Kỹ thuật máy tính,5,"Mạng không dây, Kỹ năng mềm, Tư duy logic và giải quyết vấn đề, Tư tưởng Hồ Chí Minh, Điện tử cơ bản, Triết học Mác-Lênin, Truyền thông số, Hệ thống điều khiển tự động, Tiếng Anh chuyên ngành, Kỹ thuật vi mạch, Giải tích, Xác suất thống kê, Hệ thống nhúng nâng cao, Xử lý tín hiệu số","DevOps, Phát triển web, Khoa học dữ liệu, Lập trình"
SV10669,Công nghệ đa phương tiện,8.8,"Cloud Computing - AWS/Azure, Toán cao cấp, Phát triển ứng dụng di động, Trí tuệ nhân tạo, Hệ điều hành, Thiết kế giao diện người dùng, Big Data và Hadoop, Hệ thống phân tán, Giáo dục thể chất, Phát triển game, Phát triển ứng dụng web, Quản lý dự án CNTT, Phân tích và thiết kế hệ thống, Xử lý ngôn ngữ tự nhiên, Cấu trúc dữ liệu và Giải thuật, Học sâu, Tiếng Anh chuyên ngành, Kiểm thử phần mềm, Machine Learning với TensorFlow, Kỹ năng mềm, Cyber Security nâng cao, Blockchain cơ bản, Lập trình Java, Cơ sở dữ liệu, Học máy, Tin học cơ bản, Triết học Mác-Lênin, Mật mã học, Tư duy logic và giải quyết vấn đề, Internet of Things, Thị giác máy tính, DevOps và CI/CD",Robot học
SV10670,Kỹ thuật phần mềm,8.9,"Cơ sở dữ liệu, Lập trình hướng đối tượng, Phát triển ứng dụng web, Quản lý dự án CNTT, Big Data và Hadoop, Giải tích, Triết học Mác-Lênin, Cloud Computing - AWS/Azure, Lập trình web nâng cao, Phát triển ứng dụng di động, Internet of Things, Cyber Security nâng cao, Tư duy logic và giải quyết vấn đề, Lập trình Java, Machine Learning với TensorFlow, Hệ thống nhúng, Cấu trúc dữ liệu và Giải thuật, Xử lý ngôn ngữ tự nhiên, Giáo dục thể chất, Phân tích và thiết kế hệ thống, Học máy, Tin học cơ bản, Tiếng Anh chuyên ngành, Học sâu, Hệ điều hành, Xác suất thống kê, Thiết kế giao diện người dùng, Kỹ thuật phần mềm nâng cao, Trí tuệ nhân tạo, DevOps và CI/CD, Mật mã học, Hệ thống phân tán, Phát triển game, Tư tưởng Hồ Chí Minh, Lập trình C/C++, Thị giác máy tính, Kỹ năng mềm, Lập trình di động iOS/Android, An toàn thông tin","Internet of Things, Khoa học dữ liệu, Big Data"
SV10671,Quản trị khách sạn,5.6,"Thương mại điện tử, Kinh tế lượng, Logistics, Giáo dục quốc phòng - An ninh, Triết học Mác-Lênin, Marketing số, Tư duy logic và giải quyết vấn đề, Tư tưởng Hồ Chí Minh, Marketing cơ bản, Giáo dục thể chất, Giải tích, Tiếng Anh chuyên ngành, Ngân hàng thương mại, Quản trị nhân sự, Xác suất thống kê, Toán cao cấp, Quản trị chiến lược","Bán hàng, Fintech, Đầu tư"
SV10672,Điều dưỡng,7.4,"Dược lâm sàng, Môn tự chọn 4, Giáo dục quốc phòng - An ninh, Sinh lý học, Y học cổ truyền, Môn tự chọn 5, Dược lý lâm sàng, Bệnh học nội khoa, Vi sinh y học, Dinh dưỡng học, Môn tự chọn 1, Môn tự chọn 7, Hóa sinh y học, Môn tự chọn 6, Bệnh học ngoại khoa, Môn tự chọn 9, Tin học cơ bản, Toán cao cấp, Y học dự phòng, Môn tự chọn 10, Tư tưởng Hồ Chí Minh, Bệnh học truyền nhiễm, Triết học Mác-Lênin, Tư duy logic và giải quyết vấn đề, Môn tự chọn 2, Kỹ năng mềm, Dược lý học, Giáo dục thể chất, Tiếng Anh chuyên ngành, Miễn dịch học, Giải tích, Môn tự chọn 3, Giải phẫu học, Môn tự chọn 8, Xác suất thống kê","Blockchain, Đọc sách"
SV10673,Sư phạm Tin học,7.3,"Phần mềm giáo dục, Dạy học Tin học phổ thông, Công nghệ thông tin trong giáo dục, Giáo dục thể chất, Lập trình cơ bản cho giáo viên, Phương pháp giảng dạy Tin học, Giáo dục kỹ năng số, Tư duy logic và giải quyết vấn đề, Tư tưởng Hồ Chí Minh, An toàn mạng trong trường học, Ứng dụng AI trong giảng dạy","Viết lách, Học ngoại ngữ"
SV10674,Kỹ thuật máy tính,6.3,"Tin học cơ bản, Đo lường điện tử, Kỹ năng mềm, Điện tử viễn thông, Anten và sóng điện từ, Truyền thông quang, Triết học Mác-Lênin, Giáo dục thể chất, Tư duy logic và giải quyết vấn đề, Mạng viễn thông, Hệ thống nhúng nâng cao, Điện tử số, Xác suất thống kê, Kỹ thuật vi mạch, Toán cao cấp, Hệ thống điều khiển tự động, Kỹ thuật radar, Xử lý tín hiệu số, Hệ thống điện tử nhúng, Điện tử công suất, Giáo dục quốc phòng - An ninh","Big Data, Trí tuệ nhân tạo"
SV10675,Ngôn ngữ Nhật,6.9,"Văn học Nhật Bản, Giáo dục quốc phòng - An ninh, Kanji, Môn tự chọn 6, Tư duy logic và giải quyết vấn đề, Môn tự chọn 17, Tư tưởng Hồ Chí Minh, Tiếng Nhật cho du lịch, Môn tự chọn 2, Môn tự chọn 15, Kỹ năng mềm, Tin học cơ bản, Môn tự chọn 4, Kỹ năng nghe nói tiếng Nhật, Môn tự chọn 12, Ngữ âm học tiếng Nhật, Môn tự chọn 7, Xác suất thống kê, Văn hóa Nhật Bản, Môn tự chọn 16, Triết học Mác-Lênin, Môn tự chọn 14, Toán cao cấp, Môn tự chọn 10, Môn tự chọn 1, Môn tự chọn 8, Môn tự chọn 9, Dịch Nhật-Việt, Môn tự chọn 5, Giáo dục thể chất, Hiragana & Katakana, Ngữ pháp tiếng Nhật, Môn tự chọn 13, Tiếng Nhật kinh doanh, Môn tự chọn 11, Môn tự chọn 3, Giải tích, Tiếng Anh chuyên ngành","Viết lách, Machine Learning, Thiền"
SV10676,Fintech,6.6,"Kỹ năng mềm, Thiết kế giao diện người dùng, Cơ sở dữ liệu, Lập trình C/C++, Tư tưởng Hồ Chí Minh, Tin học cơ bản, Quản lý dự án CNTT, Mạng máy tính, Lập trình di động iOS/Android, Machine Learning với TensorFlow, Lập trình Python, Cấu trúc dữ liệu và Giải thuật, Big Data và Hadoop, Hệ thống nhúng, Giáo dục thể chất, Học sâu, Tư duy logic và giải quyết vấn đề",Cloud Computing
SV10677,Kỹ thuật y sinh,9.5,"Môn tự chọn 2, Môn tự chọn 8, Môn tự chọn 18, Giáo dục quốc phòng - An ninh, Toán cao cấp, Kỹ thuật mô sinh học, Tiếng Anh chuyên ngành, Kỹ thuật tế bào, Thiết bị y tế, Kỹ thuật y sinh, Triết học Mác-Lênin, Môn tự chọn 11, Môn tự chọn 13, Kỹ năng mềm, Môn tự chọn 3, Môn tự chọn 6, Môn tự chọn 4, Môn tự chọn 1, Môn tự chọn 10, Giải tích, Môn tự chọn 12, Môn tự chọn 7, Tư tưởng Hồ Chí Minh, Môn tự chọn 5, Môn tự chọn 19, Môn tự chọn 15, Môn tự chọn 9, Môn tự chọn 14, Môn tự chọn 16, Vật liệu sinh học, Sinh học phân tử, Công nghệ nano y sinh, Xác suất thống kê, Tư duy logic và giải quyết vấn đề, Công nghệ gen, Công nghệ sinh học ứng dụng, Môn tự chọn 17, Giáo dục thể chất, Hình ảnh y khoa, Tin học cơ bản",Cloud Computing
SV10678,Y khoa,8.6,"Môn tự chọn 7, Môn tự chọn 6, Miễn dịch học, Giáo dục quốc phòng - An ninh, Môn tự chọn 5, Sinh lý học, Dinh dưỡng học, Tư duy logic và giải quyết vấn đề, Tư tưởng Hồ Chí Minh, Vi sinh y học, Giáo dục thể chất, Môn tự chọn 8, Giải tích, Dược lâm sàng, Bệnh học truyền nhiễm, Kỹ năng mềm, Bệnh học nội khoa, Giải phẫu học, Hóa sinh y học, Dược lý lâm sàng, Môn tự chọn 1, Môn tự chọn 4, Xác suất thống kê, Tiếng Anh chuyên ngành, Tin học cơ bản, Toán cao cấp, Bệnh học ngoại khoa, Y học cổ truyền, Môn tự chọn 3, Môn tự chọn 2, Triết học Mác-Lênin, Dược lý học, Y học dự phòng","Chơi nhạc cụ, Game Development, Nhiếp ảnh, Kể chuyện"
SV10679,Khoa học máy tính,9,"Machine Learning với TensorFlow, Cloud Computing - AWS/Azure, An toàn thông tin, Cơ sở dữ liệu, Tin học cơ bản, Lập trình di động iOS/Android, Thiết kế giao diện người dùng, Xác suất thống kê, Mật mã học, Giáo dục quốc phòng - An ninh, Hệ điều hành, Kỹ thuật phần mềm nâng cao, Internet of Things, Lập trình web nâng cao, Kỹ năng mềm, Xử lý ngôn ngữ tự nhiên, Học máy, Hệ thống phân tán, DevOps và CI/CD, Cấu trúc dữ liệu và Giải thuật, Giải tích, Toán cao cấp, Triết học Mác-Lênin, Lập trình Java, Big Data và Hadoop, Giáo dục thể chất, Cyber Security nâng cao, Trí tuệ nhân tạo, Thị giác máy tính, Phát triển game, Hệ thống nhúng, Phát triển phần mềm doanh nghiệp, An ninh mạng cơ bản, Tư tưởng Hồ Chí Minh, Phát triển ứng dụng web, Phân tích và thiết kế hệ thống","Internet of Things, Thiết kế UI/UX, Blockchain"
SV10680,Âm nhạc học,8.4,"Xác suất thống kê, Giáo dục thể chất, Tiếng Anh chuyên ngành, Tin học cơ bản, Âm nhạc cổ điển phương Tây, Triết học Mác-Lênin, Giáo dục quốc phòng - An ninh, Phân tích tác phẩm âm nhạc, Biểu diễn nhạc cụ, Giải tích, Toán cao cấp, Tư tưởng Hồ Chí Minh, Tư duy logic và giải quyết vấn đề, Kỹ thuật thanh nhạc","Học ngoại ngữ, Du lịch khám phá, Âm nhạc"
SV10681,Kỹ thuật phần mềm,6.6,"Blockchain cơ bản, Phát triển ứng dụng web, Mạng máy tính, Hệ thống nhúng, An toàn thông tin, Trí tuệ nhân tạo, Lập trình web nâng cao, Phát triển phần mềm doanh nghiệp, Hệ điều hành, Thiết kế giao diện người dùng, Xử lý ngôn ngữ tự nhiên, Phát triển game, Lập trình Python, Lập trình hướng đối tượng, Triết học Mác-Lênin, Học máy, Lập trình Java, Phát triển ứng dụng di động","Trí tuệ nhân tạo, Lập trình, Game Development, Thiết kế UI/UX"
SV10682,Ngôn ngữ Anh,7.2,"Kỹ năng nói tiếng Anh, Tiếng Anh chuyên ngành pháp lý, Kỹ năng mềm, Môn tự chọn 6, Ngữ âm học tiếng Anh, Tư duy logic và giải quyết vấn đề, Môn tự chọn 7, Tiếng Anh cho kinh doanh, Môn tự chọn 1, Môn tự chọn 4, Giáo dục quốc phòng - An ninh, Văn học Anh, Giải tích, Phiên dịch hội nghị, Kỹ năng viết tiếng Anh, Tiếng Anh học thuật, Tin học cơ bản, Kỹ năng đọc hiểu tiếng Anh, Dịch Việt-Anh, Tiếng Anh chuyên ngành, Môn tự chọn 2, Môn tự chọn 5, Xác suất thống kê, Kỹ năng nghe tiếng Anh, Tư tưởng Hồ Chí Minh, Dịch Anh-Việt, Triết học Mác-Lênin, Tiếng Anh báo chí, Văn hóa Anh-Mỹ, Môn tự chọn 3, Tiếng Anh thương mại, Ngữ pháp tiếng Anh nâng cao, Toán cao cấp, Môn tự chọn 8, Giáo dục thể chất",Viết lách
SV10683,Trí tuệ nhân tạo và Học máy,8.2,"Mật mã học, Giải tích, Tiếng Anh chuyên ngành, Giáo dục quốc phòng - An ninh, Toán cao cấp, Lập trình hướng đối tượng, Lập trình di động iOS/Android, Hệ thống nhúng, Học máy, Tư duy logic và giải quyết vấn đề, Cyber Security nâng cao, Kỹ năng mềm, Triết học Mác-Lênin, Giáo dục thể chất, Phát triển phần mềm doanh nghiệp, Tin học cơ bản, Kiểm thử phần mềm, Machine Learning với TensorFlow, Phát triển ứng dụng web, Phát triển ứng dụng di động, Hệ thống phân tán, Blockchain cơ bản, Lập trình web nâng cao, Kỹ thuật phần mềm nâng cao, Lập trình Java, Internet of Things, Thị giác máy tính, Lập trình Python, Quản lý dự án CNTT","Lập trình, Internet of Things, Machine Learning, Cloud Computing"
SV10684,Kỹ thuật môi trường,6.5,"Xác suất thống kê, Triết học Mác-Lênin, Công nghệ xử lý nước, Kỹ năng mềm, Xử lý chất thải rắn, Kỹ thuật phản ứng hóa học, Hóa học công nghiệp, Giáo dục thể chất, Toán cao cấp, Ô nhiễm không khí, Kỹ thuật nhiệt hóa học, Tư tưởng Hồ Chí Minh, Hóa phân tích môi trường","Big Data, Phát triển web, Khoa học dữ liệu, Phát triển ứng dụng di động"
SV10685,Điều dưỡng,8.4,"Hóa sinh y học, Y học dự phòng, Dược lâm sàng, Tư duy logic và giải quyết vấn đề, Tiếng Anh chuyên ngành, Dược lý học, Triết học Mác-Lênin, Sinh lý học, Vi sinh y học, Giáo dục quốc phòng - An ninh, Xác suất thống kê, Kỹ năng mềm, Giải tích, Tin học cơ bản, Giải phẫu học","Thiết kế UI/UX, Chơi nhạc cụ, Học ngoại ngữ, Diễn thuyết"
SV10686,Y khoa,7.5,"Toán cao cấp, Dược lý học, Dược lâm sàng, Y học cổ truyền, Sinh lý học, Giáo dục quốc phòng - An ninh, Bệnh học ngoại khoa, Giải tích, Giải phẫu học, Triết học Mác-Lênin, Dược lý lâm sàng, Xác suất thống kê, Hóa sinh y học, Vi sinh y học, Tư tưởng Hồ Chí Minh, Tin học cơ bản, Y học dự phòng, Kỹ năng mềm, Giáo dục thể chất","Trí tuệ nhân tạo, Chơi nhạc cụ, Bán hàng, Thương mại điện tử"
SV10687,Kỹ thuật máy tính,7.3,"Tư tưởng Hồ Chí Minh, Giáo dục thể chất, Mạng không dây, Kỹ thuật vi mạch, Mạng viễn thông, Điện tử số, Toán cao cấp, Anten và sóng điện từ, Giải tích, Xác suất thống kê, Tin học cơ bản, Hệ thống điều khiển tự động, Tư duy logic và giải quyết vấn đề, Truyền thông quang, Kỹ năng mềm, Hệ thống nhúng nâng cao, Triết học Mác-Lênin, Hệ thống điện tử nhúng, Xử lý tín hiệu số, Truyền thông vô tuyến, Điện tử công suất, Điện tử năng lượng, Đo lường điện tử","Phân tích dữ liệu, Khởi nghiệp, Trí tuệ nhân tạo, DevOps"
SV10688,Blockchain và Tiền mã hóa,8.4,"Cơ sở dữ liệu, Trí tuệ nhân tạo, Giải tích, Toán cao cấp, Cấu trúc dữ liệu và Giải thuật, Thiết kế giao diện người dùng, Mạng máy tính, Lập trình Java, Hệ thống nhúng, An toàn thông tin, Cloud Computing - AWS/Azure, Kiểm thử phần mềm, Lập trình di động iOS/Android, Tiếng Anh chuyên ngành, Blockchain cơ bản","Đầu tư, Phân tích dữ liệu"
SV10689,Logistics và Quản lý chuỗi cung ứng,8.1,"Trí tuệ nhân tạo, Blockchain cơ bản, Cấu trúc dữ liệu và Giải thuật, Thị giác máy tính, Cyber Security nâng cao, Xác suất thống kê, Triết học Mác-Lênin, Tiếng Anh chuyên ngành, Lập trình Java, Phát triển game, Lập trình hướng đối tượng","Phân tích dữ liệu, Internet of Things, Phát triển ứng dụng di động"
SV10690,Thương mại điện tử,7.3,"Blockchain cơ bản, Lập trình hướng đối tượng, DevOps và CI/CD, Cloud Computing - AWS/Azure, Học sâu, Machine Learning với TensorFlow, Giải tích, Tư tưởng Hồ Chí Minh, Tin học cơ bản, Xác suất thống kê, Phát triển phần mềm doanh nghiệp, Triết học Mác-Lênin, Hệ thống phân tán, Kiểm thử phần mềm, Big Data và Hadoop, Phát triển game, Giáo dục quốc phòng - An ninh, Tiếng Anh chuyên ngành, Tư duy logic và giải quyết vấn đề, Cơ sở dữ liệu, Xử lý ngôn ngữ tự nhiên, Cấu trúc dữ liệu và Giải thuật, Phân tích và thiết kế hệ thống, Toán cao cấp, Internet of Things, Học máy, Lập trình Python, Mật mã học, Lập trình C/C++, Hệ thống nhúng, Kỹ năng mềm, Trí tuệ nhân tạo, Thiết kế giao diện người dùng, Cyber Security nâng cao, Thị giác máy tính, Giáo dục thể chất, Lập trình Java, Kỹ thuật phần mềm nâng cao, Phát triển ứng dụng web","Cyber Security, Internet of Things, DevOps, Robot học"
SV10691,Kỹ thuật môi trường,8.9,"Môn tự chọn 2, Môn tự chọn 3, Môn tự chọn 4, Kỹ thuật phản ứng hóa học, Tin học cơ bản, Hóa học công nghiệp, Kỹ thuật hóa học, Kỹ thuật nhiệt hóa học, Kỹ thuật polymer, Giáo dục thể chất, Giải tích, Hóa phân tích môi trường, Toán cao cấp, Giáo dục quốc phòng - An ninh, Ô nhiễm không khí, Công nghệ xử lý nước, Tư duy logic và giải quyết vấn đề, Môn tự chọn 5, Xác suất thống kê, Tiếng Anh chuyên ngành, Xử lý nước thải, Tư tưởng Hồ Chí Minh, Kỹ năng mềm, Môn tự chọn 1, Triết học Mác-Lênin, Xử lý chất thải rắn, Kỹ thuật môi trường","Big Data, Game Development"
SV10692,Kỹ thuật y sinh,6.6,"Hình ảnh y khoa, Kỹ năng mềm, Công nghệ gen, Tiếng Anh chuyên ngành, Sinh học phân tử, Vật liệu sinh học, Toán cao cấp, Giáo dục quốc phòng - An ninh, Tư tưởng Hồ Chí Minh, Môn tự chọn 3, Thiết bị y tế, Kỹ thuật y sinh, Tư duy logic và giải quyết vấn đề, Công nghệ sinh học ứng dụng, Môn tự chọn 1, Triết học Mác-Lênin, Kỹ thuật tế bào, Công nghệ nano y sinh, Tin học cơ bản, Kỹ thuật mô sinh học, Môn tự chọn 2, Giải tích, Xác suất thống kê, Giáo dục thể chất","Blockchain, Phân tích dữ liệu"
SV10693,Du lịch,8.3,"Lập trình di động iOS/Android, Thiết kế giao diện người dùng, Lập trình Python, DevOps và CI/CD, Phát triển ứng dụng web, Giáo dục quốc phòng - An ninh, Học máy, Phát triển ứng dụng di động, Quản lý dự án CNTT, Blockchain cơ bản, Cyber Security nâng cao, An toàn thông tin, Triết học Mác-Lênin, Phát triển phần mềm doanh nghiệp, Tin học cơ bản, Lập trình web nâng cao, Thị giác máy tính, Tư duy logic và giải quyết vấn đề, Giáo dục thể chất, Kiểm thử phần mềm, Phân tích và thiết kế hệ thống, Lập trình hướng đối tượng, Trí tuệ nhân tạo, Xử lý ngôn ngữ tự nhiên, Kỹ thuật phần mềm nâng cao, Toán cao cấp, Cơ sở dữ liệu, Giải tích, Machine Learning với TensorFlow","Robot học, Cyber Security, Blockchain, Phát triển web"
SV10694,Trí tuệ nhân tạo và Học máy,8.3,"Cơ sở dữ liệu, Lập trình Java, Tin học cơ bản, Phát triển ứng dụng di động, Trí tuệ nhân tạo, Kỹ thuật phần mềm nâng cao, Hệ thống nhúng, Kiểm thử phần mềm, Lập trình web nâng cao, Lập trình Python, DevOps và CI/CD, Blockchain cơ bản, Quản lý dự án CNTT, Triết học Mác-Lênin, Giáo dục quốc phòng - An ninh, Học máy, Phát triển ứng dụng web, Mạng máy tính, Kỹ năng mềm, Big Data và Hadoop, Phát triển game, Lập trình hướng đối tượng, Phát triển phần mềm doanh nghiệp, Thiết kế giao diện người dùng, Tư duy logic và giải quyết vấn đề, Tư tưởng Hồ Chí Minh, Thị giác máy tính, Tiếng Anh chuyên ngành, Cấu trúc dữ liệu và Giải thuật, Cyber Security nâng cao, Lập trình C/C++, An ninh mạng cơ bản, Mật mã học, Xử lý ngôn ngữ tự nhiên, Machine Learning với TensorFlow, Hệ điều hành, Cloud Computing - AWS/Azure","Khoa học dữ liệu, Internet of Things, Big Data, Phát triển web"
SV10695,Ngôn ngữ Nhật,7.4,"Dịch Nhật-Việt, Giáo dục thể chất, Văn học Nhật Bản, Môn tự chọn 11, Môn tự chọn 17, Môn tự chọn 4, Môn tự chọn 16, Môn tự chọn 1, Môn tự chọn 5, Tiếng Nhật kinh doanh, Tư tưởng Hồ Chí Minh, Toán cao cấp, Môn tự chọn 7, Môn tự chọn 12, Ngữ âm học tiếng Nhật, Môn tự chọn 2, Xác suất thống kê, Môn tự chọn 3, Tiếng Anh chuyên ngành, Giáo dục quốc phòng - An ninh, Môn tự chọn 13, Tư duy logic và giải quyết vấn đề, Môn tự chọn 18, Giải tích, Tin học cơ bản, Kỹ năng nghe nói tiếng Nhật, Văn hóa Nhật Bản, Môn tự chọn 9, Môn tự chọn 14, Tiếng Nhật cho du lịch, Hiragana & Katakana, Môn tự chọn 10, Kanji, Môn tự chọn 8, Môn tự chọn 15, Kỹ năng mềm, Môn tự chọn 6, Ngữ pháp tiếng Nhật, Triết học Mác-Lênin","Thơ ca, Khởi nghiệp, Lập trình, Phân tích dữ liệu, Phát triển web"
SV10696,Kỹ thuật y sinh,8,"Môn tự chọn 3, Xác suất thống kê, Kỹ thuật y sinh, Vật liệu sinh học, Môn tự chọn 1, Tin học cơ bản, Giáo dục quốc phòng - An ninh, Môn tự chọn 12, Môn tự chọn 2, Môn tự chọn 10, Môn tự chọn 13, Công nghệ gen, Giải tích, Công nghệ sinh học ứng dụng, Tư tưởng Hồ Chí Minh, Công nghệ nano y sinh, Triết học Mác-Lênin, Môn tự chọn 4, Tư duy logic và giải quyết vấn đề, Môn tự chọn 7, Môn tự chọn 9, Môn tự chọn 5, Toán cao cấp, Môn tự chọn 8, Kỹ năng mềm, Môn tự chọn 11, Kỹ thuật tế bào, Môn tự chọn 6, Hình ảnh y khoa, Thiết bị y tế, Tiếng Anh chuyên ngành, Giáo dục thể chất, Kỹ thuật mô sinh học, Sinh học phân tử","Game Development, Phân tích dữ liệu, Cloud Computing"
SV10697,Âm nhạc học,6.4,"Tư duy logic và giải quyết vấn đề, Phân tích tác phẩm âm nhạc, Kỹ thuật thanh nhạc, Tin học cơ bản, Toán cao cấp, Giải tích, Giáo dục quốc phòng - An ninh, Lịch sử âm nhạc, Âm nhạc lý thuyết, Âm nhạc dân gian Việt Nam, Âm nhạc cổ điển phương Tây, Kỹ năng mềm, Tiếng Anh chuyên ngành","Chơi nhạc cụ, Du lịch khám phá, Ẩm thực, Kể chuyện, Thiền"
SV10698,Fintech,8.6,"Lập trình C/C++, Học sâu, Kỹ thuật phần mềm nâng cao, Phát triển game, Giải tích, Lập trình web nâng cao, Mạng máy tính, Tin học cơ bản, Kỹ năng mềm, An toàn thông tin, Giáo dục thể chất, Lập trình Java","Internet of Things, Machine Learning"
SV10699,Kỹ thuật môi trường,7.5,"Hóa học công nghiệp, Môn tự chọn 1, Giáo dục quốc phòng - An ninh, Xử lý chất thải rắn, Kỹ thuật phản ứng hóa học, Môn tự chọn 7, Xử lý nước thải, Kỹ thuật nhiệt hóa học, Môn tự chọn 10, Kỹ thuật hóa học, Ô nhiễm không khí, Công nghệ xử lý nước, Môn tự chọn 2, Tư tưởng Hồ Chí Minh, Triết học Mác-Lênin, Kỹ thuật polymer, Tin học cơ bản, Môn tự chọn 5, Giáo dục thể chất, Môn tự chọn 3, Kỹ năng mềm, Toán cao cấp, Môn tự chọn 9, Môn tự chọn 8, Kỹ thuật môi trường, Tiếng Anh chuyên ngành, Giải tích, Tư duy logic và giải quyết vấn đề, Môn tự chọn 6, Hóa phân tích môi trường, Môn tự chọn 4, Xác suất thống kê","Cyber Security, Robot học, Blockchain, Khoa học dữ liệu, Viết lách"
SV10700,Kỹ thuật điện,7.2,"Giải tích, Môn tự chọn 9, Toán cao cấp, Môn tự chọn 7, Môn tự chọn 1, Kỹ năng mềm, Xác suất thống kê, Tiếng Anh chuyên ngành, Đo lường điện tử, Truyền thông vô tuyến, Giáo dục thể chất, Giáo dục quốc phòng - An ninh, Xử lý tín hiệu số, Truyền thông quang, Môn tự chọn 8, Môn tự chọn 4, Anten và sóng điện từ, Truyền thông số, Điện tử cơ bản, Môn tự chọn 10, Kỹ thuật vi mạch, Điện tử năng lượng, Điện tử viễn thông, Điện tử số, Tư duy logic và giải quyết vấn đề, Tư tưởng Hồ Chí Minh, Mạng viễn thông, Hệ thống điều khiển tự động, Kỹ thuật radar, Mạng không dây, Môn tự chọn 6, Hệ thống nhúng nâng cao, Hệ thống điện tử nhúng, Tin học cơ bản, Môn tự chọn 5, Triết học Mác-Lênin, Môn tự chọn 3, Môn tự chọn 11, Điện tử công suất, Môn tự chọn 2",Phát triển ứng dụng di động
SV10701,Kỹ thuật môi trường,8.7,"Môn tự chọn 8, Kỹ thuật nhiệt hóa học, Kỹ thuật hóa học, Kỹ thuật polymer, Môn tự chọn 3, Giải tích, Xử lý chất thải rắn, Hóa phân tích môi trường, Xác suất thống kê, Hóa học công nghiệp, Môn tự chọn 5, Triết học Mác-Lênin, Kỹ thuật môi trường, Môn tự chọn 4, Tư tưởng Hồ Chí Minh, Kỹ năng mềm, Giáo dục thể chất, Tin học cơ bản, Môn tự chọn 7, Môn tự chọn 2, Giáo dục quốc phòng - An ninh, Toán cao cấp, Xử lý nước thải, Ô nhiễm không khí, Kỹ thuật phản ứng hóa học, Môn tự chọn 6, Công nghệ xử lý nước, Môn tự chọn 1, Tư duy logic và giải quyết vấn đề, Tiếng Anh chuyên ngành","Phát triển web, Internet of Things, Robot học, Lập trình, Game Development"
SV10702,Kỹ thuật phần mềm,7,"Triết học Mác-Lênin, Cloud Computing - AWS/Azure, An toàn thông tin, Internet of Things, Quản lý dự án CNTT, Lập trình hướng đối tượng, Phát triển phần mềm doanh nghiệp, Lập trình di động iOS/Android, Lập trình C/C++, Học sâu, Thị giác máy tính, Tin học cơ bản, Phân tích và thiết kế hệ thống, Giáo dục thể chất, Kiểm thử phần mềm, Lập trình Python, Phát triển ứng dụng web, Phát triển ứng dụng di động, Blockchain cơ bản, Tư duy logic và giải quyết vấn đề, Mạng máy tính, Trí tuệ nhân tạo, Toán cao cấp, Hệ thống phân tán, Cơ sở dữ liệu, Big Data và Hadoop, Hệ thống nhúng, Kỹ thuật phần mềm nâng cao, Cyber Security nâng cao, Machine Learning với TensorFlow, Cấu trúc dữ liệu và Giải thuật, Lập trình Java, Phát triển game, Mật mã học, Học máy, DevOps và CI/CD, Thiết kế giao diện người dùng, Xác suất thống kê","Cyber Security, Thiết kế UI/UX"
SV10703,Báo chí,6.3,"Hệ thống phân tán, Lập trình hướng đối tượng, Giáo dục thể chất, Lập trình Python, An ninh mạng cơ bản, Phân tích và thiết kế hệ thống, Trí tuệ nhân tạo, Tư tưởng Hồ Chí Minh, Giải tích, Internet of Things, Cơ sở dữ liệu, Machine Learning với TensorFlow, Tiếng Anh chuyên ngành, Phát triển ứng dụng web, Hệ thống nhúng, Phát triển ứng dụng di động, Cloud Computing - AWS/Azure, Kiểm thử phần mềm, Tư duy logic và giải quyết vấn đề, Lập trình web nâng cao, Toán cao cấp, Big Data và Hadoop, Mạng máy tính, Thiết kế giao diện người dùng, Triết học Mác-Lênin, DevOps và CI/CD, Phát triển phần mềm doanh nghiệp, Học máy, Hệ điều hành, Mật mã học","Machine Learning, Phân tích dữ liệu, Phát triển ứng dụng di động"
SV10704,Thiết kế đồ họa,6.1,"Giải tích, Triết học Mác-Lênin, Môn tự chọn 3, Tư tưởng Hồ Chí Minh, Tin học cơ bản, Môn tự chọn 6, Môn tự chọn 5, Tiếng Anh chuyên ngành, Môn tự chọn 7, Môn tự chọn 9, Xác suất thống kê, Giáo dục thể chất, Kỹ năng mềm, Môn tự chọn 2, Môn tự chọn 8, Toán cao cấp, Môn tự chọn 1, Giáo dục quốc phòng - An ninh, Tư duy logic và giải quyết vấn đề, Môn tự chọn 4","Nhiếp ảnh, Viết lách, Thơ ca, Vẽ tranh"
SV10705,Sư phạm Lịch sử,8.3,"Toán cao cấp, Lịch sử thế giới cổ đại, Tư tưởng Hồ Chí Minh, Giải tích, Giáo dục thể chất, Lịch sử thế giới hiện đại, Tư duy logic và giải quyết vấn đề, Triết học Mác-Lênin, Phân tích sự kiện lịch sử, Lịch sử Việt Nam cổ đại, Giáo dục quốc phòng - An ninh, Phương pháp giảng dạy Lịch sử, Xác suất thống kê, Lịch sử Đảng Cộng sản Việt Nam","Đọc sách, Chơi nhạc cụ, Kể chuyện"
SV10706,Sư phạm Ngữ văn,6.4,"Giải tích, Tư duy logic và giải quyết vấn đề, Xác suất thống kê, Tiếng Anh chuyên ngành, Phương pháp dạy văn lớp 12, Văn học hiện đại Việt Nam, Văn học dân gian, Lí luận văn học, Lịch sử văn học thế giới, Giáo dục thể chất, Triết học Mác-Lênin, Văn học Việt Nam hiện đại","Khiêu vũ, Kể chuyện, Vẽ tranh, Chơi nhạc cụ"
SV10707,Kỹ thuật hóa học,9.5,"Tiếng Anh chuyên ngành, Xử lý chất thải rắn, Giáo dục quốc phòng - An ninh, Kỹ thuật hóa học, Ô nhiễm không khí, Triết học Mác-Lênin, Hóa phân tích môi trường, Tư duy logic và giải quyết vấn đề, Tin học cơ bản, Hóa học công nghiệp, Giải tích, Kỹ thuật nhiệt hóa học, Kỹ thuật phản ứng hóa học, Kỹ năng mềm, Xử lý nước thải, Công nghệ xử lý nước, Kỹ thuật polymer, Xác suất thống kê, Kỹ thuật môi trường","Khoa học dữ liệu, Internet of Things, Big Data, Cloud Computing, Lập trình"
SV10708,Ngôn ngữ Hàn Quốc,5.6,"Tư tưởng Hồ Chí Minh, Tin học cơ bản, Toán cao cấp, Hangeul, Dịch Hàn-Việt, Lịch sử Hàn Quốc, Tư duy logic và giải quyết vấn đề, Giáo dục quốc phòng - An ninh, Giáo dục thể chất, Kỹ năng nghe nói tiếng Hàn, Ngữ âm học tiếng Hàn, K-pop và văn hóa đại chúng Hàn, Tiếng Hàn thương mại, Tiếng Anh chuyên ngành, Triết học Mác-Lênin, Văn hóa Hàn Quốc, Từ vựng tiếng Hàn, Giải tích, Ngữ pháp tiếng Hàn, Kỹ năng mềm","Nhiếp ảnh, Game Development, Quản trị dự án, Bán hàng"
SV10709,Ngôn ngữ Hàn Quốc,9.4,"Xác suất thống kê, Toán cao cấp, Hangeul, Dịch Hàn-Việt, Giáo dục quốc phòng - An ninh, Kỹ năng nghe nói tiếng Hàn, Tin học cơ bản, Ngữ âm học tiếng Hàn, Ngữ pháp tiếng Hàn, Lịch sử Hàn Quốc, Tiếng Anh chuyên ngành, Tư duy logic và giải quyết vấn đề, Từ vựng tiếng Hàn, Kỹ năng mềm, Giải tích, Văn hóa Hàn Quốc, Tư tưởng Hồ Chí Minh, Tiếng Hàn thương mại","Marketing số, Big Data, Vẽ tranh, Thương mại điện tử"
SV10710,Kỹ thuật máy tính,7.9,"Giáo dục thể chất, Mạng viễn thông, Xác suất thống kê, Kỹ thuật radar, Giải tích, Điện tử viễn thông, Anten và sóng điện từ, Triết học Mác-Lênin, Hệ thống điện tử nhúng, Hệ thống nhúng nâng cao, Mạng không dây, Điện tử cơ bản, Truyền thông vô tuyến, Truyền thông số, Truyền thông quang, Kỹ thuật vi mạch, Tiếng Anh chuyên ngành, Hệ thống điều khiển tự động, Đo lường điện tử, Tư tưởng Hồ Chí Minh, Kỹ năng mềm","Cyber Security, Internet of Things, Phân tích dữ liệu, Khoa học dữ liệu"
SV10711,Khoa học máy tính,7.6,"Cấu trúc dữ liệu và Giải thuật, Mật mã học, Giải tích, Hệ thống phân tán, Internet of Things, Quản lý dự án CNTT, Lập trình C/C++, Kiểm thử phần mềm, Tin học cơ bản, An toàn thông tin, Kỹ năng mềm, Học máy, Lập trình Java, Big Data và Hadoop, Tiếng Anh chuyên ngành, Lập trình web nâng cao, Machine Learning với TensorFlow","Blockchain, Machine Learning, Thiết kế UI/UX, Khoa học dữ liệu"
SV10712,Kỹ thuật xây dựng,7.2,"Cơ sở hạ tầng đô thị, Môn tự chọn 6, Thiết kế đô thị, Môn tự chọn 1, Môn tự chọn 11, Môn tự chọn 4, Kết cấu bê tông cốt thép, Kiến trúc cảnh quan, Vật liệu xây dựng, Tiếng Anh chuyên ngành, Môn tự chọn 3, Tin học cơ bản, Môn tự chọn 8, Môn tự chọn 16, Môn tự chọn 13, Môn tự chọn 5, Giáo dục quốc phòng - An ninh, Môn tự chọn 14, Tư duy logic và giải quyết vấn đề, Kỹ thuật xây dựng, Môn tự chọn 12, Môn tự chọn 7, Môn tự chọn 15, Cầu và đường, Môn tự chọn 17, Môn tự chọn 10, Môn tự chọn 9, Toán cao cấp, Thiết kế kiến trúc nội thất, Kỹ năng mềm, Triết học Mác-Lênin, Kỹ thuật địa kỹ thuật, Môn tự chọn 2, Tư tưởng Hồ Chí Minh, Xác suất thống kê, Quản lý dự án xây dựng, Giáo dục thể chất, Công trình ngầm, Giải tích, Kết cấu thép","Phát triển web, Phân tích dữ liệu, Bán hàng, Robot học, Cloud Computing"
SV10713,Âm nhạc học,8.1,"Âm nhạc lý thuyết, Tư tưởng Hồ Chí Minh, Kỹ thuật thanh nhạc, Giáo dục thể chất, Âm nhạc hiện đại, Âm nhạc dân gian Việt Nam, Kỹ năng mềm, Môn tự chọn 4, Môn tự chọn 2, Giáo dục quốc phòng - An ninh, Triết học Mác-Lênin, Xác suất thống kê, Tư duy logic và giải quyết vấn đề, Soạn nhạc cơ bản, Lịch sử âm nhạc, Hòa âm, Âm nhạc cổ điển phương Tây, Biểu diễn nhạc cụ, Phân tích tác phẩm âm nhạc, Môn tự chọn 1, Tin học cơ bản, Môn tự chọn 3, Tiếng Anh chuyên ngành, Toán cao cấp, Giải tích",Học ngoại ngữ
SV10714,Hệ thống thông tin,7.7,"Phát triển phần mềm doanh nghiệp, Mật mã học, Lập trình Java, Big Data và Hadoop, Trí tuệ nhân tạo, Thiết kế giao diện người dùng, Blockchain cơ bản, Kỹ năng mềm, Lập trình hướng đối tượng, DevOps và CI/CD, Cyber Security nâng cao, Cơ sở dữ liệu, Quản lý dự án CNTT, Triết học Mác-Lênin, Tư duy logic và giải quyết vấn đề, Xử lý ngôn ngữ tự nhiên, Tư tưởng Hồ Chí Minh, Lập trình Python, Hệ điều hành, An toàn thông tin","Cloud Computing, Phân tích dữ liệu, Cyber Security, Machine Learning, Lập trình"
SV10715,Âm nhạc học,8.8,"Âm nhạc lý thuyết, Giải tích, Tiếng Anh chuyên ngành, Môn tự chọn 2, Hòa âm, Âm nhạc hiện đại, Toán cao cấp, Phân tích tác phẩm âm nhạc, Lịch sử âm nhạc, Môn tự chọn 12, Môn tự chọn 3, Môn tự chọn 6, Tư tưởng Hồ Chí Minh, Biểu diễn nhạc cụ, Triết học Mác-Lênin, Kỹ năng mềm, Tin học cơ bản, Môn tự chọn 9, Môn tự chọn 7, Môn tự chọn 10, Âm nhạc cổ điển phương Tây, Giáo dục quốc phòng - An ninh, Môn tự chọn 11, Môn tự chọn 1, Môn tự chọn 5, Soạn nhạc cơ bản, Xác suất thống kê, Giáo dục thể chất, Tư duy logic và giải quyết vấn đề, Môn tự chọn 13, Môn tự chọn 4, Âm nhạc dân gian Việt Nam, Kỹ thuật thanh nhạc, Môn tự chọn 8","Du lịch khám phá, Vẽ tranh, Yoga, Diễn thuyết"
SV10716,Sư phạm Tin học,7.8,"Phát triển bài giảng Tin học, Kỹ năng mềm, Môn tự chọn 10, Quản lý lớp học CNTT, Đánh giá học tập Tin học, Ứng dụng AI trong giảng dạy, Môn tự chọn 12, Công nghệ thông tin trong giáo dục, Giáo dục quốc phòng - An ninh, Lập trình cơ bản cho giáo viên, Tư duy logic và giải quyết vấn đề, Tiếng Anh chuyên ngành, Môn tự chọn 2, Lập trình Scratch cho học sinh, Toán cao cấp, Môn tự chọn 7, Môn tự chọn 11, Lập trình Python cho giáo viên, Phương pháp giảng dạy Tin học, Dạy học Tin học phổ thông, Môn tự chọn 5, Triết học Mác-Lênin, Môn tự chọn 1, Môn tự chọn 8, Giải tích, Giáo dục thể chất, Phần mềm giáo dục, Môn tự chọn 6, Xác suất thống kê, Môn tự chọn 3, Tin học cơ bản, An toàn mạng trong trường học, Môn tự chọn 9, Tư tưởng Hồ Chí Minh, Giáo dục kỹ năng số, Môn tự chọn 4, Môn tự chọn 14, Môn tự chọn 13, Thiết kế khóa học trực tuyến, Môn tự chọn 15","Yoga, Chơi nhạc cụ, Thiền"
SV10717,Báo chí,7.9,"Tiếng Anh chuyên ngành, Thiết kế giao diện người dùng, Triết học Mác-Lênin, Phân tích và thiết kế hệ thống, An toàn thông tin, Phát triển phần mềm doanh nghiệp, Giải tích, Toán cao cấp, Thị giác máy tính, Cơ sở dữ liệu","Cyber Security, Phân tích dữ liệu, Phát triển web"
SV10718,Kế toán,7.3,"Kế toán quản trị, Xác suất thống kê, Marketing cơ bản, Quản trị nhân sự, Kinh tế phát triển, Tin học cơ bản, Tư duy logic và giải quyết vấn đề, Logistics, Tài chính doanh nghiệp, Giải tích","Khởi nghiệp, Kinh doanh quốc tế"
SV10719,Ngôn ngữ Trung Quốc,7.6,"Môn tự chọn 9, Văn học cổ điển Trung Quốc, Tiếng Trung thương mại, Môn tự chọn 10, Môn tự chọn 7, Môn tự chọn 3, Môn tự chọn 4, Môn tự chọn 1, Giáo dục quốc phòng - An ninh, Tin học cơ bản, Triết học Mác-Lênin, Ngữ âm học tiếng Trung, Môn tự chọn 2, Hán tự học, Giải tích, Văn hóa Trung Quốc, Tư duy logic và giải quyết vấn đề, Môn tự chọn 6, Toán cao cấp, Hán ngữ hiện đại, Môn tự chọn 11, Ngữ pháp tiếng Trung, Môn tự chọn 5, Tiếng Trung kinh tế, Giáo dục thể chất, Kỹ năng mềm, Dịch Trung-Việt, Kỹ năng nghe nói tiếng Trung, Tiếng Anh chuyên ngành, Tư tưởng Hồ Chí Minh, Môn tự chọn 8, Xác suất thống kê","Thơ ca, Phát triển ứng dụng di động, Cyber Security, Robot học"
SV10720,Báo chí,8,"Toán cao cấp, Lập trình di động iOS/Android, Tư tưởng Hồ Chí Minh, Triết học Mác-Lênin, Cyber Security nâng cao, Internet of Things, Lập trình hướng đối tượng, Kỹ thuật phần mềm nâng cao, An toàn thông tin, Học sâu, Phát triển ứng dụng web, An ninh mạng cơ bản, Blockchain cơ bản, Cấu trúc dữ liệu và Giải thuật, Học máy, Hệ thống nhúng, Big Data và Hadoop, Hệ điều hành, Phân tích và thiết kế hệ thống, Giáo dục thể chất, Phát triển game, Kỹ năng mềm, Lập trình C/C++, Giải tích, Giáo dục quốc phòng - An ninh, Lập trình Java, Machine Learning với TensorFlow, Tin học cơ bản","Internet of Things, Game Development, Big Data, Blockchain"
SV10721,Blockchain và Tiền mã hóa,6,"Trí tuệ nhân tạo, Lập trình di động iOS/Android, Blockchain cơ bản, Giải tích, Machine Learning với TensorFlow, Hệ điều hành, Cyber Security nâng cao, Lập trình web nâng cao, Thiết kế giao diện người dùng, Học sâu, Phát triển ứng dụng web","Phát triển web, Big Data, DevOps, Cloud Computing"
SV10722,Ngôn ngữ Nhật,6.4,"Văn hóa Nhật Bản, Tư tưởng Hồ Chí Minh, Giáo dục thể chất, Hiragana & Katakana, Kỹ năng nghe nói tiếng Nhật, Môn tự chọn 4, Tư duy logic và giải quyết vấn đề, Môn tự chọn 7, Kanji, Môn tự chọn 14, Giải tích, Môn tự chọn 2, Giáo dục quốc phòng - An ninh, Môn tự chọn 15, Triết học Mác-Lênin, Dịch Nhật-Việt, Xác suất thống kê, Môn tự chọn 9, Ngữ pháp tiếng Nhật, Môn tự chọn 6, Tin học cơ bản, Toán cao cấp, Môn tự chọn 5, Môn tự chọn 3, Kỹ năng mềm, Tiếng Nhật kinh doanh, Môn tự chọn 1, Môn tự chọn 10, Môn tự chọn 17, Văn học Nhật Bản, Môn tự chọn 8, Môn tự chọn 16, Tiếng Anh chuyên ngành, Ngữ âm học tiếng Nhật, Môn tự chọn 12, Tiếng Nhật cho du lịch, Môn tự chọn 13, Môn tự chọn 11","Khiêu vũ, Kể chuyện, Game Development"
SV10723,Sư phạm Lịch sử,8.4,"Toán cao cấp, Xác suất thống kê, Dạy học lịch sử phổ thông, Triết học Mác-Lênin, Giáo dục thể chất, Lịch sử văn hóa Việt Nam, Lịch sử Đảng Cộng sản Việt Nam, Phân tích sự kiện lịch sử, Tiếng Anh chuyên ngành, Lịch sử Việt Nam cổ đại, Môn tự chọn 1, Lịch sử thế giới hiện đại, Lịch sử thế giới cổ đại, Tư duy logic và giải quyết vấn đề, Phương pháp giảng dạy Lịch sử, Giải tích, Tin học cơ bản, Giáo dục quốc phòng - An ninh, Kỹ năng mềm, Lịch sử Việt Nam hiện đại, Tư tưởng Hồ Chí Minh",Ẩm thực
SV10724,Khoa học dữ liệu,7.9,"Tin học cơ bản, Kỹ thuật phần mềm nâng cao, Cơ sở dữ liệu, Lập trình hướng đối tượng, Blockchain cơ bản, Lập trình di động iOS/Android, Cloud Computing - AWS/Azure, Kỹ năng mềm, Tiếng Anh chuyên ngành, Học máy, Lập trình C/C++, Thị giác máy tính, Lập trình Python, Tư tưởng Hồ Chí Minh, Triết học Mác-Lênin, Phát triển ứng dụng web, Xác suất thống kê, Phân tích và thiết kế hệ thống, Cyber Security nâng cao, Thiết kế giao diện người dùng, Lập trình web nâng cao, Kiểm thử phần mềm, Big Data và Hadoop, Tư duy logic và giải quyết vấn đề, Giáo dục thể chất, DevOps và CI/CD, An toàn thông tin, Xử lý ngôn ngữ tự nhiên, Quản lý dự án CNTT, Hệ điều hành, Phát triển ứng dụng di động, Hệ thống phân tán, Toán cao cấp, Phát triển game, Lập trình Java, An ninh mạng cơ bản, Học sâu, Machine Learning với TensorFlow, Cấu trúc dữ liệu và Giải thuật","Internet of Things, Thiết kế UI/UX, Cloud Computing"
SV10725,Sư phạm Lịch sử,7.5,"Toán cao cấp, Tư tưởng Hồ Chí Minh, Môn tự chọn 4, Giải tích, Môn tự chọn 15, Tư duy logic và giải quyết vấn đề, Môn tự chọn 18, Môn tự chọn 10, Lịch sử Đảng Cộng sản Việt Nam, Lịch sử văn hóa Việt Nam, Môn tự chọn 7, Tiếng Anh chuyên ngành, Môn tự chọn 17, Môn tự chọn 1, Môn tự chọn 13, Xác suất thống kê, Dạy học lịch sử phổ thông, Môn tự chọn 6, Môn tự chọn 5, Giáo dục thể chất, Lịch sử Việt Nam hiện đại, Phương pháp giảng dạy Lịch sử, Lịch sử Việt Nam cổ đại, Lịch sử thế giới cổ đại, Môn tự chọn 3, Lịch sử thế giới hiện đại, Môn tự chọn 11, Kỹ năng mềm, Môn tự chọn 8, Tin học cơ bản, Giáo dục quốc phòng - An ninh, Phân tích sự kiện lịch sử, Môn tự chọn 14, Môn tự chọn 12, Môn tự chọn 16, Môn tự chọn 19, Triết học Mác-Lênin, Môn tự chọn 2, Môn tự chọn 9","Thiền, Du lịch khám phá, Yoga, Kể chuyện, Đọc sách"
SV10726,Thương mại điện tử,7.7,"Giáo dục quốc phòng - An ninh, Triết học Mác-Lênin, Kiểm thử phần mềm, Lập trình Java, Cyber Security nâng cao, DevOps và CI/CD, Lập trình Python, Hệ điều hành, Cấu trúc dữ liệu và Giải thuật, Kỹ năng mềm, Tiếng Anh chuyên ngành, Thiết kế giao diện người dùng, Mạng máy tính, Cơ sở dữ liệu, Cloud Computing - AWS/Azure, Giải tích, Học sâu, Quản lý dự án CNTT, Học máy, Tin học cơ bản, Lập trình web nâng cao, Hệ thống nhúng, Internet of Things, Phát triển ứng dụng di động, Lập trình di động iOS/Android, Thị giác máy tính, An toàn thông tin, Phát triển game, Kỹ thuật phần mềm nâng cao, Trí tuệ nhân tạo, Phát triển phần mềm doanh nghiệp","Phân tích dữ liệu, Khoa học dữ liệu, Internet of Things"
SV10727,Quan hệ quốc tế,8,"Tư tưởng Hồ Chí Minh, Xác suất thống kê, Cấu trúc dữ liệu và Giải thuật, Lập trình Java, Tiếng Anh chuyên ngành, Lập trình C/C++, Tin học cơ bản, Lập trình di động iOS/Android, Cloud Computing - AWS/Azure, Mật mã học, Xử lý ngôn ngữ tự nhiên","Big Data, Thiết kế UI/UX"
SV10728,Y khoa,7.2,"Bệnh học nội khoa, Hóa sinh y học, Dược lý học, Giáo dục quốc phòng - An ninh, Tư tưởng Hồ Chí Minh, Tư duy logic và giải quyết vấn đề, Giải tích, Kỹ năng mềm, Vi sinh y học, Tin học cơ bản, Xác suất thống kê, Dược lâm sàng, Y học dự phòng, Toán cao cấp, Dinh dưỡng học, Giải phẫu học, Miễn dịch học, Bệnh học truyền nhiễm, Giáo dục thể chất, Tiếng Anh chuyên ngành, Sinh lý học, Bệnh học ngoại khoa","Làm video, Thương mại điện tử, Chơi nhạc cụ"
SV10729,Báo chí,6.9,"Hệ thống nhúng, Phát triển game, Kiểm thử phần mềm, Học máy, Giải tích, Big Data và Hadoop, Phát triển ứng dụng di động, Cyber Security nâng cao, Tư duy logic và giải quyết vấn đề, Hệ thống phân tán, Xử lý ngôn ngữ tự nhiên, Trí tuệ nhân tạo, Mật mã học, Lập trình hướng đối tượng, Lập trình Java, Tư tưởng Hồ Chí Minh, Phát triển ứng dụng web, Thị giác máy tính, Cơ sở dữ liệu","Thiết kế UI/UX, Phát triển web, Blockchain, Khoa học dữ liệu, Cyber Security"
SV10730,Logistics và Quản lý chuỗi cung ứng,7.9,"Phát triển phần mềm doanh nghiệp, Internet of Things, Machine Learning với TensorFlow, Lập trình Python, Kiểm thử phần mềm, Kỹ thuật phần mềm nâng cao, Phát triển ứng dụng web, Tư tưởng Hồ Chí Minh, Xác suất thống kê, Hệ thống phân tán, Xử lý ngôn ngữ tự nhiên, Phát triển game, Phát triển ứng dụng di động, An ninh mạng cơ bản, Giáo dục quốc phòng - An ninh, Blockchain cơ bản, Học máy, Hệ điều hành, Lập trình hướng đối tượng, Cơ sở dữ liệu, Phân tích và thiết kế hệ thống, Quản lý dự án CNTT, An toàn thông tin, Thị giác máy tính, Mật mã học, Mạng máy tính, Cloud Computing - AWS/Azure, Học sâu, DevOps và CI/CD, Triết học Mác-Lênin, Toán cao cấp, Cyber Security nâng cao, Thiết kế giao diện người dùng, Giải tích, Giáo dục thể chất, Big Data và Hadoop",Khoa học dữ liệu
SV10731,Ngôn ngữ Hàn Quốc,6.7,"Môn tự chọn 10, Môn tự chọn 5, Dịch Hàn-Việt, Môn tự chọn 9, Tư tưởng Hồ Chí Minh, Môn tự chọn 2, Môn tự chọn 4, Toán cao cấp, Kỹ năng mềm, Ngữ pháp tiếng Hàn, Giáo dục quốc phòng - An ninh, Giải tích, Môn tự chọn 7, Môn tự chọn 11, Ngữ âm học tiếng Hàn, Môn tự chọn 1, Từ vựng tiếng Hàn, Giáo dục thể chất, Kỹ năng nghe nói tiếng Hàn, Văn hóa Hàn Quốc, Triết học Mác-Lênin, Môn tự chọn 6, Lịch sử Hàn Quốc, K-pop và văn hóa đại chúng Hàn, Tiếng Hàn thương mại, Xác suất thống kê, Môn tự chọn 3, Tư duy logic và giải quyết vấn đề, Tiếng Anh chuyên ngành, Tin học cơ bản, Môn tự chọn 8, Hangeul","Âm nhạc, Marketing số, Machine Learning"
SV10732,Ngôn ngữ Anh,8.1,"Tiếng Anh chuyên ngành, Kỹ năng nghe tiếng Anh, Triết học Mác-Lênin, Kỹ năng đọc hiểu tiếng Anh, Ngữ âm học tiếng Anh, Tiếng Anh chuyên ngành pháp lý, Ngữ pháp tiếng Anh nâng cao, Giáo dục quốc phòng - An ninh, Phiên dịch hội nghị, Văn học Anh, Tư tưởng Hồ Chí Minh, Giáo dục thể chất, Tin học cơ bản, Tiếng Anh cho kinh doanh, Kỹ năng nói tiếng Anh, Giải tích, Kỹ năng viết tiếng Anh, Tiếng Anh học thuật, Xác suất thống kê, Dịch Việt-Anh, Dịch Anh-Việt, Kỹ năng mềm, Toán cao cấp, Tiếng Anh báo chí","Marketing số, Học ngoại ngữ"
SV10733,Kỹ thuật y sinh,6,"Tư tưởng Hồ Chí Minh, Công nghệ gen, Giáo dục quốc phòng - An ninh, Toán cao cấp, Vật liệu sinh học, Thiết bị y tế, Môn tự chọn 4, Sinh học phân tử, Môn tự chọn 8, Kỹ thuật y sinh, Môn tự chọn 1, Xác suất thống kê, Môn tự chọn 13, Môn tự chọn 3, Giáo dục thể chất, Kỹ thuật mô sinh học, Môn tự chọn 9, Môn tự chọn 14, Kỹ năng mềm, Tư duy logic và giải quyết vấn đề, Triết học Mác-Lênin, Môn tự chọn 12, Môn tự chọn 15, Môn tự chọn 6, Công nghệ sinh học ứng dụng, Tin học cơ bản, Môn tự chọn 11, Công nghệ nano y sinh, Môn tự chọn 5, Kỹ thuật tế bào, Môn tự chọn 10, Hình ảnh y khoa, Môn tự chọn 7, Môn tự chọn 2, Tiếng Anh chuyên ngành, Giải tích","Phát triển ứng dụng di động, Cyber Security, Phát triển web"
SV10734,Kỹ thuật phần mềm,8.7,"Lập trình Java, Lập trình C/C++, Phát triển ứng dụng di động, Hệ điều hành, Hệ thống phân tán, Tư tưởng Hồ Chí Minh, Lập trình web nâng cao, Học sâu, Tư duy logic và giải quyết vấn đề, Big Data và Hadoop, Học máy, Phát triển phần mềm doanh nghiệp, An toàn thông tin, Phát triển game, Kỹ năng mềm, Trí tuệ nhân tạo, Tiếng Anh chuyên ngành, Giải tích, Cloud Computing - AWS/Azure","Lập trình, Internet of Things, Phân tích dữ liệu"
SV10735,Công nghệ sinh học,8.2,"Sinh học phân tử, Tư tưởng Hồ Chí Minh, Hình ảnh y khoa, Thiết bị y tế, Vật liệu sinh học, Giáo dục quốc phòng - An ninh, Kỹ thuật y sinh, Công nghệ sinh học ứng dụng, Kỹ năng mềm, Tin học cơ bản, Công nghệ gen, Giáo dục thể chất, Kỹ thuật tế bào, Tư duy logic và giải quyết vấn đề, Giải tích, Tiếng Anh chuyên ngành, Toán cao cấp, Triết học Mác-Lênin, Kỹ thuật mô sinh học, Xác suất thống kê","Big Data, Thiết kế UI/UX, Trí tuệ nhân tạo, Cyber Security"
SV10736,Hệ thống thông tin,8,"Kỹ năng mềm, Cloud Computing - AWS/Azure, Internet of Things, Trí tuệ nhân tạo, Giáo dục quốc phòng - An ninh, Học sâu, Kiểm thử phần mềm, Thị giác máy tính, Phát triển ứng dụng web, Lập trình Java, Xác suất thống kê, Cấu trúc dữ liệu và Giải thuật, Giáo dục thể chất, Cyber Security nâng cao, An ninh mạng cơ bản, Quản lý dự án CNTT, Xử lý ngôn ngữ tự nhiên, Tiếng Anh chuyên ngành, Triết học Mác-Lênin, Kỹ thuật phần mềm nâng cao, Lập trình hướng đối tượng, Học máy, Giải tích, Lập trình di động iOS/Android, Phân tích và thiết kế hệ thống, Lập trình Python, Lập trình C/C++, Mạng máy tính, Hệ thống nhúng, Cơ sở dữ liệu, An toàn thông tin, Lập trình web nâng cao","Big Data, Lập trình"
SV10737,Logistics và Quản lý chuỗi cung ứng,8.7,"Hệ thống nhúng, Kỹ năng mềm, Kỹ thuật phần mềm nâng cao, Tư tưởng Hồ Chí Minh, Cloud Computing - AWS/Azure, Lập trình web nâng cao, Quản lý dự án CNTT, Thị giác máy tính, Tin học cơ bản, Mạng máy tính, Toán cao cấp","Thiết kế UI/UX, Internet of Things, Trí tuệ nhân tạo"
SV10738,Kỹ thuật hóa học,9.4,"Môn tự chọn 4, Môn tự chọn 8, Môn tự chọn 6, Hóa phân tích môi trường, Kỹ thuật môi trường, Giáo dục thể chất, Môn tự chọn 9, Môn tự chọn 7, Kỹ thuật polymer, Môn tự chọn 12, Giáo dục quốc phòng - An ninh, Kỹ thuật hóa học, Hóa học công nghiệp, Xác suất thống kê, Giải tích, Công nghệ xử lý nước, Tư duy logic và giải quyết vấn đề, Tư tưởng Hồ Chí Minh, Tin học cơ bản, Môn tự chọn 3, Kỹ thuật phản ứng hóa học, Kỹ thuật nhiệt hóa học, Toán cao cấp, Môn tự chọn 11, Kỹ năng mềm, Môn tự chọn 2, Tiếng Anh chuyên ngành, Môn tự chọn 5, Môn tự chọn 1, Ô nhiễm không khí, Xử lý chất thải rắn, Xử lý nước thải, Môn tự chọn 10, Triết học Mác-Lênin","Machine Learning, Big Data, Blockchain, Khoa học dữ liệu, Internet of Things"
SV10739,Thương mại điện tử,8.7,"Tin học cơ bản, Lập trình di động iOS/Android, Phân tích và thiết kế hệ thống, Lập trình web nâng cao, DevOps và CI/CD, Xác suất thống kê, Trí tuệ nhân tạo, Internet of Things, Hệ thống phân tán, Blockchain cơ bản","Du lịch khám phá, Big Data"
SV10740,Luật,5.9,"Xử lý ngôn ngữ tự nhiên, Giải tích, Cloud Computing - AWS/Azure, Toán cao cấp, Phát triển phần mềm doanh nghiệp, Quản lý dự án CNTT, Cyber Security nâng cao, An ninh mạng cơ bản, Hệ thống phân tán, Kiểm thử phần mềm, Kỹ thuật phần mềm nâng cao, Xác suất thống kê, Machine Learning với TensorFlow, Hệ thống nhúng, Phát triển ứng dụng web, Giáo dục thể chất, Phân tích và thiết kế hệ thống, Lập trình di động iOS/Android, Lập trình C/C++, Triết học Mác-Lênin, Lập trình hướng đối tượng, Lập trình Java, Lập trình Python, Tư duy logic và giải quyết vấn đề, Tư tưởng Hồ Chí Minh, Cấu trúc dữ liệu và Giải thuật, DevOps và CI/CD, Tiếng Anh chuyên ngành, Tin học cơ bản, Giáo dục quốc phòng - An ninh, Hệ điều hành, Mật mã học","Internet of Things, Trí tuệ nhân tạo"
SV10741,Du lịch,6.4,"Phân tích và thiết kế hệ thống, Lập trình C/C++, An toàn thông tin, Phát triển ứng dụng web, Xử lý ngôn ngữ tự nhiên, Kỹ thuật phần mềm nâng cao, Hệ thống phân tán, Kiểm thử phần mềm, Triết học Mác-Lênin, Phát triển ứng dụng di động, Lập trình Python, Tin học cơ bản, Kỹ năng mềm, Internet of Things, Học máy, Tiếng Anh chuyên ngành, An ninh mạng cơ bản, Blockchain cơ bản, Phát triển game, Cloud Computing - AWS/Azure, Lập trình web nâng cao, Cyber Security nâng cao, Quản lý dự án CNTT, Thiết kế giao diện người dùng, Thị giác máy tính, Lập trình Java, Lập trình hướng đối tượng, Giáo dục quốc phòng - An ninh, Hệ thống nhúng, Hệ điều hành, Phát triển phần mềm doanh nghiệp, Cơ sở dữ liệu, Giải tích","Cloud Computing, Lập trình, DevOps"
SV10742,Báo chí,7.1,"Xác suất thống kê, Phát triển ứng dụng web, Machine Learning với TensorFlow, Quản lý dự án CNTT, Kỹ thuật phần mềm nâng cao, Cyber Security nâng cao, Thị giác máy tính, Hệ thống phân tán, Thiết kế giao diện người dùng, Cấu trúc dữ liệu và Giải thuật, Hệ thống nhúng, Trí tuệ nhân tạo, Kỹ năng mềm, Phát triển game","Thiết kế UI/UX, Cyber Security"
SV10743,Công nghệ đa phương tiện,7.7,"Thị giác máy tính, Mật mã học, Tư tưởng Hồ Chí Minh, Machine Learning với TensorFlow, Xác suất thống kê, Trí tuệ nhân tạo, Học máy, Kỹ thuật phần mềm nâng cao, An ninh mạng cơ bản, Tiếng Anh chuyên ngành, Phát triển ứng dụng web, Phát triển game, Giáo dục quốc phòng - An ninh, Thiết kế giao diện người dùng","Cloud Computing, Phát triển ứng dụng di động, Blockchain, Machine Learning, Trí tuệ nhân tạo"
SV10744,Sư phạm Tin học,8.2,"Kỹ năng mềm, Công nghệ thông tin trong giáo dục, Dạy học Tin học phổ thông, Phương pháp giảng dạy Tin học, Tư duy logic và giải quyết vấn đề, Tiếng Anh chuyên ngành, Giáo dục thể chất, Giáo dục kỹ năng số, An toàn mạng trong trường học, Phát triển bài giảng Tin học, Thiết kế khóa học trực tuyến, Phần mềm giáo dục, Triết học Mác-Lênin, Tư tưởng Hồ Chí Minh, Lập trình cơ bản cho giáo viên, Xác suất thống kê, Ứng dụng AI trong giảng dạy, Lập trình Scratch cho học sinh, Quản lý lớp học CNTT, Đánh giá học tập Tin học, Lập trình Python cho giáo viên","Khiêu vũ, Nhiếp ảnh, Diễn thuyết"
SV10745,Ngôn ngữ Trung Quốc,7,"Triết học Mác-Lênin, Môn tự chọn 4, Dịch Trung-Việt, Môn tự chọn 11, Văn học cổ điển Trung Quốc, Hán tự học, Giải tích, Môn tự chọn 1, Kỹ năng nghe nói tiếng Trung, Môn tự chọn 9, Môn tự chọn 3, Tư tưởng Hồ Chí Minh, Môn tự chọn 2, Tiếng Anh chuyên ngành, Tư duy logic và giải quyết vấn đề, Toán cao cấp, Kỹ năng mềm, Môn tự chọn 5, Giáo dục quốc phòng - An ninh, Giáo dục thể chất, Tiếng Trung thương mại, Xác suất thống kê, Ngữ âm học tiếng Trung, Môn tự chọn 7, Môn tự chọn 14, Tiếng Trung kinh tế, Ngữ pháp tiếng Trung, Tin học cơ bản, Môn tự chọn 10, Môn tự chọn 8, Hán ngữ hiện đại, Môn tự chọn 6, Môn tự chọn 12, Văn hóa Trung Quốc, Môn tự chọn 13","Blockchain, Làm video"
SV10746,Âm nhạc học,7.9,"Triết học Mác-Lênin, Tư tưởng Hồ Chí Minh, Kỹ thuật thanh nhạc, Âm nhạc cổ điển phương Tây, Xác suất thống kê, Kỹ năng mềm, Phân tích tác phẩm âm nhạc, Lịch sử âm nhạc, Tin học cơ bản, Âm nhạc dân gian Việt Nam, Âm nhạc lý thuyết, Biểu diễn nhạc cụ, Soạn nhạc cơ bản, Giải tích, Tư duy logic và giải quyết vấn đề, Hòa âm, Tiếng Anh chuyên ngành, Âm nhạc hiện đại, Giáo dục thể chất","Nhiếp ảnh, Kể chuyện, Yoga, Ẩm thực"
SV10747,Dược học,6.9,"Môn tự chọn 1, Môn tự chọn 2, Dược lý lâm sàng, Triết học Mác-Lênin, Hóa sinh y học, Môn tự chọn 5, Y học dự phòng, Dinh dưỡng học, Bệnh học ngoại khoa, Kỹ năng mềm, Dược lý học, Môn tự chọn 6, Môn tự chọn 8, Vi sinh y học, Y học cổ truyền, Sinh lý học, Bệnh học truyền nhiễm, Toán cao cấp, Miễn dịch học, Môn tự chọn 9, Tin học cơ bản, Giải phẫu học, Bệnh học nội khoa, Tiếng Anh chuyên ngành, Giáo dục thể chất, Môn tự chọn 3, Môn tự chọn 7, Môn tự chọn 4, Tư tưởng Hồ Chí Minh, Dược lâm sàng, Giáo dục quốc phòng - An ninh, Tư duy logic và giải quyết vấn đề, Giải tích, Xác suất thống kê","Quản trị dự án, Quản trị dự án, Thiền, Phát triển web"
SV10748,Kỹ thuật cơ khí,7.1,"Cơ học vật liệu, Kỹ năng mềm, Giải tích, Giáo dục thể chất, Động lực học máy, Toán cao cấp, Cơ học kỹ thuật, Kỹ thuật sản xuất, Tiếng Anh chuyên ngành, Sản xuất tự động, Kỹ thuật hàn, Kỹ thuật nhiệt, Cơ khí chế tạo, Thiết kế CAD/CAM, Kỹ thuật gia công, Triết học Mác-Lênin, Cơ điện tử, Giáo dục quốc phòng - An ninh, Cơ khí chính xác","Cloud Computing, Robot học, Thiết kế UI/UX, DevOps"
SV10749,Kỹ thuật hóa học,6.3,"Tư tưởng Hồ Chí Minh, Môn tự chọn 3, Kỹ thuật nhiệt hóa học, Môn tự chọn 1, Giáo dục thể chất, Kỹ thuật polymer, Ô nhiễm không khí, Công nghệ xử lý nước, Xác suất thống kê, Xử lý chất thải rắn, Tin học cơ bản, Tiếng Anh chuyên ngành, Toán cao cấp, Kỹ thuật môi trường, Môn tự chọn 5, Xử lý nước thải, Kỹ năng mềm, Hóa học công nghiệp, Kỹ thuật hóa học, Triết học Mác-Lênin, Hóa phân tích môi trường, Môn tự chọn 4, Kỹ thuật phản ứng hóa học, Giáo dục quốc phòng - An ninh, Tư duy logic và giải quyết vấn đề, Giải tích, Môn tự chọn 2","Cloud Computing, Robot học, Machine Learning"
SV10750,Kỹ thuật điện tử - Viễn thông,6.8,"Xử lý tín hiệu số, Kỹ thuật radar, Điện tử công suất, Điện tử viễn thông, Anten và sóng điện từ, Kỹ năng mềm, Xác suất thống kê, Truyền thông quang, Giáo dục quốc phòng - An ninh, Hệ thống điện tử nhúng, Điện tử cơ bản, Tiếng Anh chuyên ngành, Mạng viễn thông, Đo lường điện tử, Triết học Mác-Lênin, Tin học cơ bản, Điện tử năng lượng","Khoa học dữ liệu, Phân tích dữ liệu"
SV10751,An ninh mạng,6.3,"Cấu trúc dữ liệu và Giải thuật, Học sâu, Tư duy logic và giải quyết vấn đề, Lập trình di động iOS/Android, Thiết kế giao diện người dùng, Kỹ năng mềm, Toán cao cấp, Kỹ thuật phần mềm nâng cao, Phát triển game, Học máy, Machine Learning với TensorFlow","Cloud Computing, Thiết kế UI/UX, Trí tuệ nhân tạo, Big Data, Internet of Things"
SV10752,Luật,6.7,"Toán cao cấp, Kỹ thuật phần mềm nâng cao, Tiếng Anh chuyên ngành, Học máy, Hệ thống nhúng, Phân tích và thiết kế hệ thống, Mạng máy tính, Lập trình Python, Mật mã học, Xác suất thống kê, Machine Learning với TensorFlow, Phát triển ứng dụng web, Cơ sở dữ liệu, Hệ thống phân tán, Trí tuệ nhân tạo, Quản lý dự án CNTT, Big Data và Hadoop, Internet of Things, Phát triển ứng dụng di động, Triết học Mác-Lênin, Hệ điều hành, Kỹ năng mềm, Lập trình Java, Thị giác máy tính, Lập trình di động iOS/Android, Lập trình web nâng cao, Phát triển game, Tư tưởng Hồ Chí Minh, Cloud Computing - AWS/Azure, Phát triển phần mềm doanh nghiệp, Cyber Security nâng cao, Cấu trúc dữ liệu và Giải thuật, Tin học cơ bản, Lập trình hướng đối tượng, An ninh mạng cơ bản, Xử lý ngôn ngữ tự nhiên, Giáo dục thể chất","Cyber Security, Cloud Computing, Internet of Things, Game Development"
SV10753,Sư phạm Lịch sử,8.8,"Giáo dục quốc phòng - An ninh, Tin học cơ bản, Lịch sử Việt Nam hiện đại, Phương pháp giảng dạy Lịch sử, Môn tự chọn 6, Kỹ năng mềm, Môn tự chọn 7, Dạy học lịch sử phổ thông, Lịch sử thế giới hiện đại, Môn tự chọn 2, Tư tưởng Hồ Chí Minh, Tiếng Anh chuyên ngành, Môn tự chọn 5, Triết học Mác-Lênin, Tư duy logic và giải quyết vấn đề, Môn tự chọn 1, Môn tự chọn 3, Xác suất thống kê, Giáo dục thể chất, Lịch sử văn hóa Việt Nam, Phân tích sự kiện lịch sử, Lịch sử thế giới cổ đại, Toán cao cấp, Lịch sử Việt Nam cổ đại, Giải tích, Lịch sử Đảng Cộng sản Việt Nam, Môn tự chọn 4","Diễn thuyết, Thiền, Thơ ca, Viết lách, Vẽ tranh"
SV10754,Luật,6.8,"Kỹ năng mềm, Tư duy logic và giải quyết vấn đề, Xử lý ngôn ngữ tự nhiên, Học sâu, Giáo dục quốc phòng - An ninh, Hệ điều hành, Phát triển game, Hệ thống nhúng, Học máy, Phân tích và thiết kế hệ thống, Giáo dục thể chất, DevOps và CI/CD, Thiết kế giao diện người dùng, Quản lý dự án CNTT, Blockchain cơ bản, Lập trình hướng đối tượng, An ninh mạng cơ bản, Phát triển phần mềm doanh nghiệp, Kỹ thuật phần mềm nâng cao, An toàn thông tin, Trí tuệ nhân tạo, Lập trình di động iOS/Android, Toán cao cấp, Thị giác máy tính, Tiếng Anh chuyên ngành, Kiểm thử phần mềm, Lập trình Python, Xác suất thống kê, Cyber Security nâng cao, Tin học cơ bản, Internet of Things, Giải tích, Lập trình Java, Hệ thống phân tán, Lập trình web nâng cao, Cấu trúc dữ liệu và Giải thuật, Tư tưởng Hồ Chí Minh, Big Data và Hadoop",Machine Learning
SV10755,Ngôn ngữ Hàn Quốc,10,"Ngữ âm học tiếng Hàn, Tư tưởng Hồ Chí Minh, Kỹ năng mềm, Từ vựng tiếng Hàn, K-pop và văn hóa đại chúng Hàn, Giáo dục thể chất, Ngữ pháp tiếng Hàn, Tiếng Hàn thương mại, Tiếng Anh chuyên ngành, Hangeul, Giải tích, Tư duy logic và giải quyết vấn đề","Yoga, Phát triển web, Thơ ca, Đọc sách, Trí tuệ nhân tạo"
SV10756,Ngôn ngữ Hàn Quốc,8.2,"Văn hóa Hàn Quốc, Triết học Mác-Lênin, Giáo dục thể chất, Tư duy logic và giải quyết vấn đề, Kỹ năng mềm, Lịch sử Hàn Quốc, Ngữ âm học tiếng Hàn, Giáo dục quốc phòng - An ninh, Giải tích, Ngữ pháp tiếng Hàn, Tiếng Anh chuyên ngành, Từ vựng tiếng Hàn, Tin học cơ bản, Dịch Hàn-Việt, Tư tưởng Hồ Chí Minh, Tiếng Hàn thương mại, Hangeul, K-pop và văn hóa đại chúng Hàn, Kỹ năng nghe nói tiếng Hàn","Yoga, Vẽ tranh, Phân tích dữ liệu, Game Development, Chơi nhạc cụ"
SV10757,Luật,7.9,"Quản lý dự án CNTT, Thiết kế giao diện người dùng, Machine Learning với TensorFlow, An toàn thông tin, Xác suất thống kê, Hệ thống phân tán, Hệ thống nhúng, Toán cao cấp, Blockchain cơ bản, An ninh mạng cơ bản, Tiếng Anh chuyên ngành, Học máy, Tư tưởng Hồ Chí Minh, Phát triển game, Cloud Computing - AWS/Azure, Thị giác máy tính, Lập trình di động iOS/Android, Lập trình web nâng cao, Phân tích và thiết kế hệ thống, Giáo dục quốc phòng - An ninh, Lập trình Python, DevOps và CI/CD, Cơ sở dữ liệu","Cyber Security, Big Data, Blockchain"
SV10758,Quản trị kinh doanh,6.8,"Kỹ năng mềm, Kinh tế lượng, Tin học cơ bản, Tiếng Anh chuyên ngành, Giải tích, Giáo dục quốc phòng - An ninh, Chuỗi cung ứng, Tư duy logic và giải quyết vấn đề, Kế toán tài chính, Tài chính quốc tế, Quản trị chiến lược, Giáo dục thể chất, Quản trị kinh doanh, Tài chính doanh nghiệp, Marketing cơ bản, Marketing số, Kinh tế phát triển, Toán cao cấp, Thương mại điện tử, Quản trị nhân sự, Tư tưởng Hồ Chí Minh, Kinh tế vĩ mô, Ngân hàng thương mại, Logistics, Xác suất thống kê, Kinh tế quốc tế","Bán hàng, Fintech, Quản trị dự án"
SV10759,Blockchain và Tiền mã hóa,8.4,"Giáo dục quốc phòng - An ninh, Quản lý dự án CNTT, Thiết kế giao diện người dùng, Internet of Things, Kỹ năng mềm, Cyber Security nâng cao, Hệ thống phân tán, Giải tích, Xử lý ngôn ngữ tự nhiên, Xác suất thống kê, Mật mã học, Hệ điều hành, Lập trình hướng đối tượng, Phát triển ứng dụng di động, Tin học cơ bản, Tiếng Anh chuyên ngành, Phân tích và thiết kế hệ thống, Toán cao cấp, DevOps và CI/CD, Kỹ thuật phần mềm nâng cao, Lập trình C/C++, Hệ thống nhúng, Blockchain cơ bản, Phát triển game, Cơ sở dữ liệu, Kiểm thử phần mềm, Tư tưởng Hồ Chí Minh, Học sâu, Lập trình Java, Lập trình web nâng cao, An toàn thông tin, Tư duy logic và giải quyết vấn đề, An ninh mạng cơ bản, Phát triển phần mềm doanh nghiệp, Cloud Computing - AWS/Azure, Cấu trúc dữ liệu và Giải thuật, Mạng máy tính, Học máy, Big Data và Hadoop, Machine Learning với TensorFlow","Robot học, Big Data, Cyber Security, Lập trình"
SV10760,Ngôn ngữ Hàn Quốc,7.1,"Giải tích, Môn tự chọn 2, Môn tự chọn 7, Môn tự chọn 4, Môn tự chọn 10, Văn hóa Hàn Quốc, Tiếng Anh chuyên ngành, Tiếng Hàn thương mại, Tư tưởng Hồ Chí Minh, Môn tự chọn 12, Tin học cơ bản, Xác suất thống kê, Môn tự chọn 6, Ngữ pháp tiếng Hàn, Môn tự chọn 3, Giáo dục thể chất, Triết học Mác-Lênin, Toán cao cấp, Môn tự chọn 5, Môn tự chọn 8, Kỹ năng mềm, Môn tự chọn 11, K-pop và văn hóa đại chúng Hàn, Ngữ âm học tiếng Hàn, Dịch Hàn-Việt, Giáo dục quốc phòng - An ninh, Môn tự chọn 13, Hangeul, Môn tự chọn 1, Môn tự chọn 14, Tư duy logic và giải quyết vấn đề, Lịch sử Hàn Quốc, Môn tự chọn 15, Kỹ năng nghe nói tiếng Hàn, Môn tự chọn 9, Từ vựng tiếng Hàn","Khiêu vũ, Trí tuệ nhân tạo, Khoa học dữ liệu"
SV10761,Marketing,7.8,"Marketing số, Quản trị chiến lược, Giáo dục quốc phòng - An ninh, Quản trị nhân sự, Kinh tế vi mô, Môn tự chọn 3, Ngân hàng thương mại, Toán cao cấp, Môn tự chọn 1, Môn tự chọn 6, Triết học Mác-Lênin, Kinh tế quốc tế, Quản trị kinh doanh, Kỹ năng mềm, Logistics, Giải tích, Tài chính quốc tế, Tin học cơ bản, Marketing cơ bản, Môn tự chọn 4, Môn tự chọn 2, Tư tưởng Hồ Chí Minh, Kế toán quản trị, Giáo dục thể chất, Kinh tế vĩ mô, Xác suất thống kê, Tư duy logic và giải quyết vấn đề, Chuỗi cung ứng, Kinh tế lượng, Tiếng Anh chuyên ngành, Môn tự chọn 5, Tài chính doanh nghiệp, Kinh tế phát triển, Kế toán tài chính, Thương mại điện tử","Trí tuệ nhân tạo, Bán hàng, Đầu tư, Quản trị dự án"
SV10762,Logistics và Quản lý chuỗi cung ứng,10,"Học sâu, Giáo dục thể chất, Cơ sở dữ liệu, Giải tích, Hệ thống phân tán, Tư tưởng Hồ Chí Minh, Lập trình Java, Lập trình Python, Mạng máy tính, Phát triển ứng dụng di động, Thiết kế giao diện người dùng, Xử lý ngôn ngữ tự nhiên, Lập trình C/C++, An ninh mạng cơ bản, Lập trình di động iOS/Android, Tin học cơ bản, Lập trình hướng đối tượng, Big Data và Hadoop, Cấu trúc dữ liệu và Giải thuật, Phát triển ứng dụng web, Cloud Computing - AWS/Azure, Kỹ năng mềm, Giáo dục quốc phòng - An ninh, Trí tuệ nhân tạo, Xác suất thống kê, Phát triển game, DevOps và CI/CD, Tư duy logic và giải quyết vấn đề, Lập trình web nâng cao, Phát triển phần mềm doanh nghiệp, Quản lý dự án CNTT, Kiểm thử phần mềm, Học máy, Mật mã học","Phát triển ứng dụng di động, Khoa học dữ liệu"
SV10763,Khoa học dữ liệu,7.6,"Machine Learning với TensorFlow, Giáo dục quốc phòng - An ninh, An ninh mạng cơ bản, Cyber Security nâng cao, Internet of Things, Phát triển ứng dụng web, Big Data và Hadoop, Giải tích, Hệ thống phân tán, Mạng máy tính, Xử lý ngôn ngữ tự nhiên, Toán cao cấp, Thị giác máy tính, Hệ điều hành, Lập trình web nâng cao, Tư duy logic và giải quyết vấn đề, Xác suất thống kê, Cơ sở dữ liệu, Mật mã học, Thiết kế giao diện người dùng, Kỹ năng mềm, Trí tuệ nhân tạo, Lập trình Java","Khoa học dữ liệu, Machine Learning, Cyber Security, Blockchain"
SV10764,Dược học,8.8,"Dược lâm sàng, Bệnh học nội khoa, Giải tích, Giải phẫu học, Triết học Mác-Lênin, Vi sinh y học, Tư tưởng Hồ Chí Minh, Miễn dịch học, Dược lý học, Sinh lý học, Hóa sinh y học, Giáo dục thể chất, Toán cao cấp, Dược lý lâm sàng","Nhiếp ảnh, Diễn thuyết, Vẽ tranh, Internet of Things, Phân tích dữ liệu"
SV10765,Công nghệ sinh học,7,"Tư tưởng Hồ Chí Minh, Tiếng Anh chuyên ngành, Hình ảnh y khoa, Kỹ năng mềm, Vật liệu sinh học, Tin học cơ bản, Giải tích, Thiết bị y tế, Xác suất thống kê, Giáo dục quốc phòng - An ninh, Triết học Mác-Lênin, Kỹ thuật mô sinh học, Kỹ thuật tế bào, Công nghệ sinh học ứng dụng, Tư duy logic và giải quyết vấn đề, Sinh học phân tử, Công nghệ nano y sinh, Giáo dục thể chất","Trí tuệ nhân tạo, Phát triển ứng dụng di động"
SV10766,Kinh tế,7.7,"Kinh tế vĩ mô, Kỹ năng mềm, Kinh tế vi mô, Kế toán tài chính, Kinh tế lượng, Kinh tế phát triển, Giải tích, Ngân hàng thương mại, Quản trị kinh doanh, Giáo dục thể chất, Chuỗi cung ứng, Tư duy logic và giải quyết vấn đề, Môn tự chọn 2, Tài chính quốc tế, Quản trị nhân sự, Toán cao cấp, Tài chính doanh nghiệp, Logistics, Kinh tế quốc tế, Tin học cơ bản, Triết học Mác-Lênin, Marketing cơ bản, Thương mại điện tử, Tư tưởng Hồ Chí Minh, Xác suất thống kê, Giáo dục quốc phòng - An ninh, Quản trị chiến lược, Marketing số, Kế toán quản trị, Môn tự chọn 1, Tiếng Anh chuyên ngành","Marketing số, Thương mại điện tử"
SV10767,Công nghệ đa phương tiện,9.5,"Toán cao cấp, Phân tích và thiết kế hệ thống, Kỹ năng mềm, Big Data và Hadoop, Cyber Security nâng cao, DevOps và CI/CD, Kỹ thuật phần mềm nâng cao, Lập trình web nâng cao, Phát triển game, Internet of Things, Mạng máy tính, Hệ thống nhúng, Quản lý dự án CNTT, Machine Learning với TensorFlow, Lập trình hướng đối tượng, Học máy, Phát triển phần mềm doanh nghiệp, Triết học Mác-Lênin, Cấu trúc dữ liệu và Giải thuật, Lập trình Python, Tiếng Anh chuyên ngành, Mật mã học","Thiết kế UI/UX, Phát triển ứng dụng di động"
SV10768,Ngôn ngữ Trung Quốc,7.1,"Môn tự chọn 11, Kỹ năng mềm, Môn tự chọn 16, Môn tự chọn 6, Xác suất thống kê, Môn tự chọn 3, Môn tự chọn 5, Tin học cơ bản, Văn học cổ điển Trung Quốc, Môn tự chọn 19, Ngữ pháp tiếng Trung, Kỹ năng nghe nói tiếng Trung, Môn tự chọn 7, Môn tự chọn 1, Môn tự chọn 9, Giải tích, Môn tự chọn 4, Giáo dục quốc phòng - An ninh, Ngữ âm học tiếng Trung, Môn tự chọn 8, Tư tưởng Hồ Chí Minh, Môn tự chọn 17, Dịch Trung-Việt, Tiếng Anh chuyên ngành, Môn tự chọn 13, Môn tự chọn 2, Giáo dục thể chất, Hán tự học, Môn tự chọn 12, Môn tự chọn 14, Môn tự chọn 18, Tiếng Trung kinh tế, Toán cao cấp, Tư duy logic và giải quyết vấn đề, Hán ngữ hiện đại, Môn tự chọn 10, Môn tự chọn 15, Văn hóa Trung Quốc, Triết học Mác-Lênin, Tiếng Trung thương mại","DevOps, Viết lách, Trí tuệ nhân tạo, Khoa học dữ liệu"
SV10769,Khoa học dữ liệu,9.5,"Thị giác máy tính, Quản lý dự án CNTT, Trí tuệ nhân tạo, Xử lý ngôn ngữ tự nhiên, Lập trình hướng đối tượng, Triết học Mác-Lênin, Lập trình C/C++, Kỹ thuật phần mềm nâng cao, Xác suất thống kê, Cơ sở dữ liệu, Lập trình di động iOS/Android, Phát triển ứng dụng di động, Phân tích và thiết kế hệ thống, Blockchain cơ bản, Kiểm thử phần mềm, Tư tưởng Hồ Chí Minh, Machine Learning với TensorFlow, Tin học cơ bản, Cyber Security nâng cao, Lập trình web nâng cao, Giáo dục thể chất, Hệ thống nhúng, Mật mã học, Mạng máy tính","Machine Learning, Robot học"
SV10770,Luật,8.4,"Hệ thống phân tán, Kỹ năng mềm, Machine Learning với TensorFlow, An toàn thông tin, Internet of Things, Học máy, Mạng máy tính, Xác suất thống kê, Tư duy logic và giải quyết vấn đề, Toán cao cấp, Lập trình hướng đối tượng, Phát triển ứng dụng di động, Phát triển ứng dụng web, Phát triển game, Lập trình C/C++, An ninh mạng cơ bản, Big Data và Hadoop, Phát triển phần mềm doanh nghiệp, Cloud Computing - AWS/Azure, Lập trình web nâng cao, Triết học Mác-Lênin, Tin học cơ bản, Phân tích và thiết kế hệ thống, Lập trình Python, Xử lý ngôn ngữ tự nhiên, Học sâu, Giáo dục quốc phòng - An ninh, Trí tuệ nhân tạo, Giải tích, Hệ thống nhúng, Cyber Security nâng cao, Tiếng Anh chuyên ngành, Cơ sở dữ liệu, Thị giác máy tính, Mật mã học, Hệ điều hành, Kỹ thuật phần mềm nâng cao, Quản lý dự án CNTT","Thiết kế UI/UX, Phân tích dữ liệu, Blockchain"
SV10771,Quan hệ quốc tế,7.1,"DevOps và CI/CD, Hệ thống phân tán, Thị giác máy tính, Giải tích, Cấu trúc dữ liệu và Giải thuật, Giáo dục thể chất, Toán cao cấp, Triết học Mác-Lênin, Trí tuệ nhân tạo, Tin học cơ bản, Phát triển ứng dụng web, Tiếng Anh chuyên ngành, Blockchain cơ bản, Kỹ năng mềm, Cyber Security nâng cao, Machine Learning với TensorFlow, Hệ điều hành, Tư tưởng Hồ Chí Minh, Thiết kế giao diện người dùng, Kỹ thuật phần mềm nâng cao, Giáo dục quốc phòng - An ninh, Mạng máy tính, Lập trình web nâng cao, Quản lý dự án CNTT, Lập trình Python, Xác suất thống kê, Lập trình C/C++, Phân tích và thiết kế hệ thống, Phát triển phần mềm doanh nghiệp, An ninh mạng cơ bản, Học máy, Lập trình Java, Mật mã học, Học sâu, Hệ thống nhúng, Phát triển game","Cyber Security, Internet of Things, Phân tích dữ liệu, Lập trình, Robot học"
SV10772,Ngôn ngữ Trung Quốc,8.3,"Ngữ pháp tiếng Trung, Môn tự chọn 5, Hán tự học, Môn tự chọn 17, Môn tự chọn 14, Môn tự chọn 18, Giáo dục quốc phòng - An ninh, Văn học cổ điển Trung Quốc, Môn tự chọn 1, Môn tự chọn 15, Môn tự chọn 13, Tư duy logic và giải quyết vấn đề, Kỹ năng mềm, Môn tự chọn 19, Giải tích, Tiếng Trung kinh tế, Tin học cơ bản, Giáo dục thể chất, Kỹ năng nghe nói tiếng Trung, Ngữ âm học tiếng Trung, Môn tự chọn 4, Xác suất thống kê, Môn tự chọn 8, Toán cao cấp, Triết học Mác-Lênin, Môn tự chọn 16, Dịch Trung-Việt, Văn hóa Trung Quốc, Môn tự chọn 3, Tiếng Anh chuyên ngành, Môn tự chọn 6, Hán ngữ hiện đại, Môn tự chọn 11, Môn tự chọn 10, Môn tự chọn 2, Tiếng Trung thương mại, Tư tưởng Hồ Chí Minh, Môn tự chọn 7, Môn tự chọn 9, Môn tự chọn 12","Thiền, Khởi nghiệp, Vẽ tranh"
SV10773,Công nghệ đa phương tiện,8.7,"Tiếng Anh chuyên ngành, Thị giác máy tính, Hệ thống phân tán, Hệ điều hành, Mật mã học, Mạng máy tính, Big Data và Hadoop, Blockchain cơ bản, Giáo dục thể chất, Lập trình web nâng cao, Quản lý dự án CNTT, Toán cao cấp, Triết học Mác-Lênin, Lập trình hướng đối tượng, An ninh mạng cơ bản, Lập trình di động iOS/Android","Cloud Computing, Lập trình, DevOps, Phát triển ứng dụng di động, Game Development"
SV10774,Hệ thống thông tin,8.3,"Trí tuệ nhân tạo, Phân tích và thiết kế hệ thống, Internet of Things, Học máy, Mật mã học, Cyber Security nâng cao, Mạng máy tính, Kỹ năng mềm, Giáo dục quốc phòng - An ninh, Lập trình di động iOS/Android, An toàn thông tin, Xử lý ngôn ngữ tự nhiên, Thiết kế giao diện người dùng, Giải tích, Lập trình Python, DevOps và CI/CD, Triết học Mác-Lênin, Hệ điều hành, Phát triển ứng dụng web, Machine Learning với TensorFlow, Hệ thống nhúng, Phát triển phần mềm doanh nghiệp","Phát triển ứng dụng di động, Internet of Things, Big Data, DevOps"
SV10775,An ninh mạng,6.1,"Tư duy logic và giải quyết vấn đề, Cấu trúc dữ liệu và Giải thuật, Trí tuệ nhân tạo, Thị giác máy tính, Giáo dục thể chất, Giáo dục quốc phòng - An ninh, Kiểm thử phần mềm, Lập trình web nâng cao, An ninh mạng cơ bản, Phát triển ứng dụng web, Lập trình hướng đối tượng, Tư tưởng Hồ Chí Minh, Lập trình Java, Hệ điều hành, Lập trình di động iOS/Android, Toán cao cấp, Cơ sở dữ liệu, Phát triển phần mềm doanh nghiệp, DevOps và CI/CD, Học sâu, Xác suất thống kê, Triết học Mác-Lênin, Phát triển ứng dụng di động, Machine Learning với TensorFlow, Phát triển game, Hệ thống phân tán, Tiếng Anh chuyên ngành, Giải tích, Thiết kế giao diện người dùng, Quản lý dự án CNTT, Tin học cơ bản","Blockchain, Phát triển ứng dụng di động, Trí tuệ nhân tạo, Phát triển web"
SV10776,Du lịch,7,"Mạng máy tính, Xử lý ngôn ngữ tự nhiên, Lập trình hướng đối tượng, Hệ thống phân tán, Phát triển phần mềm doanh nghiệp, Tư tưởng Hồ Chí Minh, Phân tích và thiết kế hệ thống, An toàn thông tin, Internet of Things, Giải tích, Học sâu, Tiếng Anh chuyên ngành, Giáo dục thể chất, Phát triển game, Cơ sở dữ liệu, Trí tuệ nhân tạo, An ninh mạng cơ bản, Giáo dục quốc phòng - An ninh, Xác suất thống kê, Học máy, Lập trình C/C++, Kỹ năng mềm, Big Data và Hadoop, Tư duy logic và giải quyết vấn đề, Lập trình web nâng cao, DevOps và CI/CD, Phát triển ứng dụng web, Toán cao cấp, Kỹ thuật phần mềm nâng cao, Phát triển ứng dụng di động, Thị giác máy tính, Blockchain cơ bản","Cyber Security, Thiết kế UI/UX, Internet of Things, Khoa học dữ liệu"
SV10777,Công nghệ đa phương tiện,7.5,"Machine Learning với TensorFlow, Lập trình hướng đối tượng, Tư tưởng Hồ Chí Minh, Cơ sở dữ liệu, Cyber Security nâng cao, Lập trình web nâng cao, Phát triển phần mềm doanh nghiệp, An toàn thông tin, Giáo dục thể chất, Kiểm thử phần mềm, Tư duy logic và giải quyết vấn đề, Hệ điều hành, Học sâu, Giải tích, Thiết kế giao diện người dùng, Kỹ thuật phần mềm nâng cao, Toán cao cấp, Quản lý dự án CNTT, Kỹ năng mềm, Lập trình di động iOS/Android, Mật mã học, Hệ thống nhúng, Hệ thống phân tán, Triết học Mác-Lênin, Blockchain cơ bản, An ninh mạng cơ bản, Phát triển ứng dụng di động, Cấu trúc dữ liệu và Giải thuật, DevOps và CI/CD, Cloud Computing - AWS/Azure","Blockchain, DevOps"
SV10778,An ninh mạng,7.6,"Lập trình Java, Thị giác máy tính, Quản lý dự án CNTT, Triết học Mác-Lênin, Giáo dục quốc phòng - An ninh, Lập trình C/C++, Hệ thống phân tán, Cơ sở dữ liệu, An toàn thông tin, Giáo dục thể chất, Phân tích và thiết kế hệ thống, Blockchain cơ bản, Hệ thống nhúng, Mật mã học, Thiết kế giao diện người dùng, Tư duy logic và giải quyết vấn đề, Lập trình Python, Cyber Security nâng cao, Phát triển phần mềm doanh nghiệp, Lập trình hướng đối tượng, Tư tưởng Hồ Chí Minh, Kiểm thử phần mềm, Phát triển game, Toán cao cấp, DevOps và CI/CD, Lập trình di động iOS/Android, Phát triển ứng dụng web, Cấu trúc dữ liệu và Giải thuật, Xử lý ngôn ngữ tự nhiên, Machine Learning với TensorFlow, Kỹ thuật phần mềm nâng cao","DevOps, Big Data, Phát triển web, Cyber Security"
SV10779,Ngôn ngữ Nhật,8.3,"Giáo dục thể chất, Môn tự chọn 1, Tư tưởng Hồ Chí Minh, Xác suất thống kê, Triết học Mác-Lênin, Môn tự chọn 2, Ngữ pháp tiếng Nhật, Kanji, Ngữ âm học tiếng Nhật, Giáo dục quốc phòng - An ninh, Kỹ năng nghe nói tiếng Nhật, Môn tự chọn 3, Tiếng Nhật cho du lịch, Toán cao cấp, Kỹ năng mềm, Dịch Nhật-Việt, Giải tích, Hiragana & Katakana, Tư duy logic và giải quyết vấn đề, Tiếng Anh chuyên ngành, Văn hóa Nhật Bản, Văn học Nhật Bản, Tiếng Nhật kinh doanh, Tin học cơ bản","Robot học, Kể chuyện"
SV10780,Thiết kế đồ họa,7.9,"Môn tự chọn 5, Triết học Mác-Lênin, Môn tự chọn 4, Tư duy logic và giải quyết vấn đề, Môn tự chọn 10, Môn tự chọn 6, Giáo dục thể chất, Môn tự chọn 7, Môn tự chọn 13, Toán cao cấp, Tin học cơ bản, Môn tự chọn 8, Tư tưởng Hồ Chí Minh, Môn tự chọn 1, Giáo dục quốc phòng - An ninh, Môn tự chọn 9, Giải tích, Tiếng Anh chuyên ngành, Môn tự chọn 2, Kỹ năng mềm, Môn tự chọn 12, Xác suất thống kê, Môn tự chọn 11, Môn tự chọn 3","Học ngoại ngữ, Thiền, Kể chuyện, Yoga"
SV10781,Du lịch,6.4,"Kỹ năng mềm, Giải tích, Xử lý ngôn ngữ tự nhiên, Cyber Security nâng cao, Trí tuệ nhân tạo, Kiểm thử phần mềm, Phát triển game, Hệ điều hành, Mật mã học, Cơ sở dữ liệu, Học máy, Big Data và Hadoop, Quản lý dự án CNTT, Tư duy logic và giải quyết vấn đề, An ninh mạng cơ bản, Tiếng Anh chuyên ngành, Triết học Mác-Lênin, Phân tích và thiết kế hệ thống, Tin học cơ bản, Hệ thống nhúng, Phát triển ứng dụng di động, Lập trình C/C++, Lập trình hướng đối tượng, Lập trình di động iOS/Android, Cấu trúc dữ liệu và Giải thuật, Xác suất thống kê, Phát triển ứng dụng web, Giáo dục thể chất, Blockchain cơ bản, Internet of Things","DevOps, Internet of Things"
SV10782,Kế toán,8.1,"Thương mại điện tử, Tư tưởng Hồ Chí Minh, Kinh tế vĩ mô, Kỹ năng mềm, Môn tự chọn 1, Kinh tế phát triển, Quản trị chiến lược, Tiếng Anh chuyên ngành, Kế toán tài chính, Kế toán quản trị, Kinh tế quốc tế, Tài chính doanh nghiệp, Quản trị kinh doanh, Ngân hàng thương mại, Kinh tế vi mô, Chuỗi cung ứng, Kinh tế lượng, Quản trị nhân sự, Logistics, Xác suất thống kê, Giáo dục quốc phòng - An ninh, Giáo dục thể chất, Tin học cơ bản, Giải tích, Toán cao cấp, Marketing số, Triết học Mác-Lênin, Marketing cơ bản, Tư duy logic và giải quyết vấn đề, Tài chính quốc tế","Khởi nghiệp, Fintech, Bán hàng"
SV10783,Công nghệ sinh học,8.3,"Xác suất thống kê, Giáo dục quốc phòng - An ninh, Toán cao cấp, Kỹ thuật tế bào, Tư duy logic và giải quyết vấn đề, Tư tưởng Hồ Chí Minh, Công nghệ nano y sinh, Kỹ năng mềm, Sinh học phân tử, Tiếng Anh chuyên ngành, Kỹ thuật y sinh, Triết học Mác-Lênin, Thiết bị y tế, Giải tích, Giáo dục thể chất, Vật liệu sinh học","Machine Learning, Thiết kế UI/UX, Phát triển ứng dụng di động"
SV10784,Kỹ thuật môi trường,8.3,"Xử lý nước thải, Môn tự chọn 5, Tin học cơ bản, Môn tự chọn 2, Giáo dục quốc phòng - An ninh, Môn tự chọn 8, Xác suất thống kê, Môn tự chọn 9, Môn tự chọn 1, Toán cao cấp, Giáo dục thể chất, Hóa học công nghiệp, Công nghệ xử lý nước, Kỹ thuật hóa học, Kỹ thuật môi trường, Tiếng Anh chuyên ngành, Xử lý chất thải rắn, Môn tự chọn 7, Môn tự chọn 4, Kỹ thuật nhiệt hóa học, Kỹ thuật phản ứng hóa học, Kỹ thuật polymer, Môn tự chọn 6, Kỹ năng mềm, Ô nhiễm không khí, Hóa phân tích môi trường, Tư tưởng Hồ Chí Minh, Giải tích, Triết học Mác-Lênin, Tư duy logic và giải quyết vấn đề, Môn tự chọn 3","DevOps, Lập trình, Game Development"
SV10785,Kinh tế,8.8,"Giáo dục quốc phòng - An ninh, Môn tự chọn 3, Kinh tế lượng, Kế toán tài chính, Tiếng Anh chuyên ngành, Môn tự chọn 4, Logistics, Kinh tế vi mô, Tư duy logic và giải quyết vấn đề, Giải tích, Ngân hàng thương mại, Tin học cơ bản, Kỹ năng mềm, Toán cao cấp, Giáo dục thể chất, Triết học Mác-Lênin, Kinh tế phát triển, Môn tự chọn 5, Chuỗi cung ứng, Marketing cơ bản, Kinh tế quốc tế, Quản trị nhân sự, Môn tự chọn 2, Tài chính doanh nghiệp, Quản trị chiến lược, Tư tưởng Hồ Chí Minh, Môn tự chọn 1, Marketing số, Thương mại điện tử, Tài chính quốc tế, Xác suất thống kê, Kế toán quản trị, Kinh tế vĩ mô, Môn tự chọn 6, Quản trị kinh doanh","Khởi nghiệp, Quản trị dự án, Bán hàng"
SV10786,Kỹ thuật xây dựng,8.5,"Tư duy logic và giải quyết vấn đề, Giáo dục quốc phòng - An ninh, Kỹ năng mềm, Quản lý dự án xây dựng, Giáo dục thể chất, Kỹ thuật địa kỹ thuật, Kỹ thuật xây dựng, Tư tưởng Hồ Chí Minh, Toán cao cấp, Kết cấu thép, Công trình ngầm, Thiết kế kiến trúc nội thất, Triết học Mác-Lênin, Tiếng Anh chuyên ngành, Kiến trúc cảnh quan, Vật liệu xây dựng, Cơ sở hạ tầng đô thị, Giải tích, Tin học cơ bản","DevOps, Phát triển web, Robot học, Viết lách, Game Development"
SV10787,Tài chính - Ngân hàng,8.2,"Tài chính doanh nghiệp, Kinh tế lượng, Quản trị nhân sự, Tin học cơ bản, Quản trị chiến lược, Kế toán tài chính, Kinh tế vĩ mô, Kinh tế vi mô, Quản trị kinh doanh, Kinh tế quốc tế, Kế toán quản trị, Giải tích, Triết học Mác-Lênin, Ngân hàng thương mại",Thương mại điện tử
SV10788,Du lịch,7.6,"Lập trình web nâng cao, Machine Learning với TensorFlow, Hệ thống phân tán, Phân tích và thiết kế hệ thống, Mật mã học, Giáo dục thể chất, Trí tuệ nhân tạo, Phát triển game, Lập trình Python, Phát triển ứng dụng di động, Tiếng Anh chuyên ngành, Kỹ thuật phần mềm nâng cao, Cấu trúc dữ liệu và Giải thuật, Blockchain cơ bản, Học máy, Kỹ năng mềm, Kiểm thử phần mềm, Mạng máy tính, Toán cao cấp, Cloud Computing - AWS/Azure, Tư duy logic và giải quyết vấn đề, Tư tưởng Hồ Chí Minh, An ninh mạng cơ bản, Giải tích, Internet of Things",Cyber Security
SV10789,Công nghệ sinh học,6,"Môn tự chọn 9, Công nghệ sinh học ứng dụng, Tiếng Anh chuyên ngành, Môn tự chọn 7, Vật liệu sinh học, Xác suất thống kê, Thiết bị y tế, Giải tích, Tin học cơ bản, Môn tự chọn 12, Môn tự chọn 3, Môn tự chọn 4, Môn tự chọn 5, Môn tự chọn 1, Giáo dục thể chất, Môn tự chọn 8, Công nghệ gen, Tư duy logic và giải quyết vấn đề, Toán cao cấp, Giáo dục quốc phòng - An ninh, Sinh học phân tử, Môn tự chọn 6, Tư tưởng Hồ Chí Minh, Công nghệ nano y sinh, Hình ảnh y khoa, Kỹ thuật mô sinh học, Môn tự chọn 10, Kỹ thuật y sinh, Kỹ thuật tế bào, Môn tự chọn 11, Kỹ năng mềm, Môn tự chọn 2, Triết học Mác-Lênin","Trí tuệ nhân tạo, Phát triển web, Robot học, Cloud Computing, Cyber Security"
SV10790,Răng - Hàm - Mặt,8.1,"Sinh lý học, Bệnh học nội khoa, Dược lâm sàng, Dược lý học, Tiếng Anh chuyên ngành, Toán cao cấp, Tin học cơ bản, Y học dự phòng, Bệnh học truyền nhiễm, Kỹ năng mềm","Machine Learning, Viết lách, Đọc sách"
SV10791,Răng - Hàm - Mặt,7.9,"Dinh dưỡng học, Giải phẫu học, Y học dự phòng, Giáo dục thể chất, Bệnh học ngoại khoa, Tiếng Anh chuyên ngành, Vi sinh y học, Dược lý lâm sàng, Giải tích, Hóa sinh y học, Bệnh học nội khoa, Miễn dịch học, Dược lý học, Tin học cơ bản, Sinh lý học, Tư duy logic và giải quyết vấn đề, Giáo dục quốc phòng - An ninh, Môn tự chọn 1, Y học cổ truyền, Triết học Mác-Lênin, Dược lâm sàng, Kỹ năng mềm, Tư tưởng Hồ Chí Minh, Toán cao cấp, Xác suất thống kê, Bệnh học truyền nhiễm","Robot học, Bán hàng, Diễn thuyết"
SV10792,Y khoa,8,"Dinh dưỡng học, Xác suất thống kê, Giải tích, Dược lý lâm sàng, Toán cao cấp, Giải phẫu học, Dược lý học, Tư tưởng Hồ Chí Minh, Miễn dịch học, Giáo dục thể chất, Y học cổ truyền, Bệnh học nội khoa, Tư duy logic và giải quyết vấn đề, Bệnh học truyền nhiễm, Giáo dục quốc phòng - An ninh","Trí tuệ nhân tạo, Chơi nhạc cụ, Big Data"
SV10793,Công nghệ sinh học,6.4,"Toán cao cấp, Sinh học phân tử, Kỹ thuật mô sinh học, Công nghệ nano y sinh, Công nghệ gen, Giáo dục thể chất, Hình ảnh y khoa, Kỹ thuật tế bào, Tư duy logic và giải quyết vấn đề, Giải tích, Kỹ năng mềm, Giáo dục quốc phòng - An ninh",Phát triển web
SV10794,Kỹ thuật máy tính,6.6,"Giáo dục thể chất, Giáo dục quốc phòng - An ninh, Tiếng Anh chuyên ngành, Toán cao cấp, Tư tưởng Hồ Chí Minh, Đo lường điện tử, Tin học cơ bản, Truyền thông quang, Xử lý tín hiệu số, Hệ thống nhúng nâng cao, Hệ thống điện tử nhúng, Điện tử số, Kỹ năng mềm","Khoa học dữ liệu, Blockchain, Cyber Security, Lập trình, Trí tuệ nhân tạo"
SV10795,Y khoa,8.8,"Bệnh học nội khoa, Vi sinh y học, Y học dự phòng, Giáo dục quốc phòng - An ninh, Kỹ năng mềm, Y học cổ truyền, Giáo dục thể chất, Xác suất thống kê, Bệnh học ngoại khoa, Giải phẫu học","Marketing số, Diễn thuyết, Phân tích dữ liệu, Cyber Security"
SV10796,Kỹ thuật điện,7.7,"Giải tích, Tư tưởng Hồ Chí Minh, Giáo dục thể chất, Kỹ thuật vi mạch, Tiếng Anh chuyên ngành, Điện tử viễn thông, Điện tử năng lượng, Kỹ thuật radar, Tin học cơ bản, Hệ thống điện tử nhúng, Hệ thống điều khiển tự động, Triết học Mác-Lênin, Truyền thông số, Anten và sóng điện từ, Điện tử số, Mạng không dây, Xác suất thống kê, Truyền thông quang, Tư duy logic và giải quyết vấn đề, Giáo dục quốc phòng - An ninh, Kỹ năng mềm, Mạng viễn thông, Điện tử cơ bản, Đo lường điện tử, Điện tử công suất, Truyền thông vô tuyến, Xử lý tín hiệu số, Toán cao cấp, Hệ thống nhúng nâng cao",Khoa học dữ liệu
SV10797,Sư phạm Lịch sử,8.4,"Triết học Mác-Lênin, Tư duy logic và giải quyết vấn đề, Xác suất thống kê, Phương pháp giảng dạy Lịch sử, Tin học cơ bản, Toán cao cấp, Giáo dục thể chất, Lịch sử thế giới hiện đại, Lịch sử Đảng Cộng sản Việt Nam, Kỹ năng mềm, Lịch sử Việt Nam hiện đại, Lịch sử thế giới cổ đại, Phân tích sự kiện lịch sử, Giải tích, Lịch sử Việt Nam cổ đại, Giáo dục quốc phòng - An ninh, Tư tưởng Hồ Chí Minh, Lịch sử văn hóa Việt Nam","Học ngoại ngữ, Đọc sách"
SV10798,Dược học,7.7,"Vi sinh y học, Dinh dưỡng học, Dược lâm sàng, Toán cao cấp, Giáo dục thể chất, Dược lý lâm sàng, Dược lý học, Tiếng Anh chuyên ngành, Kỹ năng mềm, Tư tưởng Hồ Chí Minh, Triết học Mác-Lênin, Y học dự phòng, Giải tích, Giáo dục quốc phòng - An ninh, Bệnh học truyền nhiễm, Sinh lý học, Tin học cơ bản, Y học cổ truyền","Phát triển ứng dụng di động, Thơ ca, Robot học"
SV10799,Tài chính - Ngân hàng,7.7,"Quản trị kinh doanh, Kế toán tài chính, Marketing số, Kinh tế phát triển, Chuỗi cung ứng, Kinh tế vĩ mô, Tư duy logic và giải quyết vấn đề, Môn tự chọn 1, Kế toán quản trị, Logistics, Kinh tế lượng, Kinh tế vi mô, Triết học Mác-Lênin, Môn tự chọn 2, Tin học cơ bản, Giáo dục thể chất, Môn tự chọn 4, Tài chính doanh nghiệp, Quản trị nhân sự, Môn tự chọn 3, Giải tích, Ngân hàng thương mại, Tiếng Anh chuyên ngành, Tư tưởng Hồ Chí Minh, Quản trị chiến lược, Thương mại điện tử, Marketing cơ bản, Xác suất thống kê, Giáo dục quốc phòng - An ninh, Toán cao cấp, Môn tự chọn 5, Kinh tế quốc tế, Tài chính quốc tế, Kỹ năng mềm","Đầu tư, Marketing số, Khởi nghiệp"
SV10800,Báo chí,8.6,"Giáo dục quốc phòng - An ninh, Kỹ thuật phần mềm nâng cao, Phát triển ứng dụng di động, Lập trình C/C++, Phát triển phần mềm doanh nghiệp, Triết học Mác-Lênin, Lập trình di động iOS/Android, Lập trình Java, Tiếng Anh chuyên ngành, Phân tích và thiết kế hệ thống, Tư duy logic và giải quyết vấn đề, An ninh mạng cơ bản, Phát triển ứng dụng web, Cơ sở dữ liệu, Cyber Security nâng cao, Lập trình hướng đối tượng, Machine Learning với TensorFlow, Phát triển game, Giáo dục thể chất, Xác suất thống kê, Tư tưởng Hồ Chí Minh, Hệ thống phân tán, Big Data và Hadoop, Hệ điều hành, Kiểm thử phần mềm, Học sâu, DevOps và CI/CD, Tin học cơ bản, Quản lý dự án CNTT, Thiết kế giao diện người dùng, An toàn thông tin, Cấu trúc dữ liệu và Giải thuật, Internet of Things, Toán cao cấp, Blockchain cơ bản, Học máy, Mật mã học, Trí tuệ nhân tạo, Cloud Computing - AWS/Azure","DevOps, Phát triển web, Internet of Things"
SV10801,An ninh mạng,7.2,"Blockchain cơ bản, Lập trình hướng đối tượng, Internet of Things, Thiết kế giao diện người dùng, Kỹ thuật phần mềm nâng cao, Phát triển game, Thị giác máy tính, Giải tích, Giáo dục thể chất, Trí tuệ nhân tạo, Tư duy logic và giải quyết vấn đề, Phát triển phần mềm doanh nghiệp, Phát triển ứng dụng di động, Cyber Security nâng cao, Toán cao cấp, Cloud Computing - AWS/Azure, Lập trình C/C++, Machine Learning với TensorFlow, Xử lý ngôn ngữ tự nhiên, Lập trình web nâng cao, Phát triển ứng dụng web, Xác suất thống kê, Hệ điều hành, Mật mã học, Hệ thống nhúng, Phân tích và thiết kế hệ thống, Quản lý dự án CNTT, Cơ sở dữ liệu, Tin học cơ bản, An ninh mạng cơ bản, Giáo dục quốc phòng - An ninh, Tiếng Anh chuyên ngành","Lập trình, Khoa học dữ liệu, Cloud Computing, Phát triển web, Thiết kế UI/UX"
SV10802,Kinh tế số,7.8,"Tiếng Anh chuyên ngành, Chuỗi cung ứng, Quản trị nhân sự, Kế toán quản trị, Giáo dục thể chất, Xác suất thống kê, Triết học Mác-Lênin, Kinh tế vĩ mô, Marketing cơ bản, Quản trị kinh doanh",Fintech
SV10803,Kế toán,7.2,"Tư tưởng Hồ Chí Minh, Toán cao cấp, Kỹ năng mềm, Giáo dục quốc phòng - An ninh, Kế toán tài chính, Triết học Mác-Lênin, Quản trị chiến lược, Logistics, Marketing cơ bản, Kinh tế vĩ mô, Tài chính quốc tế, Tiếng Anh chuyên ngành, Quản trị nhân sự, Xác suất thống kê, Kinh tế quốc tế, Giáo dục thể chất, Tài chính doanh nghiệp, Ngân hàng thương mại, Kinh tế lượng, Chuỗi cung ứng, Tư duy logic và giải quyết vấn đề, Marketing số, Kinh tế vi mô, Quản trị kinh doanh, Thương mại điện tử, Kế toán quản trị, Tin học cơ bản, Kinh tế phát triển","Quản trị dự án, Bán hàng, Thương mại điện tử, Khởi nghiệp"
SV10804,Kiến trúc,7.3,"Môn tự chọn 11, Tư tưởng Hồ Chí Minh, Môn tự chọn 2, Môn tự chọn 1, Kết cấu thép, Môn tự chọn 5, Thiết kế kiến trúc nội thất, Môn tự chọn 3, Công trình ngầm, Kỹ thuật địa kỹ thuật, Môn tự chọn 10, Tiếng Anh chuyên ngành, Môn tự chọn 6, Quản lý dự án xây dựng, Thiết kế đô thị, Cơ sở hạ tầng đô thị, Môn tự chọn 12, Toán cao cấp, Kiến trúc cảnh quan, Môn tự chọn 4, Triết học Mác-Lênin, Tư duy logic và giải quyết vấn đề, Vật liệu xây dựng, Môn tự chọn 7, Kết cấu bê tông cốt thép, Giáo dục quốc phòng - An ninh, Cầu và đường, Môn tự chọn 9, Tin học cơ bản, Kỹ năng mềm, Giáo dục thể chất, Xác suất thống kê, Kỹ thuật xây dựng, Môn tự chọn 13, Môn tự chọn 8, Giải tích, Môn tự chọn 14","Khoa học dữ liệu, Trí tuệ nhân tạo, Big Data"
SV10805,Báo chí,7.4,"Machine Learning với TensorFlow, Kỹ năng mềm, Cơ sở dữ liệu, Lập trình di động iOS/Android, DevOps và CI/CD, Tin học cơ bản, Hệ điều hành, Lập trình hướng đối tượng, Tư duy logic và giải quyết vấn đề, Giải tích, Phát triển phần mềm doanh nghiệp, Phát triển ứng dụng di động, Học sâu, Toán cao cấp, Internet of Things, Kỹ thuật phần mềm nâng cao, Big Data và Hadoop, Lập trình web nâng cao, Kiểm thử phần mềm, Tiếng Anh chuyên ngành, An toàn thông tin, Xác suất thống kê, Phát triển game, Học máy, Lập trình C/C++",Cyber Security
SV10806,Luật,7.9,"Tin học cơ bản, Giáo dục thể chất, Cloud Computing - AWS/Azure, Lập trình C/C++, Hệ điều hành, An ninh mạng cơ bản, Kỹ năng mềm, Machine Learning với TensorFlow, DevOps và CI/CD, An toàn thông tin, Xác suất thống kê, Phân tích và thiết kế hệ thống, Kỹ thuật phần mềm nâng cao, Internet of Things, Cấu trúc dữ liệu và Giải thuật, Lập trình di động iOS/Android, Tiếng Anh chuyên ngành, Quản lý dự án CNTT, Cyber Security nâng cao, Lập trình Python, Mạng máy tính, Tư duy logic và giải quyết vấn đề, Giáo dục quốc phòng - An ninh, Hệ thống nhúng, Phát triển ứng dụng di động, Học máy, Lập trình Java, Trí tuệ nhân tạo, Big Data và Hadoop, Phát triển game, Xử lý ngôn ngữ tự nhiên, Hệ thống phân tán, Cơ sở dữ liệu","Khởi nghiệp, Internet of Things, Cyber Security, Phát triển ứng dụng di động, Robot học"
SV10807,Fintech,7.2,"Cấu trúc dữ liệu và Giải thuật, Phát triển game, Tin học cơ bản, Triết học Mác-Lênin, Tiếng Anh chuyên ngành, Giáo dục quốc phòng - An ninh, Lập trình Java, Phát triển ứng dụng di động, Phân tích và thiết kế hệ thống, Kỹ năng mềm, Tư duy logic và giải quyết vấn đề, An ninh mạng cơ bản, Lập trình Python, Cloud Computing - AWS/Azure, Hệ thống phân tán",Internet of Things
SV10808,Truyền thông đa phương tiện,9,"Kỹ thuật phần mềm nâng cao, Triết học Mác-Lênin, Xử lý ngôn ngữ tự nhiên, Big Data và Hadoop, Tin học cơ bản, Giáo dục thể chất, Giải tích, Tiếng Anh chuyên ngành, Internet of Things, Lập trình hướng đối tượng, Kiểm thử phần mềm, Tư tưởng Hồ Chí Minh, Hệ điều hành, Phân tích và thiết kế hệ thống, DevOps và CI/CD, Lập trình C/C++, Phát triển ứng dụng web, Giáo dục quốc phòng - An ninh","Blockchain, Cyber Security, Phát triển ứng dụng di động, Lập trình, Trí tuệ nhân tạo"
SV10809,Blockchain và Tiền mã hóa,6.8,"Internet of Things, Giáo dục quốc phòng - An ninh, Thị giác máy tính, Cloud Computing - AWS/Azure, Trí tuệ nhân tạo, Cyber Security nâng cao, Học máy, Xử lý ngôn ngữ tự nhiên, Lập trình web nâng cao, Học sâu, Kiểm thử phần mềm","Big Data, Phân tích dữ liệu"
SV10810,Kỹ thuật điện tử - Viễn thông,7.5,"Điện tử năng lượng, Tiếng Anh chuyên ngành, Toán cao cấp, Điện tử số, Điện tử cơ bản, Giải tích, Tin học cơ bản, Hệ thống nhúng nâng cao, Xử lý tín hiệu số, Xác suất thống kê, Điện tử viễn thông, Kỹ năng mềm, Điện tử công suất, Giáo dục thể chất, Triết học Mác-Lênin, Truyền thông số, Kỹ thuật radar, Anten và sóng điện từ, Kỹ thuật vi mạch, Tư tưởng Hồ Chí Minh, Tư duy logic và giải quyết vấn đề, Mạng viễn thông, Giáo dục quốc phòng - An ninh, Mạng không dây, Đo lường điện tử","Internet of Things, Khoa học dữ liệu"
SV10811,Kiến trúc,7.3,"Toán cao cấp, Kết cấu bê tông cốt thép, Tư duy logic và giải quyết vấn đề, Kỹ thuật xây dựng, Thiết kế đô thị, Giáo dục quốc phòng - An ninh, Kết cấu thép, Vật liệu xây dựng, Công trình ngầm, Kiến trúc cảnh quan, Kỹ năng mềm, Quản lý dự án xây dựng, Xác suất thống kê, Kỹ thuật địa kỹ thuật, Cầu và đường, Tiếng Anh chuyên ngành, Giáo dục thể chất, Triết học Mác-Lênin, Giải tích, Cơ sở hạ tầng đô thị, Tư tưởng Hồ Chí Minh, Tin học cơ bản, Thiết kế kiến trúc nội thất","Thiết kế UI/UX, Game Development, Khoa học dữ liệu, Internet of Things, Robot học"
SV10812,Báo chí,9.1,"Phát triển ứng dụng di động, Triết học Mác-Lênin, Giáo dục quốc phòng - An ninh, Phát triển phần mềm doanh nghiệp, Cloud Computing - AWS/Azure, Cấu trúc dữ liệu và Giải thuật, Quản lý dự án CNTT, Giải tích, Tư duy logic và giải quyết vấn đề, Xác suất thống kê, Machine Learning với TensorFlow, Lập trình C/C++, Thị giác máy tính, Tư tưởng Hồ Chí Minh, Tin học cơ bản, Lập trình Python, Phân tích và thiết kế hệ thống, Hệ điều hành, Mạng máy tính, An toàn thông tin, Lập trình Java, Trí tuệ nhân tạo, Cyber Security nâng cao, Blockchain cơ bản, Kỹ năng mềm","Lập trình, Game Development, Khoa học dữ liệu"
SV10813,Sư phạm Ngữ văn,7.9,"Tiếng Anh chuyên ngành, Giáo dục thể chất, Văn học hiện đại Việt Nam, Văn học Việt Nam hiện đại, Toán cao cấp, Triết học Mác-Lênin, Môn tự chọn 2, Môn tự chọn 4, Tư duy logic và giải quyết vấn đề, Ngữ pháp tiếng Việt, Giáo dục quốc phòng - An ninh, Môn tự chọn 9, Môn tự chọn 11, Lịch sử văn học thế giới, Kỹ năng mềm, Môn tự chọn 6, Lí luận văn học, Tư tưởng Hồ Chí Minh, Phân tích tác phẩm văn học, Môn tự chọn 7, Giải tích, Văn học dân gian, Phương pháp giảng dạy Ngữ văn, Môn tự chọn 3, Môn tự chọn 10, Môn tự chọn 8, Tin học cơ bản, Xác suất thống kê, Môn tự chọn 1, Môn tự chọn 5, Văn học Việt Nam cổ điển, Phương pháp dạy văn lớp 12, Môn tự chọn 12, Văn học so sánh, Nghiên cứu tác phẩm Nguyễn Du","Làm video, Yoga"
SV10814,Công nghệ đa phương tiện,8.7,"Học máy, Machine Learning với TensorFlow, Mạng máy tính, Kỹ thuật phần mềm nâng cao, Giáo dục thể chất, Cyber Security nâng cao, Xác suất thống kê, Trí tuệ nhân tạo, Kiểm thử phần mềm, An ninh mạng cơ bản, Toán cao cấp, Giáo dục quốc phòng - An ninh, Blockchain cơ bản, Phát triển phần mềm doanh nghiệp, Cơ sở dữ liệu, Xử lý ngôn ngữ tự nhiên, Phát triển game, An toàn thông tin, Tin học cơ bản, Lập trình web nâng cao, Giải tích, Thiết kế giao diện người dùng, Phát triển ứng dụng di động, DevOps và CI/CD, Học sâu, Quản lý dự án CNTT, Tiếng Anh chuyên ngành, Big Data và Hadoop, Tư tưởng Hồ Chí Minh, Lập trình Python, Lập trình di động iOS/Android","Cyber Security, Cloud Computing, Blockchain"
SV10815,Khoa học dữ liệu,6.2,"Internet of Things, Thiết kế giao diện người dùng, Machine Learning với TensorFlow, DevOps và CI/CD, An toàn thông tin, Kỹ năng mềm, Giáo dục thể chất, Trí tuệ nhân tạo, Cyber Security nâng cao, Blockchain cơ bản, Phát triển game, An ninh mạng cơ bản, Lập trình Python, Mật mã học, Học máy, Xác suất thống kê, Giải tích, Lập trình di động iOS/Android, Phát triển ứng dụng web, Kiểm thử phần mềm, Hệ thống phân tán, Thị giác máy tính, Tư tưởng Hồ Chí Minh, Học sâu, Phân tích và thiết kế hệ thống, Lập trình hướng đối tượng, Cấu trúc dữ liệu và Giải thuật, Xử lý ngôn ngữ tự nhiên, Triết học Mác-Lênin, Kỹ thuật phần mềm nâng cao, Tư duy logic và giải quyết vấn đề, Lập trình C/C++, Lập trình web nâng cao, Hệ thống nhúng, Tin học cơ bản, Cơ sở dữ liệu","Cloud Computing, Blockchain, Internet of Things, Khoa học dữ liệu"
SV10816,Du lịch,8,"Học máy, Big Data và Hadoop, Lập trình Python, Lập trình hướng đối tượng, An ninh mạng cơ bản, Phát triển ứng dụng di động, Lập trình C/C++, Phân tích và thiết kế hệ thống, Cloud Computing - AWS/Azure, Giải tích, Tư tưởng Hồ Chí Minh, Giáo dục thể chất, Tư duy logic và giải quyết vấn đề, Kỹ thuật phần mềm nâng cao, Học sâu, Cơ sở dữ liệu, DevOps và CI/CD, Lập trình di động iOS/Android, Machine Learning với TensorFlow, Phát triển game, Lập trình Java, Thiết kế giao diện người dùng, Trí tuệ nhân tạo, Triết học Mác-Lênin, Kỹ năng mềm","Lập trình, Phát triển ứng dụng di động"
SV10817,Khoa học máy tính,8.6,"Phát triển game, Lập trình web nâng cao, Lập trình C/C++, Giải tích, Mạng máy tính, Lập trình Python, Giáo dục quốc phòng - An ninh, Phát triển ứng dụng di động, Internet of Things, Tin học cơ bản, Kiểm thử phần mềm, An ninh mạng cơ bản, Hệ điều hành, Tư tưởng Hồ Chí Minh, Cơ sở dữ liệu, Tiếng Anh chuyên ngành, Hệ thống phân tán, Triết học Mác-Lênin, Thị giác máy tính, Kỹ năng mềm, Cloud Computing - AWS/Azure, Toán cao cấp, Quản lý dự án CNTT, Giáo dục thể chất, DevOps và CI/CD, An toàn thông tin, Lập trình di động iOS/Android, Mật mã học, Trí tuệ nhân tạo, Blockchain cơ bản, Học máy, Phát triển ứng dụng web, Phát triển phần mềm doanh nghiệp, Hệ thống nhúng, Machine Learning với TensorFlow, Lập trình Java, Xác suất thống kê, Phân tích và thiết kế hệ thống","Phát triển web, Thiết kế UI/UX, Machine Learning"
SV10818,Công nghệ đa phương tiện,7.8,"Internet of Things, Tư duy logic và giải quyết vấn đề, Xử lý ngôn ngữ tự nhiên, Tiếng Anh chuyên ngành, Blockchain cơ bản, Giáo dục thể chất, Tư tưởng Hồ Chí Minh, Học sâu, Mạng máy tính, Mật mã học, Giáo dục quốc phòng - An ninh, Cấu trúc dữ liệu và Giải thuật, Lập trình hướng đối tượng, Giải tích, Lập trình web nâng cao, Thị giác máy tính, Xác suất thống kê, Cloud Computing - AWS/Azure, Cyber Security nâng cao, Phát triển ứng dụng web","Phân tích dữ liệu, Robot học, Thiết kế UI/UX"
SV10819,Y khoa,8.8,"Tiếng Anh chuyên ngành, Môn tự chọn 2, Dược lý lâm sàng, Giáo dục thể chất, Vi sinh y học, Tư duy logic và giải quyết vấn đề, Dinh dưỡng học, Giải tích, Toán cao cấp, Miễn dịch học, Môn tự chọn 1, Triết học Mác-Lênin, Giáo dục quốc phòng - An ninh, Y học dự phòng, Sinh lý học, Bệnh học nội khoa, Y học cổ truyền, Kỹ năng mềm, Tư tưởng Hồ Chí Minh, Bệnh học ngoại khoa, Hóa sinh y học, Tin học cơ bản, Dược lý học, Môn tự chọn 4, Giải phẫu học, Môn tự chọn 3, Bệnh học truyền nhiễm, Dược lâm sàng, Xác suất thống kê","Internet of Things, Làm video, Game Development, Học ngoại ngữ, Thương mại điện tử"
SV10820,Ngôn ngữ Hàn Quốc,7.2,"Giải tích, Giáo dục thể chất, Toán cao cấp, Từ vựng tiếng Hàn, Tiếng Anh chuyên ngành, Ngữ âm học tiếng Hàn, Triết học Mác-Lênin, Tiếng Hàn thương mại, Hangeul, Tư duy logic và giải quyết vấn đề","Viết lách, Diễn thuyết, Game Development, Thiền, Marketing số"
SV10821,Y khoa,9.1,"Xác suất thống kê, Dược lý học, Tiếng Anh chuyên ngành, Y học cổ truyền, Tin học cơ bản, Hóa sinh y học, Tư duy logic và giải quyết vấn đề, Bệnh học nội khoa, Miễn dịch học, Tư tưởng Hồ Chí Minh, Y học dự phòng, Dược lý lâm sàng",Thương mại điện tử
SV10822,Logistics và Quản lý chuỗi cung ứng,10,"Học máy, Lập trình Java, Trí tuệ nhân tạo, Học sâu, An toàn thông tin, Toán cao cấp, Hệ điều hành, Xác suất thống kê, Kỹ năng mềm, Lập trình C/C++, Phát triển ứng dụng web, Phát triển game, Xử lý ngôn ngữ tự nhiên, Cyber Security nâng cao, Cấu trúc dữ liệu và Giải thuật, Internet of Things, Giáo dục thể chất, Hệ thống nhúng, Mật mã học, Cloud Computing - AWS/Azure","Blockchain, Phát triển web"
SV10823,Kế toán,7.3,"Thương mại điện tử, Xác suất thống kê, Chuỗi cung ứng, Quản trị chiến lược, Toán cao cấp, Giải tích, Kế toán tài chính, Tài chính quốc tế, Giáo dục quốc phòng - An ninh, Môn tự chọn 3, Kinh tế vĩ mô, Kế toán quản trị, Môn tự chọn 2, Kinh tế quốc tế, Môn tự chọn 4, Tư duy logic và giải quyết vấn đề, Logistics, Kinh tế vi mô, Tin học cơ bản, Quản trị nhân sự, Ngân hàng thương mại, Quản trị kinh doanh, Triết học Mác-Lênin, Tài chính doanh nghiệp, Marketing số, Môn tự chọn 5, Kỹ năng mềm, Tiếng Anh chuyên ngành, Marketing cơ bản, Kinh tế phát triển, Tư tưởng Hồ Chí Minh, Kinh tế lượng, Môn tự chọn 1, Giáo dục thể chất","Đầu tư, Bán hàng, Quản trị dự án, Thương mại điện tử"
SV10824,Sư phạm Lịch sử,7.3,"Kỹ năng mềm, Triết học Mác-Lênin, Phân tích sự kiện lịch sử, Lịch sử văn hóa Việt Nam, Tư duy logic và giải quyết vấn đề, Tin học cơ bản, Lịch sử thế giới cổ đại, Phương pháp giảng dạy Lịch sử, Xác suất thống kê, Lịch sử thế giới hiện đại, Lịch sử Đảng Cộng sản Việt Nam, Giáo dục quốc phòng - An ninh, Dạy học lịch sử phổ thông, Tư tưởng Hồ Chí Minh, Lịch sử Việt Nam cổ đại, Giáo dục thể chất, Tiếng Anh chuyên ngành, Giải tích, Lịch sử Việt Nam hiện đại","Viết lách, Âm nhạc, Làm video"
SV10825,Kỹ thuật cơ khí,9.2,"Kỹ thuật nhiệt, Động lực học máy, Tiếng Anh chuyên ngành, Toán cao cấp, Kỹ thuật gia công, Giải tích, Sản xuất tự động, Kỹ thuật hàn, Giáo dục quốc phòng - An ninh, Thiết kế máy, Cơ học vật liệu, Tư tưởng Hồ Chí Minh, Cơ khí chế tạo, Cơ điện tử, Robot công nghiệp, Kỹ thuật sản xuất, Tư duy logic và giải quyết vấn đề, Cơ khí chính xác","Ẩm thực, Machine Learning, Phát triển ứng dụng di động, Robot học"
SV10826,Khoa học máy tính,9.3,"Xử lý ngôn ngữ tự nhiên, Học máy, Hệ thống nhúng, Quản lý dự án CNTT, Cơ sở dữ liệu, Phát triển phần mềm doanh nghiệp, Mạng máy tính, Trí tuệ nhân tạo, Xác suất thống kê, Kiểm thử phần mềm, Giáo dục thể chất, Cloud Computing - AWS/Azure, Mật mã học, Internet of Things, Phát triển ứng dụng di động, Thiết kế giao diện người dùng","Cloud Computing, Blockchain, Phát triển ứng dụng di động"
SV10827,Ngôn ngữ Hàn Quốc,7.2,"Từ vựng tiếng Hàn, Kỹ năng nghe nói tiếng Hàn, Dịch Hàn-Việt, Toán cao cấp, Giải tích, Môn tự chọn 2, Tiếng Hàn thương mại, Kỹ năng mềm, Triết học Mác-Lênin, Môn tự chọn 1, Tư tưởng Hồ Chí Minh, Lịch sử Hàn Quốc, Môn tự chọn 3, Xác suất thống kê, Giáo dục quốc phòng - An ninh, Tư duy logic và giải quyết vấn đề, Ngữ âm học tiếng Hàn, Ngữ pháp tiếng Hàn, Hangeul, Giáo dục thể chất, Tiếng Anh chuyên ngành, Văn hóa Hàn Quốc, Tin học cơ bản, K-pop và văn hóa đại chúng Hàn","Lập trình, Internet of Things, Diễn thuyết, Khởi nghiệp, Vẽ tranh"
SV10828,Khoa học dữ liệu,7.3,"Tư duy logic và giải quyết vấn đề, An ninh mạng cơ bản, Thiết kế giao diện người dùng, Cơ sở dữ liệu, Kiểm thử phần mềm, DevOps và CI/CD, Trí tuệ nhân tạo, Machine Learning với TensorFlow, Lập trình Java, Quản lý dự án CNTT, Mật mã học, Phát triển game, Kỹ năng mềm, Tiếng Anh chuyên ngành, Phát triển ứng dụng web, Mạng máy tính, Tư tưởng Hồ Chí Minh, Lập trình hướng đối tượng, Triết học Mác-Lênin, Học sâu, An toàn thông tin, Cyber Security nâng cao, Thị giác máy tính, Cấu trúc dữ liệu và Giải thuật, Hệ điều hành, Xử lý ngôn ngữ tự nhiên, Xác suất thống kê, Phát triển phần mềm doanh nghiệp, Giáo dục thể chất, Phát triển ứng dụng di động, Internet of Things, Cloud Computing - AWS/Azure",Khoa học dữ liệu
SV10829,Luật,7.4,"Hệ thống nhúng, Machine Learning với TensorFlow, Giáo dục quốc phòng - An ninh, Triết học Mác-Lênin, Lập trình C/C++, Giáo dục thể chất, Cấu trúc dữ liệu và Giải thuật, Thị giác máy tính, Tư duy logic và giải quyết vấn đề, Thiết kế giao diện người dùng, Toán cao cấp, DevOps và CI/CD, Giải tích, Hệ điều hành, Kỹ năng mềm, Lập trình Java, Phân tích và thiết kế hệ thống, Trí tuệ nhân tạo, Học sâu, Cơ sở dữ liệu, Phát triển ứng dụng web, Hệ thống phân tán, Cloud Computing - AWS/Azure, Kiểm thử phần mềm, An ninh mạng cơ bản, Phát triển phần mềm doanh nghiệp, Mật mã học","Machine Learning, Phát triển ứng dụng di động"
SV10830,Dược học,6.4,"Vi sinh y học, Dinh dưỡng học, Tư duy logic và giải quyết vấn đề, Kỹ năng mềm, Bệnh học truyền nhiễm, Giải tích, Môn tự chọn 5, Dược lý học, Y học cổ truyền, Toán cao cấp, Môn tự chọn 8, Dược lâm sàng, Giáo dục thể chất, Miễn dịch học, Môn tự chọn 6, Y học dự phòng, Môn tự chọn 9, Sinh lý học, Bệnh học nội khoa, Tiếng Anh chuyên ngành, Giải phẫu học, Hóa sinh y học, Môn tự chọn 3, Môn tự chọn 7, Xác suất thống kê, Bệnh học ngoại khoa, Giáo dục quốc phòng - An ninh, Môn tự chọn 2, Tư tưởng Hồ Chí Minh, Tin học cơ bản, Dược lý lâm sàng, Môn tự chọn 1, Môn tự chọn 4, Triết học Mác-Lênin","Diễn thuyết, Bán hàng, Kinh doanh quốc tế, Nhiếp ảnh, Thiết kế UI/UX"
SV10831,Blockchain và Tiền mã hóa,6.8,"Cấu trúc dữ liệu và Giải thuật, Lập trình di động iOS/Android, Quản lý dự án CNTT, Xử lý ngôn ngữ tự nhiên, Cyber Security nâng cao, Phân tích và thiết kế hệ thống, Lập trình web nâng cao, An toàn thông tin, Mật mã học, Phát triển ứng dụng web, Giáo dục quốc phòng - An ninh, Kiểm thử phần mềm, Giải tích, Lập trình Java, Trí tuệ nhân tạo, Kỹ thuật phần mềm nâng cao, Hệ thống nhúng, DevOps và CI/CD, Tư tưởng Hồ Chí Minh, Blockchain cơ bản, Mạng máy tính, Tin học cơ bản, Tiếng Anh chuyên ngành, An ninh mạng cơ bản, Học máy, Triết học Mác-Lênin, Cloud Computing - AWS/Azure, Tư duy logic và giải quyết vấn đề, Machine Learning với TensorFlow, Lập trình C/C++, Phát triển phần mềm doanh nghiệp, Xác suất thống kê, Lập trình hướng đối tượng, Hệ điều hành, Toán cao cấp, Giáo dục thể chất, Thị giác máy tính, Hệ thống phân tán, Lập trình Python","Cloud Computing, Cyber Security, Robot học, Phát triển ứng dụng di động"
SV10832,Kinh tế số,6.7,"Tiếng Anh chuyên ngành, Quản trị kinh doanh, Kinh tế phát triển, Tài chính quốc tế, Kinh tế vĩ mô, Kế toán quản trị, Ngân hàng thương mại, Tư tưởng Hồ Chí Minh, Kinh tế lượng, Marketing cơ bản, Toán cao cấp, Giáo dục quốc phòng - An ninh, Marketing số, Chuỗi cung ứng, Kinh tế quốc tế, Kinh tế vi mô, Tài chính doanh nghiệp, Logistics, Kế toán tài chính, Giải tích, Tin học cơ bản, Triết học Mác-Lênin","Khởi nghiệp, Bán hàng, Fintech"
SV10833,Sư phạm Tin học,6.9,"Môn tự chọn 3, Phương pháp giảng dạy Tin học, Đánh giá học tập Tin học, Thiết kế khóa học trực tuyến, Công nghệ thông tin trong giáo dục, Toán cao cấp, Phát triển bài giảng Tin học, Tư duy logic và giải quyết vấn đề, Môn tự chọn 6, Dạy học Tin học phổ thông, Giải tích, Môn tự chọn 1, Tiếng Anh chuyên ngành, Giáo dục thể chất, Xác suất thống kê, Giáo dục kỹ năng số, Môn tự chọn 5, Ứng dụng AI trong giảng dạy, Quản lý lớp học CNTT, Lập trình Python cho giáo viên, Lập trình cơ bản cho giáo viên, Giáo dục quốc phòng - An ninh, Tin học cơ bản, Môn tự chọn 2, Môn tự chọn 4, Phần mềm giáo dục, Tư tưởng Hồ Chí Minh, Kỹ năng mềm, Triết học Mác-Lênin, An toàn mạng trong trường học, Lập trình Scratch cho học sinh","Ẩm thực, Thiền, Yoga, Làm video, Âm nhạc"
SV10834,Blockchain và Tiền mã hóa,7.7,"Phát triển game, Thị giác máy tính, Xử lý ngôn ngữ tự nhiên, Kỹ thuật phần mềm nâng cao, DevOps và CI/CD, Giáo dục quốc phòng - An ninh, Cơ sở dữ liệu, Trí tuệ nhân tạo, Mạng máy tính, Hệ điều hành, Phát triển ứng dụng di động, Mật mã học, An ninh mạng cơ bản, Phân tích và thiết kế hệ thống, Tin học cơ bản, Học máy, Internet of Things, Triết học Mác-Lênin, Quản lý dự án CNTT, Thiết kế giao diện người dùng, Cloud Computing - AWS/Azure, Cấu trúc dữ liệu và Giải thuật, Học sâu, Lập trình Java, Lập trình di động iOS/Android, Hệ thống phân tán, Cyber Security nâng cao, Hệ thống nhúng","Phát triển web, Cloud Computing"
SV10835,Quan hệ quốc tế,7.9,"Lập trình C/C++, Lập trình Python, Học sâu, Triết học Mác-Lênin, Tư tưởng Hồ Chí Minh, Giáo dục quốc phòng - An ninh, Kỹ năng mềm, Lập trình web nâng cao, Thị giác máy tính, Tin học cơ bản, Cơ sở dữ liệu, Phát triển ứng dụng web, Lập trình Java, Kỹ thuật phần mềm nâng cao, Blockchain cơ bản, Học máy, Phát triển phần mềm doanh nghiệp, Cloud Computing - AWS/Azure, Kiểm thử phần mềm, DevOps và CI/CD, Phát triển game, Giải tích, Xử lý ngôn ngữ tự nhiên, Quản lý dự án CNTT","Phát triển web, Cyber Security, Internet of Things, Cloud Computing"
SV10836,Sư phạm Tin học,9.3,"Dạy học Tin học phổ thông, Kỹ năng mềm, Lập trình cơ bản cho giáo viên, Giáo dục quốc phòng - An ninh, An toàn mạng trong trường học, Ứng dụng AI trong giảng dạy, Phương pháp giảng dạy Tin học, Tư tưởng Hồ Chí Minh, Lập trình Python cho giáo viên, Giáo dục thể chất, Tư duy logic và giải quyết vấn đề, Toán cao cấp, Thiết kế khóa học trực tuyến, Phần mềm giáo dục, Công nghệ thông tin trong giáo dục, Tin học cơ bản, Xác suất thống kê, Triết học Mác-Lênin, Lập trình Scratch cho học sinh, Đánh giá học tập Tin học, Quản lý lớp học CNTT, Giải tích, Giáo dục kỹ năng số, Phát triển bài giảng Tin học","Thiền, Làm video"
SV10837,Du lịch,6.7,"Internet of Things, Triết học Mác-Lênin, Cyber Security nâng cao, Kỹ năng mềm, Phát triển ứng dụng di động, Phát triển game, Machine Learning với TensorFlow, Cơ sở dữ liệu, Lập trình Python, Lập trình C/C++, Học sâu, Lập trình di động iOS/Android, Giáo dục thể chất, Hệ thống nhúng, Thị giác máy tính, Blockchain cơ bản, DevOps và CI/CD, Tiếng Anh chuyên ngành, An ninh mạng cơ bản, Mật mã học, Kỹ thuật phần mềm nâng cao, Học máy, Phát triển phần mềm doanh nghiệp, Mạng máy tính, Phát triển ứng dụng web, Thiết kế giao diện người dùng, Tư tưởng Hồ Chí Minh, Phân tích và thiết kế hệ thống, Trí tuệ nhân tạo, Lập trình web nâng cao, Big Data và Hadoop, Hệ điều hành, Toán cao cấp, Giáo dục quốc phòng - An ninh, Lập trình Java, Lập trình hướng đối tượng, Cloud Computing - AWS/Azure, Kiểm thử phần mềm, Quản lý dự án CNTT","Internet of Things, Phát triển web, Cloud Computing, Big Data"
SV10838,Âm nhạc học,8.7,"Môn tự chọn 1, Môn tự chọn 8, Kỹ thuật thanh nhạc, Môn tự chọn 2, Lịch sử âm nhạc, Giải tích, Xác suất thống kê, Toán cao cấp, Môn tự chọn 4, Giáo dục thể chất, Môn tự chọn 6, Âm nhạc dân gian Việt Nam, Biểu diễn nhạc cụ, Môn tự chọn 5, Âm nhạc lý thuyết, Môn tự chọn 7, Môn tự chọn 3, Âm nhạc hiện đại, Môn tự chọn 11, Tin học cơ bản, Tư duy logic và giải quyết vấn đề, Âm nhạc cổ điển phương Tây, Phân tích tác phẩm âm nhạc, Kỹ năng mềm, Môn tự chọn 9, Tư tưởng Hồ Chí Minh, Triết học Mác-Lênin, Hòa âm, Tiếng Anh chuyên ngành, Giáo dục quốc phòng - An ninh, Môn tự chọn 10, Soạn nhạc cơ bản","Làm video, Thơ ca, Đọc sách, Học ngoại ngữ"
SV10839,Ngôn ngữ Anh,7.5,"Tiếng Anh chuyên ngành pháp lý, Tiếng Anh học thuật, Phiên dịch hội nghị, Tư tưởng Hồ Chí Minh, Giáo dục quốc phòng - An ninh, Văn hóa Anh-Mỹ, Toán cao cấp, Tiếng Anh thương mại, Tư duy logic và giải quyết vấn đề, Kỹ năng đọc hiểu tiếng Anh","DevOps, Ẩm thực, Khởi nghiệp, Blockchain"
SV10840,Quan hệ quốc tế,7.7,"Lập trình hướng đối tượng, Phát triển ứng dụng web, Phát triển game, Big Data và Hadoop, Thiết kế giao diện người dùng, Phát triển phần mềm doanh nghiệp, Toán cao cấp, Lập trình di động iOS/Android, Tin học cơ bản, An ninh mạng cơ bản, Lập trình web nâng cao, Học máy, Phân tích và thiết kế hệ thống, Cấu trúc dữ liệu và Giải thuật, Xử lý ngôn ngữ tự nhiên, Cyber Security nâng cao, Kỹ thuật phần mềm nâng cao, DevOps và CI/CD, Mạng máy tính, Internet of Things, Mật mã học, An toàn thông tin, Quản lý dự án CNTT, Kỹ năng mềm, Kiểm thử phần mềm, Xác suất thống kê, Học sâu, Giáo dục thể chất, Hệ điều hành, Thị giác máy tính, Trí tuệ nhân tạo, Giáo dục quốc phòng - An ninh, Giải tích","Phát triển web, Phát triển ứng dụng di động, Khoa học dữ liệu, Cloud Computing"
SV10841,Kỹ thuật phần mềm,8.4,"Lập trình C/C++, Cloud Computing - AWS/Azure, Phát triển ứng dụng di động, DevOps và CI/CD, Lập trình Python, Blockchain cơ bản, An toàn thông tin, Phân tích và thiết kế hệ thống, Phát triển phần mềm doanh nghiệp, Kỹ thuật phần mềm nâng cao, Lập trình Java, Tư tưởng Hồ Chí Minh, Tiếng Anh chuyên ngành, Kỹ năng mềm, Quản lý dự án CNTT, Machine Learning với TensorFlow, Tư duy logic và giải quyết vấn đề, Học máy, Học sâu, Hệ thống nhúng, Thiết kế giao diện người dùng, Hệ điều hành","Phát triển ứng dụng di động, Internet of Things"
SV10842,Kinh tế,6.6,"Logistics, Giáo dục thể chất, Toán cao cấp, Tài chính doanh nghiệp, Kỹ năng mềm, Kinh tế vĩ mô, Marketing cơ bản, Triết học Mác-Lênin, Marketing số, Kế toán quản trị, Tư tưởng Hồ Chí Minh, Kinh tế vi mô, Quản trị chiến lược, Chuỗi cung ứng, Kinh tế phát triển, Ngân hàng thương mại, Quản trị kinh doanh","Marketing số, Kinh doanh quốc tế"
SV10843,Báo chí,8.1,"Hệ thống nhúng, Phát triển ứng dụng web, Thiết kế giao diện người dùng, Xử lý ngôn ngữ tự nhiên, Giải tích, Lập trình C/C++, Kỹ thuật phần mềm nâng cao, Cơ sở dữ liệu, Tin học cơ bản, Lập trình hướng đối tượng, Giáo dục quốc phòng - An ninh, Trí tuệ nhân tạo, Lập trình Python, Giáo dục thể chất, Kiểm thử phần mềm, Cấu trúc dữ liệu và Giải thuật, Triết học Mác-Lênin, Blockchain cơ bản, Phát triển phần mềm doanh nghiệp, Cyber Security nâng cao, Machine Learning với TensorFlow, Hệ điều hành, Xác suất thống kê, Quản lý dự án CNTT, Thị giác máy tính, Lập trình di động iOS/Android, Big Data và Hadoop, Học sâu, Lập trình Java, An toàn thông tin, Mạng máy tính, Học máy, Phát triển game, Tiếng Anh chuyên ngành, Toán cao cấp, Mật mã học, Lập trình web nâng cao","Cloud Computing, Lập trình, DevOps"
SV10844,Sư phạm Lịch sử,7.9,"Lịch sử văn hóa Việt Nam, Lịch sử Việt Nam hiện đại, Tin học cơ bản, Lịch sử thế giới hiện đại, Toán cao cấp, Giáo dục quốc phòng - An ninh, Lịch sử thế giới cổ đại, Kỹ năng mềm, Lịch sử Đảng Cộng sản Việt Nam, Lịch sử Việt Nam cổ đại, Dạy học lịch sử phổ thông, Tư duy logic và giải quyết vấn đề, Tiếng Anh chuyên ngành, Xác suất thống kê, Tư tưởng Hồ Chí Minh, Giải tích, Phân tích sự kiện lịch sử","Chơi nhạc cụ, Kể chuyện"
SV10845,Sư phạm Toán,8.2,"Phương pháp giảng dạy Toán, Môn tự chọn 11, Môn tự chọn 7, Môn tự chọn 8, Môn tự chọn 13, Môn tự chọn 9, Toán học ứng dụng, Tư tưởng Hồ Chí Minh, Giáo dục thể chất, Dạy học toán phổ thông, Giải tích, Toán cao cấp, Giáo dục quốc phòng - An ninh, Bài tập toán nâng cao, Môn tự chọn 15, Tiếng Anh chuyên ngành, Tư duy logic và giải quyết vấn đề, Môn tự chọn 2, Môn tự chọn 5, Lý thuyết số, Triết học Mác-Lênin, Toán học sơ cấp, Kỹ năng mềm, Hình học giải tích, Môn tự chọn 10, Tin học cơ bản, Môn tự chọn 3, Xác suất thống kê, Môn tự chọn 4, Môn tự chọn 14, Đại số tuyến tính, Môn tự chọn 6, Môn tự chọn 1, Toán rời rạc, Môn tự chọn 12","Khiêu vũ, Vẽ tranh"
SV10846,Kỹ thuật điện,8,"Triết học Mác-Lênin, Tư duy logic và giải quyết vấn đề, Đo lường điện tử, Điện tử công suất, Truyền thông vô tuyến, Giáo dục quốc phòng - An ninh, Xử lý tín hiệu số, Xác suất thống kê, Toán cao cấp, Tư tưởng Hồ Chí Minh, Kỹ thuật vi mạch, Truyền thông số, Tiếng Anh chuyên ngành, Điện tử cơ bản, Mạng viễn thông, Hệ thống nhúng nâng cao",Big Data
SV10847,Kiến trúc,10,"Cầu và đường, Quản lý dự án xây dựng, Thiết kế kiến trúc nội thất, Kiến trúc cảnh quan, Kỹ thuật địa kỹ thuật, Công trình ngầm, Tiếng Anh chuyên ngành, Vật liệu xây dựng, Kết cấu bê tông cốt thép, Cơ sở hạ tầng đô thị","Lập trình, Internet of Things, Machine Learning"
SV10848,Báo chí,7.1,"Blockchain cơ bản, Mạng máy tính, Tư tưởng Hồ Chí Minh, An ninh mạng cơ bản, Big Data và Hadoop, Machine Learning với TensorFlow, Giáo dục quốc phòng - An ninh, Lập trình di động iOS/Android, Lập trình Python, Kiểm thử phần mềm, Mật mã học, Phát triển ứng dụng web, Hệ thống nhúng, Trí tuệ nhân tạo, Lập trình web nâng cao, Phân tích và thiết kế hệ thống, Hệ thống phân tán, Cấu trúc dữ liệu và Giải thuật, Cloud Computing - AWS/Azure, Phát triển ứng dụng di động, An toàn thông tin, Cyber Security nâng cao, Kỹ thuật phần mềm nâng cao","Cyber Security, Chơi nhạc cụ, Thiết kế UI/UX, Machine Learning"
SV10849,Logistics và Quản lý chuỗi cung ứng,7.2,"Thiết kế giao diện người dùng, Quản lý dự án CNTT, Phát triển game, Cyber Security nâng cao, Kỹ năng mềm, An toàn thông tin, Trí tuệ nhân tạo, Học máy, Big Data và Hadoop, Lập trình C/C++, Lập trình Python, Toán cao cấp, Phát triển phần mềm doanh nghiệp, Kỹ thuật phần mềm nâng cao, Lập trình web nâng cao, Phát triển ứng dụng web, Tiếng Anh chuyên ngành, Tư tưởng Hồ Chí Minh, Phát triển ứng dụng di động, Giáo dục quốc phòng - An ninh, Triết học Mác-Lênin, Mạng máy tính, Cấu trúc dữ liệu và Giải thuật, Hệ thống nhúng, Cơ sở dữ liệu, Học sâu, Lập trình Java, Machine Learning với TensorFlow, Lập trình di động iOS/Android, Phân tích và thiết kế hệ thống, Lập trình hướng đối tượng, Blockchain cơ bản, Kiểm thử phần mềm, An ninh mạng cơ bản","Khoa học dữ liệu, Big Data, Internet of Things, Blockchain"
SV10850,Kỹ thuật cơ khí,7.1,"Cơ điện tử, Cơ học kỹ thuật, Kỹ thuật nhiệt, Tư duy logic và giải quyết vấn đề, Sản xuất tự động, Xác suất thống kê, Cơ khí chế tạo, Kỹ thuật sản xuất, Kỹ thuật hàn, Giải tích, Kỹ năng mềm, Cơ học vật liệu, Động lực học máy, Toán cao cấp, Robot công nghiệp, Thiết kế máy, Tiếng Anh chuyên ngành, Giáo dục thể chất, Tư tưởng Hồ Chí Minh, Triết học Mác-Lênin, Cơ khí chính xác, Giáo dục quốc phòng - An ninh, Kỹ thuật gia công, Thiết kế CAD/CAM","Robot học, Phát triển ứng dụng di động"
SV10851,Khoa học máy tính,7.1,"Lập trình di động iOS/Android, Lập trình web nâng cao, Lập trình Python, Phân tích và thiết kế hệ thống, Kỹ năng mềm, Machine Learning với TensorFlow, Big Data và Hadoop, Xác suất thống kê, Tin học cơ bản, Phát triển ứng dụng di động, Lập trình Java","Thiết kế UI/UX, Khoa học dữ liệu, Game Development"
SV10852,Logistics và Quản lý chuỗi cung ứng,7.1,"Blockchain cơ bản, Lập trình C/C++, Triết học Mác-Lênin, Mật mã học, Lập trình Python, Giáo dục quốc phòng - An ninh, Xác suất thống kê, Kỹ năng mềm, An toàn thông tin, Hệ thống nhúng, Machine Learning với TensorFlow, Phân tích và thiết kế hệ thống, Big Data và Hadoop","Lập trình, Cloud Computing, Khoa học dữ liệu"
SV10853,Du lịch,8.9,"Tiếng Anh chuyên ngành, DevOps và CI/CD, Toán cao cấp, Thị giác máy tính, Kiểm thử phần mềm, An ninh mạng cơ bản, Kỹ thuật phần mềm nâng cao, Blockchain cơ bản, Phát triển game, Trí tuệ nhân tạo, Giáo dục thể chất, Kỹ năng mềm, Lập trình Python","Phát triển web, Trí tuệ nhân tạo, Lập trình, Phân tích dữ liệu, Blockchain"
SV10854,Ngôn ngữ Anh,9.1,"Kỹ năng nói tiếng Anh, Tiếng Anh thương mại, Kỹ năng viết tiếng Anh, Tư duy logic và giải quyết vấn đề, Ngữ pháp tiếng Anh nâng cao, Phiên dịch hội nghị, Giải tích, Tiếng Anh chuyên ngành, Toán cao cấp, Tiếng Anh cho kinh doanh","Khoa học dữ liệu, Ẩm thực, Big Data, Vẽ tranh, Nhiếp ảnh"
SV10855,Marketing,7.1,"Tài chính quốc tế, Quản trị chiến lược, Kỹ năng mềm, Kinh tế vĩ mô, Kinh tế quốc tế, Triết học Mác-Lênin, Kinh tế lượng, Marketing số, Quản trị nhân sự, Kế toán tài chính, Giải tích, Kinh tế phát triển, Kế toán quản trị, Tư duy logic và giải quyết vấn đề, Tin học cơ bản, Tư tưởng Hồ Chí Minh, Marketing cơ bản, Toán cao cấp, Kinh tế vi mô, Giáo dục thể chất, Tiếng Anh chuyên ngành, Logistics, Chuỗi cung ứng","Thương mại điện tử, Bán hàng, Robot học, Kinh doanh quốc tế, Khởi nghiệp"
SV10856,Ngôn ngữ Anh,6.9,"Văn hóa Anh-Mỹ, Giáo dục quốc phòng - An ninh, Kỹ năng đọc hiểu tiếng Anh, Văn học Anh, Tiếng Anh chuyên ngành pháp lý, Tiếng Anh cho kinh doanh, Kỹ năng viết tiếng Anh, Toán cao cấp, Ngữ pháp tiếng Anh nâng cao, Tin học cơ bản, Phiên dịch hội nghị, Dịch Việt-Anh, Tiếng Anh báo chí, Giáo dục thể chất, Kỹ năng nghe tiếng Anh, Xác suất thống kê, Kỹ năng nói tiếng Anh","Cyber Security, Thơ ca, Vẽ tranh"
SV10857,Kỹ thuật y sinh,8.2,"Toán cao cấp, Kỹ năng mềm, Tin học cơ bản, Giáo dục thể chất, Môn tự chọn 3, Môn tự chọn 1, Môn tự chọn 5, Tư tưởng Hồ Chí Minh, Thiết bị y tế, Môn tự chọn 9, Công nghệ nano y sinh, Công nghệ sinh học ứng dụng, Môn tự chọn 6, Xác suất thống kê, Sinh học phân tử, Hình ảnh y khoa, Vật liệu sinh học, Kỹ thuật tế bào, Công nghệ gen, Tư duy logic và giải quyết vấn đề, Môn tự chọn 7, Triết học Mác-Lênin, Giáo dục quốc phòng - An ninh, Kỹ thuật y sinh, Tiếng Anh chuyên ngành, Môn tự chọn 4, Môn tự chọn 2, Môn tự chọn 8, Giải tích, Kỹ thuật mô sinh học","Cloud Computing, Lập trình, Game Development"
SV10858,Sư phạm Lịch sử,7.1,"Môn tự chọn 2, Lịch sử văn hóa Việt Nam, Tư duy logic và giải quyết vấn đề, Triết học Mác-Lênin, Kỹ năng mềm, Dạy học lịch sử phổ thông, Lịch sử Đảng Cộng sản Việt Nam, Giải tích, Môn tự chọn 1, Giáo dục quốc phòng - An ninh, Môn tự chọn 3, Xác suất thống kê, Tư tưởng Hồ Chí Minh, Lịch sử thế giới hiện đại, Phân tích sự kiện lịch sử, Lịch sử Việt Nam cổ đại, Lịch sử Việt Nam hiện đại, Lịch sử thế giới cổ đại, Giáo dục thể chất, Phương pháp giảng dạy Lịch sử, Tin học cơ bản, Tiếng Anh chuyên ngành, Toán cao cấp","Khiêu vũ, Ẩm thực"
SV10859,Truyền thông đa phương tiện,8.3,"Phát triển ứng dụng di động, Mạng máy tính, Lập trình hướng đối tượng, Tin học cơ bản, Thiết kế giao diện người dùng, Cloud Computing - AWS/Azure, Lập trình Java, Cấu trúc dữ liệu và Giải thuật, Lập trình C/C++, Phát triển phần mềm doanh nghiệp, Quản lý dự án CNTT, Tiếng Anh chuyên ngành, Hệ thống nhúng, Hệ điều hành, Lập trình di động iOS/Android, Lập trình web nâng cao, Big Data và Hadoop, Hệ thống phân tán, Phát triển game, An toàn thông tin, Giải tích, Machine Learning với TensorFlow, Toán cao cấp, Xử lý ngôn ngữ tự nhiên, Cơ sở dữ liệu, Thị giác máy tính, Học máy, Trí tuệ nhân tạo, Giáo dục quốc phòng - An ninh, Mật mã học, Lập trình Python, Kỹ thuật phần mềm nâng cao, DevOps và CI/CD, Kỹ năng mềm, Tư duy logic và giải quyết vấn đề, Phát triển ứng dụng web, Cyber Security nâng cao","Khoa học dữ liệu, Phát triển web, Cloud Computing"
SV10860,Marketing,7.9,"Tiếng Anh chuyên ngành, Chuỗi cung ứng, Môn tự chọn 5, Marketing số, Kinh tế phát triển, Kỹ năng mềm, Giải tích, Quản trị chiến lược, Môn tự chọn 1, Kế toán tài chính, Kế toán quản trị, Quản trị kinh doanh, Ngân hàng thương mại, Logistics, Kinh tế lượng, Giáo dục quốc phòng - An ninh, Tư tưởng Hồ Chí Minh, Kinh tế vĩ mô, Môn tự chọn 4, Tài chính quốc tế, Tài chính doanh nghiệp, Marketing cơ bản, Quản trị nhân sự, Xác suất thống kê, Thương mại điện tử, Kinh tế vi mô, Triết học Mác-Lênin, Toán cao cấp, Môn tự chọn 2, Kinh tế quốc tế, Giáo dục thể chất, Tư duy logic và giải quyết vấn đề, Tin học cơ bản, Môn tự chọn 3","Quản trị dự án, Marketing số, Khởi nghiệp, Bán hàng"
SV10861,Công nghệ sinh học,6.2,"Tư duy logic và giải quyết vấn đề, Kỹ thuật mô sinh học, Giải tích, Tiếng Anh chuyên ngành, Kỹ thuật tế bào, Công nghệ sinh học ứng dụng, Tư tưởng Hồ Chí Minh, Vật liệu sinh học, Giáo dục quốc phòng - An ninh, Công nghệ gen, Thiết bị y tế, Hình ảnh y khoa, Tin học cơ bản, Kỹ năng mềm, Giáo dục thể chất, Công nghệ nano y sinh, Toán cao cấp","Cyber Security, Phân tích dữ liệu, Phát triển ứng dụng di động, Phát triển web"
SV10862,Trí tuệ nhân tạo và Học máy,9.2,"Thiết kế giao diện người dùng, Lập trình hướng đối tượng, Hệ thống nhúng, Thị giác máy tính, An ninh mạng cơ bản, Xác suất thống kê, Kỹ thuật phần mềm nâng cao, Phát triển ứng dụng web, Big Data và Hadoop, DevOps và CI/CD, Tin học cơ bản, Tư tưởng Hồ Chí Minh, Internet of Things, Học máy","Lập trình, DevOps"
SV10863,Kế toán,9.5,"Kinh tế lượng, Logistics, Tài chính doanh nghiệp, Giáo dục thể chất, Kinh tế quốc tế, Tin học cơ bản, Xác suất thống kê, Kinh tế vĩ mô, Marketing cơ bản, Tư duy logic và giải quyết vấn đề, Ngân hàng thương mại, Giáo dục quốc phòng - An ninh, Toán cao cấp, Tư tưởng Hồ Chí Minh, Môn tự chọn 1, Kế toán tài chính, Quản trị chiến lược, Môn tự chọn 3, Marketing số, Kinh tế phát triển, Giải tích, Thương mại điện tử, Tài chính quốc tế, Môn tự chọn 4, Chuỗi cung ứng, Môn tự chọn 2, Tiếng Anh chuyên ngành, Kỹ năng mềm, Quản trị nhân sự, Kinh tế vi mô, Quản trị kinh doanh, Triết học Mác-Lênin, Kế toán quản trị","Big Data, Đầu tư, Kinh doanh quốc tế, Bán hàng, Thương mại điện tử"
SV10864,Fintech,7.1,"An ninh mạng cơ bản, Hệ thống nhúng, Thị giác máy tính, Lập trình hướng đối tượng, Tiếng Anh chuyên ngành, Internet of Things, Lập trình Python, Xác suất thống kê, Học máy, Giáo dục thể chất, Giáo dục quốc phòng - An ninh, Lập trình C/C++, Tư duy logic và giải quyết vấn đề, Cyber Security nâng cao, Phát triển phần mềm doanh nghiệp, Hệ điều hành, Phân tích và thiết kế hệ thống, Giải tích, Lập trình web nâng cao, Thiết kế giao diện người dùng, Blockchain cơ bản, Mạng máy tính, Phát triển ứng dụng di động, Phát triển ứng dụng web, Cấu trúc dữ liệu và Giải thuật, Cloud Computing - AWS/Azure, Lập trình di động iOS/Android, Tư tưởng Hồ Chí Minh, Kỹ thuật phần mềm nâng cao, Xử lý ngôn ngữ tự nhiên, Hệ thống phân tán, Lập trình Java, Học sâu, Machine Learning với TensorFlow, DevOps và CI/CD, Trí tuệ nhân tạo, Mật mã học","Game Development, Robot học, Internet of Things, Cloud Computing"
SV10865,Kỹ thuật y sinh,7.3,"Tư tưởng Hồ Chí Minh, Công nghệ nano y sinh, Giáo dục thể chất, Vật liệu sinh học, Công nghệ gen, Giải tích, Kỹ thuật y sinh, Môn tự chọn 1, Kỹ thuật tế bào, Sinh học phân tử, Công nghệ sinh học ứng dụng, Hình ảnh y khoa, Kỹ thuật mô sinh học, Xác suất thống kê, Tin học cơ bản, Tư duy logic và giải quyết vấn đề, Tiếng Anh chuyên ngành, Thiết bị y tế, Kỹ năng mềm, Giáo dục quốc phòng - An ninh, Triết học Mác-Lênin, Toán cao cấp","Cyber Security, Phát triển web, Machine Learning"
SV10866,Sư phạm Lịch sử,8,"Tin học cơ bản, Giải tích, Lịch sử văn hóa Việt Nam, Lịch sử thế giới cổ đại, Tư duy logic và giải quyết vấn đề, Tư tưởng Hồ Chí Minh, Lịch sử thế giới hiện đại, Lịch sử Đảng Cộng sản Việt Nam, Giáo dục thể chất, Lịch sử Việt Nam cổ đại","Khiêu vũ, Du lịch khám phá"
SV10867,Kỹ thuật phần mềm,8,"Xử lý ngôn ngữ tự nhiên, Machine Learning với TensorFlow, Kỹ thuật phần mềm nâng cao, An ninh mạng cơ bản, Giáo dục quốc phòng - An ninh, Mạng máy tính, Lập trình di động iOS/Android, Triết học Mác-Lênin, Lập trình web nâng cao, Kỹ năng mềm, Cơ sở dữ liệu, Tư duy logic và giải quyết vấn đề, Phát triển game, Quản lý dự án CNTT, Phân tích và thiết kế hệ thống, Mật mã học, Phát triển ứng dụng web, Học máy, Hệ thống phân tán, Cloud Computing - AWS/Azure, Phát triển phần mềm doanh nghiệp, Phát triển ứng dụng di động, Big Data và Hadoop, Lập trình hướng đối tượng, Lập trình Python, Thiết kế giao diện người dùng, Toán cao cấp, Lập trình C/C++, Giải tích, Xác suất thống kê, Hệ thống nhúng, Giáo dục thể chất, Học sâu, Tư tưởng Hồ Chí Minh, DevOps và CI/CD, Blockchain cơ bản, Lập trình Java, Kiểm thử phần mềm, Tiếng Anh chuyên ngành","Lập trình, Phát triển ứng dụng di động, Internet of Things"
SV10868,Kỹ thuật phần mềm,8.4,"Hệ thống phân tán, An toàn thông tin, Tin học cơ bản, Xử lý ngôn ngữ tự nhiên, Tiếng Anh chuyên ngành, Big Data và Hadoop, Kỹ thuật phần mềm nâng cao, Hệ điều hành, Hệ thống nhúng, Giáo dục quốc phòng - An ninh, Học sâu","Robot học, Cyber Security, Blockchain"
SV10869,Kinh tế số,9.7,"Quản trị chiến lược, Kế toán quản trị, Kỹ năng mềm, Kinh tế phát triển, Tư tưởng Hồ Chí Minh, Marketing số, Quản trị nhân sự, Thương mại điện tử, Tin học cơ bản, Tiếng Anh chuyên ngành, Marketing cơ bản, Tư duy logic và giải quyết vấn đề, Kinh tế vĩ mô, Kinh tế quốc tế, Chuỗi cung ứng, Giáo dục quốc phòng - An ninh, Kế toán tài chính, Ngân hàng thương mại, Xác suất thống kê","Fintech, Marketing số, Quản trị dự án, Bán hàng"
SV10870,Khoa học dữ liệu,7.5,"Phát triển phần mềm doanh nghiệp, Tiếng Anh chuyên ngành, Lập trình web nâng cao, Xử lý ngôn ngữ tự nhiên, Phát triển ứng dụng web, Giáo dục thể chất, Trí tuệ nhân tạo, Lập trình di động iOS/Android, Kiểm thử phần mềm, Cloud Computing - AWS/Azure, Mật mã học, Tư tưởng Hồ Chí Minh, Cyber Security nâng cao, Học máy, An ninh mạng cơ bản, An toàn thông tin, Thị giác máy tính, Thiết kế giao diện người dùng, DevOps và CI/CD, Kỹ thuật phần mềm nâng cao, Phát triển ứng dụng di động, Cấu trúc dữ liệu và Giải thuật, Giải tích, Big Data và Hadoop, Cơ sở dữ liệu, Toán cao cấp, Xác suất thống kê, Lập trình Java","Phân tích dữ liệu, Robot học, Internet of Things"
SV10871,Luật,6.9,"Cấu trúc dữ liệu và Giải thuật, Cyber Security nâng cao, Mạng máy tính, An ninh mạng cơ bản, Lập trình web nâng cao, Thiết kế giao diện người dùng, Kỹ thuật phần mềm nâng cao, Machine Learning với TensorFlow, Triết học Mác-Lênin, Cloud Computing - AWS/Azure, Thị giác máy tính, Blockchain cơ bản, Giáo dục quốc phòng - An ninh, Xác suất thống kê, Tin học cơ bản, Học máy, Học sâu, Tư tưởng Hồ Chí Minh","Phát triển ứng dụng di động, Game Development, DevOps"
SV10872,Răng - Hàm - Mặt,6.3,"Môn tự chọn 10, Dược lý học, Giáo dục quốc phòng - An ninh, Môn tự chọn 13, Bệnh học truyền nhiễm, Giải tích, Môn tự chọn 11, Môn tự chọn 4, Tin học cơ bản, Môn tự chọn 12, Dược lý lâm sàng, Giáo dục thể chất, Giải phẫu học, Dược lâm sàng, Sinh lý học, Tư tưởng Hồ Chí Minh, Triết học Mác-Lênin, Môn tự chọn 9, Kỹ năng mềm, Môn tự chọn 7, Môn tự chọn 5, Xác suất thống kê, Hóa sinh y học, Môn tự chọn 3, Vi sinh y học, Môn tự chọn 8, Y học dự phòng, Bệnh học ngoại khoa, Bệnh học nội khoa, Môn tự chọn 1, Tư duy logic và giải quyết vấn đề, Tiếng Anh chuyên ngành, Môn tự chọn 2, Môn tự chọn 6, Miễn dịch học, Toán cao cấp, Y học cổ truyền, Dinh dưỡng học","Fintech, Ẩm thực"
SV10873,Kế toán,7,"Kinh tế vi mô, Kinh tế lượng, Tiếng Anh chuyên ngành, Tài chính doanh nghiệp, Tư duy logic và giải quyết vấn đề, Tài chính quốc tế, Kỹ năng mềm, Xác suất thống kê, Giáo dục quốc phòng - An ninh, Tư tưởng Hồ Chí Minh, Logistics, Triết học Mác-Lênin","Kinh doanh quốc tế, Phát triển web, Thương mại điện tử, Marketing số, Đầu tư"
SV10874,Luật,7.7,"Phát triển ứng dụng di động, Kiểm thử phần mềm, Giải tích, Cơ sở dữ liệu, Hệ thống phân tán, Giáo dục quốc phòng - An ninh, Lập trình hướng đối tượng, Quản lý dự án CNTT, Big Data và Hadoop, Học máy, Cấu trúc dữ liệu và Giải thuật, Phát triển game, Lập trình Java, Xử lý ngôn ngữ tự nhiên, Tiếng Anh chuyên ngành, Cloud Computing - AWS/Azure, Cyber Security nâng cao, Hệ thống nhúng, Giáo dục thể chất, Lập trình Python, Machine Learning với TensorFlow, Trí tuệ nhân tạo, Toán cao cấp, Blockchain cơ bản, Tư duy logic và giải quyết vấn đề, Triết học Mác-Lênin","Cyber Security, Cloud Computing"
SV10875,Logistics và Quản lý chuỗi cung ứng,9.5,"Giải tích, Lập trình hướng đối tượng, Phát triển ứng dụng web, Xử lý ngôn ngữ tự nhiên, Hệ thống nhúng, Kỹ năng mềm, Tin học cơ bản, Tiếng Anh chuyên ngành, Lập trình di động iOS/Android, Cloud Computing - AWS/Azure, Phát triển ứng dụng di động, Giáo dục thể chất, Học máy, Phát triển game, Cấu trúc dữ liệu và Giải thuật, Trí tuệ nhân tạo, Lập trình Java, Toán cao cấp, Thiết kế giao diện người dùng, Phát triển phần mềm doanh nghiệp, Kỹ thuật phần mềm nâng cao, Lập trình web nâng cao, DevOps và CI/CD, Lập trình Python, An ninh mạng cơ bản, Big Data và Hadoop, Quản lý dự án CNTT, Mật mã học, Học sâu, Xác suất thống kê","Phân tích dữ liệu, Phát triển web"
SV10876,Trí tuệ nhân tạo và Học máy,7.2,"Phát triển ứng dụng web, Phân tích và thiết kế hệ thống, Tư duy logic và giải quyết vấn đề, Lập trình Java, DevOps và CI/CD, Lập trình di động iOS/Android, Học sâu, Big Data và Hadoop, Phát triển phần mềm doanh nghiệp, Trí tuệ nhân tạo, Kiểm thử phần mềm, Xác suất thống kê, Cấu trúc dữ liệu và Giải thuật, Lập trình hướng đối tượng, Triết học Mác-Lênin, Mạng máy tính, Quản lý dự án CNTT, Lập trình C/C++, Giáo dục thể chất, An ninh mạng cơ bản, Toán cao cấp, An toàn thông tin, Hệ thống phân tán, Phát triển game, Cloud Computing - AWS/Azure, Tin học cơ bản, Kỹ năng mềm, Giáo dục quốc phòng - An ninh, Tiếng Anh chuyên ngành, Lập trình Python, Internet of Things, Machine Learning với TensorFlow, Tư tưởng Hồ Chí Minh, Cyber Security nâng cao, Giải tích, Mật mã học, Xử lý ngôn ngữ tự nhiên","Phân tích dữ liệu, Blockchain, Game Development, Robot học"
SV10877,Logistics và Quản lý chuỗi cung ứng,7.9,"Blockchain cơ bản, Internet of Things, Mật mã học, Big Data và Hadoop, Thị giác máy tính, Trí tuệ nhân tạo, Phát triển phần mềm doanh nghiệp, Kỹ thuật phần mềm nâng cao, Cloud Computing - AWS/Azure, Xác suất thống kê, Học máy, Quản lý dự án CNTT, Kiểm thử phần mềm, Hệ thống phân tán, Giáo dục quốc phòng - An ninh, Tiếng Anh chuyên ngành, Cấu trúc dữ liệu và Giải thuật, Hệ thống nhúng, Triết học Mác-Lênin, Toán cao cấp, Phân tích và thiết kế hệ thống, An toàn thông tin, Lập trình Python, Giải tích, Tư duy logic và giải quyết vấn đề, An ninh mạng cơ bản, Tư tưởng Hồ Chí Minh, Cơ sở dữ liệu, Phát triển game, Thiết kế giao diện người dùng, Học sâu, Hệ điều hành, Tin học cơ bản, Phát triển ứng dụng web, Lập trình web nâng cao, Kỹ năng mềm, Lập trình Java, Lập trình di động iOS/Android, Mạng máy tính, Lập trình hướng đối tượng","Trí tuệ nhân tạo, Blockchain, Cyber Security, Lập trình"
SV10878,Blockchain và Tiền mã hóa,7.7,"Phân tích và thiết kế hệ thống, Phát triển ứng dụng web, Lập trình C/C++, Tiếng Anh chuyên ngành, Machine Learning với TensorFlow, Kỹ thuật phần mềm nâng cao, Lập trình Java, Toán cao cấp, Thiết kế giao diện người dùng, Giáo dục quốc phòng - An ninh, Phát triển game, Mật mã học, Mạng máy tính, Lập trình di động iOS/Android, Học máy, Lập trình hướng đối tượng, Cyber Security nâng cao, Hệ điều hành, Hệ thống nhúng, Thị giác máy tính, Trí tuệ nhân tạo, Xác suất thống kê, Giải tích","Lập trình, Khoa học dữ liệu, Game Development, Big Data, Trí tuệ nhân tạo"
SV10879,Kỹ thuật điện,8.9,"Giáo dục quốc phòng - An ninh, Hệ thống điện tử nhúng, Xử lý tín hiệu số, Điện tử năng lượng, Giáo dục thể chất, Điện tử số, Kỹ thuật radar, Môn tự chọn 1, Tiếng Anh chuyên ngành, Điện tử cơ bản, Truyền thông quang, Triết học Mác-Lênin, Mạng không dây, Hệ thống điều khiển tự động, Tư tưởng Hồ Chí Minh, Tư duy logic và giải quyết vấn đề, Kỹ thuật vi mạch, Toán cao cấp, Hệ thống nhúng nâng cao, Truyền thông vô tuyến, Anten và sóng điện từ, Đo lường điện tử, Giải tích, Môn tự chọn 2, Truyền thông số, Kỹ năng mềm, Xác suất thống kê, Mạng viễn thông, Tin học cơ bản, Điện tử viễn thông, Điện tử công suất","Cyber Security, Cloud Computing, Machine Learning, DevOps, Blockchain"
SV10880,Trí tuệ nhân tạo và Học máy,10,"Trí tuệ nhân tạo, Phát triển ứng dụng di động, Kiểm thử phần mềm, Lập trình hướng đối tượng, Lập trình Python, Giải tích, Cyber Security nâng cao, Hệ thống nhúng, Quản lý dự án CNTT, Triết học Mác-Lênin, Kỹ năng mềm, Lập trình web nâng cao, Mật mã học, Toán cao cấp, Lập trình di động iOS/Android, Tư duy logic và giải quyết vấn đề, Phát triển game, Cơ sở dữ liệu, Thiết kế giao diện người dùng, Giáo dục quốc phòng - An ninh, Tư tưởng Hồ Chí Minh, Hệ điều hành, Cấu trúc dữ liệu và Giải thuật, Internet of Things, Big Data và Hadoop","Game Development, Phát triển web, DevOps"
SV10881,Kinh tế số,7.2,"Tiếng Anh chuyên ngành, Môn tự chọn 7, Môn tự chọn 6, Môn tự chọn 2, Toán cao cấp, Tin học cơ bản, Tài chính quốc tế, Marketing cơ bản, Tài chính doanh nghiệp, Kinh tế vi mô, Marketing số, Thương mại điện tử, Ngân hàng thương mại, Môn tự chọn 3, Môn tự chọn 4, Giáo dục quốc phòng - An ninh, Kinh tế quốc tế, Kinh tế phát triển, Giải tích, Quản trị kinh doanh, Xác suất thống kê, Môn tự chọn 5, Tư tưởng Hồ Chí Minh, Quản trị nhân sự, Chuỗi cung ứng, Quản trị chiến lược, Tư duy logic và giải quyết vấn đề, Môn tự chọn 1, Kinh tế lượng, Logistics, Kế toán tài chính, Kinh tế vĩ mô, Triết học Mác-Lênin, Kế toán quản trị, Giáo dục thể chất, Kỹ năng mềm","Đầu tư, Diễn thuyết"
SV10882,Quản trị khách sạn,7.2,"Marketing số, Quản trị kinh doanh, Tài chính doanh nghiệp, Toán cao cấp, Kinh tế quốc tế, Kỹ năng mềm, Chuỗi cung ứng, Kế toán quản trị, Tin học cơ bản, Kinh tế phát triển, Kinh tế vĩ mô, Quản trị chiến lược, Quản trị nhân sự, Giáo dục quốc phòng - An ninh, Kế toán tài chính, Tiếng Anh chuyên ngành, Logistics, Ngân hàng thương mại, Tư tưởng Hồ Chí Minh, Giải tích, Xác suất thống kê, Tư duy logic và giải quyết vấn đề, Tài chính quốc tế, Thương mại điện tử, Triết học Mác-Lênin, Giáo dục thể chất, Marketing cơ bản, Kinh tế vi mô","Bán hàng, Fintech, Kinh doanh quốc tế, Khởi nghiệp, DevOps"
SV10883,Kỹ thuật hóa học,8.7,"Công nghệ xử lý nước, Hóa học công nghiệp, Kỹ thuật phản ứng hóa học, Xác suất thống kê, Kỹ thuật polymer, Xử lý nước thải, Kỹ năng mềm, Tư tưởng Hồ Chí Minh, Xử lý chất thải rắn, Triết học Mác-Lênin, Toán cao cấp, Tư duy logic và giải quyết vấn đề, Kỹ thuật nhiệt hóa học, Tin học cơ bản, Ô nhiễm không khí, Giáo dục quốc phòng - An ninh, Kỹ thuật hóa học, Giải tích, Giáo dục thể chất, Môn tự chọn 1, Kỹ thuật môi trường, Tiếng Anh chuyên ngành, Hóa phân tích môi trường","Game Development, Robot học, Khoa học dữ liệu, Trí tuệ nhân tạo, Phân tích dữ liệu"
SV10884,Kỹ thuật hóa học,8.4,"Xử lý chất thải rắn, Kỹ năng mềm, Môn tự chọn 9, Xử lý nước thải, Toán cao cấp, Môn tự chọn 3, Môn tự chọn 4, Môn tự chọn 6, Kỹ thuật nhiệt hóa học, Kỹ thuật phản ứng hóa học, Giáo dục quốc phòng - An ninh, Công nghệ xử lý nước, Ô nhiễm không khí, Môn tự chọn 7, Tư tưởng Hồ Chí Minh, Kỹ thuật môi trường, Môn tự chọn 2, Tư duy logic và giải quyết vấn đề, Tin học cơ bản, Kỹ thuật hóa học, Triết học Mác-Lênin, Hóa học công nghiệp, Giáo dục thể chất, Môn tự chọn 1, Hóa phân tích môi trường, Xác suất thống kê, Giải tích, Môn tự chọn 8, Tiếng Anh chuyên ngành, Môn tự chọn 5, Kỹ thuật polymer","Cyber Security, Trí tuệ nhân tạo, DevOps, Thiết kế UI/UX"
SV10885,Báo chí,9.5,"Lập trình C/C++, Internet of Things, Giáo dục quốc phòng - An ninh, Phát triển ứng dụng di động, Hệ thống phân tán, Xác suất thống kê, Giải tích, Tư tưởng Hồ Chí Minh, Cơ sở dữ liệu, Học máy, Kỹ năng mềm, Tư duy logic và giải quyết vấn đề, Hệ điều hành, Toán cao cấp, DevOps và CI/CD, Cấu trúc dữ liệu và Giải thuật, Trí tuệ nhân tạo, Kiểm thử phần mềm","Thiết kế UI/UX, Blockchain"
SV10886,Y khoa,8.3,"Dược lâm sàng, Tư tưởng Hồ Chí Minh, Toán cao cấp, Sinh lý học, Miễn dịch học, Triết học Mác-Lênin, Giải phẫu học, Bệnh học nội khoa, Y học dự phòng, Tin học cơ bản, Bệnh học truyền nhiễm, Dược lý lâm sàng, Xác suất thống kê, Giáo dục thể chất","Phân tích dữ liệu, Khiêu vũ, Thiền"
SV10887,Quản trị kinh doanh,7.3,"Kinh tế vĩ mô, Quản trị chiến lược, Quản trị nhân sự, Tài chính quốc tế, Marketing cơ bản, Kinh tế quốc tế, Xác suất thống kê, Tư duy logic và giải quyết vấn đề, Quản trị kinh doanh, Kinh tế phát triển, Ngân hàng thương mại, Kế toán tài chính, Toán cao cấp, Kế toán quản trị, Tư tưởng Hồ Chí Minh, Triết học Mác-Lênin, Kinh tế lượng, Giáo dục thể chất, Giáo dục quốc phòng - An ninh, Giải tích, Tiếng Anh chuyên ngành, Chuỗi cung ứng, Kinh tế vi mô, Môn tự chọn 1, Tin học cơ bản, Logistics, Marketing số, Tài chính doanh nghiệp, Kỹ năng mềm, Thương mại điện tử","Quản trị dự án, Bán hàng"
SV10888,Công nghệ đa phương tiện,8.3,"Phát triển game, An toàn thông tin, Big Data và Hadoop, Hệ thống nhúng, Cơ sở dữ liệu, Xác suất thống kê, Triết học Mác-Lênin, Giáo dục thể chất, Giải tích, Toán cao cấp, Kiểm thử phần mềm, Kỹ năng mềm, Lập trình di động iOS/Android, Machine Learning với TensorFlow, Kỹ thuật phần mềm nâng cao, Cấu trúc dữ liệu và Giải thuật, Hệ thống phân tán, Phát triển phần mềm doanh nghiệp, Internet of Things, Tư tưởng Hồ Chí Minh, Cyber Security nâng cao, DevOps và CI/CD, Mạng máy tính, Lập trình Python, Tư duy logic và giải quyết vấn đề, Phát triển ứng dụng di động, Blockchain cơ bản, Phân tích và thiết kế hệ thống","Machine Learning, Trí tuệ nhân tạo, Thiết kế UI/UX, Phân tích dữ liệu"
SV10889,Công nghệ đa phương tiện,8.8,"Cloud Computing - AWS/Azure, Hệ điều hành, Lập trình hướng đối tượng, Triết học Mác-Lênin, Internet of Things, Phát triển ứng dụng di động, Cyber Security nâng cao, Phân tích và thiết kế hệ thống, Thiết kế giao diện người dùng, Cấu trúc dữ liệu và Giải thuật, Lập trình C/C++, Mật mã học, An toàn thông tin, Thị giác máy tính, Phát triển ứng dụng web, Giải tích, DevOps và CI/CD, Xử lý ngôn ngữ tự nhiên, Toán cao cấp, Machine Learning với TensorFlow, Xác suất thống kê, Học máy","Phân tích dữ liệu, DevOps, Phát triển ứng dụng di động, Khoa học dữ liệu"
SV10890,Logistics và Quản lý chuỗi cung ứng,8.5,"Big Data và Hadoop, An ninh mạng cơ bản, Tư tưởng Hồ Chí Minh, Lập trình C/C++, DevOps và CI/CD, Tư duy logic và giải quyết vấn đề, Học sâu, Lập trình hướng đối tượng, Kỹ thuật phần mềm nâng cao, Phát triển ứng dụng web, An toàn thông tin, Hệ điều hành, Phát triển game, Blockchain cơ bản, Quản lý dự án CNTT, Phát triển phần mềm doanh nghiệp, Lập trình di động iOS/Android, Giải tích, Trí tuệ nhân tạo, Phát triển ứng dụng di động, Cyber Security nâng cao, Lập trình Java, Mật mã học, Giáo dục quốc phòng - An ninh, Xác suất thống kê, Toán cao cấp, Giáo dục thể chất, Hệ thống phân tán, Tin học cơ bản, Lập trình web nâng cao, Lập trình Python, Thị giác máy tính, Tiếng Anh chuyên ngành, Cloud Computing - AWS/Azure, Thiết kế giao diện người dùng, Machine Learning với TensorFlow, Kiểm thử phần mềm","Thiết kế UI/UX, Lập trình, Phát triển web"
SV10891,Sư phạm Toán,8.2,"Tư tưởng Hồ Chí Minh, Lý thuyết số, Tư duy logic và giải quyết vấn đề, Hình học giải tích, Triết học Mác-Lênin, Xác suất thống kê, Bài tập toán nâng cao, Toán rời rạc, Đại số tuyến tính, Toán cao cấp, Tiếng Anh chuyên ngành, Phương pháp giảng dạy Toán, Kỹ năng mềm, Giáo dục quốc phòng - An ninh, Giải tích, Toán học sơ cấp, Dạy học toán phổ thông, Toán học ứng dụng","Học ngoại ngữ, Khiêu vũ, Âm nhạc, Vẽ tranh, Diễn thuyết"
SV10892,Dược học,8.8,"Giải phẫu học, Tiếng Anh chuyên ngành, Dược lý lâm sàng, Xác suất thống kê, Dinh dưỡng học, Dược lý học, Giải tích, Hóa sinh y học, Miễn dịch học, Môn tự chọn 5, Kỹ năng mềm, Dược lâm sàng, Toán cao cấp, Y học dự phòng, Giáo dục thể chất, Bệnh học ngoại khoa, Sinh lý học, Môn tự chọn 4, Tư duy logic và giải quyết vấn đề, Tin học cơ bản, Môn tự chọn 6, Vi sinh y học, Y học cổ truyền, Bệnh học nội khoa, Tư tưởng Hồ Chí Minh, Môn tự chọn 2, Bệnh học truyền nhiễm, Giáo dục quốc phòng - An ninh, Môn tự chọn 1, Môn tự chọn 3, Triết học Mác-Lênin","Âm nhạc, Thiết kế UI/UX"
SV10893,Quản trị kinh doanh,8.9,"Kế toán tài chính, Ngân hàng thương mại, Kinh tế quốc tế, Chuỗi cung ứng, Tài chính quốc tế, Quản trị nhân sự, Tin học cơ bản, Xác suất thống kê, Kinh tế vĩ mô, Kinh tế vi mô, Tài chính doanh nghiệp, Giáo dục thể chất, Tiếng Anh chuyên ngành, Tư tưởng Hồ Chí Minh, Marketing cơ bản, Quản trị kinh doanh, Triết học Mác-Lênin, Kỹ năng mềm, Giải tích, Kinh tế lượng, Giáo dục quốc phòng - An ninh, Logistics, Quản trị chiến lược, Kinh tế phát triển, Toán cao cấp, Kế toán quản trị, Thương mại điện tử, Tư duy logic và giải quyết vấn đề, Marketing số","Marketing số, Kinh doanh quốc tế, Bán hàng, Quản trị dự án, Khiêu vũ"
SV10894,Răng - Hàm - Mặt,9.1,"Bệnh học ngoại khoa, Sinh lý học, Dinh dưỡng học, Hóa sinh y học, Y học dự phòng, Giải phẫu học, Tiếng Anh chuyên ngành, Tư duy logic và giải quyết vấn đề, Triết học Mác-Lênin, Dược lý lâm sàng, Dược lý học, Kỹ năng mềm, Tư tưởng Hồ Chí Minh, Miễn dịch học, Giải tích, Bệnh học truyền nhiễm, Tin học cơ bản, Bệnh học nội khoa, Toán cao cấp, Giáo dục thể chất","Diễn thuyết, Ẩm thực"
SV10895,Quản trị khách sạn,8.3,"Quản trị nhân sự, Kinh tế vĩ mô, Tin học cơ bản, Kỹ năng mềm, Triết học Mác-Lênin, Logistics, Giáo dục thể chất, Thương mại điện tử, Kinh tế phát triển, Chuỗi cung ứng, Kinh tế vi mô",Fintech
SV10896,An ninh mạng,7.5,"Tư tưởng Hồ Chí Minh, Mạng máy tính, Giáo dục quốc phòng - An ninh, Kiểm thử phần mềm, Phát triển ứng dụng web, Xác suất thống kê, An toàn thông tin, Lập trình web nâng cao, Cloud Computing - AWS/Azure, Phát triển phần mềm doanh nghiệp, Lập trình hướng đối tượng, Quản lý dự án CNTT, Tiếng Anh chuyên ngành, Học máy, Big Data và Hadoop, Tư duy logic và giải quyết vấn đề, Trí tuệ nhân tạo, Triết học Mác-Lênin, Kỹ thuật phần mềm nâng cao, Hệ thống nhúng, Blockchain cơ bản, Giáo dục thể chất, Hệ thống phân tán, Hệ điều hành, Cyber Security nâng cao, An ninh mạng cơ bản, Phát triển game, Lập trình Java, Xử lý ngôn ngữ tự nhiên, Machine Learning với TensorFlow, DevOps và CI/CD, Thiết kế giao diện người dùng, Mật mã học, Internet of Things, Cấu trúc dữ liệu và Giải thuật, Phân tích và thiết kế hệ thống, Giải tích",Phát triển web
SV10897,Tài chính - Ngân hàng,7.8,"Giải tích, Triết học Mác-Lênin, Tư tưởng Hồ Chí Minh, Logistics, Toán cao cấp, Thương mại điện tử, Xác suất thống kê, Kinh tế phát triển, Kinh tế lượng, Kinh tế vi mô, Tài chính quốc tế, Marketing số, Tin học cơ bản, Tiếng Anh chuyên ngành, Chuỗi cung ứng","Đầu tư, Quản trị dự án, Marketing số"
SV10898,Logistics và Quản lý chuỗi cung ứng,8.9,"Hệ thống nhúng, Lập trình web nâng cao, Phát triển ứng dụng web, Giải tích, Học sâu, Internet of Things, Cấu trúc dữ liệu và Giải thuật, Mạng máy tính, Thiết kế giao diện người dùng, Học máy, Cơ sở dữ liệu, Xử lý ngôn ngữ tự nhiên, Giáo dục thể chất, Lập trình Java, An toàn thông tin, Hệ thống phân tán, Lập trình Python, An ninh mạng cơ bản, Tiếng Anh chuyên ngành, Tư tưởng Hồ Chí Minh, Lập trình C/C++, Phân tích và thiết kế hệ thống, Tư duy logic và giải quyết vấn đề, Lập trình di động iOS/Android, Kiểm thử phần mềm","Internet of Things, Blockchain"
SV10899,Công nghệ thông tin,6.9,"Trí tuệ nhân tạo, Lập trình C/C++, Toán cao cấp, Machine Learning với TensorFlow, Hệ thống phân tán, Mạng máy tính, An toàn thông tin, Lập trình di động iOS/Android, Giáo dục thể chất, Giáo dục quốc phòng - An ninh, Quản lý dự án CNTT, Kiểm thử phần mềm, Xử lý ngôn ngữ tự nhiên, Blockchain cơ bản, Lập trình hướng đối tượng, Học máy, Tư tưởng Hồ Chí Minh, Tư duy logic và giải quyết vấn đề, Phát triển phần mềm doanh nghiệp, Hệ thống nhúng, Hệ điều hành, Big Data và Hadoop, Tiếng Anh chuyên ngành, Internet of Things, Mật mã học, Phát triển game, Lập trình web nâng cao, Kỹ thuật phần mềm nâng cao, Lập trình Python, Phát triển ứng dụng web, Triết học Mác-Lênin, Phân tích và thiết kế hệ thống","Trí tuệ nhân tạo, Game Development, Cyber Security"
SV10900,Điều dưỡng,8.1,"Hóa sinh y học, Dược lý lâm sàng, Y học dự phòng, Bệnh học nội khoa, Vi sinh y học, Giáo dục quốc phòng - An ninh, Tiếng Anh chuyên ngành, Tin học cơ bản, Tư tưởng Hồ Chí Minh, Giáo dục thể chất, Miễn dịch học, Dược lâm sàng, Toán cao cấp","Học ngoại ngữ, Chơi nhạc cụ, Big Data"
SV10901,Blockchain và Tiền mã hóa,7.3,"Tin học cơ bản, Kỹ năng mềm, Lập trình C/C++, Hệ thống nhúng, Thiết kế giao diện người dùng, Kỹ thuật phần mềm nâng cao, Mật mã học, Cyber Security nâng cao, Big Data và Hadoop, Cấu trúc dữ liệu và Giải thuật, Blockchain cơ bản, Phát triển game, Phát triển ứng dụng di động, Giáo dục thể chất, Mạng máy tính, Tư duy logic và giải quyết vấn đề, Phát triển ứng dụng web, Hệ thống phân tán, Tiếng Anh chuyên ngành, Lập trình Java, Thị giác máy tính, Giải tích, Xử lý ngôn ngữ tự nhiên, Toán cao cấp, Lập trình hướng đối tượng, Lập trình di động iOS/Android, Kiểm thử phần mềm, Phân tích và thiết kế hệ thống, Phát triển phần mềm doanh nghiệp, Hệ điều hành, Triết học Mác-Lênin, Tư tưởng Hồ Chí Minh, Học sâu, An toàn thông tin, Giáo dục quốc phòng - An ninh, Học máy, Trí tuệ nhân tạo","Big Data, Game Development, DevOps, Phát triển ứng dụng di động"
SV10902,Công nghệ sinh học,7.7,"Môn tự chọn 4, Tiếng Anh chuyên ngành, Toán cao cấp, Thiết bị y tế, Tin học cơ bản, Công nghệ gen, Giáo dục thể chất, Môn tự chọn 1, Sinh học phân tử, Giáo dục quốc phòng - An ninh, Công nghệ sinh học ứng dụng, Kỹ thuật y sinh, Môn tự chọn 2, Tư duy logic và giải quyết vấn đề, Môn tự chọn 3, Xác suất thống kê, Kỹ thuật tế bào, Giải tích, Kỹ năng mềm, Vật liệu sinh học, Công nghệ nano y sinh, Tư tưởng Hồ Chí Minh, Kỹ thuật mô sinh học, Triết học Mác-Lênin, Hình ảnh y khoa","Game Development, DevOps, Khoa học dữ liệu"
SV10903,Quan hệ quốc tế,9,"Quản lý dự án CNTT, Giáo dục quốc phòng - An ninh, Tin học cơ bản, Cơ sở dữ liệu, Tư tưởng Hồ Chí Minh, Cloud Computing - AWS/Azure, Học máy, Machine Learning với TensorFlow, Giáo dục thể chất, Lập trình hướng đối tượng, Thiết kế giao diện người dùng, Phát triển game, Cấu trúc dữ liệu và Giải thuật, Lập trình Java, Phân tích và thiết kế hệ thống, Lập trình web nâng cao, Tư duy logic và giải quyết vấn đề, Kiểm thử phần mềm, Lập trình di động iOS/Android, Hệ thống nhúng, Internet of Things, Lập trình Python, Blockchain cơ bản, Mạng máy tính, Cyber Security nâng cao","Big Data, Trí tuệ nhân tạo, Thiết kế UI/UX, Game Development, Phát triển ứng dụng di động"
SV10904,Khoa học máy tính,7.9,"Triết học Mác-Lênin, Giáo dục thể chất, Thiết kế giao diện người dùng, DevOps và CI/CD, Tư tưởng Hồ Chí Minh, Tiếng Anh chuyên ngành, Xử lý ngôn ngữ tự nhiên, Xác suất thống kê, Toán cao cấp, Big Data và Hadoop, Lập trình web nâng cao, Lập trình di động iOS/Android","Cyber Security, Big Data, Machine Learning"
SV10905,Sư phạm Ngữ văn,7.7,"Triết học Mác-Lênin, Kỹ năng mềm, Xác suất thống kê, Nghiên cứu tác phẩm Nguyễn Du, Lí luận văn học, Giáo dục thể chất, Tư duy logic và giải quyết vấn đề, Tiếng Anh chuyên ngành, Văn học hiện đại Việt Nam, Phương pháp giảng dạy Ngữ văn",Vẽ tranh
SV10906,Kiến trúc,6.3,"Môn tự chọn 13, Môn tự chọn 15, Xác suất thống kê, Giáo dục thể chất, Môn tự chọn 2, Toán cao cấp, Tiếng Anh chuyên ngành, Triết học Mác-Lênin, Tư tưởng Hồ Chí Minh, Môn tự chọn 3, Kỹ thuật xây dựng, Môn tự chọn 4, Giáo dục quốc phòng - An ninh, Công trình ngầm, Tư duy logic và giải quyết vấn đề, Kỹ thuật địa kỹ thuật, Môn tự chọn 12, Môn tự chọn 7, Vật liệu xây dựng, Môn tự chọn 9, Môn tự chọn 5, Kết cấu thép, Quản lý dự án xây dựng, Giải tích, Môn tự chọn 6, Cầu và đường, Môn tự chọn 1, Môn tự chọn 14, Môn tự chọn 10, Môn tự chọn 11, Kết cấu bê tông cốt thép, Cơ sở hạ tầng đô thị, Thiết kế kiến trúc nội thất, Kiến trúc cảnh quan, Thiết kế đô thị, Kỹ năng mềm, Môn tự chọn 8, Tin học cơ bản","DevOps, Lập trình, Blockchain, Cyber Security"
SV10907,Kinh tế số,8.4,"Quản trị nhân sự, Tin học cơ bản, Môn tự chọn 5, Marketing số, Kỹ năng mềm, Xác suất thống kê, Môn tự chọn 1, Quản trị kinh doanh, Logistics, Chuỗi cung ứng, Kinh tế vi mô, Toán cao cấp, Tài chính doanh nghiệp, Kinh tế lượng, Kế toán tài chính, Môn tự chọn 8, Kinh tế vĩ mô, Triết học Mác-Lênin, Môn tự chọn 4, Kinh tế phát triển, Môn tự chọn 6, Thương mại điện tử, Giáo dục quốc phòng - An ninh, Tiếng Anh chuyên ngành, Giáo dục thể chất, Môn tự chọn 2, Giải tích, Tư duy logic và giải quyết vấn đề, Kế toán quản trị, Ngân hàng thương mại, Kinh tế quốc tế, Marketing cơ bản, Môn tự chọn 7, Quản trị chiến lược, Tư tưởng Hồ Chí Minh, Môn tự chọn 3, Tài chính quốc tế","Bán hàng, Thương mại điện tử, Đầu tư"
SV10908,Kỹ thuật điện,8.3,"Tư tưởng Hồ Chí Minh, Giáo dục quốc phòng - An ninh, Xác suất thống kê, Kỹ thuật radar, Môn tự chọn 3, Môn tự chọn 6, Môn tự chọn 11, Môn tự chọn 9, Truyền thông quang, Hệ thống điện tử nhúng, Kỹ năng mềm, Hệ thống điều khiển tự động, Hệ thống nhúng nâng cao, Truyền thông vô tuyến, Điện tử năng lượng, Môn tự chọn 4, Môn tự chọn 2, Giáo dục thể chất, Điện tử công suất, Môn tự chọn 7, Toán cao cấp, Kỹ thuật vi mạch, Tin học cơ bản, Đo lường điện tử, Anten và sóng điện từ, Triết học Mác-Lênin, Mạng không dây, Môn tự chọn 8, Môn tự chọn 10, Điện tử số, Môn tự chọn 5, Xử lý tín hiệu số, Tư duy logic và giải quyết vấn đề, Mạng viễn thông, Tiếng Anh chuyên ngành, Điện tử cơ bản, Truyền thông số, Môn tự chọn 1, Điện tử viễn thông, Giải tích","Cyber Security, Big Data, Machine Learning, Cloud Computing, Trí tuệ nhân tạo"
SV10909,Ngôn ngữ Hàn Quốc,9.9,"Tư duy logic và giải quyết vấn đề, Ngữ âm học tiếng Hàn, Giáo dục thể chất, Tư tưởng Hồ Chí Minh, K-pop và văn hóa đại chúng Hàn, Môn tự chọn 5, Giải tích, Toán cao cấp, Môn tự chọn 3, Dịch Hàn-Việt, Môn tự chọn 7, Môn tự chọn 6, Tiếng Anh chuyên ngành, Từ vựng tiếng Hàn, Triết học Mác-Lênin, Tiếng Hàn thương mại, Lịch sử Hàn Quốc, Văn hóa Hàn Quốc, Ngữ pháp tiếng Hàn, Kỹ năng nghe nói tiếng Hàn, Xác suất thống kê, Môn tự chọn 2, Giáo dục quốc phòng - An ninh, Tin học cơ bản, Kỹ năng mềm, Môn tự chọn 4, Môn tự chọn 1, Hangeul",Cloud Computing
SV10910,Kỹ thuật xây dựng,7.4,"Tin học cơ bản, Kiến trúc cảnh quan, Kỹ thuật xây dựng, Tư tưởng Hồ Chí Minh, Xác suất thống kê, Thiết kế đô thị, Triết học Mác-Lênin, Cầu và đường, Giáo dục thể chất, Giải tích, Thiết kế kiến trúc nội thất","Thiết kế UI/UX, Phát triển ứng dụng di động, Cloud Computing, Robot học, DevOps"
SV10911,Marketing,7.9,"Kinh tế vĩ mô, Kinh tế quốc tế, Tài chính quốc tế, Tư tưởng Hồ Chí Minh, Giáo dục quốc phòng - An ninh, Quản trị chiến lược, Triết học Mác-Lênin, Giáo dục thể chất, Thương mại điện tử, Chuỗi cung ứng, Kinh tế vi mô, Tin học cơ bản, Marketing số, Môn tự chọn 3, Kế toán quản trị, Quản trị kinh doanh, Giải tích, Môn tự chọn 2, Môn tự chọn 1, Toán cao cấp, Môn tự chọn 8, Môn tự chọn 5, Kinh tế phát triển, Tư duy logic và giải quyết vấn đề, Kế toán tài chính, Tài chính doanh nghiệp, Ngân hàng thương mại, Môn tự chọn 7, Xác suất thống kê, Marketing cơ bản, Kinh tế lượng, Môn tự chọn 4, Kỹ năng mềm, Tiếng Anh chuyên ngành, Logistics, Quản trị nhân sự, Môn tự chọn 6","Kinh doanh quốc tế, Khởi nghiệp"
SV10912,Kỹ thuật điện tử - Viễn thông,7.9,"Tiếng Anh chuyên ngành, Môn tự chọn 1, Xác suất thống kê, Anten và sóng điện từ, Môn tự chọn 6, Hệ thống nhúng nâng cao, Giáo dục thể chất, Giáo dục quốc phòng - An ninh, Truyền thông số, Mạng viễn thông, Triết học Mác-Lênin, Xử lý tín hiệu số, Môn tự chọn 3, Mạng không dây, Điện tử năng lượng, Kỹ thuật radar, Toán cao cấp, Tư duy logic và giải quyết vấn đề, Truyền thông quang, Điện tử viễn thông, Kỹ thuật vi mạch, Hệ thống điều khiển tự động, Điện tử cơ bản, Tư tưởng Hồ Chí Minh, Truyền thông vô tuyến, Môn tự chọn 7, Điện tử công suất, Môn tự chọn 5, Điện tử số, Hệ thống điện tử nhúng, Kỹ năng mềm, Giải tích, Tin học cơ bản, Môn tự chọn 4, Đo lường điện tử, Môn tự chọn 2","Big Data, Phân tích dữ liệu, Trí tuệ nhân tạo"
SV10913,Kiến trúc,9.3,"Môn tự chọn 9, Thiết kế kiến trúc nội thất, Môn tự chọn 7, Xác suất thống kê, Quản lý dự án xây dựng, Môn tự chọn 3, Kiến trúc cảnh quan, Giáo dục thể chất, Kết cấu thép, Kết cấu bê tông cốt thép, Tin học cơ bản, Cơ sở hạ tầng đô thị, Toán cao cấp, Cầu và đường, Giải tích, Vật liệu xây dựng, Tư tưởng Hồ Chí Minh, Triết học Mác-Lênin, Kỹ thuật xây dựng, Môn tự chọn 11, Môn tự chọn 6, Môn tự chọn 8, Thiết kế đô thị, Môn tự chọn 10, Môn tự chọn 2, Môn tự chọn 5, Tư duy logic và giải quyết vấn đề, Môn tự chọn 4, Giáo dục quốc phòng - An ninh, Kỹ thuật địa kỹ thuật, Công trình ngầm, Tiếng Anh chuyên ngành, Kỹ năng mềm, Môn tự chọn 1","Phân tích dữ liệu, Robot học, Cloud Computing, Lập trình"
SV10914,Ngôn ngữ Hàn Quốc,7.6,"Tư duy logic và giải quyết vấn đề, Lịch sử Hàn Quốc, Kỹ năng mềm, Từ vựng tiếng Hàn, Môn tự chọn 12, Môn tự chọn 13, Môn tự chọn 15, Toán cao cấp, Môn tự chọn 4, Xác suất thống kê, Giải tích, Môn tự chọn 6, Giáo dục thể chất, Tin học cơ bản, Tiếng Anh chuyên ngành, K-pop và văn hóa đại chúng Hàn, Môn tự chọn 10, Môn tự chọn 1, Tiếng Hàn thương mại, Môn tự chọn 9, Triết học Mác-Lênin, Kỹ năng nghe nói tiếng Hàn, Ngữ âm học tiếng Hàn, Giáo dục quốc phòng - An ninh, Dịch Hàn-Việt, Môn tự chọn 5, Môn tự chọn 11, Môn tự chọn 14, Ngữ pháp tiếng Hàn, Môn tự chọn 3, Môn tự chọn 8, Văn hóa Hàn Quốc, Tư tưởng Hồ Chí Minh, Hangeul, Môn tự chọn 2, Môn tự chọn 7","Khiêu vũ, Nhiếp ảnh, Yoga"
SV10915,Sư phạm Ngữ văn,8,"Phân tích tác phẩm văn học, Triết học Mác-Lênin, Môn tự chọn 7, Văn học dân gian, Lí luận văn học, Môn tự chọn 1, Tư tưởng Hồ Chí Minh, Ngữ pháp tiếng Việt, Tin học cơ bản, Môn tự chọn 2, Lịch sử văn học thế giới, Phương pháp giảng dạy Ngữ văn, Xác suất thống kê, Kỹ năng mềm, Văn học Việt Nam hiện đại, Giải tích, Môn tự chọn 8, Môn tự chọn 4, Toán cao cấp, Môn tự chọn 6, Nghiên cứu tác phẩm Nguyễn Du, Môn tự chọn 9, Tiếng Anh chuyên ngành, Văn học hiện đại Việt Nam, Tư duy logic và giải quyết vấn đề, Phương pháp dạy văn lớp 12, Môn tự chọn 3, Văn học so sánh, Giáo dục thể chất, Văn học Việt Nam cổ điển, Giáo dục quốc phòng - An ninh, Môn tự chọn 5","Đọc sách, Viết lách"
SV10916,Ngôn ngữ Nhật,8.3,"Triết học Mác-Lênin, Giáo dục thể chất, Văn học Nhật Bản, Tiếng Nhật cho du lịch, Môn tự chọn 3, Toán cao cấp, Tin học cơ bản, Ngữ âm học tiếng Nhật, Tiếng Anh chuyên ngành, Kỹ năng nghe nói tiếng Nhật, Môn tự chọn 1, Dịch Nhật-Việt, Hiragana & Katakana, Xác suất thống kê, Tư tưởng Hồ Chí Minh, Ngữ pháp tiếng Nhật, Giải tích, Kanji, Tư duy logic và giải quyết vấn đề, Kỹ năng mềm, Tiếng Nhật kinh doanh, Môn tự chọn 2, Giáo dục quốc phòng - An ninh, Văn hóa Nhật Bản","Làm video, Machine Learning, Du lịch khám phá, Đầu tư"
SV10917,Công nghệ thông tin,7.9,"Lập trình C/C++, Tin học cơ bản, Lập trình web nâng cao, Triết học Mác-Lênin, Học sâu, Blockchain cơ bản, Phân tích và thiết kế hệ thống, Cơ sở dữ liệu, Toán cao cấp, Lập trình Python, Lập trình hướng đối tượng, Cloud Computing - AWS/Azure, Cấu trúc dữ liệu và Giải thuật, Big Data và Hadoop, An ninh mạng cơ bản, Mật mã học",Machine Learning
SV10918,Quan hệ quốc tế,7.3,"Lập trình di động iOS/Android, Tin học cơ bản, Giáo dục quốc phòng - An ninh, Mạng máy tính, Thị giác máy tính, An toàn thông tin, Tư tưởng Hồ Chí Minh, Xử lý ngôn ngữ tự nhiên, Quản lý dự án CNTT, Phát triển ứng dụng di động, An ninh mạng cơ bản, Triết học Mác-Lênin, Blockchain cơ bản, Lập trình hướng đối tượng, Phát triển game, Cấu trúc dữ liệu và Giải thuật, Tiếng Anh chuyên ngành, Toán cao cấp, Giáo dục thể chất, Cyber Security nâng cao, Hệ điều hành, Lập trình Java, Lập trình Python, Lập trình C/C++, Mật mã học, Machine Learning với TensorFlow, Lập trình web nâng cao, Phân tích và thiết kế hệ thống, Big Data và Hadoop, DevOps và CI/CD, Hệ thống nhúng, Trí tuệ nhân tạo","Cyber Security, Phát triển web"
SV10919,Logistics và Quản lý chuỗi cung ứng,7.9,"Hệ điều hành, Phát triển ứng dụng web, Mật mã học, Hệ thống phân tán, Giải tích, Big Data và Hadoop, Xử lý ngôn ngữ tự nhiên, Học sâu, Lập trình C/C++, Lập trình hướng đối tượng, Lập trình Java, Cloud Computing - AWS/Azure, Học máy, Trí tuệ nhân tạo, Hệ thống nhúng, Machine Learning với TensorFlow, An toàn thông tin","Khoa học dữ liệu, Blockchain, Phân tích dữ liệu"
SV10920,Ngôn ngữ Anh,8.8,"Kỹ năng viết tiếng Anh, Ngữ pháp tiếng Anh nâng cao, Phiên dịch hội nghị, Giải tích, Kỹ năng đọc hiểu tiếng Anh, Tin học cơ bản, Triết học Mác-Lênin, Tư tưởng Hồ Chí Minh, Tiếng Anh chuyên ngành pháp lý, Kỹ năng mềm, Kỹ năng nghe tiếng Anh, Tư duy logic và giải quyết vấn đề, Tiếng Anh thương mại, Ngữ âm học tiếng Anh, Tiếng Anh học thuật, Kỹ năng nói tiếng Anh, Dịch Việt-Anh, Giáo dục quốc phòng - An ninh, Văn hóa Anh-Mỹ, Văn học Anh","Cloud Computing, Lập trình"
SV10921,Âm nhạc học,6.7,"Môn tự chọn 5, Tư duy logic và giải quyết vấn đề, Âm nhạc cổ điển phương Tây, Toán cao cấp, Tư tưởng Hồ Chí Minh, Môn tự chọn 1, Giáo dục quốc phòng - An ninh, Giáo dục thể chất, Môn tự chọn 3, Môn tự chọn 2, Tin học cơ bản, Biểu diễn nhạc cụ, Âm nhạc hiện đại, Môn tự chọn 6, Xác suất thống kê, Kỹ thuật thanh nhạc, Môn tự chọn 7, Hòa âm, Tiếng Anh chuyên ngành, Triết học Mác-Lênin, Lịch sử âm nhạc, Môn tự chọn 4, Soạn nhạc cơ bản, Âm nhạc dân gian Việt Nam, Âm nhạc lý thuyết, Giải tích, Phân tích tác phẩm âm nhạc, Kỹ năng mềm","Khiêu vũ, Vẽ tranh"
SV10922,Ngôn ngữ Hàn Quốc,7.8,"Toán cao cấp, Tiếng Hàn thương mại, Tư duy logic và giải quyết vấn đề, Kỹ năng nghe nói tiếng Hàn, Lịch sử Hàn Quốc, Triết học Mác-Lênin, Dịch Hàn-Việt, Giải tích, K-pop và văn hóa đại chúng Hàn, Xác suất thống kê, Ngữ pháp tiếng Hàn, Giáo dục thể chất, Văn hóa Hàn Quốc, Kỹ năng mềm, Tin học cơ bản, Từ vựng tiếng Hàn, Tiếng Anh chuyên ngành, Hangeul, Ngữ âm học tiếng Hàn, Tư tưởng Hồ Chí Minh","Chơi nhạc cụ, Ẩm thực"
SV10923,Trí tuệ nhân tạo và Học máy,7,"An toàn thông tin, Big Data và Hadoop, Lập trình Python, Phân tích và thiết kế hệ thống, Lập trình di động iOS/Android, Lập trình Java, Blockchain cơ bản, Mật mã học, Lập trình C/C++, Học sâu, An ninh mạng cơ bản, Kiểm thử phần mềm, Kỹ năng mềm, Phát triển game, Hệ điều hành, Phát triển ứng dụng web","Khoa học dữ liệu, Blockchain, Phát triển ứng dụng di động, Phân tích dữ liệu"
SV10924,Công nghệ thông tin,8.9,"Mạng máy tính, Cơ sở dữ liệu, Kỹ năng mềm, Cyber Security nâng cao, Hệ điều hành, Giáo dục thể chất, Tin học cơ bản, Triết học Mác-Lênin, Kỹ thuật phần mềm nâng cao, Phát triển phần mềm doanh nghiệp, Phân tích và thiết kế hệ thống, Thiết kế giao diện người dùng, Blockchain cơ bản, Lập trình C/C++, Xác suất thống kê","Cyber Security, Blockchain, Khoa học dữ liệu, Phát triển web, Lập trình"
SV10925,Ngôn ngữ Nhật,6.2,"Môn tự chọn 8, Kanji, Môn tự chọn 2, Tiếng Nhật cho du lịch, Tin học cơ bản, Giáo dục thể chất, Văn học Nhật Bản, Môn tự chọn 6, Triết học Mác-Lênin, Môn tự chọn 4, Ngữ pháp tiếng Nhật, Kỹ năng mềm, Môn tự chọn 7, Kỹ năng nghe nói tiếng Nhật, Tiếng Nhật kinh doanh, Văn hóa Nhật Bản, Giáo dục quốc phòng - An ninh, Toán cao cấp, Tư duy logic và giải quyết vấn đề, Giải tích, Xác suất thống kê, Môn tự chọn 1, Tiếng Anh chuyên ngành, Hiragana & Katakana, Môn tự chọn 3, Môn tự chọn 5, Dịch Nhật-Việt, Tư tưởng Hồ Chí Minh, Ngữ âm học tiếng Nhật, Môn tự chọn 9","Yoga, Lập trình"
SV10926,Công nghệ đa phương tiện,7.1,"Thiết kế giao diện người dùng, Machine Learning với TensorFlow, Lập trình C/C++, Cyber Security nâng cao, Trí tuệ nhân tạo, Hệ điều hành, Lập trình Python, Tiếng Anh chuyên ngành, Lập trình hướng đối tượng, Blockchain cơ bản, Kỹ thuật phần mềm nâng cao, An ninh mạng cơ bản, An toàn thông tin, Hệ thống phân tán, Học sâu, Lập trình web nâng cao, Hệ thống nhúng, Tư duy logic và giải quyết vấn đề, Cấu trúc dữ liệu và Giải thuật, Triết học Mác-Lênin, Xác suất thống kê, Giáo dục quốc phòng - An ninh, Mật mã học, DevOps và CI/CD, Internet of Things, Kỹ năng mềm","Game Development, Cyber Security, DevOps, Phân tích dữ liệu"
SV10927,Kỹ thuật y sinh,8.1,"Tin học cơ bản, Công nghệ nano y sinh, Thiết bị y tế, Tiếng Anh chuyên ngành, Môn tự chọn 1, Vật liệu sinh học, Tư duy logic và giải quyết vấn đề, Triết học Mác-Lênin, Giáo dục thể chất, Giáo dục quốc phòng - An ninh, Kỹ thuật mô sinh học, Giải tích, Môn tự chọn 2, Xác suất thống kê, Toán cao cấp, Môn tự chọn 3, Kỹ năng mềm, Kỹ thuật y sinh, Tư tưởng Hồ Chí Minh, Công nghệ sinh học ứng dụng, Kỹ thuật tế bào, Công nghệ gen, Hình ảnh y khoa, Sinh học phân tử, Môn tự chọn 4","Machine Learning, Robot học, Phát triển ứng dụng di động"
SV10928,Công nghệ đa phương tiện,9.3,"Giáo dục thể chất, Kỹ thuật phần mềm nâng cao, Big Data và Hadoop, Hệ thống nhúng, Cấu trúc dữ liệu và Giải thuật, Kiểm thử phần mềm, An toàn thông tin, Blockchain cơ bản, Lập trình Python, Tiếng Anh chuyên ngành, Học sâu, Học máy, Lập trình C/C++, Cyber Security nâng cao, Hệ điều hành, Phân tích và thiết kế hệ thống, Mật mã học, Xác suất thống kê, Lập trình hướng đối tượng, Phát triển game, Phát triển ứng dụng di động, Quản lý dự án CNTT, Tư tưởng Hồ Chí Minh","Robot học, Cloud Computing, Trí tuệ nhân tạo, Lập trình"
SV10929,Thiết kế thời trang,7.6,"Toán cao cấp, Môn tự chọn 14, Kỹ năng mềm, Giáo dục thể chất, Môn tự chọn 6, Tư duy logic và giải quyết vấn đề, Môn tự chọn 7, Tư tưởng Hồ Chí Minh, Môn tự chọn 1, Môn tự chọn 11, Môn tự chọn 3, Môn tự chọn 9, Môn tự chọn 12, Triết học Mác-Lênin, Môn tự chọn 13, Môn tự chọn 2, Giải tích, Môn tự chọn 5, Tin học cơ bản, Giáo dục quốc phòng - An ninh, Xác suất thống kê, Tiếng Anh chuyên ngành, Môn tự chọn 8, Môn tự chọn 4, Môn tự chọn 10",Diễn thuyết
SV10930,Ngôn ngữ Hàn Quốc,7.1,"Giáo dục quốc phòng - An ninh, Tư tưởng Hồ Chí Minh, Từ vựng tiếng Hàn, Hangeul, Môn tự chọn 10, Triết học Mác-Lênin, Giáo dục thể chất, Môn tự chọn 4, K-pop và văn hóa đại chúng Hàn, Kỹ năng nghe nói tiếng Hàn, Dịch Hàn-Việt, Môn tự chọn 3, Lịch sử Hàn Quốc, Tiếng Anh chuyên ngành, Môn tự chọn 1, Môn tự chọn 5, Tư duy logic và giải quyết vấn đề, Môn tự chọn 7, Môn tự chọn 2, Tiếng Hàn thương mại, Giải tích, Xác suất thống kê, Ngữ pháp tiếng Hàn, Môn tự chọn 9, Tin học cơ bản, Ngữ âm học tiếng Hàn, Môn tự chọn 6, Kỹ năng mềm, Văn hóa Hàn Quốc, Môn tự chọn 8, Toán cao cấp","Yoga, Robot học, Đọc sách"
SV10931,Răng - Hàm - Mặt,9.6,"Giáo dục thể chất, Tin học cơ bản, Dược lý học, Hóa sinh y học, Dược lâm sàng, Kỹ năng mềm, Tiếng Anh chuyên ngành, Sinh lý học, Vi sinh y học, Giáo dục quốc phòng - An ninh, Bệnh học truyền nhiễm, Y học cổ truyền, Tư tưởng Hồ Chí Minh, Triết học Mác-Lênin, Y học dự phòng, Toán cao cấp","Âm nhạc, Viết lách, Phát triển ứng dụng di động, Robot học, Ẩm thực"
SV10932,Kỹ thuật cơ khí,6.3,"Kỹ thuật nhiệt, Cơ học kỹ thuật, Giáo dục thể chất, Thiết kế máy, Môn tự chọn 3, Môn tự chọn 4, Triết học Mác-Lênin, Cơ học vật liệu, Môn tự chọn 8, Môn tự chọn 1, Môn tự chọn 5, Tư duy logic và giải quyết vấn đề, Môn tự chọn 11, Robot công nghiệp, Môn tự chọn 9, Kỹ thuật hàn, Môn tự chọn 12, Sản xuất tự động, Môn tự chọn 6, Toán cao cấp, Thiết kế CAD/CAM, Môn tự chọn 2, Cơ điện tử, Xác suất thống kê, Cơ khí chế tạo, Tiếng Anh chuyên ngành, Kỹ thuật sản xuất, Môn tự chọn 13, Môn tự chọn 7, Kỹ thuật gia công, Kỹ năng mềm, Môn tự chọn 14, Môn tự chọn 10, Tin học cơ bản, Động lực học máy, Tư tưởng Hồ Chí Minh, Cơ khí chính xác, Giáo dục quốc phòng - An ninh, Giải tích","Phát triển web, Phát triển ứng dụng di động, Big Data, Nhiếp ảnh"
SV10933,Kỹ thuật máy tính,5.5,"Hệ thống nhúng nâng cao, Giải tích, Tiếng Anh chuyên ngành, Kỹ thuật vi mạch, Tin học cơ bản, Giáo dục thể chất, Xác suất thống kê, Tư duy logic và giải quyết vấn đề, Kỹ năng mềm, Kỹ thuật radar, Đo lường điện tử, Tư tưởng Hồ Chí Minh, Toán cao cấp, Điện tử viễn thông, Triết học Mác-Lênin, Hệ thống điện tử nhúng, Mạng viễn thông, Xử lý tín hiệu số, Điện tử số","Thiết kế UI/UX, Cloud Computing, Phát triển web, Phân tích dữ liệu, Lập trình"
SV10934,Dược học,8.1,"Dược lý học, Dược lâm sàng, Bệnh học truyền nhiễm, Bệnh học ngoại khoa, Dược lý lâm sàng, Vi sinh y học, Kỹ năng mềm, Tiếng Anh chuyên ngành, Hóa sinh y học, Giáo dục quốc phòng - An ninh, Y học cổ truyền","Chơi nhạc cụ, Nhiếp ảnh, Đầu tư, Blockchain, Bán hàng"
SV10935,Truyền thông đa phương tiện,7.2,"Lập trình Python, Tiếng Anh chuyên ngành, Cơ sở dữ liệu, Mạng máy tính, Thị giác máy tính, Machine Learning với TensorFlow, Tư tưởng Hồ Chí Minh, Big Data và Hadoop, Mật mã học, Blockchain cơ bản, Xác suất thống kê, Giải tích, Lập trình di động iOS/Android, Triết học Mác-Lênin, Lập trình C/C++, Học máy, Xử lý ngôn ngữ tự nhiên, An ninh mạng cơ bản, Hệ thống phân tán, Tư duy logic và giải quyết vấn đề, Trí tuệ nhân tạo, Kiểm thử phần mềm, Toán cao cấp, Hệ thống nhúng, Lập trình hướng đối tượng, Lập trình web nâng cao","Game Development, DevOps, Big Data, Nhiếp ảnh"
SV10936,Kỹ thuật cơ khí,6.7,"Cơ khí chính xác, Kỹ năng mềm, Sản xuất tự động, Robot công nghiệp, Tin học cơ bản, Xác suất thống kê, Triết học Mác-Lênin, Cơ điện tử, Kỹ thuật gia công, Kỹ thuật sản xuất, Kỹ thuật nhiệt, Tư duy logic và giải quyết vấn đề, Giải tích, Giáo dục quốc phòng - An ninh, Tư tưởng Hồ Chí Minh, Cơ khí chế tạo, Thiết kế máy","Phát triển ứng dụng di động, Cloud Computing, Thiết kế UI/UX, Internet of Things"
SV10937,Kiến trúc,8.4,"Quản lý dự án xây dựng, Kiến trúc cảnh quan, Môn tự chọn 2, Môn tự chọn 8, Môn tự chọn 6, Thiết kế đô thị, Môn tự chọn 9, Tư tưởng Hồ Chí Minh, Kỹ thuật địa kỹ thuật, Kết cấu bê tông cốt thép, Tư duy logic và giải quyết vấn đề, Môn tự chọn 4, Cơ sở hạ tầng đô thị, Môn tự chọn 3, Công trình ngầm, Giáo dục quốc phòng - An ninh, Toán cao cấp, Kết cấu thép, Môn tự chọn 10, Thiết kế kiến trúc nội thất, Kỹ năng mềm, Kỹ thuật xây dựng, Giải tích, Triết học Mác-Lênin, Môn tự chọn 1, Môn tự chọn 7, Giáo dục thể chất, Cầu và đường, Vật liệu xây dựng, Môn tự chọn 12, Tiếng Anh chuyên ngành, Xác suất thống kê, Tin học cơ bản, Môn tự chọn 11, Môn tự chọn 5","Robot học, Phát triển ứng dụng di động, Lập trình, Phân tích dữ liệu, Machine Learning"
SV10938,Tài chính - Ngân hàng,7.9,"Quản trị chiến lược, Giáo dục thể chất, Kỹ năng mềm, Toán cao cấp, Kế toán quản trị, Quản trị nhân sự, Thương mại điện tử, Tài chính quốc tế, Marketing số, Quản trị kinh doanh, Kế toán tài chính, Chuỗi cung ứng","Marketing số, Quản trị dự án"
SV10939,Trí tuệ nhân tạo và Học máy,7.1,"An toàn thông tin, Học máy, Cyber Security nâng cao, Toán cao cấp, Giải tích, Thị giác máy tính, Lập trình Python, Cloud Computing - AWS/Azure, Hệ thống phân tán, Kiểm thử phần mềm","Internet of Things, Phát triển ứng dụng di động, Phát triển web"
SV10940,Ngôn ngữ Anh,6.4,"Tiếng Anh chuyên ngành pháp lý, Tin học cơ bản, Giáo dục thể chất, Tư duy logic và giải quyết vấn đề, Giải tích, Tiếng Anh cho kinh doanh, Xác suất thống kê, Kỹ năng viết tiếng Anh, Tiếng Anh chuyên ngành, Kỹ năng nghe tiếng Anh, Kỹ năng mềm, Tiếng Anh thương mại, Phiên dịch hội nghị, Văn hóa Anh-Mỹ, Ngữ âm học tiếng Anh, Ngữ pháp tiếng Anh nâng cao, Văn học Anh, Tư tưởng Hồ Chí Minh, Tiếng Anh học thuật, Tiếng Anh báo chí, Dịch Anh-Việt, Dịch Việt-Anh, Kỹ năng nói tiếng Anh, Giáo dục quốc phòng - An ninh, Triết học Mác-Lênin, Toán cao cấp, Kỹ năng đọc hiểu tiếng Anh","Phát triển ứng dụng di động, Làm video, Internet of Things, Khởi nghiệp"
SV10941,Sư phạm Ngữ văn,8.6,"Văn học so sánh, Giáo dục quốc phòng - An ninh, Tiếng Anh chuyên ngành, Văn học Việt Nam cổ điển, Nghiên cứu tác phẩm Nguyễn Du, Lí luận văn học, Tư duy logic và giải quyết vấn đề, Toán cao cấp, Lịch sử văn học thế giới, Văn học Việt Nam hiện đại, Tư tưởng Hồ Chí Minh, Tin học cơ bản, Ngữ pháp tiếng Việt, Phương pháp dạy văn lớp 12, Phương pháp giảng dạy Ngữ văn, Triết học Mác-Lênin, Văn học hiện đại Việt Nam, Phân tích tác phẩm văn học, Giáo dục thể chất, Văn học dân gian, Giải tích","Kể chuyện, Đọc sách, Yoga, Vẽ tranh"
SV10942,Blockchain và Tiền mã hóa,8.4,"Tư tưởng Hồ Chí Minh, Phát triển phần mềm doanh nghiệp, Học máy, Big Data và Hadoop, Xử lý ngôn ngữ tự nhiên, Machine Learning với TensorFlow, Phân tích và thiết kế hệ thống, Triết học Mác-Lênin, Lập trình di động iOS/Android, Thiết kế giao diện người dùng, Hệ thống phân tán, DevOps và CI/CD, An ninh mạng cơ bản, Toán cao cấp, Blockchain cơ bản, Lập trình Java","Khoa học dữ liệu, Internet of Things, Lập trình, Robot học"
SV10943,Truyền thông đa phương tiện,7.6,"Tư duy logic và giải quyết vấn đề, Machine Learning với TensorFlow, Xác suất thống kê, Tiếng Anh chuyên ngành, Blockchain cơ bản, Hệ điều hành, Học sâu, Giáo dục thể chất, Phát triển ứng dụng web, Phân tích và thiết kế hệ thống, Giải tích, Kỹ thuật phần mềm nâng cao, Lập trình C/C++, Thiết kế giao diện người dùng, Phát triển game, Hệ thống phân tán, Phát triển phần mềm doanh nghiệp, Tin học cơ bản, Toán cao cấp, Học máy, Internet of Things, Mạng máy tính, Cấu trúc dữ liệu và Giải thuật, Thị giác máy tính, Tư tưởng Hồ Chí Minh, Lập trình Java, Mật mã học, Quản lý dự án CNTT, An ninh mạng cơ bản, Cơ sở dữ liệu, Phát triển ứng dụng di động, DevOps và CI/CD, Triết học Mác-Lênin, Kiểm thử phần mềm, Lập trình hướng đối tượng, Kỹ năng mềm, Hệ thống nhúng, Cyber Security nâng cao, Cloud Computing - AWS/Azure","Lập trình, Phân tích dữ liệu, Big Data, Trí tuệ nhân tạo, Robot học"
SV10944,Kỹ thuật điện tử - Viễn thông,9.5,"Điện tử công suất, Tin học cơ bản, Giáo dục thể chất, Điện tử cơ bản, Xử lý tín hiệu số, Toán cao cấp, Truyền thông số, Hệ thống điện tử nhúng, Tiếng Anh chuyên ngành, Anten và sóng điện từ","Machine Learning, Cyber Security, Lập trình, Kinh doanh quốc tế, Trí tuệ nhân tạo"
SV10945,Khoa học máy tính,6.6,"Lập trình Python, Lập trình web nâng cao, Cyber Security nâng cao, Lập trình di động iOS/Android, Lập trình Java, Machine Learning với TensorFlow, Kỹ thuật phần mềm nâng cao, Phát triển ứng dụng web, Xác suất thống kê, Toán cao cấp, Tư duy logic và giải quyết vấn đề, Big Data và Hadoop, Tin học cơ bản, Tư tưởng Hồ Chí Minh, Giáo dục quốc phòng - An ninh, Phát triển phần mềm doanh nghiệp, Hệ thống phân tán","Phân tích dữ liệu, Thiết kế UI/UX"
SV10946,Marketing,6.2,"Quản trị chiến lược, Toán cao cấp, Tin học cơ bản, Tiếng Anh chuyên ngành, Chuỗi cung ứng, Tư tưởng Hồ Chí Minh, Marketing số, Giải tích, Ngân hàng thương mại, Kinh tế lượng, Kỹ năng mềm, Kinh tế quốc tế, Kế toán quản trị, Kinh tế vi mô, Marketing cơ bản, Kinh tế vĩ mô, Logistics, Thương mại điện tử, Quản trị nhân sự, Xác suất thống kê, Kinh tế phát triển, Giáo dục thể chất, Giáo dục quốc phòng - An ninh, Tư duy logic và giải quyết vấn đề, Triết học Mác-Lênin, Quản trị kinh doanh","Lập trình, Thương mại điện tử, Bán hàng"
SV10947,Kế toán,7,"Tài chính doanh nghiệp, Kỹ năng mềm, Marketing cơ bản, Quản trị kinh doanh, Tài chính quốc tế, Tin học cơ bản, Kinh tế quốc tế, Kinh tế vi mô, Quản trị chiến lược, Quản trị nhân sự, Tư duy logic và giải quyết vấn đề, Kinh tế phát triển, Toán cao cấp, Kế toán tài chính",Đầu tư
SV10948,Âm nhạc học,7.7,"Hòa âm, Lịch sử âm nhạc, Giáo dục quốc phòng - An ninh, Âm nhạc hiện đại, Tiếng Anh chuyên ngành, Triết học Mác-Lênin, Tư tưởng Hồ Chí Minh, Biểu diễn nhạc cụ, Soạn nhạc cơ bản, Xác suất thống kê","Học ngoại ngữ, Làm video, Diễn thuyết, Viết lách"
SV10949,Fintech,7.9,"Lập trình Python, Kiểm thử phần mềm, Hệ thống nhúng, Thiết kế giao diện người dùng, Học máy, Machine Learning với TensorFlow, Học sâu, Kỹ năng mềm, Tiếng Anh chuyên ngành, Quản lý dự án CNTT, Phát triển phần mềm doanh nghiệp, Tư duy logic và giải quyết vấn đề, Lập trình hướng đối tượng, Lập trình C/C++, Phát triển game, Hệ điều hành, Hệ thống phân tán, Giải tích, Tin học cơ bản, Giáo dục quốc phòng - An ninh, Cấu trúc dữ liệu và Giải thuật, DevOps và CI/CD, Toán cao cấp, Lập trình web nâng cao, Thị giác máy tính, Cloud Computing - AWS/Azure, Phát triển ứng dụng di động, An toàn thông tin, Giáo dục thể chất, Lập trình Java, Cơ sở dữ liệu, Triết học Mác-Lênin, Lập trình di động iOS/Android","Khoa học dữ liệu, Blockchain"
SV10950,Khoa học máy tính,7.5,"Big Data và Hadoop, Phát triển ứng dụng di động, Phân tích và thiết kế hệ thống, Phát triển ứng dụng web, Tư tưởng Hồ Chí Minh, Hệ thống nhúng, Học sâu, Blockchain cơ bản, Hệ thống phân tán, Lập trình web nâng cao, Học máy, Lập trình Python, Giáo dục quốc phòng - An ninh, Thiết kế giao diện người dùng, Phát triển game, Tư duy logic và giải quyết vấn đề, Mật mã học, Giáo dục thể chất, Kỹ thuật phần mềm nâng cao, Xác suất thống kê, Kỹ năng mềm, Phát triển phần mềm doanh nghiệp, Lập trình Java, An ninh mạng cơ bản, Trí tuệ nhân tạo, Lập trình hướng đối tượng, Giải tích, Tin học cơ bản, Internet of Things, Hệ điều hành, Kiểm thử phần mềm, Xử lý ngôn ngữ tự nhiên, An toàn thông tin, Quản lý dự án CNTT, Cyber Security nâng cao","Cloud Computing, Game Development, Trí tuệ nhân tạo"
SV10951,Kỹ thuật xây dựng,8.1,"Quản lý dự án xây dựng, Toán cao cấp, Vật liệu xây dựng, Tiếng Anh chuyên ngành, Triết học Mác-Lênin, Kết cấu bê tông cốt thép, Kết cấu thép, Giáo dục quốc phòng - An ninh, Kỹ năng mềm, Kỹ thuật xây dựng, Tin học cơ bản, Thiết kế kiến trúc nội thất, Tư duy logic và giải quyết vấn đề, Cầu và đường","Robot học, Phân tích dữ liệu, Cloud Computing"
SV10952,Ngôn ngữ Anh,6.4,"Ngữ âm học tiếng Anh, Phiên dịch hội nghị, Tiếng Anh thương mại, Giải tích, Giáo dục quốc phòng - An ninh, Kỹ năng viết tiếng Anh, Văn hóa Anh-Mỹ, Tin học cơ bản, Ngữ pháp tiếng Anh nâng cao, Tiếng Anh báo chí, Tiếng Anh cho kinh doanh, Dịch Việt-Anh, Triết học Mác-Lênin, Xác suất thống kê, Kỹ năng nghe tiếng Anh, Toán cao cấp, Kỹ năng nói tiếng Anh, Tư tưởng Hồ Chí Minh, Văn học Anh","Blockchain, Vẽ tranh, Thơ ca"
SV10953,Dược học,9.1,"Tư tưởng Hồ Chí Minh, Bệnh học truyền nhiễm, Giải phẫu học, Môn tự chọn 1, Tư duy logic và giải quyết vấn đề, Giáo dục thể chất, Dinh dưỡng học, Kỹ năng mềm, Triết học Mác-Lênin, Hóa sinh y học, Vi sinh y học, Y học dự phòng, Dược lý lâm sàng, Bệnh học ngoại khoa, Giải tích, Giáo dục quốc phòng - An ninh, Dược lâm sàng, Y học cổ truyền, Tiếng Anh chuyên ngành, Sinh lý học, Tin học cơ bản, Dược lý học, Toán cao cấp, Xác suất thống kê, Bệnh học nội khoa, Miễn dịch học","Đầu tư, Học ngoại ngữ, Cloud Computing"
SV10954,Y khoa,7.6,"Toán cao cấp, Giáo dục thể chất, Miễn dịch học, Y học cổ truyền, Bệnh học truyền nhiễm, Dược lâm sàng, Kỹ năng mềm, Tư duy logic và giải quyết vấn đề, Bệnh học ngoại khoa, Dược lý học, Vi sinh y học, Hóa sinh y học, Tư tưởng Hồ Chí Minh, Sinh lý học, Triết học Mác-Lênin","Cloud Computing, Game Development, Lập trình, Kinh doanh quốc tế, Khoa học dữ liệu"
SV10955,Kế toán,8.8,"Kinh tế quốc tế, Kinh tế vĩ mô, Kinh tế lượng, Kế toán tài chính, Kinh tế vi mô, Kỹ năng mềm, Tư tưởng Hồ Chí Minh, Tài chính quốc tế, Quản trị kinh doanh, Kế toán quản trị, Tư duy logic và giải quyết vấn đề","Khởi nghiệp, Kinh doanh quốc tế"
SV10956,Quản trị kinh doanh,8,"Ngân hàng thương mại, Quản trị chiến lược, Môn tự chọn 2, Chuỗi cung ứng, Kế toán quản trị, Giáo dục thể chất, Toán cao cấp, Kinh tế vĩ mô, Kinh tế phát triển, Môn tự chọn 1, Giải tích, Tiếng Anh chuyên ngành, Kinh tế vi mô, Kinh tế lượng, Tư duy logic và giải quyết vấn đề, Kỹ năng mềm, Tài chính doanh nghiệp, Quản trị nhân sự, Marketing số, Tin học cơ bản, Giáo dục quốc phòng - An ninh, Triết học Mác-Lênin, Marketing cơ bản, Kinh tế quốc tế, Xác suất thống kê, Tài chính quốc tế, Quản trị kinh doanh, Logistics, Thương mại điện tử, Tư tưởng Hồ Chí Minh, Kế toán tài chính","Marketing số, Khởi nghiệp, Bán hàng"
SV10957,Fintech,8.2,"Quản lý dự án CNTT, Lập trình Java, Phân tích và thiết kế hệ thống, Phát triển ứng dụng di động, Toán cao cấp, Tiếng Anh chuyên ngành, An toàn thông tin, Xử lý ngôn ngữ tự nhiên, Trí tuệ nhân tạo, Phát triển game, Hệ điều hành, Tư tưởng Hồ Chí Minh, Lập trình web nâng cao, Cloud Computing - AWS/Azure, Hệ thống nhúng, An ninh mạng cơ bản, Cyber Security nâng cao, Lập trình C/C++, Machine Learning với TensorFlow, Triết học Mác-Lênin, Blockchain cơ bản, Tin học cơ bản, Internet of Things, Giáo dục thể chất, Thiết kế giao diện người dùng","Phân tích dữ liệu, Robot học, Internet of Things"
SV10958,Kỹ thuật cơ khí,8.3,"Môn tự chọn 2, Tư tưởng Hồ Chí Minh, Cơ khí chính xác, Tiếng Anh chuyên ngành, Cơ học vật liệu, Cơ khí chế tạo, Thiết kế CAD/CAM, Kỹ thuật sản xuất, Cơ điện tử, Giải tích, Môn tự chọn 3, Kỹ năng mềm, Động lực học máy, Giáo dục quốc phòng - An ninh, Thiết kế máy, Triết học Mác-Lênin, Giáo dục thể chất, Xác suất thống kê, Robot công nghiệp, Toán cao cấp, Kỹ thuật gia công, Tin học cơ bản, Môn tự chọn 1, Môn tự chọn 4, Cơ học kỹ thuật, Môn tự chọn 5, Tư duy logic và giải quyết vấn đề, Kỹ thuật hàn, Sản xuất tự động, Kỹ thuật nhiệt","Thiết kế UI/UX, Phát triển ứng dụng di động, Trí tuệ nhân tạo"
SV10959,Thương mại điện tử,8.1,"Lập trình C/C++, Lập trình di động iOS/Android, Kỹ năng mềm, Cơ sở dữ liệu, Lập trình Python, Blockchain cơ bản, Thị giác máy tính, Cyber Security nâng cao, Kỹ thuật phần mềm nâng cao, Hệ thống nhúng, Hệ thống phân tán, Internet of Things, Xác suất thống kê, Phân tích và thiết kế hệ thống, Giải tích, Trí tuệ nhân tạo, Mạng máy tính, Phát triển ứng dụng web, Phát triển ứng dụng di động, Tin học cơ bản, Lập trình web nâng cao, Giáo dục thể chất, Machine Learning với TensorFlow, Tư tưởng Hồ Chí Minh, An ninh mạng cơ bản, Học máy, Tiếng Anh chuyên ngành, An toàn thông tin, Phát triển game, Phát triển phần mềm doanh nghiệp, Kiểm thử phần mềm, Mật mã học, DevOps và CI/CD, Big Data và Hadoop, Lập trình Java, Xử lý ngôn ngữ tự nhiên, Cấu trúc dữ liệu và Giải thuật",Cloud Computing
SV10960,Công nghệ đa phương tiện,8.3,"Cơ sở dữ liệu, Thiết kế giao diện người dùng, Phát triển ứng dụng web, Lập trình web nâng cao, Thị giác máy tính, Tư duy logic và giải quyết vấn đề, Học sâu, Mật mã học, Cloud Computing - AWS/Azure, Lập trình hướng đối tượng, Kiểm thử phần mềm, Tư tưởng Hồ Chí Minh, Phát triển ứng dụng di động, Hệ thống phân tán, Giải tích, Học máy, Lập trình C/C++, An ninh mạng cơ bản, Tiếng Anh chuyên ngành, Phân tích và thiết kế hệ thống, Mạng máy tính, An toàn thông tin, Blockchain cơ bản, Xử lý ngôn ngữ tự nhiên, Toán cao cấp, Xác suất thống kê, Quản lý dự án CNTT, Cấu trúc dữ liệu và Giải thuật, Hệ điều hành, Phát triển phần mềm doanh nghiệp, Phát triển game, Kỹ thuật phần mềm nâng cao, Internet of Things, Giáo dục quốc phòng - An ninh","Lập trình, Thiết kế UI/UX, Phân tích dữ liệu"
SV10961,Thương mại điện tử,9,"Hệ thống nhúng, Quản lý dự án CNTT, Giáo dục thể chất, Big Data và Hadoop, Lập trình web nâng cao, Xác suất thống kê, Phát triển ứng dụng web, Hệ điều hành, Tin học cơ bản, Lập trình di động iOS/Android, Cơ sở dữ liệu, Mật mã học, Lập trình Java, Xử lý ngôn ngữ tự nhiên, Triết học Mác-Lênin, Kỹ thuật phần mềm nâng cao, Tư duy logic và giải quyết vấn đề, Học máy, Tư tưởng Hồ Chí Minh, Lập trình Python, Lập trình hướng đối tượng, Machine Learning với TensorFlow, Thị giác máy tính, Thiết kế giao diện người dùng, Phát triển ứng dụng di động, Internet of Things, Kỹ năng mềm, Giáo dục quốc phòng - An ninh, DevOps và CI/CD, Giải tích, Mạng máy tính, Cloud Computing - AWS/Azure, Phát triển game, Hệ thống phân tán, Trí tuệ nhân tạo, An toàn thông tin, An ninh mạng cơ bản, Kiểm thử phần mềm, Tiếng Anh chuyên ngành","Khoa học dữ liệu, Machine Learning"
SV10962,Y khoa,7.9,"Môn tự chọn 1, Miễn dịch học, Sinh lý học, Giáo dục thể chất, Bệnh học ngoại khoa, Toán cao cấp, Y học dự phòng, Môn tự chọn 13, Môn tự chọn 12, Tiếng Anh chuyên ngành, Môn tự chọn 10, Môn tự chọn 11, Dược lý học, Môn tự chọn 7, Bệnh học truyền nhiễm, Giải tích, Môn tự chọn 6, Môn tự chọn 8, Giáo dục quốc phòng - An ninh, Bệnh học nội khoa, Xác suất thống kê, Tư duy logic và giải quyết vấn đề, Hóa sinh y học, Vi sinh y học, Môn tự chọn 3, Tư tưởng Hồ Chí Minh, Tin học cơ bản, Triết học Mác-Lênin, Giải phẫu học, Dinh dưỡng học, Y học cổ truyền, Môn tự chọn 9, Kỹ năng mềm, Môn tự chọn 2, Môn tự chọn 5, Môn tự chọn 4, Dược lâm sàng, Dược lý lâm sàng","Cyber Security, Blockchain, Vẽ tranh"
SV10963,Kế toán,8.4,"Giải tích, Ngân hàng thương mại, Giáo dục quốc phòng - An ninh, Giáo dục thể chất, Tiếng Anh chuyên ngành, Logistics, Xác suất thống kê, Marketing cơ bản, Kế toán tài chính, Toán cao cấp, Tư tưởng Hồ Chí Minh, Tài chính quốc tế, Kinh tế quốc tế, Tư duy logic và giải quyết vấn đề, Kỹ năng mềm, Chuỗi cung ứng, Kinh tế lượng",Quản trị dự án
SV10964,Marketing,7.6,"Kinh tế phát triển, Marketing cơ bản, Chuỗi cung ứng, Tiếng Anh chuyên ngành, Kinh tế vi mô, Logistics, Tin học cơ bản, Quản trị kinh doanh, Giáo dục quốc phòng - An ninh, Giải tích, Ngân hàng thương mại, Kinh tế quốc tế, Giáo dục thể chất, Tài chính doanh nghiệp, Quản trị chiến lược, Tư tưởng Hồ Chí Minh, Xác suất thống kê, Kế toán tài chính, Quản trị nhân sự, Triết học Mác-Lênin, Thương mại điện tử, Kỹ năng mềm, Marketing số, Kinh tế lượng, Tài chính quốc tế","Marketing số, Bán hàng"
SV10965,Công nghệ sinh học,9.1,"Môn tự chọn 1, Công nghệ nano y sinh, Môn tự chọn 7, Môn tự chọn 5, Môn tự chọn 2, Môn tự chọn 8, Kỹ thuật mô sinh học, Công nghệ gen, Môn tự chọn 11, Tư tưởng Hồ Chí Minh, Xác suất thống kê, Triết học Mác-Lênin, Giải tích, Thiết bị y tế, Giáo dục quốc phòng - An ninh, Toán cao cấp, Môn tự chọn 6, Môn tự chọn 10, Môn tự chọn 4, Môn tự chọn 9, Vật liệu sinh học, Kỹ thuật y sinh, Giáo dục thể chất, Tiếng Anh chuyên ngành, Kỹ năng mềm, Hình ảnh y khoa, Tin học cơ bản, Tư duy logic và giải quyết vấn đề, Sinh học phân tử, Kỹ thuật tế bào, Công nghệ sinh học ứng dụng, Môn tự chọn 12, Môn tự chọn 3","Big Data, Blockchain, Khoa học dữ liệu, Robot học"
SV10966,Logistics và Quản lý chuỗi cung ứng,7,"Học máy, Internet of Things, Phân tích và thiết kế hệ thống, An ninh mạng cơ bản, Lập trình di động iOS/Android, Lập trình C/C++, Machine Learning với TensorFlow, Lập trình Java, Triết học Mác-Lênin, Tư duy logic và giải quyết vấn đề, Quản lý dự án CNTT, Cloud Computing - AWS/Azure, Thiết kế giao diện người dùng, Giải tích, Thị giác máy tính, Mạng máy tính, Hệ điều hành, Xác suất thống kê, Phát triển phần mềm doanh nghiệp, Xử lý ngôn ngữ tự nhiên, Tư tưởng Hồ Chí Minh, Toán cao cấp","Lập trình, Cloud Computing, Internet of Things, Robot học"
SV10967,Blockchain và Tiền mã hóa,9.5,"Xử lý ngôn ngữ tự nhiên, Blockchain cơ bản, DevOps và CI/CD, Giáo dục quốc phòng - An ninh, Phát triển phần mềm doanh nghiệp, Kỹ thuật phần mềm nâng cao, Thiết kế giao diện người dùng, Phát triển ứng dụng di động, Lập trình hướng đối tượng, Giải tích, Lập trình Java, Thị giác máy tính, Cấu trúc dữ liệu và Giải thuật, Học sâu, Học máy, Tin học cơ bản, Lập trình Python, Lập trình di động iOS/Android, Tư duy logic và giải quyết vấn đề, An toàn thông tin","Cyber Security, Khoa học dữ liệu, Thiết kế UI/UX, Blockchain"
SV10968,Âm nhạc học,7.7,"Tư tưởng Hồ Chí Minh, Tiếng Anh chuyên ngành, Âm nhạc lý thuyết, Tin học cơ bản, Giải tích, Triết học Mác-Lênin, Soạn nhạc cơ bản, Biểu diễn nhạc cụ, Tư duy logic và giải quyết vấn đề, Kỹ năng mềm, Giáo dục thể chất, Toán cao cấp, Lịch sử âm nhạc, Âm nhạc dân gian Việt Nam, Hòa âm, Âm nhạc hiện đại, Giáo dục quốc phòng - An ninh, Xác suất thống kê, Kỹ thuật thanh nhạc, Phân tích tác phẩm âm nhạc","Ẩm thực, Vẽ tranh, Diễn thuyết, Thơ ca"
SV10969,Răng - Hàm - Mặt,6.3,"Kỹ năng mềm, Hóa sinh y học, Vi sinh y học, Tư duy logic và giải quyết vấn đề, Bệnh học nội khoa, Miễn dịch học, Y học dự phòng, Tin học cơ bản, Tiếng Anh chuyên ngành, Giải tích, Bệnh học ngoại khoa, Bệnh học truyền nhiễm, Xác suất thống kê, Dược lý lâm sàng, Dinh dưỡng học, Dược lâm sàng, Toán cao cấp, Giải phẫu học, Giáo dục thể chất","Fintech, Diễn thuyết, Phát triển ứng dụng di động"
SV10970,Kỹ thuật điện,7.8,"Tư duy logic và giải quyết vấn đề, Điện tử công suất, Xử lý tín hiệu số, Truyền thông quang, Mạng không dây, Anten và sóng điện từ, Hệ thống điện tử nhúng, Giáo dục quốc phòng - An ninh, Kỹ năng mềm, Đo lường điện tử, Giáo dục thể chất",Blockchain
SV10971,Kỹ thuật cơ khí,7,"Cơ học kỹ thuật, Xác suất thống kê, Kỹ thuật gia công, Cơ điện tử, Robot công nghiệp, Tiếng Anh chuyên ngành, Động lực học máy, Tư duy logic và giải quyết vấn đề, Tư tưởng Hồ Chí Minh, Tin học cơ bản, Sản xuất tự động, Giáo dục quốc phòng - An ninh, Kỹ thuật hàn, Kỹ năng mềm, Giải tích","Big Data, Internet of Things, Cyber Security, DevOps, Lập trình"
SV10972,Răng - Hàm - Mặt,8.5,"Bệnh học nội khoa, Tin học cơ bản, Dược lý lâm sàng, Giải tích, Toán cao cấp, Dinh dưỡng học, Miễn dịch học, Môn tự chọn 5, Sinh lý học, Dược lâm sàng, Giáo dục quốc phòng - An ninh, Xác suất thống kê, Kỹ năng mềm, Bệnh học truyền nhiễm, Tư duy logic và giải quyết vấn đề, Tư tưởng Hồ Chí Minh, Dược lý học, Tiếng Anh chuyên ngành, Giáo dục thể chất, Môn tự chọn 3, Y học dự phòng, Môn tự chọn 4, Bệnh học ngoại khoa, Môn tự chọn 2, Vi sinh y học, Hóa sinh y học, Triết học Mác-Lênin, Giải phẫu học, Y học cổ truyền, Môn tự chọn 1","Phát triển web, Phát triển ứng dụng di động, Kể chuyện, Diễn thuyết, Thiết kế UI/UX"
SV10973,Công nghệ đa phương tiện,7,"Cấu trúc dữ liệu và Giải thuật, Cơ sở dữ liệu, DevOps và CI/CD, Học sâu, Quản lý dự án CNTT, An ninh mạng cơ bản, Lập trình Python, Lập trình hướng đối tượng, Xác suất thống kê, Phát triển game, Machine Learning với TensorFlow, Kỹ năng mềm, Internet of Things","Thiết kế UI/UX, Cloud Computing, Big Data, Khoa học dữ liệu"
SV10974,Răng - Hàm - Mặt,7.3,"Hóa sinh y học, Dược lâm sàng, Tư duy logic và giải quyết vấn đề, Giải tích, Tin học cơ bản, Triết học Mác-Lênin, Vi sinh y học, Sinh lý học, Dược lý lâm sàng, Dược lý học, Miễn dịch học, Kỹ năng mềm, Tư tưởng Hồ Chí Minh, Y học dự phòng, Xác suất thống kê","Diễn thuyết, DevOps"
SV10975,Thiết kế đồ họa,5.8,"Xác suất thống kê, Giáo dục thể chất, Toán cao cấp, Tin học cơ bản, Kỹ năng mềm, Triết học Mác-Lênin, Tiếng Anh chuyên ngành, Tư tưởng Hồ Chí Minh, Tư duy logic và giải quyết vấn đề, Giải tích","Nhiếp ảnh, Đọc sách"
SV10976,Sư phạm Lịch sử,7.2,"Kỹ năng mềm, Tư tưởng Hồ Chí Minh, Môn tự chọn 7, Môn tự chọn 4, Phương pháp giảng dạy Lịch sử, Tiếng Anh chuyên ngành, Giáo dục quốc phòng - An ninh, Môn tự chọn 11, Môn tự chọn 3, Lịch sử văn hóa Việt Nam, Giải tích, Môn tự chọn 8, Lịch sử thế giới hiện đại, Phân tích sự kiện lịch sử, Tư duy logic và giải quyết vấn đề, Môn tự chọn 6, Xác suất thống kê, Môn tự chọn 1, Môn tự chọn 9, Môn tự chọn 5, Tin học cơ bản, Toán cao cấp, Lịch sử Việt Nam cổ đại, Lịch sử thế giới cổ đại, Môn tự chọn 10, Dạy học lịch sử phổ thông, Triết học Mác-Lênin, Lịch sử Việt Nam hiện đại, Lịch sử Đảng Cộng sản Việt Nam, Môn tự chọn 2, Giáo dục thể chất","Thơ ca, Học ngoại ngữ"
SV10977,Quan hệ quốc tế,5.3,"Lập trình Python, An toàn thông tin, Internet of Things, DevOps và CI/CD, Cơ sở dữ liệu, Phát triển game, Kỹ năng mềm, Hệ thống phân tán, Machine Learning với TensorFlow, Lập trình di động iOS/Android, Tư tưởng Hồ Chí Minh, Học sâu, Big Data và Hadoop, Kỹ thuật phần mềm nâng cao, An ninh mạng cơ bản, Giáo dục thể chất, Thiết kế giao diện người dùng, Phát triển ứng dụng web, Xác suất thống kê","Robot học, Lập trình, Cyber Security"
SV10978,Quản trị kinh doanh,6.1,"Tài chính quốc tế, Marketing cơ bản, Kinh tế quốc tế, Tiếng Anh chuyên ngành, Giáo dục quốc phòng - An ninh, Thương mại điện tử, Quản trị nhân sự, Kinh tế lượng, Quản trị chiến lược, Xác suất thống kê, Triết học Mác-Lênin, Giáo dục thể chất, Quản trị kinh doanh, Kế toán quản trị, Kinh tế vĩ mô, Kinh tế vi mô, Kỹ năng mềm, Marketing số, Giải tích, Tư tưởng Hồ Chí Minh, Tư duy logic và giải quyết vấn đề, Tin học cơ bản, Logistics, Kinh tế phát triển, Ngân hàng thương mại, Toán cao cấp, Tài chính doanh nghiệp","Khởi nghiệp, Kinh doanh quốc tế, Quản trị dự án, Đầu tư"
SV10979,Răng - Hàm - Mặt,8.5,"Dinh dưỡng học, Bệnh học nội khoa, Bệnh học truyền nhiễm, Y học cổ truyền, Vi sinh y học, Tư tưởng Hồ Chí Minh, Môn tự chọn 2, Giáo dục quốc phòng - An ninh, Miễn dịch học, Hóa sinh y học, Môn tự chọn 1, Y học dự phòng, Toán cao cấp, Bệnh học ngoại khoa, Tư duy logic và giải quyết vấn đề, Kỹ năng mềm, Giáo dục thể chất, Môn tự chọn 3, Xác suất thống kê, Tiếng Anh chuyên ngành, Dược lý lâm sàng, Giải tích, Triết học Mác-Lênin, Dược lâm sàng, Dược lý học, Sinh lý học, Giải phẫu học, Tin học cơ bản","Thơ ca, Robot học, Làm video, Du lịch khám phá"
SV10980,Kinh tế,8.5,"Marketing cơ bản, Tư tưởng Hồ Chí Minh, Kế toán quản trị, Xác suất thống kê, Tư duy logic và giải quyết vấn đề, Tài chính quốc tế, Quản trị chiến lược, Tiếng Anh chuyên ngành, Giáo dục thể chất, Ngân hàng thương mại, Kinh tế vi mô","Khởi nghiệp, Thương mại điện tử, Đầu tư, Kinh doanh quốc tế"
SV10981,Ngôn ngữ Hàn Quốc,8.1,"Tiếng Anh chuyên ngành, Từ vựng tiếng Hàn, Tin học cơ bản, Toán cao cấp, Ngữ âm học tiếng Hàn, Môn tự chọn 8, Dịch Hàn-Việt, Lịch sử Hàn Quốc, Tư duy logic và giải quyết vấn đề, Triết học Mác-Lênin, Kỹ năng nghe nói tiếng Hàn, Kỹ năng mềm, Hangeul, Giáo dục quốc phòng - An ninh, Môn tự chọn 2, Tiếng Hàn thương mại, Môn tự chọn 5, Môn tự chọn 4, Môn tự chọn 6, Văn hóa Hàn Quốc, Xác suất thống kê, Ngữ pháp tiếng Hàn, Môn tự chọn 7, Môn tự chọn 9, Giáo dục thể chất, Môn tự chọn 3, K-pop và văn hóa đại chúng Hàn, Giải tích, Môn tự chọn 1, Tư tưởng Hồ Chí Minh",Du lịch khám phá
SV10982,Blockchain và Tiền mã hóa,6.7,"Lập trình Java, Internet of Things, Kỹ thuật phần mềm nâng cao, Phát triển ứng dụng web, Cấu trúc dữ liệu và Giải thuật, Lập trình di động iOS/Android, Phát triển phần mềm doanh nghiệp, Machine Learning với TensorFlow, Lập trình C/C++, Kiểm thử phần mềm, Học sâu, An toàn thông tin, Blockchain cơ bản, Lập trình hướng đối tượng, Học máy, Cloud Computing - AWS/Azure, Giải tích, Thiết kế giao diện người dùng, Phân tích và thiết kế hệ thống, Mật mã học, Big Data và Hadoop, Hệ thống nhúng, Hệ thống phân tán, Thị giác máy tính, Triết học Mác-Lênin, Quản lý dự án CNTT, Kỹ năng mềm, Giáo dục quốc phòng - An ninh, Trí tuệ nhân tạo, DevOps và CI/CD, Toán cao cấp, Phát triển ứng dụng di động, Tư tưởng Hồ Chí Minh, Cyber Security nâng cao","Game Development, Phát triển ứng dụng di động, Blockchain, Lập trình"
SV10983,Kỹ thuật cơ khí,7.7,"Xác suất thống kê, Cơ khí chế tạo, Sản xuất tự động, Kỹ năng mềm, Toán cao cấp, Kỹ thuật hàn, Động lực học máy, Tin học cơ bản, Thiết kế máy, Triết học Mác-Lênin, Tiếng Anh chuyên ngành, Robot công nghiệp, Cơ khí chính xác",Phân tích dữ liệu
SV10984,Truyền thông đa phương tiện,7.7,"An toàn thông tin, Giải tích, Kỹ thuật phần mềm nâng cao, Lập trình Python, Tin học cơ bản, Hệ thống nhúng, DevOps và CI/CD, Tư duy logic và giải quyết vấn đề, Thị giác máy tính, Lập trình hướng đối tượng, Big Data và Hadoop, Cơ sở dữ liệu, Tiếng Anh chuyên ngành, Hệ thống phân tán, Trí tuệ nhân tạo, Giáo dục thể chất, Mạng máy tính, Phát triển ứng dụng di động, Kỹ năng mềm, Toán cao cấp, Cyber Security nâng cao, Phát triển phần mềm doanh nghiệp, Học sâu, Blockchain cơ bản, Mật mã học, Lập trình di động iOS/Android, Quản lý dự án CNTT, An ninh mạng cơ bản, Hệ điều hành, Giáo dục quốc phòng - An ninh, Học máy, Triết học Mác-Lênin",Game Development
SV10985,Kỹ thuật điện tử - Viễn thông,6.5,"Truyền thông quang, Điện tử công suất, Anten và sóng điện từ, Tiếng Anh chuyên ngành, Xác suất thống kê, Toán cao cấp, Đo lường điện tử, Giải tích, Điện tử năng lượng, Kỹ thuật vi mạch, Truyền thông vô tuyến, Hệ thống nhúng nâng cao, Điện tử cơ bản, Xử lý tín hiệu số, Tin học cơ bản, Truyền thông số, Điện tử số, Triết học Mác-Lênin, Giáo dục thể chất, Tư tưởng Hồ Chí Minh, Giáo dục quốc phòng - An ninh, Mạng không dây, Mạng viễn thông, Kỹ năng mềm, Tư duy logic và giải quyết vấn đề, Môn tự chọn 1, Điện tử viễn thông, Kỹ thuật radar, Hệ thống điều khiển tự động, Hệ thống điện tử nhúng","Trí tuệ nhân tạo, Internet of Things, Khoa học dữ liệu, Phát triển ứng dụng di động, Phân tích dữ liệu"
SV10986,Răng - Hàm - Mặt,9.2,"Tin học cơ bản, Xác suất thống kê, Miễn dịch học, Sinh lý học, Môn tự chọn 5, Dược lâm sàng, Dược lý học, Toán cao cấp, Y học cổ truyền, Môn tự chọn 8, Môn tự chọn 9, Giải phẫu học, Bệnh học ngoại khoa, Dược lý lâm sàng, Triết học Mác-Lênin, Môn tự chọn 3, Môn tự chọn 1, Môn tự chọn 11, Môn tự chọn 10, Tiếng Anh chuyên ngành, Giải tích, Bệnh học nội khoa, Dinh dưỡng học, Môn tự chọn 4, Môn tự chọn 7, Hóa sinh y học, Y học dự phòng, Giáo dục quốc phòng - An ninh, Vi sinh y học, Môn tự chọn 2, Bệnh học truyền nhiễm, Môn tự chọn 6, Kỹ năng mềm, Tư tưởng Hồ Chí Minh, Giáo dục thể chất, Tư duy logic và giải quyết vấn đề","Vẽ tranh, Chơi nhạc cụ, Bán hàng, Cyber Security"
SV10987,Sư phạm Ngữ văn,8.6,"Văn học dân gian, Môn tự chọn 12, Tư tưởng Hồ Chí Minh, Môn tự chọn 6, Lịch sử văn học thế giới, Phân tích tác phẩm văn học, Nghiên cứu tác phẩm Nguyễn Du, Văn học hiện đại Việt Nam, Môn tự chọn 3, Kỹ năng mềm, Lí luận văn học, Môn tự chọn 5, Giải tích, Văn học Việt Nam cổ điển, Ngữ pháp tiếng Việt, Môn tự chọn 1, Xác suất thống kê, Văn học so sánh, Triết học Mác-Lênin, Toán cao cấp, Môn tự chọn 9, Môn tự chọn 2, Giáo dục thể chất, Phương pháp giảng dạy Ngữ văn, Môn tự chọn 10, Môn tự chọn 8, Tiếng Anh chuyên ngành, Môn tự chọn 4, Tin học cơ bản, Phương pháp dạy văn lớp 12, Môn tự chọn 7, Giáo dục quốc phòng - An ninh, Tư duy logic và giải quyết vấn đề, Môn tự chọn 11, Văn học Việt Nam hiện đại","Chơi nhạc cụ, Thơ ca"
SV10988,Răng - Hàm - Mặt,7.5,"Dược lý học, Môn tự chọn 3, Miễn dịch học, Môn tự chọn 2, Triết học Mác-Lênin, Bệnh học truyền nhiễm, Toán cao cấp, Tiếng Anh chuyên ngành, Môn tự chọn 1, Y học dự phòng, Giải tích, Dinh dưỡng học, Dược lâm sàng, Bệnh học ngoại khoa, Y học cổ truyền, Tin học cơ bản, Tư duy logic và giải quyết vấn đề, Môn tự chọn 4, Giáo dục quốc phòng - An ninh, Môn tự chọn 5, Giải phẫu học, Kỹ năng mềm, Giáo dục thể chất, Vi sinh y học, Bệnh học nội khoa, Dược lý lâm sàng, Hóa sinh y học, Tư tưởng Hồ Chí Minh, Sinh lý học, Xác suất thống kê","Thương mại điện tử, Thiết kế UI/UX, Đầu tư"
SV10989,Thương mại điện tử,7.7,"Tin học cơ bản, Xử lý ngôn ngữ tự nhiên, An ninh mạng cơ bản, Lập trình hướng đối tượng, Giáo dục thể chất, Big Data và Hadoop, Xác suất thống kê, Quản lý dự án CNTT, Trí tuệ nhân tạo, Giáo dục quốc phòng - An ninh, Thị giác máy tính, Kỹ năng mềm, Phát triển ứng dụng di động, Mật mã học, Hệ thống nhúng, Lập trình Java, Học máy, Phát triển game, Thiết kế giao diện người dùng, An toàn thông tin, Lập trình C/C++, Machine Learning với TensorFlow, Cơ sở dữ liệu, Kiểm thử phần mềm, Hệ thống phân tán, Lập trình Python, Lập trình di động iOS/Android, DevOps và CI/CD","Khoa học dữ liệu, Robot học, Phân tích dữ liệu, Phát triển ứng dụng di động"
SV10990,Kỹ thuật xây dựng,7.9,"Kết cấu bê tông cốt thép, Công trình ngầm, Vật liệu xây dựng, Kỹ năng mềm, Quản lý dự án xây dựng, Kỹ thuật địa kỹ thuật, Kết cấu thép, Tiếng Anh chuyên ngành, Tin học cơ bản, Tư tưởng Hồ Chí Minh, Kiến trúc cảnh quan, Triết học Mác-Lênin, Giáo dục quốc phòng - An ninh, Cầu và đường, Cơ sở hạ tầng đô thị, Giải tích","Cyber Security, Machine Learning, Phát triển web"
SV10991,Luật,5.7,"Blockchain cơ bản, Cloud Computing - AWS/Azure, Lập trình Python, Kỹ thuật phần mềm nâng cao, Lập trình Java, Học máy, Cơ sở dữ liệu, Phát triển phần mềm doanh nghiệp, Machine Learning với TensorFlow, Tư duy logic và giải quyết vấn đề, Phát triển ứng dụng di động, Mạng máy tính, Internet of Things, Cấu trúc dữ liệu và Giải thuật, Hệ thống nhúng, Lập trình di động iOS/Android, Giáo dục quốc phòng - An ninh, Tư tưởng Hồ Chí Minh, Hệ thống phân tán, Mật mã học, Phát triển ứng dụng web, Cyber Security nâng cao, Hệ điều hành, Phân tích và thiết kế hệ thống, Trí tuệ nhân tạo, Xác suất thống kê, Giáo dục thể chất, Tiếng Anh chuyên ngành, Lập trình hướng đối tượng, An ninh mạng cơ bản, An toàn thông tin, Xử lý ngôn ngữ tự nhiên","Blockchain, Lập trình"
SV10992,Báo chí,7.5,"Toán cao cấp, Tư duy logic và giải quyết vấn đề, Cấu trúc dữ liệu và Giải thuật, Kỹ thuật phần mềm nâng cao, Giải tích, Internet of Things, Học máy, Machine Learning với TensorFlow, Mạng máy tính, Quản lý dự án CNTT, Lập trình hướng đối tượng, Tư tưởng Hồ Chí Minh, Phát triển ứng dụng di động, Cơ sở dữ liệu, An ninh mạng cơ bản, DevOps và CI/CD, Trí tuệ nhân tạo, Phát triển game, Tin học cơ bản, Hệ thống nhúng, Xác suất thống kê, Thiết kế giao diện người dùng, Giáo dục thể chất, Học sâu, Lập trình di động iOS/Android, Phát triển ứng dụng web, Mật mã học, Phát triển phần mềm doanh nghiệp, Kiểm thử phần mềm, Triết học Mác-Lênin, Giáo dục quốc phòng - An ninh, Thị giác máy tính, Blockchain cơ bản, Lập trình Java","Blockchain, Phân tích dữ liệu, Phát triển ứng dụng di động, Big Data"
SV10993,Khoa học dữ liệu,7,"Thiết kế giao diện người dùng, Machine Learning với TensorFlow, Cyber Security nâng cao, Phát triển ứng dụng di động, Học máy, Xác suất thống kê, Internet of Things, Lập trình C/C++, Big Data và Hadoop, Kiểm thử phần mềm, Mạng máy tính, Lập trình Python, Blockchain cơ bản, Lập trình hướng đối tượng, Mật mã học, Toán cao cấp, Phát triển ứng dụng web, Quản lý dự án CNTT, An toàn thông tin, Thị giác máy tính, Kỹ thuật phần mềm nâng cao, Triết học Mác-Lênin, An ninh mạng cơ bản, Phát triển game, Giải tích, Học sâu, Giáo dục quốc phòng - An ninh, Xử lý ngôn ngữ tự nhiên, Kỹ năng mềm","Thiết kế UI/UX, Machine Learning, Game Development"
SV10994,Quan hệ quốc tế,6.7,"Xử lý ngôn ngữ tự nhiên, Hệ thống nhúng, Lập trình hướng đối tượng, Cơ sở dữ liệu, Kỹ năng mềm, Hệ điều hành, Tiếng Anh chuyên ngành, Lập trình Python, Thiết kế giao diện người dùng, Lập trình Java, Mạng máy tính, Học sâu, Giải tích, Tin học cơ bản, Machine Learning với TensorFlow, Phát triển ứng dụng web, Lập trình C/C++, Kỹ thuật phần mềm nâng cao","Blockchain, Machine Learning, Big Data, Phân tích dữ liệu"
SV10995,Kỹ thuật hóa học,7.4,"Kỹ thuật nhiệt hóa học, Xác suất thống kê, Môn tự chọn 11, Kỹ thuật phản ứng hóa học, Giáo dục thể chất, Tư duy logic và giải quyết vấn đề, Môn tự chọn 6, Hóa phân tích môi trường, Môn tự chọn 5, Môn tự chọn 4, Môn tự chọn 10, Giải tích, Xử lý nước thải, Kỹ thuật polymer, Môn tự chọn 2, Môn tự chọn 7, Môn tự chọn 3, Xử lý chất thải rắn, Kỹ năng mềm, Ô nhiễm không khí, Môn tự chọn 8, Kỹ thuật hóa học, Tin học cơ bản, Tư tưởng Hồ Chí Minh, Triết học Mác-Lênin, Môn tự chọn 1, Môn tự chọn 12, Công nghệ xử lý nước, Toán cao cấp, Kỹ thuật môi trường, Hóa học công nghiệp, Tiếng Anh chuyên ngành, Môn tự chọn 9, Giáo dục quốc phòng - An ninh","Machine Learning, Big Data, Blockchain"
SV10996,Kỹ thuật điện,9.5,"Đo lường điện tử, Điện tử số, Anten và sóng điện từ, Tiếng Anh chuyên ngành, Tư tưởng Hồ Chí Minh, Giáo dục quốc phòng - An ninh, Giáo dục thể chất, Kỹ năng mềm, Mạng không dây, Tư duy logic và giải quyết vấn đề, Kỹ thuật vi mạch, Truyền thông quang, Xác suất thống kê","Cyber Security, Cloud Computing, Robot học, Phát triển web"
SV10997,Marketing,8.3,"Kinh tế vi mô, Chuỗi cung ứng, Tư duy logic và giải quyết vấn đề, Giáo dục thể chất, Xác suất thống kê, Tài chính doanh nghiệp, Kinh tế lượng, Thương mại điện tử, Logistics, Kế toán quản trị, Tin học cơ bản, Triết học Mác-Lênin, Toán cao cấp, Kế toán tài chính, Kỹ năng mềm, Giải tích, Kinh tế quốc tế, Quản trị chiến lược, Giáo dục quốc phòng - An ninh, Tư tưởng Hồ Chí Minh, Marketing số","Quản trị dự án, Fintech, Thương mại điện tử, Khởi nghiệp"
SV10998,Công nghệ thông tin,7.1,"Toán cao cấp, Cấu trúc dữ liệu và Giải thuật, Big Data và Hadoop, Lập trình web nâng cao, Internet of Things, Lập trình Python, Triết học Mác-Lênin, Thiết kế giao diện người dùng, Machine Learning với TensorFlow, Tư duy logic và giải quyết vấn đề, Phát triển phần mềm doanh nghiệp, Hệ thống nhúng, Học sâu, DevOps và CI/CD, Blockchain cơ bản, Phát triển ứng dụng di động, Kỹ thuật phần mềm nâng cao, Xử lý ngôn ngữ tự nhiên, Trí tuệ nhân tạo","Thiết kế UI/UX, Trí tuệ nhân tạo"
SV10999,Du lịch,8.3,"An ninh mạng cơ bản, Hệ thống phân tán, Tư duy logic và giải quyết vấn đề, Tư tưởng Hồ Chí Minh, Phát triển ứng dụng di động, Phân tích và thiết kế hệ thống, Cấu trúc dữ liệu và Giải thuật, Giáo dục quốc phòng - An ninh, Giáo dục thể chất, Internet of Things, Học máy, Thiết kế giao diện người dùng, Cyber Security nâng cao, Tin học cơ bản, Mật mã học, Lập trình web nâng cao, An toàn thông tin, Phát triển game, Machine Learning với TensorFlow, Phát triển phần mềm doanh nghiệp, Lập trình C/C++, Kỹ thuật phần mềm nâng cao, Kiểm thử phần mềm, Toán cao cấp, Thị giác máy tính, Hệ điều hành, Tiếng Anh chuyên ngành, Blockchain cơ bản, Xác suất thống kê, Lập trình Python, Lập trình hướng đối tượng, Xử lý ngôn ngữ tự nhiên, Kỹ năng mềm","Cloud Computing, Machine Learning, Phân tích dữ liệu, Làm video"
SV11000,Công nghệ đa phương tiện,9.1,"Giáo dục quốc phòng - An ninh, Lập trình web nâng cao, Cyber Security nâng cao, Xác suất thống kê, Lập trình Python, Lập trình di động iOS/Android, Thị giác máy tính, Cơ sở dữ liệu, Học sâu, Tin học cơ bản, Blockchain cơ bản, DevOps và CI/CD, Học máy, Kiểm thử phần mềm, Triết học Mác-Lênin, Quản lý dự án CNTT, Cloud Computing - AWS/Azure, Mạng máy tính, Tư duy logic và giải quyết vấn đề, Giáo dục thể chất, Big Data và Hadoop, Trí tuệ nhân tạo, Lập trình Java, Phát triển phần mềm doanh nghiệp, Thiết kế giao diện người dùng, Phát triển ứng dụng di động, Hệ điều hành, Lập trình C/C++, Xử lý ngôn ngữ tự nhiên, Tư tưởng Hồ Chí Minh, Kỹ năng mềm, Hệ thống nhúng, An toàn thông tin, Phát triển game, Phát triển ứng dụng web, Kỹ thuật phần mềm nâng cao, Tiếng Anh chuyên ngành, Cấu trúc dữ liệu và Giải thuật, Machine Learning với TensorFlow","Lập trình, Robot học"
SV11001,Marketing,8.6,"Giáo dục thể chất, Giải tích, Kinh tế vi mô, Giáo dục quốc phòng - An ninh, Kỹ năng mềm, Quản trị chiến lược, Kinh tế vĩ mô, Tư tưởng Hồ Chí Minh, Logistics, Triết học Mác-Lênin, Thương mại điện tử, Tin học cơ bản, Tài chính doanh nghiệp, Marketing cơ bản, Quản trị nhân sự, Ngân hàng thương mại, Kinh tế quốc tế","Game Development, Thương mại điện tử, Đầu tư, Quản trị dự án"
SV11002,Công nghệ sinh học,7.8,"Kỹ thuật mô sinh học, Môn tự chọn 9, Triết học Mác-Lênin, Kỹ năng mềm, Sinh học phân tử, Môn tự chọn 1, Tiếng Anh chuyên ngành, Công nghệ sinh học ứng dụng, Tư tưởng Hồ Chí Minh, Thiết bị y tế, Môn tự chọn 7, Môn tự chọn 3, Môn tự chọn 4, Công nghệ nano y sinh, Môn tự chọn 10, Giải tích, Môn tự chọn 2, Toán cao cấp, Tư duy logic và giải quyết vấn đề, Môn tự chọn 6, Giáo dục quốc phòng - An ninh, Giáo dục thể chất, Kỹ thuật y sinh, Xác suất thống kê, Môn tự chọn 11, Hình ảnh y khoa, Công nghệ gen, Vật liệu sinh học, Tin học cơ bản, Môn tự chọn 12, Môn tự chọn 8, Môn tự chọn 5, Kỹ thuật tế bào","Game Development, Thiết kế UI/UX, DevOps, Cyber Security"
SV11003,Y khoa,7.1,"Tư duy logic và giải quyết vấn đề, Giáo dục thể chất, Bệnh học nội khoa, Dinh dưỡng học, Hóa sinh y học, Bệnh học ngoại khoa, Giáo dục quốc phòng - An ninh, Y học dự phòng, Dược lý học, Triết học Mác-Lênin, Miễn dịch học, Bệnh học truyền nhiễm, Dược lâm sàng, Toán cao cấp, Tiếng Anh chuyên ngành, Giải phẫu học, Vi sinh y học, Xác suất thống kê","Thiết kế UI/UX, DevOps, Blockchain"
SV11004,Kỹ thuật cơ khí,8.4,"Triết học Mác-Lênin, Thiết kế CAD/CAM, Thiết kế máy, Động lực học máy, Cơ học kỹ thuật, Tin học cơ bản, Cơ khí chế tạo, Tiếng Anh chuyên ngành, Tư duy logic và giải quyết vấn đề, Tư tưởng Hồ Chí Minh, Kỹ năng mềm, Kỹ thuật sản xuất, Cơ học vật liệu, Toán cao cấp, Giáo dục thể chất, Cơ khí chính xác, Kỹ thuật gia công, Kỹ thuật nhiệt, Kỹ thuật hàn, Cơ điện tử, Giải tích, Giáo dục quốc phòng - An ninh","Game Development, DevOps"
SV11005,Ngôn ngữ Trung Quốc,8.1,"Toán cao cấp, Tư duy logic và giải quyết vấn đề, Văn học cổ điển Trung Quốc, Ngữ âm học tiếng Trung, Giáo dục quốc phòng - An ninh, Văn hóa Trung Quốc, Kỹ năng nghe nói tiếng Trung, Triết học Mác-Lênin, Dịch Trung-Việt, Tin học cơ bản","Robot học, Du lịch khám phá"
SV11006,Truyền thông đa phương tiện,8.6,"Tư duy logic và giải quyết vấn đề, Phát triển game, Kỹ thuật phần mềm nâng cao, Lập trình Java, Tin học cơ bản, Triết học Mác-Lênin, Kiểm thử phần mềm, Phân tích và thiết kế hệ thống, Giáo dục thể chất, Tư tưởng Hồ Chí Minh, Mạng máy tính, Hệ thống phân tán, Tiếng Anh chuyên ngành, Phát triển ứng dụng di động, Phát triển phần mềm doanh nghiệp, Toán cao cấp, Giáo dục quốc phòng - An ninh, Cyber Security nâng cao, Lập trình Python, Machine Learning với TensorFlow, Cấu trúc dữ liệu và Giải thuật, Thị giác máy tính, Hệ điều hành, Thiết kế giao diện người dùng, Big Data và Hadoop, An toàn thông tin, Hệ thống nhúng, Blockchain cơ bản, Lập trình C/C++, Trí tuệ nhân tạo, Quản lý dự án CNTT","Cyber Security, Khoa học dữ liệu"
SV11007,Thương mại điện tử,8.3,"Tư duy logic và giải quyết vấn đề, Hệ điều hành, Cyber Security nâng cao, Tiếng Anh chuyên ngành, Phát triển phần mềm doanh nghiệp, Cơ sở dữ liệu, Kiểm thử phần mềm, Trí tuệ nhân tạo, Kỹ năng mềm, Mạng máy tính, Giáo dục thể chất, Hệ thống nhúng","Khoa học dữ liệu, Big Data, DevOps, Machine Learning"
SV11008,Sư phạm Toán,8.7,"Môn tự chọn 1, Đại số tuyến tính, Giáo dục thể chất, Kỹ năng mềm, Toán học sơ cấp, Hình học giải tích, Giáo dục quốc phòng - An ninh, Môn tự chọn 3, Toán học ứng dụng, Môn tự chọn 2, Tin học cơ bản, Môn tự chọn 6, Triết học Mác-Lênin, Môn tự chọn 5, Giải tích, Bài tập toán nâng cao, Phương pháp giảng dạy Toán, Dạy học toán phổ thông, Xác suất thống kê, Tư tưởng Hồ Chí Minh, Lý thuyết số, Tiếng Anh chuyên ngành, Môn tự chọn 4, Toán rời rạc, Tư duy logic và giải quyết vấn đề, Toán cao cấp","Vẽ tranh, Đọc sách, Yoga"
SV11009,Y khoa,7.2,"Giáo dục quốc phòng - An ninh, Môn tự chọn 3, Kỹ năng mềm, Bệnh học nội khoa, Tiếng Anh chuyên ngành, Môn tự chọn 10, Tư duy logic và giải quyết vấn đề, Bệnh học ngoại khoa, Xác suất thống kê, Môn tự chọn 4, Dinh dưỡng học, Hóa sinh y học, Y học dự phòng, Môn tự chọn 8, Giải phẫu học, Giáo dục thể chất, Môn tự chọn 9, Môn tự chọn 7, Y học cổ truyền, Triết học Mác-Lênin, Miễn dịch học, Tin học cơ bản, Môn tự chọn 1, Môn tự chọn 2, Dược lâm sàng, Dược lý lâm sàng, Sinh lý học, Môn tự chọn 5, Giải tích, Môn tự chọn 11, Bệnh học truyền nhiễm, Toán cao cấp, Dược lý học, Vi sinh y học, Tư tưởng Hồ Chí Minh, Môn tự chọn 6","Yoga, Thiền, Viết lách, Khoa học dữ liệu"
SV11010,Kỹ thuật điện tử - Viễn thông,9,"Điện tử năng lượng, Kỹ thuật vi mạch, Mạng không dây, Hệ thống điều khiển tự động, Xác suất thống kê, Tin học cơ bản, Môn tự chọn 1, Điện tử cơ bản, Xử lý tín hiệu số, Truyền thông quang, Hệ thống điện tử nhúng, Giải tích, Hệ thống nhúng nâng cao, Điện tử công suất, Truyền thông vô tuyến, Mạng viễn thông, Kỹ thuật radar, Đo lường điện tử, Điện tử số, Giáo dục thể chất, Toán cao cấp, Tiếng Anh chuyên ngành, Môn tự chọn 2, Giáo dục quốc phòng - An ninh, Truyền thông số, Tư tưởng Hồ Chí Minh, Tư duy logic và giải quyết vấn đề, Anten và sóng điện từ, Kỹ năng mềm, Điện tử viễn thông, Triết học Mác-Lênin","Kinh doanh quốc tế, Robot học, Phát triển web, Game Development"
SV11011,Truyền thông đa phương tiện,7.9,"Quản lý dự án CNTT, Triết học Mác-Lênin, Giáo dục quốc phòng - An ninh, Thiết kế giao diện người dùng, Machine Learning với TensorFlow, Lập trình di động iOS/Android, DevOps và CI/CD, Phát triển ứng dụng web, Cloud Computing - AWS/Azure, Học máy, Phát triển game, Kỹ năng mềm, Big Data và Hadoop, An ninh mạng cơ bản, Giải tích, Cơ sở dữ liệu, Tư duy logic và giải quyết vấn đề","Internet of Things, Trí tuệ nhân tạo, Big Data, Chơi nhạc cụ, Phân tích dữ liệu"
SV11012,Tài chính - Ngân hàng,9.8,"Quản trị chiến lược, Triết học Mác-Lênin, Tiếng Anh chuyên ngành, Kinh tế quốc tế, Tư tưởng Hồ Chí Minh, Logistics, Tài chính doanh nghiệp, Kế toán quản trị, Kinh tế lượng, Tư duy logic và giải quyết vấn đề, Kế toán tài chính, Kinh tế phát triển, Marketing cơ bản, Ngân hàng thương mại, Xác suất thống kê, Chuỗi cung ứng, Quản trị kinh doanh, Marketing số, Giáo dục quốc phòng - An ninh, Tin học cơ bản, Tài chính quốc tế, Kinh tế vĩ mô","Bán hàng, Marketing số"
SV11013,Sư phạm Tin học,7,"Toán cao cấp, Triết học Mác-Lênin, Dạy học Tin học phổ thông, Tin học cơ bản, Ứng dụng AI trong giảng dạy, An toàn mạng trong trường học, Kỹ năng mềm, Tiếng Anh chuyên ngành, Lập trình Scratch cho học sinh, Thiết kế khóa học trực tuyến, Công nghệ thông tin trong giáo dục, Xác suất thống kê","Nhiếp ảnh, Viết lách, Đọc sách, Vẽ tranh"
SV11014,Du lịch,9.4,"Trí tuệ nhân tạo, An toàn thông tin, Kỹ thuật phần mềm nâng cao, Kỹ năng mềm, Xác suất thống kê, Phát triển ứng dụng di động, Xử lý ngôn ngữ tự nhiên, Hệ thống phân tán, Hệ thống nhúng, Thiết kế giao diện người dùng, Thị giác máy tính, Kiểm thử phần mềm, Internet of Things, Phát triển game, Hệ điều hành, Cyber Security nâng cao, Cấu trúc dữ liệu và Giải thuật, Phân tích và thiết kế hệ thống, Tư tưởng Hồ Chí Minh, Tiếng Anh chuyên ngành, Tin học cơ bản, Giáo dục quốc phòng - An ninh, DevOps và CI/CD, Lập trình web nâng cao, Cơ sở dữ liệu","Phát triển ứng dụng di động, Chơi nhạc cụ"
SV11015,Công nghệ sinh học,7.9,"Kỹ thuật y sinh, Toán cao cấp, Sinh học phân tử, Tin học cơ bản, Giáo dục thể chất, Hình ảnh y khoa, Triết học Mác-Lênin, Tư tưởng Hồ Chí Minh, Công nghệ sinh học ứng dụng, Công nghệ gen, Kỹ thuật tế bào",Machine Learning
SV11016,Điều dưỡng,7,"Miễn dịch học, Y học cổ truyền, Dinh dưỡng học, Giáo dục thể chất, Sinh lý học, Toán cao cấp, Bệnh học nội khoa, Dược lý học, Y học dự phòng, Hóa sinh y học, Giải phẫu học, Kỹ năng mềm, Bệnh học ngoại khoa","Lập trình, Khiêu vũ, Phát triển web"
SV11017,Kỹ thuật phần mềm,7.2,"Machine Learning với TensorFlow, Kỹ năng mềm, DevOps và CI/CD, Tư tưởng Hồ Chí Minh, Phát triển game, Big Data và Hadoop, Phát triển ứng dụng web, Cơ sở dữ liệu, Hệ điều hành, An toàn thông tin, Lập trình Python, Trí tuệ nhân tạo, Hệ thống nhúng, Giải tích","Game Development, Phân tích dữ liệu, Thiết kế UI/UX, Blockchain, Phát triển web"
SV11018,Công nghệ thông tin,7.4,"Mạng máy tính, Phát triển ứng dụng di động, Kỹ thuật phần mềm nâng cao, Cloud Computing - AWS/Azure, Thị giác máy tính, Hệ thống phân tán, Tư duy logic và giải quyết vấn đề, Lập trình C/C++, Phát triển ứng dụng web, Toán cao cấp, Big Data và Hadoop, Lập trình di động iOS/Android, An ninh mạng cơ bản, Xác suất thống kê, Hệ điều hành, Tư tưởng Hồ Chí Minh, Lập trình Python, Tiếng Anh chuyên ngành, Cơ sở dữ liệu, Mật mã học, Cấu trúc dữ liệu và Giải thuật, Cyber Security nâng cao, Phát triển phần mềm doanh nghiệp, Lập trình web nâng cao, Triết học Mác-Lênin",Lập trình
SV11019,Âm nhạc học,8.1,"Xác suất thống kê, Giáo dục quốc phòng - An ninh, Biểu diễn nhạc cụ, Giải tích, Giáo dục thể chất, Âm nhạc lý thuyết, Môn tự chọn 6, Âm nhạc hiện đại, Âm nhạc dân gian Việt Nam, Môn tự chọn 8, Soạn nhạc cơ bản, Tiếng Anh chuyên ngành, Tư duy logic và giải quyết vấn đề, Âm nhạc cổ điển phương Tây, Môn tự chọn 4, Tư tưởng Hồ Chí Minh, Lịch sử âm nhạc, Hòa âm, Môn tự chọn 1, Môn tự chọn 7, Kỹ thuật thanh nhạc, Môn tự chọn 3, Môn tự chọn 9, Toán cao cấp, Kỹ năng mềm, Môn tự chọn 10, Tin học cơ bản, Phân tích tác phẩm âm nhạc, Môn tự chọn 2, Môn tự chọn 5, Triết học Mác-Lênin","Âm nhạc, Chơi nhạc cụ, Diễn thuyết"
SV11020,Tài chính - Ngân hàng,8.2,"Tư duy logic và giải quyết vấn đề, Triết học Mác-Lênin, Kinh tế lượng, Marketing cơ bản, Giáo dục quốc phòng - An ninh, Marketing số, Tài chính quốc tế, Toán cao cấp, Tin học cơ bản, Quản trị nhân sự","Marketing số, Kinh doanh quốc tế, Thương mại điện tử"
SV11021,Kỹ thuật máy tính,7.1,"Mạng viễn thông, Toán cao cấp, Kỹ thuật radar, Tiếng Anh chuyên ngành, Tư tưởng Hồ Chí Minh, Mạng không dây, Hệ thống nhúng nâng cao, Hệ thống điều khiển tự động, Xác suất thống kê, Điện tử năng lượng, Môn tự chọn 4, Truyền thông số, Hệ thống điện tử nhúng, Điện tử cơ bản, Giải tích, Anten và sóng điện từ, Tư duy logic và giải quyết vấn đề, Triết học Mác-Lênin, Đo lường điện tử, Điện tử viễn thông, Điện tử số, Giáo dục quốc phòng - An ninh, Môn tự chọn 1, Môn tự chọn 5, Kỹ thuật vi mạch, Xử lý tín hiệu số, Môn tự chọn 2, Điện tử công suất, Kỹ năng mềm, Truyền thông quang, Môn tự chọn 3, Truyền thông vô tuyến, Tin học cơ bản, Giáo dục thể chất",Cloud Computing
SV11022,Trí tuệ nhân tạo và Học máy,7.7,"Hệ điều hành, Học sâu, An ninh mạng cơ bản, Xử lý ngôn ngữ tự nhiên, Hệ thống phân tán, Kỹ năng mềm, Xác suất thống kê, Tiếng Anh chuyên ngành, Triết học Mác-Lênin, Phát triển phần mềm doanh nghiệp, Phát triển ứng dụng web, Mạng máy tính, An toàn thông tin, Cấu trúc dữ liệu và Giải thuật, Phát triển ứng dụng di động, Cơ sở dữ liệu, Giải tích, Lập trình hướng đối tượng, Lập trình web nâng cao, Machine Learning với TensorFlow, Lập trình Python, Mật mã học, Phát triển game, Phân tích và thiết kế hệ thống, Kỹ thuật phần mềm nâng cao, DevOps và CI/CD, Cyber Security nâng cao, Toán cao cấp, Kiểm thử phần mềm, Hệ thống nhúng, Thị giác máy tính, Giáo dục quốc phòng - An ninh, Tư duy logic và giải quyết vấn đề, Blockchain cơ bản, Học máy, Lập trình C/C++, Lập trình di động iOS/Android","Game Development, Thiết kế UI/UX, Phát triển web, Big Data, Khoa học dữ liệu"
SV11023,Sư phạm Toán,9.8,"Môn tự chọn 15, Toán học sơ cấp, Hình học giải tích, Môn tự chọn 12, Giáo dục thể chất, Môn tự chọn 7, Tư tưởng Hồ Chí Minh, Giáo dục quốc phòng - An ninh, Dạy học toán phổ thông, Môn tự chọn 11, Tin học cơ bản, Môn tự chọn 10, Môn tự chọn 6, Kỹ năng mềm, Môn tự chọn 17, Môn tự chọn 1, Lý thuyết số, Giải tích, Tư duy logic và giải quyết vấn đề, Môn tự chọn 3, Bài tập toán nâng cao, Môn tự chọn 16, Tiếng Anh chuyên ngành, Phương pháp giảng dạy Toán, Môn tự chọn 8, Toán cao cấp, Đại số tuyến tính, Toán rời rạc, Môn tự chọn 4, Môn tự chọn 18, Xác suất thống kê, Môn tự chọn 14, Môn tự chọn 9, Môn tự chọn 2, Môn tự chọn 13, Toán học ứng dụng, Triết học Mác-Lênin, Môn tự chọn 5","Vẽ tranh, Khiêu vũ, Đọc sách"
SV11024,Kỹ thuật y sinh,9.4,"Vật liệu sinh học, Giải tích, Xác suất thống kê, Toán cao cấp, Kỹ thuật y sinh, Tin học cơ bản, Tư tưởng Hồ Chí Minh, Giáo dục quốc phòng - An ninh, Giáo dục thể chất, Công nghệ gen","Phát triển ứng dụng di động, Blockchain"
SV11025,Kỹ thuật điện tử - Viễn thông,8.1,"Giáo dục quốc phòng - An ninh, Triết học Mác-Lênin, Xử lý tín hiệu số, Điện tử công suất, Tiếng Anh chuyên ngành, Hệ thống nhúng nâng cao, Điện tử cơ bản, Kỹ năng mềm, Môn tự chọn 1, Đo lường điện tử, Truyền thông vô tuyến, Tin học cơ bản, Hệ thống điều khiển tự động, Môn tự chọn 2, Điện tử năng lượng, Hệ thống điện tử nhúng, Truyền thông số, Truyền thông quang, Mạng viễn thông, Mạng không dây, Điện tử số, Điện tử viễn thông, Kỹ thuật vi mạch, Tư duy logic và giải quyết vấn đề, Tư tưởng Hồ Chí Minh, Giáo dục thể chất, Anten và sóng điện từ, Kỹ thuật radar, Xác suất thống kê, Toán cao cấp, Giải tích","Trí tuệ nhân tạo, Blockchain, Machine Learning"
SV11026,Răng - Hàm - Mặt,7.7,"Dược lý lâm sàng, Giải phẫu học, Dược lý học, Tư tưởng Hồ Chí Minh, Vi sinh y học, Triết học Mác-Lênin, Miễn dịch học, Môn tự chọn 1, Dược lâm sàng, Giáo dục quốc phòng - An ninh, Môn tự chọn 4, Tin học cơ bản, Sinh lý học, Bệnh học nội khoa, Xác suất thống kê, Tư duy logic và giải quyết vấn đề, Bệnh học truyền nhiễm, Giáo dục thể chất, Giải tích, Môn tự chọn 5, Hóa sinh y học, Y học cổ truyền, Y học dự phòng, Bệnh học ngoại khoa, Môn tự chọn 3, Toán cao cấp, Dinh dưỡng học, Kỹ năng mềm, Tiếng Anh chuyên ngành, Môn tự chọn 2","Thiền, Cloud Computing, Lập trình, Big Data, Trí tuệ nhân tạo"
SV11027,Thiết kế đồ họa,7.8,"Môn tự chọn 15, Môn tự chọn 9, Xác suất thống kê, Tiếng Anh chuyên ngành, Môn tự chọn 17, Môn tự chọn 14, Môn tự chọn 11, Triết học Mác-Lênin, Môn tự chọn 10, Giáo dục quốc phòng - An ninh, Môn tự chọn 18, Tin học cơ bản, Môn tự chọn 16, Môn tự chọn 12, Môn tự chọn 2, Giáo dục thể chất, Tư duy logic và giải quyết vấn đề, Môn tự chọn 8, Môn tự chọn 5, Môn tự chọn 1, Môn tự chọn 13, Tư tưởng Hồ Chí Minh, Môn tự chọn 6, Môn tự chọn 4, Kỹ năng mềm, Toán cao cấp, Môn tự chọn 7, Giải tích, Môn tự chọn 3",Chơi nhạc cụ
SV11028,Kiến trúc,8.3,"Tư tưởng Hồ Chí Minh, Giáo dục quốc phòng - An ninh, Thiết kế kiến trúc nội thất, Giải tích, Môn tự chọn 2, Tin học cơ bản, Môn tự chọn 3, Môn tự chọn 1, Vật liệu xây dựng, Kỹ thuật địa kỹ thuật, Tiếng Anh chuyên ngành, Toán cao cấp, Kết cấu bê tông cốt thép, Thiết kế đô thị, Xác suất thống kê, Tư duy logic và giải quyết vấn đề, Công trình ngầm, Kiến trúc cảnh quan, Quản lý dự án xây dựng, Kỹ năng mềm, Triết học Mác-Lênin, Kết cấu thép, Kỹ thuật xây dựng, Giáo dục thể chất, Cơ sở hạ tầng đô thị, Cầu và đường","Lập trình, Game Development, Phát triển ứng dụng di động, Blockchain, DevOps"
SV11029,Răng - Hàm - Mặt,6.7,"Vi sinh y học, Tiếng Anh chuyên ngành, Y học cổ truyền, Bệnh học truyền nhiễm, Xác suất thống kê, Dinh dưỡng học, Giải phẫu học, Y học dự phòng, Giáo dục quốc phòng - An ninh, Hóa sinh y học, Dược lý học, Dược lâm sàng, Bệnh học nội khoa, Tin học cơ bản, Triết học Mác-Lênin, Tư duy logic và giải quyết vấn đề, Giáo dục thể chất, Dược lý lâm sàng, Toán cao cấp, Giải tích, Miễn dịch học, Tư tưởng Hồ Chí Minh, Kỹ năng mềm, Sinh lý học","Yoga, Quản trị dự án"
SV11030,Kỹ thuật môi trường,7.4,"Hóa học công nghiệp, Giáo dục quốc phòng - An ninh, Tư duy logic và giải quyết vấn đề, Toán cao cấp, Kỹ thuật phản ứng hóa học, Kỹ thuật nhiệt hóa học, Triết học Mác-Lênin, Xử lý nước thải, Kỹ năng mềm, Xử lý chất thải rắn, Xác suất thống kê, Tư tưởng Hồ Chí Minh, Hóa phân tích môi trường, Công nghệ xử lý nước, Giáo dục thể chất, Tin học cơ bản, Kỹ thuật môi trường","Robot học, Cyber Security, Phát triển web, Big Data"
SV11031,Kỹ thuật máy tính,6,"Truyền thông số, Môn tự chọn 3, Giải tích, Môn tự chọn 7, Kỹ năng mềm, Hệ thống điều khiển tự động, Tư tưởng Hồ Chí Minh, Toán cao cấp, Điện tử số, Kỹ thuật vi mạch, Truyền thông quang, Đo lường điện tử, Triết học Mác-Lênin, Xác suất thống kê, Điện tử viễn thông, Mạng viễn thông, Xử lý tín hiệu số, Truyền thông vô tuyến, Mạng không dây, Tin học cơ bản, Anten và sóng điện từ, Giáo dục thể chất, Môn tự chọn 4, Giáo dục quốc phòng - An ninh, Kỹ thuật radar, Điện tử công suất, Điện tử năng lượng, Hệ thống nhúng nâng cao, Hệ thống điện tử nhúng, Môn tự chọn 1, Điện tử cơ bản, Môn tự chọn 2, Tiếng Anh chuyên ngành, Môn tự chọn 5, Môn tự chọn 6, Tư duy logic và giải quyết vấn đề","Game Development, Blockchain, DevOps, Cyber Security"
SV11032,Răng - Hàm - Mặt,8.1,"Giáo dục quốc phòng - An ninh, Tư duy logic và giải quyết vấn đề, Bệnh học truyền nhiễm, Tư tưởng Hồ Chí Minh, Bệnh học ngoại khoa, Triết học Mác-Lênin, Hóa sinh y học, Vi sinh y học, Xác suất thống kê, Giải tích, Y học cổ truyền, Miễn dịch học, Dược lâm sàng, Kỹ năng mềm, Y học dự phòng, Toán cao cấp, Sinh lý học, Dược lý lâm sàng, Tiếng Anh chuyên ngành, Tin học cơ bản, Dược lý học, Dinh dưỡng học, Giải phẫu học, Môn tự chọn 1, Bệnh học nội khoa, Giáo dục thể chất","Viết lách, Cloud Computing, Phát triển ứng dụng di động"
SV11033,Sư phạm Lịch sử,8.3,"Lịch sử văn hóa Việt Nam, Môn tự chọn 8, Môn tự chọn 12, Lịch sử Việt Nam hiện đại, Tư tưởng Hồ Chí Minh, Phương pháp giảng dạy Lịch sử, Môn tự chọn 11, Tin học cơ bản, Tư duy logic và giải quyết vấn đề, Môn tự chọn 4, Giáo dục thể chất, Môn tự chọn 10, Lịch sử thế giới cổ đại, Môn tự chọn 1, Môn tự chọn 7, Phân tích sự kiện lịch sử, Giáo dục quốc phòng - An ninh, Xác suất thống kê, Môn tự chọn 9, Môn tự chọn 5, Triết học Mác-Lênin, Môn tự chọn 2, Lịch sử Đảng Cộng sản Việt Nam, Tiếng Anh chuyên ngành, Dạy học lịch sử phổ thông, Kỹ năng mềm, Toán cao cấp, Môn tự chọn 6, Môn tự chọn 3, Lịch sử thế giới hiện đại, Lịch sử Việt Nam cổ đại, Giải tích","Du lịch khám phá, Ẩm thực, Chơi nhạc cụ, Thơ ca, Làm video"
SV11034,Khoa học máy tính,7.2,"Phát triển game, Quản lý dự án CNTT, Hệ điều hành, Toán cao cấp, Tư tưởng Hồ Chí Minh, Tư duy logic và giải quyết vấn đề, Triết học Mác-Lênin, Cyber Security nâng cao, Phát triển ứng dụng di động, Kiểm thử phần mềm, Cloud Computing - AWS/Azure, Internet of Things, Phát triển ứng dụng web, Hệ thống phân tán, Lập trình di động iOS/Android, Hệ thống nhúng, Giải tích, Giáo dục quốc phòng - An ninh, Xử lý ngôn ngữ tự nhiên, Lập trình Java, Học máy, Cơ sở dữ liệu, Tiếng Anh chuyên ngành, Mạng máy tính, Thị giác máy tính, Giáo dục thể chất, An ninh mạng cơ bản, Phát triển phần mềm doanh nghiệp, Big Data và Hadoop, Blockchain cơ bản, Học sâu","Game Development, Trí tuệ nhân tạo, Cloud Computing, Khoa học dữ liệu"
SV11035,Quan hệ quốc tế,9.3,"Lập trình hướng đối tượng, Giáo dục thể chất, Phát triển ứng dụng web, Xử lý ngôn ngữ tự nhiên, Phát triển game, Lập trình Java, Giáo dục quốc phòng - An ninh, Tư tưởng Hồ Chí Minh, Mật mã học, Học sâu, Lập trình di động iOS/Android","Internet of Things, Phát triển web"
SV11036,Kế toán,6.5,"Kinh tế phát triển, Ngân hàng thương mại, Kinh tế lượng, Tư tưởng Hồ Chí Minh, Tin học cơ bản, Tiếng Anh chuyên ngành, Tài chính quốc tế, Quản trị chiến lược, Giáo dục thể chất, Thương mại điện tử, Quản trị kinh doanh, Kinh tế vĩ mô, Kế toán tài chính, Kế toán quản trị, Giáo dục quốc phòng - An ninh, Triết học Mác-Lênin, Marketing số, Xác suất thống kê","Marketing số, Khởi nghiệp, Vẽ tranh, Đầu tư, Kinh doanh quốc tế"
SV11037,Khoa học máy tính,6.2,"Toán cao cấp, Lập trình Java, Phát triển ứng dụng di động, Phát triển phần mềm doanh nghiệp, Mật mã học, Hệ điều hành, Cấu trúc dữ liệu và Giải thuật, Hệ thống nhúng, Kỹ năng mềm, Triết học Mác-Lênin, Lập trình C/C++, Hệ thống phân tán, Lập trình web nâng cao, Xử lý ngôn ngữ tự nhiên, Blockchain cơ bản, Phát triển ứng dụng web, Tư duy logic và giải quyết vấn đề, Học sâu, Tư tưởng Hồ Chí Minh, Internet of Things, Giáo dục thể chất, Quản lý dự án CNTT, Mạng máy tính, Học máy, Cơ sở dữ liệu, Trí tuệ nhân tạo, Cyber Security nâng cao, Thiết kế giao diện người dùng, Lập trình hướng đối tượng","Big Data, Robot học"
SV11038,Hệ thống thông tin,7.9,"Xác suất thống kê, Giải tích, Thiết kế giao diện người dùng, Toán cao cấp, Phát triển phần mềm doanh nghiệp, Phát triển game, Mạng máy tính, Big Data và Hadoop, Blockchain cơ bản, DevOps và CI/CD, Mật mã học, Phát triển ứng dụng di động","Cloud Computing, Thiết kế UI/UX"
SV11039,Thiết kế đồ họa,8.7,"Môn tự chọn 2, Môn tự chọn 11, Môn tự chọn 6, Môn tự chọn 10, Môn tự chọn 8, Tiếng Anh chuyên ngành, Môn tự chọn 13, Môn tự chọn 12, Môn tự chọn 9, Giải tích, Môn tự chọn 15, Môn tự chọn 7, Tư tưởng Hồ Chí Minh, Tư duy logic và giải quyết vấn đề, Giáo dục quốc phòng - An ninh, Kỹ năng mềm, Môn tự chọn 3, Môn tự chọn 1, Tin học cơ bản, Triết học Mác-Lênin, Xác suất thống kê, Môn tự chọn 14, Môn tự chọn 16, Môn tự chọn 4, Môn tự chọn 17, Toán cao cấp, Môn tự chọn 5, Giáo dục thể chất","Vẽ tranh, Viết lách"
SV11040,Kỹ thuật y sinh,9.4,"Giáo dục thể chất, Công nghệ nano y sinh, Tư tưởng Hồ Chí Minh, Sinh học phân tử, Thiết bị y tế, Giáo dục quốc phòng - An ninh, Công nghệ gen, Tư duy logic và giải quyết vấn đề, Tiếng Anh chuyên ngành, Kỹ năng mềm, Xác suất thống kê, Triết học Mác-Lênin","Phát triển web, Blockchain, DevOps"
SV11041,Quản trị kinh doanh,7.2,"Kinh tế vi mô, Kinh tế quốc tế, Ngân hàng thương mại, Môn tự chọn 2, Tư tưởng Hồ Chí Minh, Tài chính quốc tế, Kinh tế phát triển, Kế toán quản trị, Chuỗi cung ứng, Thương mại điện tử, Tiếng Anh chuyên ngành, Kỹ năng mềm, Giáo dục quốc phòng - An ninh, Marketing cơ bản, Môn tự chọn 6, Tài chính doanh nghiệp, Môn tự chọn 7, Quản trị chiến lược, Tin học cơ bản, Môn tự chọn 1, Logistics, Giải tích, Môn tự chọn 3, Marketing số, Tư duy logic và giải quyết vấn đề, Giáo dục thể chất, Kinh tế lượng, Môn tự chọn 5, Kế toán tài chính, Triết học Mác-Lênin, Quản trị nhân sự, Quản trị kinh doanh, Xác suất thống kê, Toán cao cấp, Kinh tế vĩ mô, Môn tự chọn 4","Kinh doanh quốc tế, Đầu tư, Quản trị dự án, Khởi nghiệp, Fintech"
SV11042,Marketing,8.8,"Kỹ năng mềm, Kế toán quản trị, Kinh tế quốc tế, Tin học cơ bản, Giáo dục quốc phòng - An ninh, Tài chính quốc tế, Tư duy logic và giải quyết vấn đề, Chuỗi cung ứng, Quản trị chiến lược, Quản trị kinh doanh, Kinh tế vi mô, Tiếng Anh chuyên ngành, Kinh tế vĩ mô, Kinh tế phát triển, Tư tưởng Hồ Chí Minh, Kế toán tài chính, Kinh tế lượng, Tài chính doanh nghiệp, Triết học Mác-Lênin, Logistics, Quản trị nhân sự, Xác suất thống kê, Marketing cơ bản, Ngân hàng thương mại, Toán cao cấp, Marketing số","Quản trị dự án, Fintech, Bán hàng, Thương mại điện tử"
SV11043,Điều dưỡng,7.7,"Tiếng Anh chuyên ngành, Giáo dục thể chất, Dược lý lâm sàng, Dược lý học, Giáo dục quốc phòng - An ninh, Hóa sinh y học, Giải tích, Xác suất thống kê, Tư tưởng Hồ Chí Minh, Tin học cơ bản, Dinh dưỡng học, Bệnh học truyền nhiễm, Bệnh học nội khoa, Y học dự phòng, Y học cổ truyền, Triết học Mác-Lênin, Giải phẫu học, Vi sinh y học, Dược lâm sàng, Kỹ năng mềm, Toán cao cấp","Diễn thuyết, Ẩm thực, Thương mại điện tử, Phân tích dữ liệu"
SV11044,Blockchain và Tiền mã hóa,7.5,"Big Data và Hadoop, Tư tưởng Hồ Chí Minh, Tư duy logic và giải quyết vấn đề, Thiết kế giao diện người dùng, Lập trình C/C++, Cơ sở dữ liệu, Phân tích và thiết kế hệ thống, Internet of Things, Trí tuệ nhân tạo, Quản lý dự án CNTT, Kiểm thử phần mềm, Triết học Mác-Lênin, Cấu trúc dữ liệu và Giải thuật, Giải tích, Giáo dục quốc phòng - An ninh, Lập trình web nâng cao, Mạng máy tính, Lập trình di động iOS/Android, Toán cao cấp, Xử lý ngôn ngữ tự nhiên, Học sâu, Lập trình Python, Xác suất thống kê, Machine Learning với TensorFlow, Lập trình Java, An ninh mạng cơ bản, Mật mã học, Lập trình hướng đối tượng, Cyber Security nâng cao, DevOps và CI/CD, Hệ thống nhúng, Thị giác máy tính, Phát triển game, Phát triển ứng dụng web, Hệ thống phân tán, Phát triển phần mềm doanh nghiệp, Kỹ năng mềm","Internet of Things, Big Data, Cloud Computing, Phát triển web"
SV11045,Kỹ thuật phần mềm,8.6,"Thiết kế giao diện người dùng, Big Data và Hadoop, Lập trình web nâng cao, Kỹ năng mềm, Hệ thống nhúng, Cơ sở dữ liệu, Giáo dục thể chất, Hệ điều hành, Mật mã học, Học sâu, DevOps và CI/CD, Kiểm thử phần mềm, Học máy, Phát triển ứng dụng di động, Tư duy logic và giải quyết vấn đề, Giáo dục quốc phòng - An ninh, Hệ thống phân tán, Cloud Computing - AWS/Azure, Lập trình hướng đối tượng, Cấu trúc dữ liệu và Giải thuật, Cyber Security nâng cao, Triết học Mác-Lênin, Xác suất thống kê, Lập trình C/C++",Blockchain
SV11046,Kỹ thuật máy tính,8.4,"Giải tích, Anten và sóng điện từ, Truyền thông quang, Xác suất thống kê, Đo lường điện tử, Kỹ thuật vi mạch, Hệ thống nhúng nâng cao, Mạng viễn thông, Tin học cơ bản, Điện tử năng lượng, Truyền thông số, Truyền thông vô tuyến, Điện tử viễn thông","Thiết kế UI/UX, Internet of Things, Robot học, Phát triển web"
SV11047,Du lịch,6.1,"Tin học cơ bản, Phân tích và thiết kế hệ thống, Lập trình hướng đối tượng, Lập trình Java, Big Data và Hadoop, Cấu trúc dữ liệu và Giải thuật, Giáo dục quốc phòng - An ninh, An ninh mạng cơ bản, Lập trình C/C++, Cơ sở dữ liệu, Thiết kế giao diện người dùng, Kỹ thuật phần mềm nâng cao, Internet of Things, Kiểm thử phần mềm, DevOps và CI/CD, Machine Learning với TensorFlow, Lập trình di động iOS/Android, Lập trình web nâng cao, An toàn thông tin, Tiếng Anh chuyên ngành, Hệ thống phân tán, Hệ điều hành, Cyber Security nâng cao, Xử lý ngôn ngữ tự nhiên, Giải tích, Lập trình Python, Triết học Mác-Lênin, Tư tưởng Hồ Chí Minh, Phát triển game, Phát triển ứng dụng web","Game Development, Big Data, Phát triển ứng dụng di động, Internet of Things"
SV11048,Du lịch,9.2,"Hệ thống phân tán, DevOps và CI/CD, Giáo dục thể chất, Trí tuệ nhân tạo, Kỹ thuật phần mềm nâng cao, Tư duy logic và giải quyết vấn đề, Phát triển ứng dụng di động, Thiết kế giao diện người dùng, Giáo dục quốc phòng - An ninh, Quản lý dự án CNTT, Phát triển game, Thị giác máy tính, An toàn thông tin, Tin học cơ bản, Lập trình hướng đối tượng, Cơ sở dữ liệu, Học máy, Tiếng Anh chuyên ngành, Internet of Things, Tư tưởng Hồ Chí Minh, Xử lý ngôn ngữ tự nhiên, Mật mã học, Giải tích, Lập trình Java, Phân tích và thiết kế hệ thống, Lập trình web nâng cao, Lập trình Python, Xác suất thống kê, Cloud Computing - AWS/Azure, Kỹ năng mềm, Machine Learning với TensorFlow, Cyber Security nâng cao, Lập trình di động iOS/Android, Blockchain cơ bản, Phát triển ứng dụng web, Triết học Mác-Lênin, Mạng máy tính, Hệ điều hành","Blockchain, Cloud Computing, Internet of Things, DevOps, Machine Learning"
SV11049,Sư phạm Tin học,9.1,"Giáo dục kỹ năng số, Lập trình Python cho giáo viên, Phương pháp giảng dạy Tin học, Phần mềm giáo dục, Triết học Mác-Lênin, Giáo dục quốc phòng - An ninh, Phát triển bài giảng Tin học, Giải tích, Tin học cơ bản, Dạy học Tin học phổ thông, Quản lý lớp học CNTT, Ứng dụng AI trong giảng dạy, An toàn mạng trong trường học, Giáo dục thể chất, Kỹ năng mềm, Lập trình cơ bản cho giáo viên, Tiếng Anh chuyên ngành, Tư tưởng Hồ Chí Minh, Thiết kế khóa học trực tuyến, Đánh giá học tập Tin học, Toán cao cấp, Công nghệ thông tin trong giáo dục, Lập trình Scratch cho học sinh, Xác suất thống kê","Đầu tư, Thiền, Diễn thuyết"
SV11050,Kinh tế số,7.1,"Tài chính doanh nghiệp, Quản trị chiến lược, Kinh tế vĩ mô, Marketing cơ bản, Giáo dục quốc phòng - An ninh, Môn tự chọn 4, Môn tự chọn 8, Kế toán tài chính, Kinh tế vi mô, Tin học cơ bản, Ngân hàng thương mại, Quản trị nhân sự, Xác suất thống kê, Chuỗi cung ứng, Thương mại điện tử, Tài chính quốc tế, Giải tích, Môn tự chọn 1, Môn tự chọn 3, Tư tưởng Hồ Chí Minh, Môn tự chọn 7, Môn tự chọn 9, Marketing số, Tiếng Anh chuyên ngành, Toán cao cấp, Giáo dục thể chất, Kỹ năng mềm, Môn tự chọn 5, Môn tự chọn 6, Kế toán quản trị, Môn tự chọn 2, Triết học Mác-Lênin, Logistics, Quản trị kinh doanh, Kinh tế phát triển, Tư duy logic và giải quyết vấn đề, Kinh tế lượng, Kinh tế quốc tế","Bán hàng, Quản trị dự án, Thương mại điện tử, Khoa học dữ liệu"
SV11051,Thiết kế đồ họa,8.1,"Tiếng Anh chuyên ngành, Môn tự chọn 1, Kỹ năng mềm, Tư tưởng Hồ Chí Minh, Môn tự chọn 7, Xác suất thống kê, Môn tự chọn 13, Toán cao cấp, Môn tự chọn 16, Tin học cơ bản, Triết học Mác-Lênin, Giải tích, Môn tự chọn 3, Môn tự chọn 8, Môn tự chọn 11, Tư duy logic và giải quyết vấn đề, Môn tự chọn 9, Giáo dục thể chất, Môn tự chọn 4, Môn tự chọn 6, Môn tự chọn 15, Môn tự chọn 10, Môn tự chọn 12, Môn tự chọn 2, Môn tự chọn 14, Môn tự chọn 5, Giáo dục quốc phòng - An ninh","Diễn thuyết, Viết lách, Vẽ tranh"
SV11052,Báo chí,8.2,"Xử lý ngôn ngữ tự nhiên, An ninh mạng cơ bản, Cloud Computing - AWS/Azure, Hệ thống nhúng, Lập trình C/C++, Phát triển ứng dụng di động, Lập trình di động iOS/Android, Kỹ thuật phần mềm nâng cao, Phát triển phần mềm doanh nghiệp, Kỹ năng mềm, Phân tích và thiết kế hệ thống, Hệ điều hành, Lập trình Python, Học sâu, Toán cao cấp, Blockchain cơ bản, Kiểm thử phần mềm, Quản lý dự án CNTT, Triết học Mác-Lênin, Lập trình web nâng cao, Thị giác máy tính, Giải tích, Tư tưởng Hồ Chí Minh, Giáo dục thể chất, Thiết kế giao diện người dùng, Machine Learning với TensorFlow, Lập trình Java, Cấu trúc dữ liệu và Giải thuật, Big Data và Hadoop, Cơ sở dữ liệu, DevOps và CI/CD, Phát triển ứng dụng web, Tin học cơ bản, Phát triển game, Cyber Security nâng cao","Blockchain, Cloud Computing, Thiết kế UI/UX, DevOps"
SV11053,Sư phạm Tin học,8,"Tin học cơ bản, Tiếng Anh chuyên ngành, Lập trình Scratch cho học sinh, Công nghệ thông tin trong giáo dục, Phương pháp giảng dạy Tin học, Ứng dụng AI trong giảng dạy, Toán cao cấp, Giải tích, Xác suất thống kê, Lập trình cơ bản cho giáo viên, Tư tưởng Hồ Chí Minh, Giáo dục thể chất, Triết học Mác-Lênin, Lập trình Python cho giáo viên, Tư duy logic và giải quyết vấn đề, An toàn mạng trong trường học, Thiết kế khóa học trực tuyến, Phần mềm giáo dục, Phát triển bài giảng Tin học, Giáo dục quốc phòng - An ninh","Nhiếp ảnh, Khiêu vũ"
SV11054,Blockchain và Tiền mã hóa,7.1,"Hệ thống phân tán, Phát triển game, Lập trình C/C++, Hệ điều hành, Internet of Things, Học máy, Hệ thống nhúng, Tin học cơ bản, Kiểm thử phần mềm, Tư tưởng Hồ Chí Minh, Kỹ thuật phần mềm nâng cao, Cơ sở dữ liệu, Lập trình Python, DevOps và CI/CD","Cloud Computing, Phát triển web"
SV11055,Khoa học dữ liệu,7,"Lập trình C/C++, Mật mã học, Phát triển game, Machine Learning với TensorFlow, Xác suất thống kê, Giáo dục thể chất, Tư duy logic và giải quyết vấn đề, Mạng máy tính, Hệ thống nhúng, Lập trình Java, Quản lý dự án CNTT, Học máy, Lập trình Python, Phát triển ứng dụng web, Kỹ năng mềm, Lập trình hướng đối tượng, Blockchain cơ bản, Tiếng Anh chuyên ngành, Internet of Things, Tin học cơ bản, Toán cao cấp, Giải tích, Phân tích và thiết kế hệ thống, Phát triển phần mềm doanh nghiệp, An toàn thông tin, Lập trình web nâng cao",Phân tích dữ liệu
SV11056,Âm nhạc học,7.7,"Âm nhạc lý thuyết, Lịch sử âm nhạc, Triết học Mác-Lênin, Xác suất thống kê, Giải tích, Giáo dục thể chất, Tư duy logic và giải quyết vấn đề, Âm nhạc cổ điển phương Tây, Tin học cơ bản, Kỹ thuật thanh nhạc, Môn tự chọn 1, Môn tự chọn 2, Kỹ năng mềm, Âm nhạc dân gian Việt Nam, Môn tự chọn 4, Soạn nhạc cơ bản, Phân tích tác phẩm âm nhạc, Giáo dục quốc phòng - An ninh, Âm nhạc hiện đại, Tư tưởng Hồ Chí Minh, Toán cao cấp, Tiếng Anh chuyên ngành, Hòa âm, Môn tự chọn 3, Biểu diễn nhạc cụ","Cloud Computing, Yoga"
SV11057,Kinh tế số,8.9,"Quản trị chiến lược, Tư duy logic và giải quyết vấn đề, Kinh tế phát triển, Kế toán quản trị, Quản trị kinh doanh, Giải tích, Triết học Mác-Lênin, Toán cao cấp, Môn tự chọn 3, Tiếng Anh chuyên ngành, Giáo dục quốc phòng - An ninh, Marketing số, Môn tự chọn 1, Tài chính doanh nghiệp, Quản trị nhân sự, Tin học cơ bản, Môn tự chọn 2, Kỹ năng mềm, Kinh tế vi mô, Tư tưởng Hồ Chí Minh, Logistics, Giáo dục thể chất, Ngân hàng thương mại, Kinh tế quốc tế, Chuỗi cung ứng, Kinh tế vĩ mô, Kinh tế lượng, Môn tự chọn 4, Kế toán tài chính, Thương mại điện tử, Tài chính quốc tế, Marketing cơ bản, Xác suất thống kê","Quản trị dự án, Thương mại điện tử, Bán hàng, Khởi nghiệp"
SV11058,Quản trị khách sạn,8.2,"Tư tưởng Hồ Chí Minh, Giáo dục quốc phòng - An ninh, Kinh tế phát triển, Kế toán tài chính, Kinh tế vi mô, Tài chính doanh nghiệp, Chuỗi cung ứng, Ngân hàng thương mại, Giải tích, Toán cao cấp, Quản trị kinh doanh, Kế toán quản trị","Bán hàng, Kinh doanh quốc tế, Quản trị dự án"
SV11059,Kế toán,7.3,"Triết học Mác-Lênin, Tư duy logic và giải quyết vấn đề, Marketing số, Kế toán tài chính, Xác suất thống kê, Tin học cơ bản, Logistics, Tư tưởng Hồ Chí Minh, Quản trị nhân sự, Kỹ năng mềm, Marketing cơ bản, Kinh tế phát triển, Giáo dục quốc phòng - An ninh, Kinh tế lượng, Tài chính quốc tế, Tài chính doanh nghiệp, Kinh tế vĩ mô, Toán cao cấp, Kinh tế vi mô, Tiếng Anh chuyên ngành, Chuỗi cung ứng, Kinh tế quốc tế, Thương mại điện tử, Giáo dục thể chất, Ngân hàng thương mại, Giải tích, Quản trị kinh doanh, Quản trị chiến lược, Kế toán quản trị",Khởi nghiệp
SV11060,Hệ thống thông tin,8.5,"Kiểm thử phần mềm, Giáo dục thể chất, Tiếng Anh chuyên ngành, Kỹ năng mềm, Quản lý dự án CNTT, Hệ điều hành, Phát triển game, Phân tích và thiết kế hệ thống, Machine Learning với TensorFlow, Xác suất thống kê, Big Data và Hadoop, Cấu trúc dữ liệu và Giải thuật, Phát triển ứng dụng di động, Cloud Computing - AWS/Azure, Mật mã học, Lập trình Java, Cơ sở dữ liệu, Tin học cơ bản, Blockchain cơ bản, Toán cao cấp, Cyber Security nâng cao, An toàn thông tin, Thiết kế giao diện người dùng, Học sâu","Cloud Computing, Blockchain, Khoa học dữ liệu, Phát triển web"
SV11061,Hệ thống thông tin,4.9,"Trí tuệ nhân tạo, Hệ thống phân tán, Big Data và Hadoop, Lập trình Python, Tư duy logic và giải quyết vấn đề, Lập trình Java, Tin học cơ bản, Giải tích, Machine Learning với TensorFlow, Thị giác máy tính, Giáo dục quốc phòng - An ninh, Cơ sở dữ liệu, Kiểm thử phần mềm, Xác suất thống kê, Xử lý ngôn ngữ tự nhiên, Triết học Mác-Lênin, Kỹ thuật phần mềm nâng cao, Học sâu, Kỹ năng mềm, Mạng máy tính, Lập trình hướng đối tượng, Phát triển ứng dụng web, Toán cao cấp, Cấu trúc dữ liệu và Giải thuật, Học máy",Khoa học dữ liệu
SV11062,Ngôn ngữ Nhật,8.8,"Môn tự chọn 10, Kỹ năng nghe nói tiếng Nhật, Giải tích, Môn tự chọn 14, Giáo dục quốc phòng - An ninh, Kỹ năng mềm, Môn tự chọn 11, Môn tự chọn 13, Hiragana & Katakana, Giáo dục thể chất, Ngữ âm học tiếng Nhật, Ngữ pháp tiếng Nhật, Môn tự chọn 2, Môn tự chọn 7, Tiếng Nhật kinh doanh, Tư duy logic và giải quyết vấn đề, Tiếng Nhật cho du lịch, Môn tự chọn 12, Môn tự chọn 9, Môn tự chọn 8, Tiếng Anh chuyên ngành, Môn tự chọn 1, Môn tự chọn 16, Dịch Nhật-Việt, Văn học Nhật Bản, Môn tự chọn 4, Môn tự chọn 15, Toán cao cấp, Môn tự chọn 5, Tin học cơ bản, Tư tưởng Hồ Chí Minh, Văn hóa Nhật Bản, Triết học Mác-Lênin, Xác suất thống kê, Môn tự chọn 3, Môn tự chọn 6, Kanji","Kinh doanh quốc tế, Phân tích dữ liệu, Lập trình, Phát triển ứng dụng di động, Game Development"
SV11063,Kỹ thuật điện tử - Viễn thông,6,"Đo lường điện tử, Xử lý tín hiệu số, Toán cao cấp, Điện tử số, Truyền thông quang, Tư duy logic và giải quyết vấn đề, Giải tích, Xác suất thống kê, Hệ thống nhúng nâng cao, Điện tử năng lượng, Truyền thông số, Mạng viễn thông, Kỹ thuật vi mạch, Kỹ thuật radar, Kỹ năng mềm, Điện tử cơ bản, Triết học Mác-Lênin, Tiếng Anh chuyên ngành, Truyền thông vô tuyến, Mạng không dây, Tin học cơ bản","Khoa học dữ liệu, Blockchain, Lập trình, Internet of Things"
SV11064,Thiết kế thời trang,7.3,"Xác suất thống kê, Triết học Mác-Lênin, Môn tự chọn 3, Tư tưởng Hồ Chí Minh, Toán cao cấp, Môn tự chọn 10, Tin học cơ bản, Kỹ năng mềm, Giải tích, Môn tự chọn 5, Môn tự chọn 2, Giáo dục thể chất, Giáo dục quốc phòng - An ninh, Môn tự chọn 13, Môn tự chọn 15, Môn tự chọn 6, Môn tự chọn 4, Tiếng Anh chuyên ngành, Môn tự chọn 8, Môn tự chọn 9, Môn tự chọn 14, Môn tự chọn 11, Môn tự chọn 12, Môn tự chọn 7, Môn tự chọn 1, Tư duy logic và giải quyết vấn đề","Yoga, Khiêu vũ, Học ngoại ngữ"
SV11065,An ninh mạng,6.6,"Cyber Security nâng cao, Cấu trúc dữ liệu và Giải thuật, Hệ điều hành, Thiết kế giao diện người dùng, Lập trình web nâng cao, Kỹ thuật phần mềm nâng cao, Machine Learning với TensorFlow, Hệ thống nhúng, Trí tuệ nhân tạo, Big Data và Hadoop, Giải tích, Hệ thống phân tán, Triết học Mác-Lênin, An toàn thông tin, Phát triển phần mềm doanh nghiệp, Lập trình di động iOS/Android, Toán cao cấp, Lập trình C/C++, Giáo dục quốc phòng - An ninh, Phát triển ứng dụng web, Xử lý ngôn ngữ tự nhiên, Blockchain cơ bản, Cloud Computing - AWS/Azure, Mạng máy tính","Thiết kế UI/UX, Khoa học dữ liệu, Internet of Things, Lập trình"
SV11066,Thiết kế đồ họa,6.4,"Xác suất thống kê, Toán cao cấp, Giải tích, Giáo dục quốc phòng - An ninh, Tư duy logic và giải quyết vấn đề, Môn tự chọn 5, Môn tự chọn 8, Tiếng Anh chuyên ngành, Môn tự chọn 3, Môn tự chọn 7, Triết học Mác-Lênin, Môn tự chọn 2, Môn tự chọn 6, Kỹ năng mềm, Tin học cơ bản, Môn tự chọn 1, Giáo dục thể chất, Tư tưởng Hồ Chí Minh, Môn tự chọn 4","Khiêu vũ, Thiền"
SV11067,Kỹ thuật điện,8.9,"Môn tự chọn 7, Tiếng Anh chuyên ngành, Mạng viễn thông, Tư tưởng Hồ Chí Minh, Môn tự chọn 6, Điện tử cơ bản, Triết học Mác-Lênin, Điện tử số, Hệ thống điều khiển tự động, Kỹ thuật vi mạch, Mạng không dây, Anten và sóng điện từ, Xử lý tín hiệu số, Điện tử công suất, Môn tự chọn 1, Truyền thông vô tuyến, Giải tích, Môn tự chọn 5, Giáo dục quốc phòng - An ninh, Đo lường điện tử, Môn tự chọn 8, Kỹ thuật radar, Toán cao cấp, Môn tự chọn 3, Môn tự chọn 4, Môn tự chọn 2, Giáo dục thể chất, Hệ thống điện tử nhúng, Điện tử năng lượng, Truyền thông số, Truyền thông quang, Tin học cơ bản, Kỹ năng mềm, Xác suất thống kê, Hệ thống nhúng nâng cao, Điện tử viễn thông, Tư duy logic và giải quyết vấn đề","Big Data, Phát triển web, Robot học"
SV11068,Công nghệ sinh học,7.2,"Kỹ thuật mô sinh học, Môn tự chọn 14, Vật liệu sinh học, Môn tự chọn 5, Môn tự chọn 4, Hình ảnh y khoa, Môn tự chọn 16, Giáo dục quốc phòng - An ninh, Môn tự chọn 6, Công nghệ nano y sinh, Môn tự chọn 15, Tư duy logic và giải quyết vấn đề, Giáo dục thể chất, Môn tự chọn 11, Sinh học phân tử, Toán cao cấp, Môn tự chọn 8, Tiếng Anh chuyên ngành, Công nghệ sinh học ứng dụng, Kỹ năng mềm, Tư tưởng Hồ Chí Minh, Môn tự chọn 2, Công nghệ gen, Triết học Mác-Lênin, Môn tự chọn 13, Môn tự chọn 7, Môn tự chọn 1, Môn tự chọn 12, Giải tích, Môn tự chọn 10, Môn tự chọn 9, Kỹ thuật y sinh, Kỹ thuật tế bào, Môn tự chọn 3, Thiết bị y tế, Xác suất thống kê, Tin học cơ bản","Blockchain, Trí tuệ nhân tạo, Big Data, Phát triển web, Lập trình"
SV11069,Truyền thông đa phương tiện,8,"Phát triển ứng dụng web, Cloud Computing - AWS/Azure, DevOps và CI/CD, Hệ thống nhúng, Phát triển ứng dụng di động, Hệ thống phân tán, Xử lý ngôn ngữ tự nhiên, An toàn thông tin, Học sâu, Hệ điều hành, Giải tích, Giáo dục quốc phòng - An ninh, Kiểm thử phần mềm, Mạng máy tính, Tiếng Anh chuyên ngành, Học máy, Tư tưởng Hồ Chí Minh, Kỹ thuật phần mềm nâng cao, Phát triển game, Giáo dục thể chất, Mật mã học, Lập trình Python, Kỹ năng mềm, Thị giác máy tính, Lập trình hướng đối tượng, Lập trình C/C++, Trí tuệ nhân tạo","Game Development, Phân tích dữ liệu, Machine Learning"
SV11070,Kỹ thuật điện,7.7,"Tư tưởng Hồ Chí Minh, Truyền thông vô tuyến, Truyền thông quang, Hệ thống điều khiển tự động, Kỹ năng mềm, Toán cao cấp, Hệ thống nhúng nâng cao, Xác suất thống kê, Hệ thống điện tử nhúng, Điện tử viễn thông, Giải tích, Đo lường điện tử, Điện tử năng lượng, Kỹ thuật vi mạch, Giáo dục thể chất, Giáo dục quốc phòng - An ninh, Mạng viễn thông, Điện tử công suất, Triết học Mác-Lênin, Kỹ thuật radar","Machine Learning, Phân tích dữ liệu, Cyber Security, Thiết kế UI/UX"
SV11071,Khoa học dữ liệu,8.2,"Thiết kế giao diện người dùng, Học máy, An toàn thông tin, Blockchain cơ bản, Lập trình Python, Giáo dục quốc phòng - An ninh, Cấu trúc dữ liệu và Giải thuật, Xử lý ngôn ngữ tự nhiên, Cyber Security nâng cao, An ninh mạng cơ bản, Lập trình C/C++, Triết học Mác-Lênin, Mật mã học, Kỹ thuật phần mềm nâng cao, Tiếng Anh chuyên ngành, Phát triển phần mềm doanh nghiệp, Hệ thống phân tán, Phát triển ứng dụng di động, Tin học cơ bản, Giáo dục thể chất, Quản lý dự án CNTT","DevOps, Phân tích dữ liệu, Big Data"
SV11072,Fintech,7.8,"Cyber Security nâng cao, Hệ điều hành, An ninh mạng cơ bản, Lập trình C/C++, An toàn thông tin, Toán cao cấp, Big Data và Hadoop, Kỹ năng mềm, Cấu trúc dữ liệu và Giải thuật, Machine Learning với TensorFlow, Quản lý dự án CNTT, Lập trình di động iOS/Android, Cloud Computing - AWS/Azure, Internet of Things, Trí tuệ nhân tạo, Phát triển ứng dụng di động","Phân tích dữ liệu, Internet of Things, Thiết kế UI/UX"
SV11073,Kỹ thuật điện tử - Viễn thông,6.4,"Xử lý tín hiệu số, Kỹ thuật vi mạch, Giáo dục thể chất, Điện tử số, Điện tử công suất, Hệ thống điều khiển tự động, Truyền thông quang, Điện tử viễn thông, Điện tử năng lượng, Truyền thông vô tuyến, Điện tử cơ bản, Toán cao cấp, Tư tưởng Hồ Chí Minh, Truyền thông số, Đo lường điện tử, Hệ thống nhúng nâng cao, Kỹ năng mềm, Anten và sóng điện từ, Triết học Mác-Lênin, Giải tích, Hệ thống điện tử nhúng, Kỹ thuật radar, Mạng viễn thông, Tin học cơ bản, Giáo dục quốc phòng - An ninh, Tư duy logic và giải quyết vấn đề, Mạng không dây, Xác suất thống kê, Tiếng Anh chuyên ngành",Internet of Things
SV11074,Công nghệ thông tin,8.7,"Kiểm thử phần mềm, Mật mã học, Cấu trúc dữ liệu và Giải thuật, Trí tuệ nhân tạo, Hệ thống phân tán, Lập trình Java, Lập trình Python, Xác suất thống kê, Tin học cơ bản, An ninh mạng cơ bản, Học sâu, Kỹ thuật phần mềm nâng cao, Giải tích, Internet of Things, Quản lý dự án CNTT, Xử lý ngôn ngữ tự nhiên, Lập trình hướng đối tượng, Cloud Computing - AWS/Azure, Lập trình C/C++, Cyber Security nâng cao","Machine Learning, DevOps"
SV11075,Âm nhạc học,7.2,"Kỹ năng mềm, Âm nhạc cổ điển phương Tây, Giải tích, Âm nhạc dân gian Việt Nam, Môn tự chọn 7, Lịch sử âm nhạc, Âm nhạc hiện đại, Môn tự chọn 12, Biểu diễn nhạc cụ, Môn tự chọn 6, Phân tích tác phẩm âm nhạc, Giáo dục thể chất, Môn tự chọn 10, Tin học cơ bản, Giáo dục quốc phòng - An ninh, Hòa âm, Âm nhạc lý thuyết, Môn tự chọn 13, Môn tự chọn 3, Môn tự chọn 2, Môn tự chọn 8, Môn tự chọn 5, Soạn nhạc cơ bản, Môn tự chọn 9, Kỹ thuật thanh nhạc, Môn tự chọn 4, Tiếng Anh chuyên ngành, Môn tự chọn 11, Triết học Mác-Lênin, Tư tưởng Hồ Chí Minh, Môn tự chọn 1, Xác suất thống kê, Toán cao cấp, Tư duy logic và giải quyết vấn đề","Làm video, Diễn thuyết"
SV11076,Công nghệ đa phương tiện,6.1,"Xử lý ngôn ngữ tự nhiên, Tư tưởng Hồ Chí Minh, Cyber Security nâng cao, An ninh mạng cơ bản, Tin học cơ bản, Học sâu, Mạng máy tính, An toàn thông tin, Triết học Mác-Lênin, DevOps và CI/CD","Lập trình, Khoa học dữ liệu, Big Data, Phát triển web"
SV11077,Răng - Hàm - Mặt,7.3,"Dinh dưỡng học, Môn tự chọn 5, Giáo dục thể chất, Tư duy logic và giải quyết vấn đề, Kỹ năng mềm, Giải phẫu học, Y học dự phòng, Bệnh học nội khoa, Tiếng Anh chuyên ngành, Bệnh học truyền nhiễm, Dược lâm sàng, Xác suất thống kê, Toán cao cấp, Môn tự chọn 3, Giải tích, Môn tự chọn 6, Tin học cơ bản, Môn tự chọn 1, Y học cổ truyền, Môn tự chọn 8, Môn tự chọn 7, Miễn dịch học, Môn tự chọn 9, Giáo dục quốc phòng - An ninh, Tư tưởng Hồ Chí Minh, Sinh lý học, Bệnh học ngoại khoa, Hóa sinh y học, Môn tự chọn 4, Dược lý học, Môn tự chọn 2, Dược lý lâm sàng, Triết học Mác-Lênin, Vi sinh y học","Đọc sách, Robot học, Quản trị dự án, Viết lách, Game Development"
SV11078,Điều dưỡng,9.2,"Giáo dục thể chất, Dược lý học, Y học dự phòng, Tư duy logic và giải quyết vấn đề, Sinh lý học, Giáo dục quốc phòng - An ninh, Bệnh học truyền nhiễm, Tư tưởng Hồ Chí Minh, Dược lý lâm sàng, Tiếng Anh chuyên ngành, Giải phẫu học, Triết học Mác-Lênin, Toán cao cấp, Kỹ năng mềm, Vi sinh y học, Dược lâm sàng, Bệnh học ngoại khoa, Y học cổ truyền","Phân tích dữ liệu, Thương mại điện tử, Internet of Things, Viết lách, Thiền"
SV11079,Kỹ thuật xây dựng,8.6,"Giáo dục thể chất, Kiến trúc cảnh quan, Tin học cơ bản, Tư duy logic và giải quyết vấn đề, Tiếng Anh chuyên ngành, Toán cao cấp, Vật liệu xây dựng, Thiết kế kiến trúc nội thất, Công trình ngầm, Giải tích, Cầu và đường, Giáo dục quốc phòng - An ninh, Kết cấu bê tông cốt thép, Kỹ thuật địa kỹ thuật","Khoa học dữ liệu, Lập trình, Phân tích dữ liệu"
SV11080,Kỹ thuật điện tử - Viễn thông,7.4,"Triết học Mác-Lênin, Môn tự chọn 2, Tiếng Anh chuyên ngành, Điện tử năng lượng, Tin học cơ bản, Điện tử cơ bản, Hệ thống điều khiển tự động, Môn tự chọn 5, Kỹ thuật vi mạch, Điện tử công suất, Hệ thống nhúng nâng cao, Điện tử viễn thông, Xử lý tín hiệu số, Tư duy logic và giải quyết vấn đề, Anten và sóng điện từ, Truyền thông vô tuyến, Tư tưởng Hồ Chí Minh, Mạng không dây, Môn tự chọn 1, Truyền thông số, Giải tích, Kỹ thuật radar, Xác suất thống kê, Truyền thông quang, Toán cao cấp, Giáo dục quốc phòng - An ninh, Điện tử số, Giáo dục thể chất, Đo lường điện tử, Hệ thống điện tử nhúng, Kỹ năng mềm, Môn tự chọn 3, Môn tự chọn 4, Môn tự chọn 6, Mạng viễn thông","Lập trình, Robot học, Phát triển web, Big Data"
SV11081,Kỹ thuật điện,7.4,"Tiếng Anh chuyên ngành, Anten và sóng điện từ, Tin học cơ bản, Hệ thống điện tử nhúng, Kỹ thuật radar, Giải tích, Mạng viễn thông, Tư tưởng Hồ Chí Minh, Hệ thống nhúng nâng cao, Hệ thống điều khiển tự động, Truyền thông số, Điện tử viễn thông, Giáo dục quốc phòng - An ninh, Đo lường điện tử, Giáo dục thể chất, Truyền thông vô tuyến, Truyền thông quang, Toán cao cấp, Điện tử số, Tư duy logic và giải quyết vấn đề, Điện tử công suất, Điện tử năng lượng, Triết học Mác-Lênin, Xác suất thống kê, Xử lý tín hiệu số, Kỹ năng mềm, Kỹ thuật vi mạch, Mạng không dây","Khoa học dữ liệu, DevOps, Game Development"
SV11082,Âm nhạc học,7.4,"Toán cao cấp, Tư duy logic và giải quyết vấn đề, Lịch sử âm nhạc, Tiếng Anh chuyên ngành, Giáo dục quốc phòng - An ninh, Soạn nhạc cơ bản, Âm nhạc lý thuyết, Âm nhạc dân gian Việt Nam, Triết học Mác-Lênin, Biểu diễn nhạc cụ, Hòa âm, Âm nhạc cổ điển phương Tây","Kể chuyện, Ẩm thực"
SV11083,Kỹ thuật điện tử - Viễn thông,9.8,"Hệ thống nhúng nâng cao, Hệ thống điều khiển tự động, Môn tự chọn 6, Điện tử số, Môn tự chọn 8, Xác suất thống kê, Xử lý tín hiệu số, Kỹ thuật vi mạch, Môn tự chọn 7, Giáo dục thể chất, Đo lường điện tử, Điện tử cơ bản, Triết học Mác-Lênin, Môn tự chọn 1, Môn tự chọn 4, Tư duy logic và giải quyết vấn đề, Anten và sóng điện từ, Giáo dục quốc phòng - An ninh, Tin học cơ bản, Kỹ năng mềm, Kỹ thuật radar, Tư tưởng Hồ Chí Minh, Truyền thông quang, Giải tích, Môn tự chọn 2, Môn tự chọn 5, Điện tử công suất, Điện tử năng lượng, Mạng không dây, Mạng viễn thông, Hệ thống điện tử nhúng, Điện tử viễn thông, Toán cao cấp, Truyền thông vô tuyến, Truyền thông số, Tiếng Anh chuyên ngành, Môn tự chọn 3","Khoa học dữ liệu, Lập trình, Robot học, DevOps, Game Development"
SV11084,Sư phạm Lịch sử,8.1,"Giáo dục quốc phòng - An ninh, Lịch sử thế giới cổ đại, Toán cao cấp, Dạy học lịch sử phổ thông, Lịch sử Việt Nam hiện đại, Giáo dục thể chất, Giải tích, Lịch sử văn hóa Việt Nam, Xác suất thống kê, Tư duy logic và giải quyết vấn đề, Phân tích sự kiện lịch sử, Lịch sử thế giới hiện đại","Thơ ca, Yoga"
SV11085,Thiết kế thời trang,8.1,"Tư duy logic và giải quyết vấn đề, Kỹ năng mềm, Tin học cơ bản, Môn tự chọn 7, Môn tự chọn 1, Môn tự chọn 3, Giải tích, Tư tưởng Hồ Chí Minh, Môn tự chọn 6, Môn tự chọn 2, Tiếng Anh chuyên ngành, Môn tự chọn 4, Giáo dục thể chất, Toán cao cấp, Giáo dục quốc phòng - An ninh, Xác suất thống kê, Môn tự chọn 5, Triết học Mác-Lênin","Học ngoại ngữ, Ẩm thực"
SV11086,Răng - Hàm - Mặt,8.7,"Giải tích, Giáo dục quốc phòng - An ninh, Dinh dưỡng học, Kỹ năng mềm, Y học dự phòng, Hóa sinh y học, Tư duy logic và giải quyết vấn đề, Tin học cơ bản, Môn tự chọn 11, Môn tự chọn 3, Tư tưởng Hồ Chí Minh, Miễn dịch học, Tiếng Anh chuyên ngành, Môn tự chọn 6, Môn tự chọn 10, Giáo dục thể chất, Bệnh học truyền nhiễm, Giải phẫu học, Dược lâm sàng, Môn tự chọn 8, Sinh lý học, Môn tự chọn 4, Môn tự chọn 12, Môn tự chọn 7, Xác suất thống kê, Môn tự chọn 2, Y học cổ truyền, Môn tự chọn 1, Môn tự chọn 5, Môn tự chọn 13, Dược lý học, Môn tự chọn 14, Vi sinh y học, Triết học Mác-Lênin, Bệnh học ngoại khoa, Toán cao cấp, Bệnh học nội khoa, Môn tự chọn 9, Dược lý lâm sàng","Yoga, Viết lách"
SV11087,Khoa học dữ liệu,7.9,"Big Data và Hadoop, Lập trình C/C++, Mật mã học, Phát triển ứng dụng web, Phân tích và thiết kế hệ thống, An toàn thông tin, Mạng máy tính, Trí tuệ nhân tạo, Phát triển game, Lập trình Python, Giải tích, Internet of Things, Hệ thống nhúng, Kỹ thuật phần mềm nâng cao, Thị giác máy tính, Hệ thống phân tán, Triết học Mác-Lênin, Lập trình hướng đối tượng, Kỹ năng mềm, Lập trình di động iOS/Android, Tư duy logic và giải quyết vấn đề, Giáo dục quốc phòng - An ninh, Toán cao cấp, Học máy, Lập trình web nâng cao, Machine Learning với TensorFlow, DevOps và CI/CD, Xác suất thống kê, Giáo dục thể chất, Cloud Computing - AWS/Azure, An ninh mạng cơ bản, Tư tưởng Hồ Chí Minh, Kiểm thử phần mềm, Học sâu, Phát triển phần mềm doanh nghiệp, Lập trình Java","Machine Learning, Big Data"
SV11088,Luật,7.4,"Hệ thống nhúng, Xác suất thống kê, Lập trình di động iOS/Android, Phát triển phần mềm doanh nghiệp, Lập trình web nâng cao, Kỹ thuật phần mềm nâng cao, Lập trình Java, Blockchain cơ bản, DevOps và CI/CD, Trí tuệ nhân tạo, Học máy, Triết học Mác-Lênin, Big Data và Hadoop, Cơ sở dữ liệu, Thị giác máy tính, Tư duy logic và giải quyết vấn đề, Phát triển ứng dụng web, Cấu trúc dữ liệu và Giải thuật, An toàn thông tin, Lập trình C/C++, Mạng máy tính, Phát triển ứng dụng di động, Thiết kế giao diện người dùng, Kiểm thử phần mềm, Tiếng Anh chuyên ngành, Giải tích","Phát triển web, Khoa học dữ liệu, Vẽ tranh, Robot học"
SV11089,Truyền thông đa phương tiện,7.5,"Phân tích và thiết kế hệ thống, Lập trình hướng đối tượng, Hệ thống phân tán, Lập trình Java, Cấu trúc dữ liệu và Giải thuật, Cloud Computing - AWS/Azure, Toán cao cấp, Kiểm thử phần mềm, Học sâu, Kỹ thuật phần mềm nâng cao, Phát triển phần mềm doanh nghiệp, Tư tưởng Hồ Chí Minh, Hệ thống nhúng, An toàn thông tin, Lập trình web nâng cao","DevOps, Phân tích dữ liệu"
SV11090,Kinh tế,7.6,"Chuỗi cung ứng, Tài chính doanh nghiệp, Môn tự chọn 5, Marketing số, Kinh tế vi mô, Môn tự chọn 3, Tài chính quốc tế, Kinh tế quốc tế, Môn tự chọn 1, Kinh tế phát triển, Môn tự chọn 4, Quản trị nhân sự, Tin học cơ bản, Kỹ năng mềm, Tư tưởng Hồ Chí Minh, Giáo dục thể chất, Giáo dục quốc phòng - An ninh, Môn tự chọn 10, Môn tự chọn 9, Logistics, Tiếng Anh chuyên ngành, Môn tự chọn 6, Kinh tế vĩ mô, Môn tự chọn 7, Triết học Mác-Lênin, Giải tích, Toán cao cấp, Kế toán quản trị, Thương mại điện tử, Quản trị chiến lược, Tư duy logic và giải quyết vấn đề, Môn tự chọn 8, Môn tự chọn 2, Kế toán tài chính, Kinh tế lượng, Quản trị kinh doanh, Marketing cơ bản, Xác suất thống kê, Môn tự chọn 11, Ngân hàng thương mại","Quản trị dự án, Marketing số"
SV11091,Ngôn ngữ Nhật,7.7,"Môn tự chọn 9, Hiragana & Katakana, Môn tự chọn 10, Tiếng Nhật kinh doanh, Triết học Mác-Lênin, Môn tự chọn 1, Văn hóa Nhật Bản, Môn tự chọn 4, Ngữ âm học tiếng Nhật, Xác suất thống kê, Kỹ năng mềm, Tiếng Anh chuyên ngành, Ngữ pháp tiếng Nhật, Môn tự chọn 15, Môn tự chọn 8, Tiếng Nhật cho du lịch, Tư duy logic và giải quyết vấn đề, Kỹ năng nghe nói tiếng Nhật, Môn tự chọn 7, Môn tự chọn 3, Môn tự chọn 16, Dịch Nhật-Việt, Môn tự chọn 11, Môn tự chọn 12, Môn tự chọn 14, Môn tự chọn 13, Môn tự chọn 5, Giải tích, Kanji, Tin học cơ bản, Môn tự chọn 6, Toán cao cấp, Giáo dục thể chất, Văn học Nhật Bản, Môn tự chọn 2, Tư tưởng Hồ Chí Minh, Giáo dục quốc phòng - An ninh","Làm video, Cloud Computing, Quản trị dự án, Machine Learning, Yoga"
SV11092,Báo chí,8.4,"Cyber Security nâng cao, Lập trình hướng đối tượng, Cấu trúc dữ liệu và Giải thuật, Giải tích, Học máy, Kỹ năng mềm, Lập trình Python, Cloud Computing - AWS/Azure, An toàn thông tin, Giáo dục thể chất, Big Data và Hadoop, Hệ thống nhúng, Xác suất thống kê, Tiếng Anh chuyên ngành, Trí tuệ nhân tạo",DevOps
SV11093,Thương mại điện tử,7.8,"Cloud Computing - AWS/Azure, Cơ sở dữ liệu, Lập trình di động iOS/Android, Kỹ thuật phần mềm nâng cao, Tin học cơ bản, Phát triển phần mềm doanh nghiệp, An ninh mạng cơ bản, Phân tích và thiết kế hệ thống, Phát triển ứng dụng di động, Xử lý ngôn ngữ tự nhiên, Thiết kế giao diện người dùng, Mạng máy tính, Giáo dục thể chất, Quản lý dự án CNTT, DevOps và CI/CD, Tiếng Anh chuyên ngành, Kiểm thử phần mềm, Kỹ năng mềm, Machine Learning với TensorFlow, Mật mã học, Học máy, Blockchain cơ bản, Giải tích, Big Data và Hadoop, Toán cao cấp","Blockchain, Thiết kế UI/UX, Trí tuệ nhân tạo, Lập trình"
SV11094,Marketing,8.4,"Quản trị kinh doanh, Triết học Mác-Lênin, Logistics, Kế toán tài chính, Kỹ năng mềm, Tin học cơ bản, Toán cao cấp, Tài chính doanh nghiệp, Kế toán quản trị, Giáo dục quốc phòng - An ninh, Marketing số, Kinh tế vĩ mô, Tiếng Anh chuyên ngành, Kinh tế quốc tế, Marketing cơ bản, Kinh tế vi mô, Quản trị nhân sự, Tư duy logic và giải quyết vấn đề, Quản trị chiến lược, Tư tưởng Hồ Chí Minh, Xác suất thống kê, Chuỗi cung ứng, Giải tích, Tài chính quốc tế, Giáo dục thể chất, Kinh tế phát triển, Thương mại điện tử, Ngân hàng thương mại","Thơ ca, Đầu tư"
SV11095,Tài chính - Ngân hàng,7.6,"Quản trị chiến lược, Tài chính doanh nghiệp, Tài chính quốc tế, Kỹ năng mềm, Kế toán tài chính, Marketing số, Xác suất thống kê, Kinh tế vi mô, Ngân hàng thương mại, Tư tưởng Hồ Chí Minh, Triết học Mác-Lênin, Quản trị nhân sự, Giáo dục quốc phòng - An ninh, Môn tự chọn 1, Kinh tế lượng, Toán cao cấp, Giáo dục thể chất, Thương mại điện tử, Kinh tế vĩ mô, Marketing cơ bản, Kinh tế phát triển, Tư duy logic và giải quyết vấn đề, Tiếng Anh chuyên ngành, Quản trị kinh doanh, Kinh tế quốc tế, Chuỗi cung ứng, Giải tích, Kế toán quản trị, Tin học cơ bản, Logistics",Thương mại điện tử
SV11096,Ngôn ngữ Hàn Quốc,7.8,"Xác suất thống kê, Giải tích, Tư duy logic và giải quyết vấn đề, Tư tưởng Hồ Chí Minh, Ngữ pháp tiếng Hàn, Hangeul, Dịch Hàn-Việt, Kỹ năng nghe nói tiếng Hàn, Ngữ âm học tiếng Hàn, Tin học cơ bản, Giáo dục quốc phòng - An ninh, Tiếng Hàn thương mại","Phát triển ứng dụng di động, Phát triển web"
SV11097,Quản trị kinh doanh,5.7,"Kỹ năng mềm, Kinh tế quốc tế, Giáo dục thể chất, Quản trị kinh doanh, Toán cao cấp, Thương mại điện tử, Quản trị nhân sự, Ngân hàng thương mại, Kinh tế vĩ mô, Giáo dục quốc phòng - An ninh, Logistics, Triết học Mác-Lênin, Tư duy logic và giải quyết vấn đề, Kinh tế lượng, Xác suất thống kê, Chuỗi cung ứng, Kế toán quản trị, Tư tưởng Hồ Chí Minh, Kế toán tài chính, Marketing cơ bản","Bán hàng, Marketing số, Kinh doanh quốc tế, Vẽ tranh, Thương mại điện tử"
SV11098,Hệ thống thông tin,8.6,"Phân tích và thiết kế hệ thống, An toàn thông tin, Lập trình C/C++, Lập trình web nâng cao, Lập trình hướng đối tượng, Cyber Security nâng cao, Tư duy logic và giải quyết vấn đề, Phát triển phần mềm doanh nghiệp, Xử lý ngôn ngữ tự nhiên, Mật mã học, An ninh mạng cơ bản, Hệ thống nhúng, Lập trình di động iOS/Android, Phát triển ứng dụng web, Big Data và Hadoop, Toán cao cấp, Giáo dục quốc phòng - An ninh, Giáo dục thể chất, Tin học cơ bản, Trí tuệ nhân tạo, Cấu trúc dữ liệu và Giải thuật, Quản lý dự án CNTT, Lập trình Java, Thị giác máy tính, Phát triển ứng dụng di động, Mạng máy tính, Kiểm thử phần mềm, Tư tưởng Hồ Chí Minh, Kỹ năng mềm, Blockchain cơ bản, Triết học Mác-Lênin, Giải tích, Xác suất thống kê, Học máy","Phát triển ứng dụng di động, Cloud Computing"
SV11099,Du lịch,8,"Kiểm thử phần mềm, Blockchain cơ bản, Cloud Computing - AWS/Azure, Triết học Mác-Lênin, An toàn thông tin, Giáo dục thể chất, Giải tích, Tư duy logic và giải quyết vấn đề, Trí tuệ nhân tạo, Tin học cơ bản, Hệ thống phân tán, An ninh mạng cơ bản, Lập trình Python, Học máy, Phát triển game, Machine Learning với TensorFlow, Kỹ năng mềm, Lập trình hướng đối tượng, Mạng máy tính, Tiếng Anh chuyên ngành, Big Data và Hadoop, Toán cao cấp, Lập trình C/C++, Giáo dục quốc phòng - An ninh, Xử lý ngôn ngữ tự nhiên, Internet of Things","Phát triển web, Cyber Security, DevOps, Cloud Computing"
SV11100,Công nghệ đa phương tiện,8.7,"Phân tích và thiết kế hệ thống, Cấu trúc dữ liệu và Giải thuật, Thị giác máy tính, Cyber Security nâng cao, Mạng máy tính, Xác suất thống kê, Lập trình web nâng cao, Giải tích, Kỹ thuật phần mềm nâng cao, Machine Learning với TensorFlow, Cơ sở dữ liệu, Hệ điều hành, Mật mã học, Lập trình hướng đối tượng, Trí tuệ nhân tạo, Tiếng Anh chuyên ngành, Phát triển phần mềm doanh nghiệp, Học sâu, Cloud Computing - AWS/Azure, Thiết kế giao diện người dùng, Phát triển game, Giáo dục thể chất, Giáo dục quốc phòng - An ninh, Kiểm thử phần mềm, An ninh mạng cơ bản, Big Data và Hadoop, Tin học cơ bản, Lập trình Java, Lập trình di động iOS/Android, Hệ thống nhúng, Học máy, Kỹ năng mềm, Xử lý ngôn ngữ tự nhiên, Blockchain cơ bản","Machine Learning, Khởi nghiệp"
SV11101,Ngôn ngữ Nhật,4.8,"Văn hóa Nhật Bản, Tư tưởng Hồ Chí Minh, Tiếng Nhật cho du lịch, Ngữ pháp tiếng Nhật, Kỹ năng mềm, Tiếng Anh chuyên ngành, Kanji, Văn học Nhật Bản, Hiragana & Katakana, Tư duy logic và giải quyết vấn đề, Toán cao cấp, Giải tích, Dịch Nhật-Việt, Xác suất thống kê, Triết học Mác-Lênin, Kỹ năng nghe nói tiếng Nhật, Ngữ âm học tiếng Nhật","Vẽ tranh, Diễn thuyết"
SV11102,Du lịch,9.8,"Cấu trúc dữ liệu và Giải thuật, Hệ điều hành, Hệ thống nhúng, Lập trình di động iOS/Android, Tư duy logic và giải quyết vấn đề, Thị giác máy tính, Internet of Things, An toàn thông tin, Phát triển ứng dụng web, Kỹ năng mềm, Lập trình Python, Hệ thống phân tán, Tư tưởng Hồ Chí Minh, Machine Learning với TensorFlow, Phát triển phần mềm doanh nghiệp, Xác suất thống kê, Học máy, Thiết kế giao diện người dùng, Phát triển ứng dụng di động, Trí tuệ nhân tạo","DevOps, Cyber Security, Thiết kế UI/UX, Marketing số"
SV11103,Kinh tế,7.6,"Marketing cơ bản, Tin học cơ bản, Kế toán quản trị, Kinh tế quốc tế, Môn tự chọn 6, Kinh tế vĩ mô, Giải tích, Quản trị kinh doanh, Môn tự chọn 3, Tài chính doanh nghiệp, Môn tự chọn 7, Ngân hàng thương mại, Kế toán tài chính, Xác suất thống kê, Quản trị chiến lược, Chuỗi cung ứng, Kinh tế lượng, Môn tự chọn 2, Toán cao cấp, Marketing số, Môn tự chọn 5, Kỹ năng mềm, Thương mại điện tử, Tư duy logic và giải quyết vấn đề, Quản trị nhân sự, Giáo dục thể chất, Tư tưởng Hồ Chí Minh, Logistics, Kinh tế phát triển, Triết học Mác-Lênin, Môn tự chọn 1, Môn tự chọn 4, Kinh tế vi mô, Tiếng Anh chuyên ngành, Giáo dục quốc phòng - An ninh, Tài chính quốc tế","Đầu tư, Quản trị dự án, Khởi nghiệp"
SV11104,Kỹ thuật máy tính,8.8,"Triết học Mác-Lênin, Tiếng Anh chuyên ngành, Giải tích, Truyền thông vô tuyến, Điện tử số, Giáo dục thể chất, Hệ thống nhúng nâng cao, Mạng viễn thông, Điện tử viễn thông, Tư tưởng Hồ Chí Minh, Xác suất thống kê, Truyền thông số, Xử lý tín hiệu số, Giáo dục quốc phòng - An ninh, Mạng không dây, Kỹ thuật vi mạch, Đo lường điện tử",Blockchain
SV11105,Răng - Hàm - Mặt,6.7,"Dược lý học, Dược lâm sàng, Hóa sinh y học, Tư tưởng Hồ Chí Minh, Giải phẫu học, Sinh lý học, Kỹ năng mềm, Y học dự phòng, Dinh dưỡng học, Y học cổ truyền, Xác suất thống kê, Dược lý lâm sàng, Bệnh học nội khoa, Giáo dục quốc phòng - An ninh, Giáo dục thể chất, Tư duy logic và giải quyết vấn đề","Nhiếp ảnh, Phát triển ứng dụng di động, DevOps, Du lịch khám phá, Big Data"
SV11106,Công nghệ đa phương tiện,8.3,"Lập trình C/C++, Hệ thống phân tán, Tiếng Anh chuyên ngành, Triết học Mác-Lênin, Cloud Computing - AWS/Azure, Học máy, Học sâu, Phát triển ứng dụng di động, Machine Learning với TensorFlow, Internet of Things, Big Data và Hadoop","Robot học, Phát triển web"
SV11107,Quản trị kinh doanh,6.6,"Kỹ năng mềm, Toán cao cấp, Tư duy logic và giải quyết vấn đề, Tin học cơ bản, Quản trị kinh doanh, Giáo dục quốc phòng - An ninh, Kế toán tài chính, Giải tích, Marketing cơ bản, Tiếng Anh chuyên ngành, Ngân hàng thương mại, Tài chính doanh nghiệp, Kinh tế lượng, Tài chính quốc tế, Tư tưởng Hồ Chí Minh, Xác suất thống kê, Kinh tế vĩ mô, Kinh tế phát triển, Triết học Mác-Lênin, Quản trị chiến lược, Chuỗi cung ứng, Quản trị nhân sự","Khởi nghiệp, Quản trị dự án"
SV11108,Ngôn ngữ Trung Quốc,7.1,"Toán cao cấp, Tư duy logic và giải quyết vấn đề, Văn hóa Trung Quốc, Tiếng Anh chuyên ngành, Ngữ âm học tiếng Trung, Hán tự học, Ngữ pháp tiếng Trung, Dịch Trung-Việt, Xác suất thống kê, Tư tưởng Hồ Chí Minh, Tin học cơ bản, Triết học Mác-Lênin, Văn học cổ điển Trung Quốc, Hán ngữ hiện đại, Giáo dục thể chất, Kỹ năng nghe nói tiếng Trung, Tiếng Trung thương mại, Tiếng Trung kinh tế, Giải tích","DevOps, Âm nhạc, Khoa học dữ liệu, Thiền, Thiết kế UI/UX"
SV11109,Fintech,9.6,"Kỹ năng mềm, DevOps và CI/CD, Cơ sở dữ liệu, Blockchain cơ bản, Tiếng Anh chuyên ngành, Internet of Things, Thiết kế giao diện người dùng, Cấu trúc dữ liệu và Giải thuật, Xác suất thống kê, Trí tuệ nhân tạo, Cyber Security nâng cao, Lập trình C/C++, Lập trình Java, Tư tưởng Hồ Chí Minh, Học sâu, An ninh mạng cơ bản, Lập trình di động iOS/Android, Mạng máy tính, Phát triển ứng dụng di động, Machine Learning với TensorFlow, Phát triển phần mềm doanh nghiệp, Cloud Computing - AWS/Azure, Kiểm thử phần mềm","Phát triển ứng dụng di động, Marketing số"
SV11110,Hệ thống thông tin,7.5,"Lập trình web nâng cao, Machine Learning với TensorFlow, Hệ thống nhúng, Thị giác máy tính, DevOps và CI/CD, An toàn thông tin, Tiếng Anh chuyên ngành, Cloud Computing - AWS/Azure, Tư tưởng Hồ Chí Minh, Xác suất thống kê, Kiểm thử phần mềm, Toán cao cấp, Quản lý dự án CNTT, Cấu trúc dữ liệu và Giải thuật, Big Data và Hadoop, Xử lý ngôn ngữ tự nhiên, Phát triển ứng dụng di động, Giáo dục quốc phòng - An ninh, Lập trình hướng đối tượng, Học máy, Tin học cơ bản, Blockchain cơ bản","DevOps, Machine Learning, Phân tích dữ liệu"
SV11111,Thiết kế thời trang,7.9,"Tiếng Anh chuyên ngành, Môn tự chọn 11, Môn tự chọn 3, Môn tự chọn 10, Giáo dục thể chất, Môn tự chọn 5, Tin học cơ bản, Triết học Mác-Lênin, Môn tự chọn 14, Môn tự chọn 15, Môn tự chọn 6, Môn tự chọn 7, Môn tự chọn 12, Môn tự chọn 2, Môn tự chọn 1, Xác suất thống kê, Tư tưởng Hồ Chí Minh, Môn tự chọn 13, Giáo dục quốc phòng - An ninh, Giải tích, Môn tự chọn 8, Tư duy logic và giải quyết vấn đề, Môn tự chọn 4, Môn tự chọn 9, Kỹ năng mềm, Toán cao cấp",Chơi nhạc cụ
SV11112,Blockchain và Tiền mã hóa,8.6,"Cấu trúc dữ liệu và Giải thuật, Phân tích và thiết kế hệ thống, Lập trình C/C++, Lập trình Python, Kỹ thuật phần mềm nâng cao, Phát triển ứng dụng di động, Blockchain cơ bản, Xác suất thống kê, Tin học cơ bản, Trí tuệ nhân tạo, Giáo dục thể chất, Triết học Mác-Lênin, Giáo dục quốc phòng - An ninh, Phát triển phần mềm doanh nghiệp, Big Data và Hadoop, Cloud Computing - AWS/Azure, Hệ thống nhúng, Mật mã học, Tiếng Anh chuyên ngành, Toán cao cấp, Kỹ năng mềm, DevOps và CI/CD, Hệ điều hành, Lập trình Java, Tư tưởng Hồ Chí Minh, Lập trình web nâng cao, Internet of Things, Phát triển ứng dụng web, An ninh mạng cơ bản, Kiểm thử phần mềm, Quản lý dự án CNTT, Tư duy logic và giải quyết vấn đề, Giải tích, Học sâu, An toàn thông tin, Hệ thống phân tán, Thiết kế giao diện người dùng, Xử lý ngôn ngữ tự nhiên","Trí tuệ nhân tạo, Game Development, Cloud Computing, Blockchain, Internet of Things"
SV11113,Kỹ thuật hóa học,8.2,"Xác suất thống kê, Toán cao cấp, Kỹ thuật môi trường, Kỹ thuật polymer, Giải tích, Môn tự chọn 4, Xử lý nước thải, Hóa học công nghiệp, Kỹ thuật phản ứng hóa học, Kỹ năng mềm, Môn tự chọn 11, Giáo dục quốc phòng - An ninh, Kỹ thuật hóa học, Môn tự chọn 9, Triết học Mác-Lênin, Môn tự chọn 8, Công nghệ xử lý nước, Ô nhiễm không khí, Tư tưởng Hồ Chí Minh, Môn tự chọn 2, Kỹ thuật nhiệt hóa học, Tin học cơ bản, Môn tự chọn 6, Tư duy logic và giải quyết vấn đề, Môn tự chọn 1, Giáo dục thể chất, Môn tự chọn 3, Tiếng Anh chuyên ngành, Hóa phân tích môi trường, Xử lý chất thải rắn, Môn tự chọn 10, Môn tự chọn 5, Môn tự chọn 7",DevOps
SV11114,Khoa học dữ liệu,7.9,"Kỹ thuật phần mềm nâng cao, Quản lý dự án CNTT, Lập trình hướng đối tượng, Phát triển game, Xác suất thống kê, Xử lý ngôn ngữ tự nhiên, Học sâu, Mật mã học, Triết học Mác-Lênin, Hệ điều hành, Big Data và Hadoop, Lập trình web nâng cao, Hệ thống nhúng, Cơ sở dữ liệu, Phát triển ứng dụng di động, Cloud Computing - AWS/Azure, Cyber Security nâng cao, Toán cao cấp, Kiểm thử phần mềm, Phát triển phần mềm doanh nghiệp, Tiếng Anh chuyên ngành, Lập trình Java, Hệ thống phân tán, Lập trình Python, Tư duy logic và giải quyết vấn đề, Kỹ năng mềm, Phát triển ứng dụng web, Phân tích và thiết kế hệ thống, Cấu trúc dữ liệu và Giải thuật, Machine Learning với TensorFlow, Thiết kế giao diện người dùng, Blockchain cơ bản, Tin học cơ bản, Giáo dục quốc phòng - An ninh, Lập trình C/C++, Giải tích, An toàn thông tin, Học máy","Lập trình, Thiết kế UI/UX, Phát triển web, Khoa học dữ liệu, Machine Learning"
SV11115,Kỹ thuật cơ khí,8.1,"Kỹ thuật hàn, Thiết kế máy, Giáo dục thể chất, Toán cao cấp, Cơ học vật liệu, Giải tích, Cơ điện tử, Tin học cơ bản, Cơ khí chính xác, Tư tưởng Hồ Chí Minh, Kỹ thuật gia công, Kỹ năng mềm, Sản xuất tự động, Triết học Mác-Lênin, Cơ khí chế tạo, Giáo dục quốc phòng - An ninh, Robot công nghiệp","Blockchain, Phát triển web"
SV11116,Truyền thông đa phương tiện,10,"Mạng máy tính, An ninh mạng cơ bản, Trí tuệ nhân tạo, An toàn thông tin, DevOps và CI/CD, Phát triển ứng dụng di động, Phát triển phần mềm doanh nghiệp, Học máy, Tiếng Anh chuyên ngành, Lập trình Java, Triết học Mác-Lênin, Xử lý ngôn ngữ tự nhiên, Giải tích, Giáo dục thể chất, Big Data và Hadoop, Kiểm thử phần mềm, Internet of Things, Kỹ thuật phần mềm nâng cao, Thiết kế giao diện người dùng, Lập trình web nâng cao, Cyber Security nâng cao, Cấu trúc dữ liệu và Giải thuật, Hệ thống phân tán, Kỹ năng mềm",Robot học
SV11117,Âm nhạc học,7.6,"Biểu diễn nhạc cụ, Giải tích, Môn tự chọn 13, Tiếng Anh chuyên ngành, Môn tự chọn 5, Môn tự chọn 14, Soạn nhạc cơ bản, Môn tự chọn 12, Môn tự chọn 15, Môn tự chọn 4, Môn tự chọn 3, Toán cao cấp, Lịch sử âm nhạc, Kỹ thuật thanh nhạc, Môn tự chọn 9, Giáo dục quốc phòng - An ninh, Giáo dục thể chất, Kỹ năng mềm, Môn tự chọn 1, Môn tự chọn 16, Môn tự chọn 2, Âm nhạc lý thuyết, Môn tự chọn 11, Môn tự chọn 7, Phân tích tác phẩm âm nhạc, Tin học cơ bản, Môn tự chọn 8, Hòa âm, Âm nhạc dân gian Việt Nam, Xác suất thống kê, Môn tự chọn 6, Triết học Mác-Lênin, Tư tưởng Hồ Chí Minh, Âm nhạc cổ điển phương Tây, Tư duy logic và giải quyết vấn đề, Âm nhạc hiện đại, Môn tự chọn 17, Môn tự chọn 10","Khiêu vũ, Học ngoại ngữ"
SV11118,Trí tuệ nhân tạo và Học máy,7.9,"Giáo dục thể chất, Blockchain cơ bản, Cấu trúc dữ liệu và Giải thuật, Lập trình C/C++, Giáo dục quốc phòng - An ninh, An ninh mạng cơ bản, Toán cao cấp, Xác suất thống kê, Kỹ thuật phần mềm nâng cao, Học máy, Triết học Mác-Lênin, Cloud Computing - AWS/Azure, Thiết kế giao diện người dùng, Quản lý dự án CNTT, Hệ thống nhúng, Cơ sở dữ liệu, Trí tuệ nhân tạo, Tin học cơ bản","Phát triển ứng dụng di động, Kể chuyện"
SV11119,Thiết kế thời trang,8.8,"Toán cao cấp, Môn tự chọn 2, Tiếng Anh chuyên ngành, Triết học Mác-Lênin, Tin học cơ bản, Môn tự chọn 12, Kỹ năng mềm, Môn tự chọn 16, Tư duy logic và giải quyết vấn đề, Môn tự chọn 11, Tư tưởng Hồ Chí Minh, Môn tự chọn 4, Môn tự chọn 19, Giải tích, Môn tự chọn 1, Môn tự chọn 5, Môn tự chọn 6, Môn tự chọn 14, Môn tự chọn 10, Môn tự chọn 17, Môn tự chọn 7, Môn tự chọn 22, Môn tự chọn 9, Môn tự chọn 13, Môn tự chọn 18, Môn tự chọn 8, Giáo dục thể chất, Môn tự chọn 20, Xác suất thống kê, Môn tự chọn 15, Môn tự chọn 3, Giáo dục quốc phòng - An ninh, Môn tự chọn 21","Du lịch khám phá, Ẩm thực, Vẽ tranh, Thơ ca"
SV11120,Ngôn ngữ Nhật,8.8,"Kanji, Tiếng Nhật cho du lịch, Tiếng Nhật kinh doanh, Tư tưởng Hồ Chí Minh, Tư duy logic và giải quyết vấn đề, Kỹ năng mềm, Tin học cơ bản, Ngữ âm học tiếng Nhật, Triết học Mác-Lênin, Giải tích, Xác suất thống kê, Văn học Nhật Bản, Ngữ pháp tiếng Nhật, Dịch Nhật-Việt, Hiragana & Katakana, Kỹ năng nghe nói tiếng Nhật, Tiếng Anh chuyên ngành, Giáo dục thể chất, Văn hóa Nhật Bản, Giáo dục quốc phòng - An ninh","Internet of Things, Nhiếp ảnh, Thiền"
SV11121,Logistics và Quản lý chuỗi cung ứng,8.9,"Tin học cơ bản, Mật mã học, Giáo dục quốc phòng - An ninh, Phát triển phần mềm doanh nghiệp, Hệ điều hành, Cấu trúc dữ liệu và Giải thuật, Xác suất thống kê, Lập trình web nâng cao, Tiếng Anh chuyên ngành, Tư duy logic và giải quyết vấn đề, Trí tuệ nhân tạo, Lập trình hướng đối tượng, Lập trình Python, Kiểm thử phần mềm, Machine Learning với TensorFlow, Cơ sở dữ liệu, Hệ thống nhúng, Thị giác máy tính, DevOps và CI/CD, Phát triển ứng dụng web, Xử lý ngôn ngữ tự nhiên, Giáo dục thể chất, An ninh mạng cơ bản","Trí tuệ nhân tạo, Cloud Computing, Khoa học dữ liệu, Game Development"
SV11122,Kỹ thuật phần mềm,8.3,"Cyber Security nâng cao, Thiết kế giao diện người dùng, Xử lý ngôn ngữ tự nhiên, Lập trình Python, Kiểm thử phần mềm, Kỹ thuật phần mềm nâng cao, Cloud Computing - AWS/Azure, Blockchain cơ bản, Mật mã học, Thị giác máy tính, An toàn thông tin, Phát triển ứng dụng di động, Lập trình di động iOS/Android, Hệ thống phân tán, Cơ sở dữ liệu, An ninh mạng cơ bản, Phát triển game, Internet of Things, Lập trình hướng đối tượng, Machine Learning với TensorFlow, Hệ điều hành, Lập trình web nâng cao, Xác suất thống kê, Phát triển phần mềm doanh nghiệp, Hệ thống nhúng","Internet of Things, Phân tích dữ liệu, Thiết kế UI/UX, Cyber Security, Trí tuệ nhân tạo"
SV11123,Kế toán,6.6,"Giáo dục quốc phòng - An ninh, Kỹ năng mềm, Kinh tế quốc tế, Kinh tế vi mô, Tư tưởng Hồ Chí Minh, Toán cao cấp, Kế toán tài chính, Ngân hàng thương mại, Tài chính doanh nghiệp, Kinh tế vĩ mô, Tài chính quốc tế, Chuỗi cung ứng, Marketing cơ bản, Môn tự chọn 1, Tin học cơ bản, Logistics, Kinh tế phát triển, Triết học Mác-Lênin, Quản trị nhân sự, Marketing số, Giáo dục thể chất, Tư duy logic và giải quyết vấn đề, Giải tích, Quản trị kinh doanh, Quản trị chiến lược, Thương mại điện tử, Kinh tế lượng, Tiếng Anh chuyên ngành, Kế toán quản trị, Xác suất thống kê","Bán hàng, Khởi nghiệp, Fintech, Kinh doanh quốc tế"
SV11124,Du lịch,9.3,"Thị giác máy tính, Lập trình hướng đối tượng, Giáo dục quốc phòng - An ninh, Lập trình C/C++, Quản lý dự án CNTT, Xử lý ngôn ngữ tự nhiên, Mật mã học, Lập trình di động iOS/Android, Tin học cơ bản, Machine Learning với TensorFlow, Phân tích và thiết kế hệ thống, Xác suất thống kê, Trí tuệ nhân tạo, An toàn thông tin","Phát triển ứng dụng di động, DevOps, Phân tích dữ liệu"
SV11125,Quản trị kinh doanh,6.6,"Tài chính quốc tế, Kinh tế vĩ mô, Chuỗi cung ứng, Marketing cơ bản, Quản trị chiến lược, Quản trị kinh doanh, Tin học cơ bản, Tiếng Anh chuyên ngành, Marketing số, Ngân hàng thương mại, Triết học Mác-Lênin, Giáo dục quốc phòng - An ninh, Toán cao cấp, Kinh tế phát triển, Thương mại điện tử, Kinh tế lượng, Tư tưởng Hồ Chí Minh","Khởi nghiệp, Marketing số, Kinh doanh quốc tế, Bán hàng, Quản trị dự án"
SV11126,Quản trị kinh doanh,8,"Kinh tế phát triển, Quản trị kinh doanh, Kỹ năng mềm, Marketing số, Tin học cơ bản, Quản trị chiến lược, Thương mại điện tử, Tài chính doanh nghiệp, Chuỗi cung ứng, Kinh tế lượng, Kinh tế vi mô, Logistics, Kinh tế quốc tế","Fintech, Thương mại điện tử, Bán hàng"
SV11127,Kế toán,6.9,"Môn tự chọn 10, Môn tự chọn 8, Ngân hàng thương mại, Kinh tế lượng, Kinh tế vi mô, Quản trị kinh doanh, Toán cao cấp, Marketing số, Xác suất thống kê, Tài chính quốc tế, Tiếng Anh chuyên ngành, Tin học cơ bản, Kinh tế vĩ mô, Kỹ năng mềm, Quản trị chiến lược, Triết học Mác-Lênin, Môn tự chọn 5, Giải tích, Môn tự chọn 11, Kinh tế phát triển, Tài chính doanh nghiệp, Môn tự chọn 4, Môn tự chọn 6, Môn tự chọn 3, Logistics, Giáo dục quốc phòng - An ninh, Giáo dục thể chất, Kế toán tài chính, Môn tự chọn 1, Kinh tế quốc tế, Kế toán quản trị, Tư duy logic và giải quyết vấn đề, Thương mại điện tử, Môn tự chọn 2, Quản trị nhân sự, Môn tự chọn 9, Chuỗi cung ứng, Marketing cơ bản, Tư tưởng Hồ Chí Minh, Môn tự chọn 7","Khởi nghiệp, Fintech, Robot học"
SV11128,Công nghệ đa phương tiện,7.6,"Tin học cơ bản, Hệ điều hành, Lập trình C/C++, Tư duy logic và giải quyết vấn đề, Mật mã học, Cấu trúc dữ liệu và Giải thuật, Giáo dục thể chất, Machine Learning với TensorFlow, Mạng máy tính, Phát triển ứng dụng di động, Kỹ năng mềm, Lập trình hướng đối tượng, An toàn thông tin, Internet of Things, Kiểm thử phần mềm, Giải tích, DevOps và CI/CD, Giáo dục quốc phòng - An ninh, Phát triển ứng dụng web, Trí tuệ nhân tạo, Xác suất thống kê, Lập trình di động iOS/Android, Blockchain cơ bản, Thiết kế giao diện người dùng, Phát triển game, Cloud Computing - AWS/Azure","Trí tuệ nhân tạo, DevOps, Blockchain"
SV11129,Ngôn ngữ Hàn Quốc,8,"Xác suất thống kê, Từ vựng tiếng Hàn, Môn tự chọn 3, Giáo dục quốc phòng - An ninh, Toán cao cấp, Môn tự chọn 2, Tư tưởng Hồ Chí Minh, Tiếng Anh chuyên ngành, Triết học Mác-Lênin, Tin học cơ bản, Giải tích, Môn tự chọn 4, Hangeul, Lịch sử Hàn Quốc, Kỹ năng mềm, Môn tự chọn 5, Tiếng Hàn thương mại, Giáo dục thể chất, Ngữ pháp tiếng Hàn, Kỹ năng nghe nói tiếng Hàn, K-pop và văn hóa đại chúng Hàn, Môn tự chọn 1, Ngữ âm học tiếng Hàn, Văn hóa Hàn Quốc, Tư duy logic và giải quyết vấn đề, Dịch Hàn-Việt","Thơ ca, Phân tích dữ liệu, Khởi nghiệp, Fintech, Big Data"
SV11130,Răng - Hàm - Mặt,8,"Toán cao cấp, Miễn dịch học, Bệnh học nội khoa, Tin học cơ bản, Giáo dục quốc phòng - An ninh, Giáo dục thể chất, Dược lý lâm sàng, Tiếng Anh chuyên ngành, Bệnh học ngoại khoa, Tư tưởng Hồ Chí Minh, Xác suất thống kê, Bệnh học truyền nhiễm, Tư duy logic và giải quyết vấn đề, Kỹ năng mềm, Dinh dưỡng học, Dược lâm sàng, Giải phẫu học, Vi sinh y học, Giải tích","Phân tích dữ liệu, Robot học, Khiêu vũ, Diễn thuyết"
SV11131,Công nghệ thông tin,8.1,"Lập trình Python, Mật mã học, Giáo dục quốc phòng - An ninh, Kỹ năng mềm, Thiết kế giao diện người dùng, Phát triển phần mềm doanh nghiệp, Phát triển ứng dụng di động, Xác suất thống kê, Mạng máy tính, Cơ sở dữ liệu, Internet of Things, Cyber Security nâng cao, Quản lý dự án CNTT, Giáo dục thể chất, An toàn thông tin, Big Data và Hadoop, Hệ thống phân tán, Cloud Computing - AWS/Azure, Xử lý ngôn ngữ tự nhiên, DevOps và CI/CD, Phân tích và thiết kế hệ thống, Phát triển ứng dụng web, Kỹ thuật phần mềm nâng cao, Toán cao cấp, Giải tích, Lập trình hướng đối tượng, Phát triển game, Thị giác máy tính, Machine Learning với TensorFlow","Big Data, Thiết kế UI/UX"
SV11132,Kỹ thuật điện,9.3,"Giáo dục quốc phòng - An ninh, Môn tự chọn 5, Tin học cơ bản, Tư duy logic và giải quyết vấn đề, Triết học Mác-Lênin, Kỹ thuật radar, Điện tử số, Truyền thông quang, Hệ thống nhúng nâng cao, Hệ thống điện tử nhúng, Mạng không dây, Giáo dục thể chất, Môn tự chọn 9, Anten và sóng điện từ, Hệ thống điều khiển tự động, Môn tự chọn 1, Xử lý tín hiệu số, Giải tích, Mạng viễn thông, Kỹ năng mềm, Điện tử năng lượng, Kỹ thuật vi mạch, Môn tự chọn 7, Truyền thông vô tuyến, Môn tự chọn 2, Tiếng Anh chuyên ngành, Môn tự chọn 3, Môn tự chọn 4, Môn tự chọn 8, Toán cao cấp, Truyền thông số, Xác suất thống kê, Đo lường điện tử, Điện tử công suất, Điện tử viễn thông, Môn tự chọn 6, Tư tưởng Hồ Chí Minh, Môn tự chọn 10, Điện tử cơ bản","Phát triển web, Phát triển ứng dụng di động"
SV11133,Thiết kế thời trang,8.2,"Môn tự chọn 8, Môn tự chọn 7, Tư tưởng Hồ Chí Minh, Tiếng Anh chuyên ngành, Triết học Mác-Lênin, Môn tự chọn 4, Môn tự chọn 5, Giáo dục quốc phòng - An ninh, Tin học cơ bản, Môn tự chọn 2, Môn tự chọn 9, Xác suất thống kê, Toán cao cấp, Giải tích, Môn tự chọn 6, Kỹ năng mềm, Môn tự chọn 3, Môn tự chọn 13, Môn tự chọn 14, Môn tự chọn 12, Môn tự chọn 16, Môn tự chọn 10, Môn tự chọn 15, Môn tự chọn 1, Môn tự chọn 11, Giáo dục thể chất, Tư duy logic và giải quyết vấn đề","Nhiếp ảnh, Khiêu vũ, Âm nhạc, Vẽ tranh"
SV11134,An ninh mạng,7.5,"Thị giác máy tính, Trí tuệ nhân tạo, Cơ sở dữ liệu, Blockchain cơ bản, Lập trình hướng đối tượng, Phát triển game, Triết học Mác-Lênin, Mật mã học, Lập trình C/C++, Tin học cơ bản, Kiểm thử phần mềm, Giáo dục quốc phòng - An ninh, Hệ thống phân tán, DevOps và CI/CD, Kỹ thuật phần mềm nâng cao, Phát triển ứng dụng di động, Lập trình web nâng cao, Lập trình Java, Giải tích, Giáo dục thể chất, Phát triển ứng dụng web, Xử lý ngôn ngữ tự nhiên, Phát triển phần mềm doanh nghiệp, Cyber Security nâng cao, An ninh mạng cơ bản, Quản lý dự án CNTT, Toán cao cấp, Hệ thống nhúng, Lập trình Python","Trí tuệ nhân tạo, Phân tích dữ liệu, Phát triển ứng dụng di động"
SV11135,Sư phạm Lịch sử,8.7,"Tiếng Anh chuyên ngành, Triết học Mác-Lênin, Kỹ năng mềm, Tư tưởng Hồ Chí Minh, Phân tích sự kiện lịch sử, Toán cao cấp, Xác suất thống kê, Giáo dục thể chất, Lịch sử thế giới cổ đại, Lịch sử Việt Nam cổ đại, Lịch sử Việt Nam hiện đại, Phương pháp giảng dạy Lịch sử, Tư duy logic và giải quyết vấn đề, Tin học cơ bản, Dạy học lịch sử phổ thông, Giáo dục quốc phòng - An ninh, Lịch sử văn hóa Việt Nam, Lịch sử Đảng Cộng sản Việt Nam, Giải tích","Diễn thuyết, Ẩm thực, Yoga, Du lịch khám phá"
SV11136,An ninh mạng,8.9,"Hệ thống nhúng, Mật mã học, Big Data và Hadoop, Phát triển ứng dụng di động, Cyber Security nâng cao, Phát triển ứng dụng web, Quản lý dự án CNTT, Thiết kế giao diện người dùng, Hệ điều hành, Cơ sở dữ liệu, An ninh mạng cơ bản, Cloud Computing - AWS/Azure, Cấu trúc dữ liệu và Giải thuật, Giáo dục thể chất, An toàn thông tin, Lập trình hướng đối tượng, Lập trình web nâng cao, Mạng máy tính, Phát triển game, Kỹ thuật phần mềm nâng cao, Tư duy logic và giải quyết vấn đề, DevOps và CI/CD, Lập trình C/C++, Internet of Things, Hệ thống phân tán, Giáo dục quốc phòng - An ninh, Tin học cơ bản, Xác suất thống kê, Kỹ năng mềm, Xử lý ngôn ngữ tự nhiên","Lập trình, DevOps, Game Development, Phát triển ứng dụng di động"
SV11137,Marketing,6.5,"Ngân hàng thương mại, Thương mại điện tử, Môn tự chọn 2, Tài chính doanh nghiệp, Tin học cơ bản, Quản trị nhân sự, Marketing cơ bản, Quản trị kinh doanh, Kinh tế lượng, Quản trị chiến lược, Kỹ năng mềm, Tư tưởng Hồ Chí Minh, Toán cao cấp, Kinh tế phát triển, Tư duy logic và giải quyết vấn đề, Giáo dục quốc phòng - An ninh, Kinh tế vĩ mô, Xác suất thống kê, Môn tự chọn 1, Kế toán tài chính, Tài chính quốc tế, Giải tích, Kế toán quản trị, Kinh tế vi mô, Giáo dục thể chất, Logistics, Chuỗi cung ứng, Kinh tế quốc tế, Tiếng Anh chuyên ngành, Triết học Mác-Lênin, Marketing số","Fintech, Khởi nghiệp, Bán hàng, Marketing số, Cloud Computing"
SV11138,Thương mại điện tử,8.3,"Lập trình di động iOS/Android, Cấu trúc dữ liệu và Giải thuật, An ninh mạng cơ bản, Lập trình Python, Quản lý dự án CNTT, Phân tích và thiết kế hệ thống, An toàn thông tin, Cloud Computing - AWS/Azure, Internet of Things, Tin học cơ bản, Blockchain cơ bản",Machine Learning
SV11139,Fintech,8.4,"Lập trình Java, Hệ thống phân tán, Quản lý dự án CNTT, Cloud Computing - AWS/Azure, Phát triển ứng dụng di động, Machine Learning với TensorFlow, Lập trình Python, Kỹ năng mềm, Xử lý ngôn ngữ tự nhiên, Phân tích và thiết kế hệ thống, An toàn thông tin, Cấu trúc dữ liệu và Giải thuật, Phát triển phần mềm doanh nghiệp, Trí tuệ nhân tạo, Thiết kế giao diện người dùng, Học sâu, Tiếng Anh chuyên ngành, Cơ sở dữ liệu, Tư duy logic và giải quyết vấn đề, Thị giác máy tính, Lập trình hướng đối tượng","Khoa học dữ liệu, Internet of Things, Trí tuệ nhân tạo, DevOps, Cloud Computing"
SV11140,Truyền thông đa phương tiện,7.4,"Trí tuệ nhân tạo, Phát triển game, DevOps và CI/CD, Toán cao cấp, Mật mã học, Cấu trúc dữ liệu và Giải thuật, Tư tưởng Hồ Chí Minh, Cyber Security nâng cao, Lập trình Java, Lập trình C/C++, Quản lý dự án CNTT, Hệ điều hành, An toàn thông tin, Hệ thống phân tán, An ninh mạng cơ bản, Thị giác máy tính","Thiết kế UI/UX, Khoa học dữ liệu, Game Development, Phân tích dữ liệu"
SV11141,Báo chí,9.1,"Học sâu, Kỹ năng mềm, Lập trình C/C++, Triết học Mác-Lênin, DevOps và CI/CD, Giáo dục quốc phòng - An ninh, Phát triển game, Phát triển phần mềm doanh nghiệp, Tin học cơ bản, Mạng máy tính, Tư duy logic và giải quyết vấn đề, Kiểm thử phần mềm, Kỹ thuật phần mềm nâng cao, Thiết kế giao diện người dùng, Toán cao cấp, Hệ thống phân tán","Cyber Security, Robot học, DevOps, Internet of Things"
SV11142,Kỹ thuật xây dựng,7.5,"Toán cao cấp, Môn tự chọn 5, Quản lý dự án xây dựng, Kỹ năng mềm, Kỹ thuật địa kỹ thuật, Môn tự chọn 14, Thiết kế kiến trúc nội thất, Thiết kế đô thị, Môn tự chọn 10, Cầu và đường, Tin học cơ bản, Công trình ngầm, Kỹ thuật xây dựng, Môn tự chọn 3, Môn tự chọn 8, Giáo dục thể chất, Kết cấu bê tông cốt thép, Môn tự chọn 2, Tư tưởng Hồ Chí Minh, Môn tự chọn 6, Môn tự chọn 11, Triết học Mác-Lênin, Môn tự chọn 15, Môn tự chọn 12, Môn tự chọn 9, Tiếng Anh chuyên ngành, Kiến trúc cảnh quan, Xác suất thống kê, Môn tự chọn 7, Môn tự chọn 1, Kết cấu thép, Môn tự chọn 13, Vật liệu xây dựng, Môn tự chọn 4, Giáo dục quốc phòng - An ninh, Tư duy logic và giải quyết vấn đề, Môn tự chọn 16, Giải tích, Cơ sở hạ tầng đô thị","Game Development, Khoa học dữ liệu"
SV11143,Âm nhạc học,7.8,"Xác suất thống kê, Môn tự chọn 3, Giải tích, Giáo dục quốc phòng - An ninh, Môn tự chọn 6, Môn tự chọn 5, Lịch sử âm nhạc, Tư duy logic và giải quyết vấn đề, Kỹ năng mềm, Môn tự chọn 9, Môn tự chọn 10, Tư tưởng Hồ Chí Minh, Môn tự chọn 7, Tin học cơ bản, Môn tự chọn 1, Tiếng Anh chuyên ngành, Kỹ thuật thanh nhạc, Soạn nhạc cơ bản, Âm nhạc cổ điển phương Tây, Hòa âm, Môn tự chọn 8, Triết học Mác-Lênin, Âm nhạc dân gian Việt Nam, Môn tự chọn 4, Biểu diễn nhạc cụ, Phân tích tác phẩm âm nhạc, Môn tự chọn 11, Toán cao cấp, Âm nhạc lý thuyết, Môn tự chọn 2, Âm nhạc hiện đại, Giáo dục thể chất","Diễn thuyết, Thiền, Yoga"
SV11144,Dược học,7.5,"Y học dự phòng, Giáo dục quốc phòng - An ninh, Môn tự chọn 1, Tư tưởng Hồ Chí Minh, Sinh lý học, Hóa sinh y học, Bệnh học nội khoa, Dược lý lâm sàng, Giải phẫu học, Kỹ năng mềm, Y học cổ truyền, Bệnh học ngoại khoa, Vi sinh y học, Dược lâm sàng, Giáo dục thể chất, Toán cao cấp, Dược lý học, Triết học Mác-Lênin, Xác suất thống kê, Môn tự chọn 2, Tiếng Anh chuyên ngành, Tư duy logic và giải quyết vấn đề, Bệnh học truyền nhiễm, Dinh dưỡng học, Tin học cơ bản, Miễn dịch học, Giải tích, Môn tự chọn 3","Chơi nhạc cụ, Game Development, Vẽ tranh"
SV11145,Kế toán,7.7,"Toán cao cấp, Kinh tế vi mô, Giáo dục thể chất, Tư duy logic và giải quyết vấn đề, Kinh tế phát triển, Marketing cơ bản, Kinh tế lượng, Tiếng Anh chuyên ngành, Kế toán tài chính, Môn tự chọn 5, Tài chính quốc tế, Tài chính doanh nghiệp, Môn tự chọn 8, Giáo dục quốc phòng - An ninh, Kỹ năng mềm, Ngân hàng thương mại, Môn tự chọn 3, Môn tự chọn 2, Kinh tế quốc tế, Quản trị chiến lược, Kinh tế vĩ mô, Môn tự chọn 4, Marketing số, Giải tích, Môn tự chọn 1, Kế toán quản trị, Quản trị nhân sự, Triết học Mác-Lênin, Tin học cơ bản, Logistics, Xác suất thống kê, Tư tưởng Hồ Chí Minh, Chuỗi cung ứng, Thương mại điện tử, Môn tự chọn 6, Môn tự chọn 7, Quản trị kinh doanh","Marketing số, Thương mại điện tử, Fintech"
SV11146,Ngôn ngữ Nhật,6.6,"Tiếng Nhật cho du lịch, Giải tích, Triết học Mác-Lênin, Ngữ pháp tiếng Nhật, Dịch Nhật-Việt, Ngữ âm học tiếng Nhật, Tiếng Anh chuyên ngành, Giáo dục thể chất, Kỹ năng nghe nói tiếng Nhật, Tư tưởng Hồ Chí Minh",Làm video
SV11147,Ngôn ngữ Hàn Quốc,6.3,"Môn tự chọn 3, Tiếng Anh chuyên ngành, Văn hóa Hàn Quốc, Xác suất thống kê, Từ vựng tiếng Hàn, Tư tưởng Hồ Chí Minh, Ngữ âm học tiếng Hàn, Môn tự chọn 2, Toán cao cấp, Giải tích, Kỹ năng mềm, Tư duy logic và giải quyết vấn đề, Giáo dục quốc phòng - An ninh, Triết học Mác-Lênin, Kỹ năng nghe nói tiếng Hàn, Tin học cơ bản, Tiếng Hàn thương mại, Giáo dục thể chất, Hangeul, Ngữ pháp tiếng Hàn, Lịch sử Hàn Quốc, Môn tự chọn 1, K-pop và văn hóa đại chúng Hàn, Dịch Hàn-Việt","Học ngoại ngữ, Bán hàng, Fintech"
SV11148,Công nghệ thông tin,9.3,"Toán cao cấp, Thị giác máy tính, Trí tuệ nhân tạo, Cloud Computing - AWS/Azure, Phát triển ứng dụng web, Kỹ thuật phần mềm nâng cao, Mạng máy tính, Giáo dục thể chất, Hệ điều hành, Cơ sở dữ liệu, Phát triển phần mềm doanh nghiệp, Big Data và Hadoop, An ninh mạng cơ bản, Xác suất thống kê, Thiết kế giao diện người dùng, Mật mã học, Triết học Mác-Lênin, Lập trình C/C++, Cyber Security nâng cao, Phát triển game, Xử lý ngôn ngữ tự nhiên, Lập trình di động iOS/Android, Hệ thống nhúng, Lập trình web nâng cao, Machine Learning với TensorFlow, Phát triển ứng dụng di động, Kỹ năng mềm, DevOps và CI/CD, Tiếng Anh chuyên ngành","Phát triển ứng dụng di động, Robot học, Game Development, Trí tuệ nhân tạo, Cyber Security"
SV11149,Kế toán,6.9,"Chuỗi cung ứng, Kế toán tài chính, Kế toán quản trị, Quản trị chiến lược, Tư tưởng Hồ Chí Minh, Quản trị nhân sự, Marketing số, Tài chính quốc tế, Ngân hàng thương mại, Kinh tế vĩ mô, Thương mại điện tử, Kinh tế quốc tế",Thương mại điện tử
SV11150,Marketing,6.7,"Tin học cơ bản, Tư tưởng Hồ Chí Minh, Tài chính doanh nghiệp, Giáo dục quốc phòng - An ninh, Chuỗi cung ứng, Kinh tế lượng, Xác suất thống kê, Quản trị kinh doanh, Giải tích, Triết học Mác-Lênin, Thương mại điện tử, Logistics, Kỹ năng mềm, Tư duy logic và giải quyết vấn đề, Tài chính quốc tế, Kinh tế vĩ mô, Quản trị nhân sự, Môn tự chọn 1, Kế toán quản trị, Ngân hàng thương mại, Quản trị chiến lược, Kế toán tài chính, Tiếng Anh chuyên ngành, Kinh tế vi mô, Marketing số, Kinh tế quốc tế, Marketing cơ bản, Giáo dục thể chất, Toán cao cấp, Kinh tế phát triển","Thương mại điện tử, Fintech, Quản trị dự án"
SV11151,Quản trị kinh doanh,5.5,"Quản trị kinh doanh, Tin học cơ bản, Kinh tế phát triển, Tài chính doanh nghiệp, Xác suất thống kê, Kinh tế quốc tế, Tư duy logic và giải quyết vấn đề, Marketing số, Tài chính quốc tế, Kinh tế vĩ mô, Chuỗi cung ứng, Kinh tế vi mô, Marketing cơ bản, Tư tưởng Hồ Chí Minh, Toán cao cấp, Logistics, Giáo dục quốc phòng - An ninh, Giải tích",Bán hàng
SV11152,Ngôn ngữ Anh,7.1,"Kỹ năng viết tiếng Anh, Tiếng Anh chuyên ngành, Triết học Mác-Lênin, Giáo dục quốc phòng - An ninh, Ngữ pháp tiếng Anh nâng cao, Kỹ năng nghe tiếng Anh, Kỹ năng nói tiếng Anh, Môn tự chọn 4, Tư duy logic và giải quyết vấn đề, Dịch Việt-Anh, Môn tự chọn 3, Kỹ năng mềm, Tiếng Anh chuyên ngành pháp lý, Tin học cơ bản, Ngữ âm học tiếng Anh, Tiếng Anh học thuật, Kỹ năng đọc hiểu tiếng Anh, Giáo dục thể chất, Tiếng Anh cho kinh doanh, Tiếng Anh thương mại, Xác suất thống kê, Phiên dịch hội nghị, Văn hóa Anh-Mỹ, Toán cao cấp, Môn tự chọn 2, Môn tự chọn 1, Văn học Anh, Tư tưởng Hồ Chí Minh, Dịch Anh-Việt, Giải tích, Tiếng Anh báo chí","Machine Learning, Thơ ca, Quản trị dự án, Fintech"
SV11153,Thương mại điện tử,6.4,"Mạng máy tính, Giáo dục thể chất, Xử lý ngôn ngữ tự nhiên, Tin học cơ bản, Triết học Mác-Lênin, An ninh mạng cơ bản, Big Data và Hadoop, Tiếng Anh chuyên ngành, Xác suất thống kê, Lập trình Python, Lập trình di động iOS/Android, Cyber Security nâng cao, Hệ thống nhúng, Thiết kế giao diện người dùng, Internet of Things, Tư tưởng Hồ Chí Minh, DevOps và CI/CD, Thị giác máy tính, Giải tích, Kỹ năng mềm, Phát triển ứng dụng di động, Cloud Computing - AWS/Azure, Quản lý dự án CNTT, Mật mã học, Hệ điều hành, Học máy","Internet of Things, Khoa học dữ liệu, Blockchain"
SV11154,Điều dưỡng,9.3,"Tiếng Anh chuyên ngành, Miễn dịch học, Dinh dưỡng học, Dược lý học, Kỹ năng mềm, Sinh lý học, Vi sinh y học, Bệnh học nội khoa, Giải phẫu học, Bệnh học ngoại khoa, Hóa sinh y học, Xác suất thống kê, Dược lý lâm sàng, Giải tích, Bệnh học truyền nhiễm, Môn tự chọn 3, Toán cao cấp, Tin học cơ bản, Tư tưởng Hồ Chí Minh, Môn tự chọn 4, Môn tự chọn 2, Triết học Mác-Lênin, Dược lâm sàng, Tư duy logic và giải quyết vấn đề, Y học cổ truyền, Giáo dục quốc phòng - An ninh, Y học dự phòng, Giáo dục thể chất, Môn tự chọn 1, Môn tự chọn 5","Trí tuệ nhân tạo, Khiêu vũ, Khoa học dữ liệu, DevOps"
SV11155,Khoa học máy tính,8.7,"Kỹ năng mềm, Tin học cơ bản, Kiểm thử phần mềm, Blockchain cơ bản, Tư tưởng Hồ Chí Minh, Lập trình hướng đối tượng, Xác suất thống kê, Phát triển ứng dụng di động, Internet of Things, Phân tích và thiết kế hệ thống, Cấu trúc dữ liệu và Giải thuật, DevOps và CI/CD, Lập trình Python, Học máy, Học sâu, Xử lý ngôn ngữ tự nhiên, Tiếng Anh chuyên ngành, Giáo dục quốc phòng - An ninh, Mật mã học, Triết học Mác-Lênin, Mạng máy tính, Lập trình web nâng cao","Phát triển web, Phát triển ứng dụng di động, Thiết kế UI/UX"
SV11156,Hệ thống thông tin,7,"Thiết kế giao diện người dùng, Cloud Computing - AWS/Azure, Lập trình Python, Kỹ thuật phần mềm nâng cao, DevOps và CI/CD, Tiếng Anh chuyên ngành, Cấu trúc dữ liệu và Giải thuật, Toán cao cấp, An toàn thông tin, Phân tích và thiết kế hệ thống, Giáo dục thể chất, Kỹ năng mềm, Giải tích, Tư tưởng Hồ Chí Minh, Quản lý dự án CNTT, Cơ sở dữ liệu, Kiểm thử phần mềm, Lập trình Java, Phát triển game, Big Data và Hadoop, Tin học cơ bản, Phát triển ứng dụng web, Cyber Security nâng cao, Lập trình web nâng cao, Hệ thống nhúng, Triết học Mác-Lênin, Xác suất thống kê, Mật mã học, Internet of Things, Giáo dục quốc phòng - An ninh, Lập trình hướng đối tượng, Mạng máy tính, Machine Learning với TensorFlow, Hệ thống phân tán, Tư duy logic và giải quyết vấn đề, Lập trình di động iOS/Android","Trí tuệ nhân tạo, Khoa học dữ liệu, Phát triển web, Phân tích dữ liệu, Machine Learning"
SV11157,Âm nhạc học,10,"Toán cao cấp, Giải tích, Âm nhạc lý thuyết, Môn tự chọn 6, Triết học Mác-Lênin, Môn tự chọn 14, Môn tự chọn 2, Môn tự chọn 4, Kỹ năng mềm, Môn tự chọn 10, Môn tự chọn 8, Môn tự chọn 15, Soạn nhạc cơ bản, Môn tự chọn 9, Môn tự chọn 3, Âm nhạc hiện đại, Tin học cơ bản, Biểu diễn nhạc cụ, Lịch sử âm nhạc, Môn tự chọn 11, Âm nhạc cổ điển phương Tây, Giáo dục quốc phòng - An ninh, Môn tự chọn 7, Xác suất thống kê, Phân tích tác phẩm âm nhạc, Âm nhạc dân gian Việt Nam, Môn tự chọn 13, Tư duy logic và giải quyết vấn đề, Giáo dục thể chất, Tư tưởng Hồ Chí Minh, Kỹ thuật thanh nhạc, Tiếng Anh chuyên ngành, Môn tự chọn 12, Môn tự chọn 5, Môn tự chọn 1, Hòa âm","Học ngoại ngữ, Đọc sách, Nhiếp ảnh, Yoga, Âm nhạc"
SV11158,Kỹ thuật xây dựng,8.7,"Kết cấu thép, Môn tự chọn 12, Môn tự chọn 4, Môn tự chọn 8, Môn tự chọn 15, Tư duy logic và giải quyết vấn đề, Thiết kế kiến trúc nội thất, Môn tự chọn 1, Kỹ năng mềm, Thiết kế đô thị, Môn tự chọn 6, Kỹ thuật địa kỹ thuật, Cơ sở hạ tầng đô thị, Môn tự chọn 9, Công trình ngầm, Kết cấu bê tông cốt thép, Môn tự chọn 5, Kỹ thuật xây dựng, Môn tự chọn 2, Tin học cơ bản, Cầu và đường, Môn tự chọn 3, Giáo dục quốc phòng - An ninh, Kiến trúc cảnh quan, Vật liệu xây dựng, Môn tự chọn 7, Giải tích, Môn tự chọn 11, Môn tự chọn 13, Môn tự chọn 10, Giáo dục thể chất, Môn tự chọn 14, Xác suất thống kê, Triết học Mác-Lênin, Tư tưởng Hồ Chí Minh, Quản lý dự án xây dựng, Tiếng Anh chuyên ngành, Toán cao cấp",Cloud Computing
SV11159,Sư phạm Tin học,7.4,"Phần mềm giáo dục, Tiếng Anh chuyên ngành, Lập trình cơ bản cho giáo viên, Tin học cơ bản, An toàn mạng trong trường học, Ứng dụng AI trong giảng dạy, Lập trình Scratch cho học sinh, Dạy học Tin học phổ thông, Giáo dục kỹ năng số, Tư duy logic và giải quyết vấn đề","Nhiếp ảnh, Khiêu vũ, Yoga, Đọc sách"
SV11160,Răng - Hàm - Mặt,5.2,"Bệnh học truyền nhiễm, Giải tích, Bệnh học ngoại khoa, Tin học cơ bản, Dinh dưỡng học, Xác suất thống kê, Tư tưởng Hồ Chí Minh, Sinh lý học, Toán cao cấp, Giải phẫu học, Vi sinh y học, Y học cổ truyền, Tư duy logic và giải quyết vấn đề, Kỹ năng mềm","Big Data, Khiêu vũ, Làm video, Ẩm thực"
SV11161,An ninh mạng,10,"Tin học cơ bản, Lập trình di động iOS/Android, Hệ thống nhúng, Cấu trúc dữ liệu và Giải thuật, Hệ thống phân tán, Học máy, Trí tuệ nhân tạo, Phát triển ứng dụng di động, Giáo dục thể chất, Giải tích, Blockchain cơ bản, Lập trình hướng đối tượng, Lập trình Python, Machine Learning với TensorFlow, Phát triển game, Kiểm thử phần mềm, Toán cao cấp, Cơ sở dữ liệu, Lập trình C/C++, Big Data và Hadoop, Internet of Things, Xác suất thống kê, Thiết kế giao diện người dùng, Triết học Mác-Lênin","Diễn thuyết, Phát triển web"
SV11162,Hệ thống thông tin,6.3,"Blockchain cơ bản, Big Data và Hadoop, Học sâu, Lập trình hướng đối tượng, Cơ sở dữ liệu, Lập trình di động iOS/Android, Kỹ năng mềm, Triết học Mác-Lênin, Kỹ thuật phần mềm nâng cao, Hệ điều hành, Thị giác máy tính, Trí tuệ nhân tạo, Machine Learning với TensorFlow, Quản lý dự án CNTT, Xác suất thống kê, Lập trình Java, Phân tích và thiết kế hệ thống, Tiếng Anh chuyên ngành, Thiết kế giao diện người dùng, Tin học cơ bản, DevOps và CI/CD, Cyber Security nâng cao, Mạng máy tính, Phát triển phần mềm doanh nghiệp, Mật mã học, Toán cao cấp","Machine Learning, Trí tuệ nhân tạo, Khoa học dữ liệu, Internet of Things, Cloud Computing"
SV11163,Sư phạm Ngữ văn,6.1,"Giải tích, Văn học Việt Nam cổ điển, Môn tự chọn 14, Triết học Mác-Lênin, Giáo dục thể chất, Môn tự chọn 15, Môn tự chọn 7, Môn tự chọn 4, Nghiên cứu tác phẩm Nguyễn Du, Kỹ năng mềm, Lịch sử văn học thế giới, Môn tự chọn 13, Lí luận văn học, Môn tự chọn 5, Môn tự chọn 3, Môn tự chọn 2, Xác suất thống kê, Môn tự chọn 10, Môn tự chọn 12, Tin học cơ bản, Phương pháp giảng dạy Ngữ văn, Tư duy logic và giải quyết vấn đề, Văn học dân gian, Phân tích tác phẩm văn học, Môn tự chọn 8, Môn tự chọn 1, Ngữ pháp tiếng Việt, Phương pháp dạy văn lớp 12, Văn học Việt Nam hiện đại, Giáo dục quốc phòng - An ninh, Tiếng Anh chuyên ngành, Tư tưởng Hồ Chí Minh, Môn tự chọn 11, Văn học so sánh, Môn tự chọn 9, Môn tự chọn 6, Toán cao cấp, Văn học hiện đại Việt Nam","Ẩm thực, Làm video, Kể chuyện"
SV11164,Kỹ thuật môi trường,8.7,"Kỹ thuật môi trường, Công nghệ xử lý nước, Hóa phân tích môi trường, Tiếng Anh chuyên ngành, Kỹ thuật hóa học, Tư duy logic và giải quyết vấn đề, Kỹ thuật nhiệt hóa học, Tư tưởng Hồ Chí Minh, Kỹ năng mềm, Giáo dục thể chất, Toán cao cấp, Xử lý nước thải, Tin học cơ bản, Môn tự chọn 1, Ô nhiễm không khí, Môn tự chọn 2, Giải tích, Hóa học công nghiệp, Xác suất thống kê, Xử lý chất thải rắn, Kỹ thuật polymer, Giáo dục quốc phòng - An ninh, Triết học Mác-Lênin, Kỹ thuật phản ứng hóa học",Cyber Security
SV11165,Kỹ thuật máy tính,10,"Môn tự chọn 9, Tiếng Anh chuyên ngành, Hệ thống điều khiển tự động, Điện tử cơ bản, Hệ thống nhúng nâng cao, Truyền thông số, Kỹ thuật radar, Đo lường điện tử, Môn tự chọn 10, Mạng không dây, Môn tự chọn 7, Truyền thông quang, Anten và sóng điện từ, Môn tự chọn 5, Môn tự chọn 8, Điện tử công suất, Triết học Mác-Lênin, Truyền thông vô tuyến, Mạng viễn thông, Tin học cơ bản, Điện tử viễn thông, Môn tự chọn 4, Tư tưởng Hồ Chí Minh, Hệ thống điện tử nhúng, Môn tự chọn 3, Tư duy logic và giải quyết vấn đề, Điện tử số, Kỹ năng mềm, Giáo dục thể chất, Kỹ thuật vi mạch, Môn tự chọn 1, Giáo dục quốc phòng - An ninh, Toán cao cấp, Xác suất thống kê, Xử lý tín hiệu số, Môn tự chọn 6, Môn tự chọn 2, Điện tử năng lượng, Giải tích","Cyber Security, Phân tích dữ liệu, Khoa học dữ liệu, Trí tuệ nhân tạo"
SV11166,Dược học,9.1,"Tiếng Anh chuyên ngành, Y học dự phòng, Môn tự chọn 11, Tin học cơ bản, Triết học Mác-Lênin, Môn tự chọn 2, Kỹ năng mềm, Y học cổ truyền, Hóa sinh y học, Môn tự chọn 10, Môn tự chọn 4, Môn tự chọn 5, Xác suất thống kê, Sinh lý học, Bệnh học nội khoa, Tư duy logic và giải quyết vấn đề, Môn tự chọn 9, Dược lý lâm sàng, Môn tự chọn 8, Môn tự chọn 12, Môn tự chọn 7, Môn tự chọn 13, Miễn dịch học, Môn tự chọn 14, Dược lâm sàng, Giải tích, Giải phẫu học, Môn tự chọn 3, Dược lý học, Vi sinh y học, Dinh dưỡng học, Giáo dục quốc phòng - An ninh, Bệnh học ngoại khoa, Giáo dục thể chất, Tư tưởng Hồ Chí Minh, Bệnh học truyền nhiễm, Toán cao cấp, Môn tự chọn 1, Môn tự chọn 6","Làm video, Đọc sách, Phát triển ứng dụng di động"
SV11167,Y khoa,8.3,"Sinh lý học, Dược lý học, Bệnh học truyền nhiễm, Toán cao cấp, Dược lý lâm sàng, Bệnh học nội khoa, Y học cổ truyền, Triết học Mác-Lênin, Giáo dục thể chất, Xác suất thống kê, Dược lâm sàng, Miễn dịch học, Tin học cơ bản, Giải phẫu học, Giáo dục quốc phòng - An ninh, Bệnh học ngoại khoa","Game Development, Đầu tư, Fintech, Phát triển ứng dụng di động, Trí tuệ nhân tạo"
SV11168,Blockchain và Tiền mã hóa,8.3,"Hệ điều hành, Xác suất thống kê, Trí tuệ nhân tạo, An toàn thông tin, Giải tích, Phân tích và thiết kế hệ thống, Lập trình Java, Lập trình Python, Kỹ năng mềm, Kiểm thử phần mềm, Học sâu, Tư duy logic và giải quyết vấn đề, Tin học cơ bản, Machine Learning với TensorFlow, Hệ thống nhúng, Lập trình C/C++, Học máy, Big Data và Hadoop, Cyber Security nâng cao","Machine Learning, DevOps, Robot học, Marketing số"
SV11169,Hệ thống thông tin,8.6,"Phát triển game, Tin học cơ bản, Hệ thống nhúng, Lập trình Python, Phát triển ứng dụng web, An ninh mạng cơ bản, Lập trình hướng đối tượng, Tư duy logic và giải quyết vấn đề, Giải tích, Triết học Mác-Lênin, DevOps và CI/CD, An toàn thông tin",Machine Learning
SV11170,Logistics và Quản lý chuỗi cung ứng,8.5,"Học máy, Hệ điều hành, DevOps và CI/CD, Thiết kế giao diện người dùng, Mạng máy tính, Giáo dục quốc phòng - An ninh, Xác suất thống kê, Kỹ năng mềm, Học sâu, Phân tích và thiết kế hệ thống, Kiểm thử phần mềm, Internet of Things, Lập trình C/C++, Tư duy logic và giải quyết vấn đề, Hệ thống phân tán, Tư tưởng Hồ Chí Minh, An toàn thông tin, Cyber Security nâng cao, Kỹ thuật phần mềm nâng cao, Phát triển ứng dụng web, Hệ thống nhúng, Lập trình di động iOS/Android, Phát triển ứng dụng di động, Triết học Mác-Lênin, Lập trình Python, Giáo dục thể chất, Quản lý dự án CNTT, Trí tuệ nhân tạo, Lập trình hướng đối tượng, Big Data và Hadoop, Lập trình Java, Cấu trúc dữ liệu và Giải thuật, Mật mã học, Phát triển game, Cơ sở dữ liệu, Blockchain cơ bản, Phát triển phần mềm doanh nghiệp","Big Data, Lập trình, Trí tuệ nhân tạo"
SV11171,Tài chính - Ngân hàng,8,"Môn tự chọn 2, Kế toán tài chính, Toán cao cấp, Kỹ năng mềm, Triết học Mác-Lênin, Tư tưởng Hồ Chí Minh, Tư duy logic và giải quyết vấn đề, Quản trị chiến lược, Tin học cơ bản, Kinh tế quốc tế, Logistics, Marketing số, Môn tự chọn 3, Quản trị kinh doanh, Xác suất thống kê, Kinh tế vi mô, Giáo dục quốc phòng - An ninh, Kinh tế phát triển, Chuỗi cung ứng, Thương mại điện tử, Kế toán quản trị, Marketing cơ bản, Giáo dục thể chất, Tài chính doanh nghiệp, Môn tự chọn 1, Kinh tế vĩ mô, Tài chính quốc tế, Quản trị nhân sự, Kinh tế lượng, Ngân hàng thương mại, Giải tích, Tiếng Anh chuyên ngành","Thương mại điện tử, Kinh doanh quốc tế"
SV11172,Y khoa,7.8,"Môn tự chọn 9, Tiếng Anh chuyên ngành, Giáo dục thể chất, Kỹ năng mềm, Dược lý lâm sàng, Hóa sinh y học, Tư duy logic và giải quyết vấn đề, Toán cao cấp, Dinh dưỡng học, Bệnh học truyền nhiễm, Môn tự chọn 4, Môn tự chọn 2, Môn tự chọn 7, Vi sinh y học, Bệnh học ngoại khoa, Y học dự phòng, Môn tự chọn 1, Môn tự chọn 10, Triết học Mác-Lênin, Tư tưởng Hồ Chí Minh, Y học cổ truyền, Giải tích, Môn tự chọn 3, Dược lý học, Tin học cơ bản, Môn tự chọn 8, Miễn dịch học, Giải phẫu học, Giáo dục quốc phòng - An ninh, Sinh lý học, Xác suất thống kê, Môn tự chọn 5, Dược lâm sàng, Bệnh học nội khoa, Môn tự chọn 6","Game Development, Phát triển web, Thiền, Trí tuệ nhân tạo"
SV11173,Công nghệ sinh học,7.6,"Môn tự chọn 1, Tư duy logic và giải quyết vấn đề, Xác suất thống kê, Môn tự chọn 5, Vật liệu sinh học, Sinh học phân tử, Kỹ năng mềm, Môn tự chọn 3, Toán cao cấp, Kỹ thuật mô sinh học, Kỹ thuật y sinh, Thiết bị y tế, Môn tự chọn 2, Hình ảnh y khoa, Công nghệ gen, Công nghệ sinh học ứng dụng, Công nghệ nano y sinh, Triết học Mác-Lênin, Giải tích, Kỹ thuật tế bào, Tiếng Anh chuyên ngành, Môn tự chọn 4, Giáo dục thể chất, Tin học cơ bản, Giáo dục quốc phòng - An ninh, Tư tưởng Hồ Chí Minh","Lập trình, Robot học, Trí tuệ nhân tạo"
SV11174,Khoa học máy tính,6.9,"Cơ sở dữ liệu, Phát triển game, Giải tích, Xác suất thống kê, Lập trình di động iOS/Android, Lập trình Java, Cloud Computing - AWS/Azure, Big Data và Hadoop, Quản lý dự án CNTT, Lập trình Python, Internet of Things, An ninh mạng cơ bản, Phát triển ứng dụng di động, An toàn thông tin, Học máy, Lập trình web nâng cao, Tư duy logic và giải quyết vấn đề, Lập trình hướng đối tượng, DevOps và CI/CD, Phát triển ứng dụng web, Thị giác máy tính, Trí tuệ nhân tạo, Triết học Mác-Lênin, Xử lý ngôn ngữ tự nhiên, Cyber Security nâng cao","Trí tuệ nhân tạo, Cloud Computing, Machine Learning"
SV11175,Thiết kế đồ họa,7.4,"Môn tự chọn 1, Xác suất thống kê, Môn tự chọn 9, Triết học Mác-Lênin, Môn tự chọn 3, Tư duy logic và giải quyết vấn đề, Môn tự chọn 10, Môn tự chọn 8, Kỹ năng mềm, Môn tự chọn 6, Môn tự chọn 2, Môn tự chọn 5, Giáo dục thể chất, Tiếng Anh chuyên ngành, Môn tự chọn 7, Giáo dục quốc phòng - An ninh, Môn tự chọn 4, Tư tưởng Hồ Chí Minh, Tin học cơ bản, Giải tích, Toán cao cấp","Học ngoại ngữ, Đọc sách, Kể chuyện, Âm nhạc"
SV11176,Báo chí,6,"Toán cao cấp, Internet of Things, Kỹ thuật phần mềm nâng cao, An ninh mạng cơ bản, Học máy, Mạng máy tính, Phát triển ứng dụng web, Tiếng Anh chuyên ngành, Phát triển ứng dụng di động, Lập trình hướng đối tượng, Giáo dục thể chất, Hệ thống nhúng, Xử lý ngôn ngữ tự nhiên, An toàn thông tin, Phân tích và thiết kế hệ thống, Cloud Computing - AWS/Azure, Kỹ năng mềm, Giải tích, Tin học cơ bản, Lập trình Python, Quản lý dự án CNTT, Hệ điều hành, Cyber Security nâng cao, Giáo dục quốc phòng - An ninh, Hệ thống phân tán, Tư duy logic và giải quyết vấn đề, Thị giác máy tính, Học sâu, Lập trình C/C++, Lập trình Java, Cấu trúc dữ liệu và Giải thuật, DevOps và CI/CD, Trí tuệ nhân tạo, Lập trình web nâng cao, Mật mã học, Phát triển game","Phát triển web, Game Development"
SV11177,Kế toán,7.6,"Tài chính quốc tế, Toán cao cấp, Marketing số, Tiếng Anh chuyên ngành, Kế toán quản trị, Xác suất thống kê, Kinh tế vi mô, Logistics, Quản trị chiến lược, Quản trị kinh doanh, Tài chính doanh nghiệp, Tư tưởng Hồ Chí Minh, Triết học Mác-Lênin, Chuỗi cung ứng, Kinh tế phát triển, Kinh tế lượng, Marketing cơ bản, Giáo dục quốc phòng - An ninh, Tư duy logic và giải quyết vấn đề, Kỹ năng mềm, Tin học cơ bản, Giải tích, Quản trị nhân sự","Kinh doanh quốc tế, Bán hàng, Fintech, Khởi nghiệp"
SV11178,Sư phạm Toán,6.7,"Triết học Mác-Lênin, Môn tự chọn 4, Môn tự chọn 6, Hình học giải tích, Bài tập toán nâng cao, Môn tự chọn 2, Đại số tuyến tính, Giáo dục quốc phòng - An ninh, Tư duy logic và giải quyết vấn đề, Toán học sơ cấp, Môn tự chọn 1, Môn tự chọn 5, Tư tưởng Hồ Chí Minh, Môn tự chọn 8, Xác suất thống kê, Giải tích, Môn tự chọn 3, Tin học cơ bản, Toán cao cấp, Môn tự chọn 7, Dạy học toán phổ thông, Giáo dục thể chất, Lý thuyết số, Phương pháp giảng dạy Toán, Kỹ năng mềm, Tiếng Anh chuyên ngành, Toán học ứng dụng, Toán rời rạc","Ẩm thực, Khiêu vũ, Yoga, Du lịch khám phá, Thơ ca"
SV11179,Ngôn ngữ Trung Quốc,6.6,"Triết học Mác-Lênin, Xác suất thống kê, Tư tưởng Hồ Chí Minh, Giải tích, Dịch Trung-Việt, Tiếng Trung kinh tế, Tiếng Trung thương mại, Ngữ pháp tiếng Trung, Giáo dục thể chất, Tin học cơ bản, Giáo dục quốc phòng - An ninh, Văn hóa Trung Quốc, Kỹ năng nghe nói tiếng Trung, Toán cao cấp, Ngữ âm học tiếng Trung","Làm video, Nhiếp ảnh, Internet of Things"
SV11180,Ngôn ngữ Trung Quốc,7.9,"Tiếng Anh chuyên ngành, Dịch Trung-Việt, Xác suất thống kê, Tư tưởng Hồ Chí Minh, Ngữ pháp tiếng Trung, Giải tích, Tư duy logic và giải quyết vấn đề, Hán ngữ hiện đại, Kỹ năng nghe nói tiếng Trung, Tiếng Trung thương mại, Hán tự học, Triết học Mác-Lênin, Tiếng Trung kinh tế, Ngữ âm học tiếng Trung, Giáo dục quốc phòng - An ninh, Văn hóa Trung Quốc, Giáo dục thể chất, Kỹ năng mềm, Tin học cơ bản, Toán cao cấp","Kể chuyện, Game Development, Quản trị dự án"
SV11181,Kỹ thuật hóa học,9.1,"Toán cao cấp, Kỹ thuật polymer, Tiếng Anh chuyên ngành, Tư duy logic và giải quyết vấn đề, Công nghệ xử lý nước, Kỹ thuật môi trường, Xử lý chất thải rắn, Giáo dục quốc phòng - An ninh, Giải tích, Tư tưởng Hồ Chí Minh, Tin học cơ bản, Triết học Mác-Lênin, Giáo dục thể chất, Kỹ thuật hóa học, Kỹ thuật phản ứng hóa học, Ô nhiễm không khí, Kỹ thuật nhiệt hóa học, Kỹ năng mềm, Xử lý nước thải, Xác suất thống kê, Hóa học công nghiệp","DevOps, Cloud Computing"
SV11182,Du lịch,8.6,"Hệ thống nhúng, Trí tuệ nhân tạo, Cấu trúc dữ liệu và Giải thuật, Thiết kế giao diện người dùng, Thị giác máy tính, An toàn thông tin, Học máy, Cyber Security nâng cao, DevOps và CI/CD, Học sâu, Phát triển game","Machine Learning, Lập trình, Khiêu vũ, Game Development, Blockchain"
SV11183,Thương mại điện tử,6.1,"Lập trình C/C++, An toàn thông tin, Lập trình hướng đối tượng, Big Data và Hadoop, Học máy, Xử lý ngôn ngữ tự nhiên, Internet of Things, Xác suất thống kê, Trí tuệ nhân tạo, DevOps và CI/CD, Lập trình Java, Phát triển ứng dụng web, Cơ sở dữ liệu, Quản lý dự án CNTT, Học sâu, Machine Learning với TensorFlow, Giải tích, Hệ thống phân tán, Giáo dục thể chất, Tư duy logic và giải quyết vấn đề, Phát triển game, Tư tưởng Hồ Chí Minh, Thiết kế giao diện người dùng, Hệ thống nhúng, Cyber Security nâng cao, Mạng máy tính, Mật mã học, Cấu trúc dữ liệu và Giải thuật, Lập trình web nâng cao, Cloud Computing - AWS/Azure, Lập trình di động iOS/Android, Tiếng Anh chuyên ngành, Phân tích và thiết kế hệ thống, Tin học cơ bản, An ninh mạng cơ bản, Toán cao cấp, Hệ điều hành","Robot học, Khoa học dữ liệu"
SV11184,Kinh tế,6.7,"Tài chính doanh nghiệp, Marketing số, Kinh tế quốc tế, Thương mại điện tử, Kế toán quản trị, Tư duy logic và giải quyết vấn đề, Xác suất thống kê, Quản trị chiến lược, Môn tự chọn 5, Tin học cơ bản, Kinh tế vi mô, Tài chính quốc tế, Kỹ năng mềm, Môn tự chọn 3, Kinh tế vĩ mô, Kế toán tài chính, Giáo dục quốc phòng - An ninh, Môn tự chọn 4, Marketing cơ bản, Quản trị kinh doanh, Tiếng Anh chuyên ngành, Kinh tế phát triển, Chuỗi cung ứng, Triết học Mác-Lênin, Giải tích, Tư tưởng Hồ Chí Minh, Môn tự chọn 2, Logistics, Giáo dục thể chất, Ngân hàng thương mại, Môn tự chọn 1, Kinh tế lượng, Quản trị nhân sự, Toán cao cấp","Fintech, Marketing số, Bán hàng, Kinh doanh quốc tế"
SV11185,Kỹ thuật điện tử - Viễn thông,8.6,"Hệ thống điều khiển tự động, Điện tử năng lượng, Tin học cơ bản, Hệ thống nhúng nâng cao, Truyền thông số, Điện tử viễn thông, Tư tưởng Hồ Chí Minh, Tư duy logic và giải quyết vấn đề, Kỹ thuật radar, Điện tử công suất, Giáo dục quốc phòng - An ninh, Giải tích, Anten và sóng điện từ, Kỹ thuật vi mạch, Mạng không dây, Giáo dục thể chất, Điện tử số, Triết học Mác-Lênin, Đo lường điện tử, Tiếng Anh chuyên ngành, Truyền thông quang, Truyền thông vô tuyến, Kỹ năng mềm, Xử lý tín hiệu số, Toán cao cấp, Mạng viễn thông, Điện tử cơ bản, Xác suất thống kê, Hệ thống điện tử nhúng","Cloud Computing, Big Data, Phân tích dữ liệu"
SV11186,Ngôn ngữ Hàn Quốc,6.7,"Môn tự chọn 3, Ngữ pháp tiếng Hàn, Tư duy logic và giải quyết vấn đề, Tiếng Hàn thương mại, Tin học cơ bản, Hangeul, Từ vựng tiếng Hàn, Môn tự chọn 1, Triết học Mác-Lênin, Giáo dục thể chất, Kỹ năng nghe nói tiếng Hàn, Ngữ âm học tiếng Hàn, Tư tưởng Hồ Chí Minh, Văn hóa Hàn Quốc, Tiếng Anh chuyên ngành, Toán cao cấp, Giáo dục quốc phòng - An ninh, Lịch sử Hàn Quốc, Môn tự chọn 2, K-pop và văn hóa đại chúng Hàn, Môn tự chọn 4, Kỹ năng mềm, Xác suất thống kê, Giải tích, Dịch Hàn-Việt","Cloud Computing, Internet of Things, Khoa học dữ liệu, Fintech, Machine Learning"
SV11187,Răng - Hàm - Mặt,7.5,"Y học cổ truyền, Môn tự chọn 12, Tư duy logic và giải quyết vấn đề, Môn tự chọn 9, Vi sinh y học, Dược lý học, Tin học cơ bản, Môn tự chọn 11, Hóa sinh y học, Môn tự chọn 14, Giáo dục quốc phòng - An ninh, Môn tự chọn 10, Kỹ năng mềm, Bệnh học truyền nhiễm, Môn tự chọn 6, Toán cao cấp, Miễn dịch học, Môn tự chọn 5, Tiếng Anh chuyên ngành, Dược lâm sàng, Giáo dục thể chất, Bệnh học ngoại khoa, Triết học Mác-Lênin, Sinh lý học, Môn tự chọn 13, Xác suất thống kê, Môn tự chọn 2, Giải tích, Dinh dưỡng học, Tư tưởng Hồ Chí Minh, Dược lý lâm sàng, Môn tự chọn 4, Y học dự phòng, Môn tự chọn 1, Môn tự chọn 8, Môn tự chọn 7, Môn tự chọn 3, Giải phẫu học, Bệnh học nội khoa","Quản trị dự án, Cloud Computing"
SV11188,Kinh tế số,8.3,"Quản trị kinh doanh, Ngân hàng thương mại, Xác suất thống kê, Logistics, Tiếng Anh chuyên ngành, Giải tích, Marketing cơ bản, Tư tưởng Hồ Chí Minh, Kế toán tài chính, Thương mại điện tử, Kinh tế lượng, Tài chính quốc tế, Triết học Mác-Lênin, Kinh tế vĩ mô, Giáo dục thể chất, Quản trị chiến lược, Kinh tế quốc tế, Kỹ năng mềm, Chuỗi cung ứng, Kinh tế phát triển, Tài chính doanh nghiệp, Marketing số, Toán cao cấp, Tin học cơ bản, Quản trị nhân sự, Giáo dục quốc phòng - An ninh, Kế toán quản trị, Tư duy logic và giải quyết vấn đề, Kinh tế vi mô","Bán hàng, Thương mại điện tử, Quản trị dự án"
SV11189,Du lịch,6.7,"Quản lý dự án CNTT, Xác suất thống kê, Cấu trúc dữ liệu và Giải thuật, Internet of Things, Giải tích, Hệ điều hành, Phát triển ứng dụng di động, Thiết kế giao diện người dùng, Kiểm thử phần mềm, Tư tưởng Hồ Chí Minh, Phát triển game, Mật mã học, Phát triển ứng dụng web, Cyber Security nâng cao, Tin học cơ bản","Robot học, Phân tích dữ liệu, Marketing số"
SV11190,Thiết kế đồ họa,7.8,"Giáo dục quốc phòng - An ninh, Môn tự chọn 4, Kỹ năng mềm, Triết học Mác-Lênin, Tiếng Anh chuyên ngành, Tin học cơ bản, Tư tưởng Hồ Chí Minh, Môn tự chọn 1, Môn tự chọn 2, Toán cao cấp, Giáo dục thể chất, Xác suất thống kê, Giải tích, Tư duy logic và giải quyết vấn đề, Môn tự chọn 3","Khiêu vũ, Học ngoại ngữ, Làm video, Đọc sách"
SV11191,Tài chính - Ngân hàng,6.4,"Tư tưởng Hồ Chí Minh, Tài chính quốc tế, Kỹ năng mềm, Thương mại điện tử, Kinh tế phát triển, Tiếng Anh chuyên ngành, Giáo dục quốc phòng - An ninh, Chuỗi cung ứng, Kế toán tài chính, Logistics, Quản trị nhân sự, Kinh tế quốc tế, Kinh tế vi mô, Tư duy logic và giải quyết vấn đề, Kinh tế vĩ mô, Tài chính doanh nghiệp, Ngân hàng thương mại, Giải tích, Quản trị chiến lược, Xác suất thống kê, Toán cao cấp, Giáo dục thể chất, Quản trị kinh doanh, Kinh tế lượng, Marketing cơ bản, Kế toán quản trị, Tin học cơ bản, Marketing số","Bán hàng, Fintech, Đầu tư, Khởi nghiệp"
SV11192,Kiến trúc,7.1,"Môn tự chọn 13, Môn tự chọn 3, Kết cấu thép, Kỹ thuật địa kỹ thuật, Giáo dục quốc phòng - An ninh, Môn tự chọn 4, Tiếng Anh chuyên ngành, Môn tự chọn 10, Tư tưởng Hồ Chí Minh, Môn tự chọn 1, Môn tự chọn 5, Cầu và đường, Kết cấu bê tông cốt thép, Tư duy logic và giải quyết vấn đề, Môn tự chọn 6, Môn tự chọn 2, Vật liệu xây dựng, Cơ sở hạ tầng đô thị, Kỹ thuật xây dựng, Quản lý dự án xây dựng, Thiết kế kiến trúc nội thất, Xác suất thống kê, Môn tự chọn 12, Môn tự chọn 9, Kiến trúc cảnh quan, Tin học cơ bản, Giải tích, Thiết kế đô thị, Môn tự chọn 11, Môn tự chọn 8, Kỹ năng mềm, Giáo dục thể chất, Môn tự chọn 7, Triết học Mác-Lênin, Công trình ngầm, Toán cao cấp","Blockchain, Phát triển web, Thiết kế UI/UX, Machine Learning"
SV11193,Kỹ thuật y sinh,8,"Kỹ thuật y sinh, Môn tự chọn 12, Giáo dục quốc phòng - An ninh, Công nghệ gen, Môn tự chọn 5, Kỹ thuật tế bào, Kỹ thuật mô sinh học, Tư tưởng Hồ Chí Minh, Công nghệ nano y sinh, Thiết bị y tế, Công nghệ sinh học ứng dụng, Triết học Mác-Lênin, Môn tự chọn 11, Vật liệu sinh học, Môn tự chọn 14, Môn tự chọn 13, Môn tự chọn 4, Môn tự chọn 8, Môn tự chọn 7, Kỹ năng mềm, Xác suất thống kê, Môn tự chọn 9, Môn tự chọn 2, Môn tự chọn 1, Hình ảnh y khoa, Toán cao cấp, Giáo dục thể chất, Môn tự chọn 10, Tin học cơ bản, Tiếng Anh chuyên ngành, Giải tích, Môn tự chọn 6, Tư duy logic và giải quyết vấn đề, Môn tự chọn 3, Sinh học phân tử","Khoa học dữ liệu, Machine Learning, Internet of Things"
SV11194,Công nghệ sinh học,6.1,"Giải tích, Công nghệ gen, Sinh học phân tử, Thiết bị y tế, Kỹ thuật tế bào, Kỹ thuật mô sinh học, Hình ảnh y khoa, Giáo dục thể chất, Kỹ thuật y sinh, Tiếng Anh chuyên ngành, Công nghệ sinh học ứng dụng, Toán cao cấp, Tư tưởng Hồ Chí Minh, Tư duy logic và giải quyết vấn đề","Robot học, Phát triển web"
SV11195,Công nghệ thông tin,8.1,"Toán cao cấp, Triết học Mác-Lênin, Quản lý dự án CNTT, Lập trình hướng đối tượng, Blockchain cơ bản, Machine Learning với TensorFlow, Tiếng Anh chuyên ngành, Trí tuệ nhân tạo, Tin học cơ bản, Big Data và Hadoop, Tư duy logic và giải quyết vấn đề, Hệ thống phân tán, Kiểm thử phần mềm, Lập trình Python, Thị giác máy tính, Học máy","Cyber Security, Game Development, DevOps"
SV11196,Ngôn ngữ Trung Quốc,7.7,"Tiếng Trung thương mại, Tin học cơ bản, Hán tự học, Văn hóa Trung Quốc, Kỹ năng nghe nói tiếng Trung, Xác suất thống kê, Giải tích, Giáo dục quốc phòng - An ninh, Tiếng Trung kinh tế, Tiếng Anh chuyên ngành, Ngữ âm học tiếng Trung, Tư duy logic và giải quyết vấn đề, Tư tưởng Hồ Chí Minh, Văn học cổ điển Trung Quốc, Dịch Trung-Việt, Hán ngữ hiện đại, Triết học Mác-Lênin, Ngữ pháp tiếng Trung","Phát triển ứng dụng di động, Viết lách"
SV11197,Quản trị khách sạn,8.3,"Quản trị kinh doanh, Giải tích, Tư tưởng Hồ Chí Minh, Kỹ năng mềm, Marketing số, Thương mại điện tử, Tài chính quốc tế, Tiếng Anh chuyên ngành, Triết học Mác-Lênin, Toán cao cấp, Quản trị nhân sự, Marketing cơ bản, Tư duy logic và giải quyết vấn đề, Logistics, Xác suất thống kê, Tin học cơ bản, Kinh tế phát triển, Tài chính doanh nghiệp, Giáo dục thể chất, Quản trị chiến lược","Marketing số, Kinh doanh quốc tế, Fintech"
SV11198,Công nghệ sinh học,7.9,"Tin học cơ bản, Công nghệ gen, Công nghệ sinh học ứng dụng, Triết học Mác-Lênin, Giáo dục quốc phòng - An ninh, Giải tích, Tư tưởng Hồ Chí Minh, Sinh học phân tử, Hình ảnh y khoa, Vật liệu sinh học, Kỹ thuật mô sinh học","Phát triển ứng dụng di động, Phát triển web"
SV11199,Kiến trúc,9.1,"Kỹ thuật xây dựng, Thiết kế kiến trúc nội thất, Cơ sở hạ tầng đô thị, Kỹ thuật địa kỹ thuật, Kết cấu thép, Tư tưởng Hồ Chí Minh, Kiến trúc cảnh quan, Kỹ năng mềm, Giáo dục quốc phòng - An ninh, Công trình ngầm, Tin học cơ bản, Thiết kế đô thị, Triết học Mác-Lênin, Tiếng Anh chuyên ngành, Quản lý dự án xây dựng, Kết cấu bê tông cốt thép, Cầu và đường, Xác suất thống kê",DevOps
SV11200,Ngôn ngữ Hàn Quốc,7.8,"Giáo dục quốc phòng - An ninh, Văn hóa Hàn Quốc, Lịch sử Hàn Quốc, Kỹ năng mềm, Từ vựng tiếng Hàn, Ngữ pháp tiếng Hàn, Tư duy logic và giải quyết vấn đề, Ngữ âm học tiếng Hàn, Triết học Mác-Lênin, K-pop và văn hóa đại chúng Hàn, Xác suất thống kê","Làm video, Khởi nghiệp"
SV11201,Truyền thông đa phương tiện,7.3,"An toàn thông tin, Giáo dục quốc phòng - An ninh, Lập trình di động iOS/Android, Xác suất thống kê, Lập trình web nâng cao, Phát triển ứng dụng di động, Hệ thống phân tán, Machine Learning với TensorFlow, Tư tưởng Hồ Chí Minh, Hệ điều hành, Kỹ năng mềm, Thị giác máy tính, An ninh mạng cơ bản, Internet of Things, Phát triển ứng dụng web, Học sâu, Tư duy logic và giải quyết vấn đề, Lập trình Java, Lập trình C/C++, Cấu trúc dữ liệu và Giải thuật","Cloud Computing, Internet of Things, Robot học, Phát triển web, Phát triển ứng dụng di động"
SV11202,Kỹ thuật điện tử - Viễn thông,7.8,"Xác suất thống kê, Kỹ thuật radar, Hệ thống điện tử nhúng, Triết học Mác-Lênin, Mạng viễn thông, Toán cao cấp, Truyền thông số, Điện tử cơ bản, Giáo dục thể chất, Tin học cơ bản, Giáo dục quốc phòng - An ninh, Tư tưởng Hồ Chí Minh, Đo lường điện tử, Tiếng Anh chuyên ngành, Mạng không dây, Điện tử số, Tư duy logic và giải quyết vấn đề, Điện tử công suất, Điện tử năng lượng, Anten và sóng điện từ, Kỹ thuật vi mạch, Xử lý tín hiệu số, Truyền thông vô tuyến, Hệ thống nhúng nâng cao, Truyền thông quang","Cyber Security, Game Development"
SV11203,Khoa học dữ liệu,8.2,"Blockchain cơ bản, Kỹ thuật phần mềm nâng cao, Phát triển phần mềm doanh nghiệp, An toàn thông tin, Cấu trúc dữ liệu và Giải thuật, Machine Learning với TensorFlow, Lập trình Python, Giáo dục thể chất, Tin học cơ bản, Lập trình web nâng cao, Kiểm thử phần mềm, Tiếng Anh chuyên ngành, Hệ điều hành, Phát triển ứng dụng di động, DevOps và CI/CD, Lập trình hướng đối tượng, Xác suất thống kê, Xử lý ngôn ngữ tự nhiên, Phát triển game, Triết học Mác-Lênin, Internet of Things, Phân tích và thiết kế hệ thống","DevOps, Phát triển ứng dụng di động, Machine Learning, Khoa học dữ liệu"
SV11204,Dược học,7.7,"Tư duy logic và giải quyết vấn đề, Giáo dục thể chất, Bệnh học nội khoa, Y học cổ truyền, Môn tự chọn 5, Miễn dịch học, Môn tự chọn 1, Y học dự phòng, Môn tự chọn 3, Sinh lý học, Dược lý học, Toán cao cấp, Môn tự chọn 11, Vi sinh y học, Hóa sinh y học, Triết học Mác-Lênin, Kỹ năng mềm, Giải tích, Dinh dưỡng học, Tiếng Anh chuyên ngành, Môn tự chọn 7, Môn tự chọn 9, Bệnh học truyền nhiễm, Môn tự chọn 2, Tư tưởng Hồ Chí Minh, Môn tự chọn 6, Môn tự chọn 4, Môn tự chọn 10, Môn tự chọn 8, Dược lý lâm sàng, Giáo dục quốc phòng - An ninh, Dược lâm sàng, Tin học cơ bản, Xác suất thống kê, Bệnh học ngoại khoa, Giải phẫu học","Cloud Computing, Viết lách"
SV11205,Dược học,7.7,"Y học dự phòng, Toán cao cấp, Môn tự chọn 9, Dược lâm sàng, Sinh lý học, Giáo dục quốc phòng - An ninh, Môn tự chọn 4, Bệnh học nội khoa, Môn tự chọn 5, Triết học Mác-Lênin, Môn tự chọn 6, Tiếng Anh chuyên ngành, Kỹ năng mềm, Vi sinh y học, Giải tích, Dược lý lâm sàng, Môn tự chọn 8, Môn tự chọn 1, Hóa sinh y học, Miễn dịch học, Môn tự chọn 11, Giải phẫu học, Y học cổ truyền, Bệnh học ngoại khoa, Môn tự chọn 2, Môn tự chọn 3, Tư duy logic và giải quyết vấn đề, Xác suất thống kê, Dược lý học, Tư tưởng Hồ Chí Minh, Dinh dưỡng học, Môn tự chọn 7, Bệnh học truyền nhiễm, Giáo dục thể chất, Tin học cơ bản, Môn tự chọn 10","Game Development, Kinh doanh quốc tế"
SV11206,Âm nhạc học,7,"Âm nhạc dân gian Việt Nam, Hòa âm, Biểu diễn nhạc cụ, Xác suất thống kê, Tiếng Anh chuyên ngành, Giáo dục thể chất, Lịch sử âm nhạc, Âm nhạc cổ điển phương Tây, Âm nhạc lý thuyết, Kỹ năng mềm, Tin học cơ bản",Vẽ tranh
SV11207,Du lịch,7,"Hệ thống phân tán, Xác suất thống kê, Internet of Things, Kỹ thuật phần mềm nâng cao, Phát triển ứng dụng di động, Cơ sở dữ liệu, Tiếng Anh chuyên ngành, Thiết kế giao diện người dùng, An ninh mạng cơ bản, Phát triển ứng dụng web, Hệ điều hành, DevOps và CI/CD, Lập trình hướng đối tượng, Kỹ năng mềm, Lập trình di động iOS/Android, Xử lý ngôn ngữ tự nhiên, Giải tích, Học máy, An toàn thông tin, Cấu trúc dữ liệu và Giải thuật, Lập trình Python, Trí tuệ nhân tạo, Phân tích và thiết kế hệ thống","Internet of Things, Lập trình"
SV11208,Kinh tế,6.3,"Tài chính quốc tế, Kinh tế phát triển, Toán cao cấp, Giáo dục quốc phòng - An ninh, Tin học cơ bản, Kinh tế lượng, Quản trị chiến lược, Tư tưởng Hồ Chí Minh, Thương mại điện tử, Kế toán tài chính, Quản trị nhân sự, Kỹ năng mềm, Tiếng Anh chuyên ngành, Kinh tế vi mô, Ngân hàng thương mại, Kinh tế quốc tế, Giáo dục thể chất, Kinh tế vĩ mô, Marketing số","Marketing số, Fintech, Bán hàng, Yoga, Khởi nghiệp"
SV11209,Logistics và Quản lý chuỗi cung ứng,9.4,"Hệ thống phân tán, Cấu trúc dữ liệu và Giải thuật, Phát triển ứng dụng di động, Kỹ năng mềm, Big Data và Hadoop, Thị giác máy tính, Giáo dục quốc phòng - An ninh, Xác suất thống kê, Tư tưởng Hồ Chí Minh, Blockchain cơ bản, Machine Learning với TensorFlow, Giáo dục thể chất, Trí tuệ nhân tạo, Tiếng Anh chuyên ngành, Kiểm thử phần mềm, Học sâu, Lập trình Java, Mật mã học, Toán cao cấp, Lập trình hướng đối tượng, Mạng máy tính, An ninh mạng cơ bản, Cloud Computing - AWS/Azure, Hệ thống nhúng, Xử lý ngôn ngữ tự nhiên, Lập trình web nâng cao, An toàn thông tin","Machine Learning, Trí tuệ nhân tạo"
SV11210,Kỹ thuật phần mềm,6.5,"Thị giác máy tính, DevOps và CI/CD, An toàn thông tin, Lập trình C/C++, Big Data và Hadoop, Lập trình di động iOS/Android, Phát triển ứng dụng di động, Giải tích, Xử lý ngôn ngữ tự nhiên, An ninh mạng cơ bản, Lập trình Python, Thiết kế giao diện người dùng, Lập trình web nâng cao, Tư duy logic và giải quyết vấn đề, Hệ thống nhúng, Kỹ thuật phần mềm nâng cao, Tiếng Anh chuyên ngành, Cơ sở dữ liệu","Phát triển web, DevOps, Machine Learning"
SV11211,Ngôn ngữ Anh,7,"Phiên dịch hội nghị, Kỹ năng nghe tiếng Anh, Tiếng Anh chuyên ngành pháp lý, Ngữ pháp tiếng Anh nâng cao, Kỹ năng đọc hiểu tiếng Anh, Tiếng Anh cho kinh doanh, Tiếng Anh chuyên ngành, Văn học Anh, Tư tưởng Hồ Chí Minh, Giáo dục quốc phòng - An ninh, Tiếng Anh học thuật, Tin học cơ bản, Xác suất thống kê, Kỹ năng viết tiếng Anh, Ngữ âm học tiếng Anh, Dịch Anh-Việt, Kỹ năng nói tiếng Anh, Dịch Việt-Anh, Giáo dục thể chất, Văn hóa Anh-Mỹ, Kỹ năng mềm","Chơi nhạc cụ, Big Data, Khởi nghiệp"
SV11212,Ngôn ngữ Trung Quốc,7,"Môn tự chọn 4, Môn tự chọn 3, Môn tự chọn 11, Dịch Trung-Việt, Kỹ năng mềm, Môn tự chọn 9, Môn tự chọn 5, Triết học Mác-Lênin, Ngữ âm học tiếng Trung, Môn tự chọn 7, Giáo dục thể chất, Hán ngữ hiện đại, Môn tự chọn 8, Môn tự chọn 6, Tư duy logic và giải quyết vấn đề, Hán tự học, Môn tự chọn 1, Tiếng Anh chuyên ngành, Toán cao cấp, Tin học cơ bản, Văn học cổ điển Trung Quốc, Giáo dục quốc phòng - An ninh, Kỹ năng nghe nói tiếng Trung, Tư tưởng Hồ Chí Minh, Văn hóa Trung Quốc, Xác suất thống kê, Ngữ pháp tiếng Trung, Tiếng Trung thương mại, Tiếng Trung kinh tế, Giải tích, Môn tự chọn 2, Môn tự chọn 10","Đầu tư, Phát triển ứng dụng di động, Chơi nhạc cụ"
SV11213,Blockchain và Tiền mã hóa,8.6,"Lập trình Python, Mạng máy tính, Phát triển ứng dụng web, Lập trình di động iOS/Android, Xác suất thống kê, Tiếng Anh chuyên ngành, Lập trình hướng đối tượng, Quản lý dự án CNTT, Giáo dục thể chất, Kỹ thuật phần mềm nâng cao, Machine Learning với TensorFlow, Trí tuệ nhân tạo, Tư tưởng Hồ Chí Minh, Lập trình C/C++, Giáo dục quốc phòng - An ninh, Blockchain cơ bản, Hệ thống phân tán, An ninh mạng cơ bản, Mật mã học, Hệ điều hành, Big Data và Hadoop, Hệ thống nhúng, Học sâu, Kiểm thử phần mềm, Cyber Security nâng cao, Toán cao cấp, Phát triển ứng dụng di động, Xử lý ngôn ngữ tự nhiên, Tin học cơ bản, Phát triển game, Lập trình Java, Thiết kế giao diện người dùng, Lập trình web nâng cao, Cloud Computing - AWS/Azure, Cấu trúc dữ liệu và Giải thuật, An toàn thông tin, Phát triển phần mềm doanh nghiệp","Thiết kế UI/UX, Blockchain, Phát triển web, Phát triển ứng dụng di động, DevOps"
SV11214,Ngôn ngữ Anh,7.4,"Tiếng Anh học thuật, Tư tưởng Hồ Chí Minh, Giáo dục thể chất, Phiên dịch hội nghị, Giải tích, Tiếng Anh cho kinh doanh, Giáo dục quốc phòng - An ninh, Kỹ năng viết tiếng Anh, Kỹ năng nghe tiếng Anh, Triết học Mác-Lênin, Tiếng Anh chuyên ngành, Ngữ pháp tiếng Anh nâng cao, Dịch Việt-Anh, Kỹ năng mềm, Kỹ năng đọc hiểu tiếng Anh, Kỹ năng nói tiếng Anh, Tiếng Anh chuyên ngành pháp lý, Tin học cơ bản, Văn học Anh, Dịch Anh-Việt, Tư duy logic và giải quyết vấn đề, Xác suất thống kê, Ngữ âm học tiếng Anh","Thiền, Ẩm thực"
SV11215,Du lịch,8.9,"Cloud Computing - AWS/Azure, Lập trình Python, Thị giác máy tính, Phát triển ứng dụng web, Internet of Things, Triết học Mác-Lênin, Big Data và Hadoop, Tiếng Anh chuyên ngành, Phát triển phần mềm doanh nghiệp, Hệ thống phân tán, Cấu trúc dữ liệu và Giải thuật, Hệ thống nhúng, Tư tưởng Hồ Chí Minh, DevOps và CI/CD","Thiết kế UI/UX, Internet of Things, Blockchain"
SV11216,Âm nhạc học,7,"Giáo dục quốc phòng - An ninh, Xác suất thống kê, Kỹ thuật thanh nhạc, Môn tự chọn 5, Tiếng Anh chuyên ngành, Môn tự chọn 7, Phân tích tác phẩm âm nhạc, Môn tự chọn 12, Soạn nhạc cơ bản, Kỹ năng mềm, Môn tự chọn 2, Môn tự chọn 15, Giải tích, Hòa âm, Môn tự chọn 13, Môn tự chọn 8, Âm nhạc dân gian Việt Nam, Môn tự chọn 4, Môn tự chọn 14, Toán cao cấp, Lịch sử âm nhạc, Môn tự chọn 11, Âm nhạc hiện đại, Môn tự chọn 3, Môn tự chọn 10, Âm nhạc lý thuyết, Môn tự chọn 6, Giáo dục thể chất, Môn tự chọn 1, Môn tự chọn 9, Tư duy logic và giải quyết vấn đề, Triết học Mác-Lênin, Biểu diễn nhạc cụ, Âm nhạc cổ điển phương Tây, Tin học cơ bản, Tư tưởng Hồ Chí Minh","Học ngoại ngữ, Diễn thuyết, Làm video, Du lịch khám phá, Khiêu vũ"
SV11217,Thiết kế thời trang,8,"Môn tự chọn 5, Kỹ năng mềm, Môn tự chọn 10, Môn tự chọn 13, Môn tự chọn 19, Triết học Mác-Lênin, Môn tự chọn 14, Môn tự chọn 11, Môn tự chọn 7, Xác suất thống kê, Giáo dục thể chất, Môn tự chọn 6, Môn tự chọn 3, Giải tích, Môn tự chọn 18, Môn tự chọn 2, Môn tự chọn 15, Tin học cơ bản, Môn tự chọn 20, Tư tưởng Hồ Chí Minh, Toán cao cấp, Giáo dục quốc phòng - An ninh, Môn tự chọn 4, Môn tự chọn 9, Môn tự chọn 8, Tiếng Anh chuyên ngành, Môn tự chọn 12, Tư duy logic và giải quyết vấn đề, Môn tự chọn 1, Môn tự chọn 16, Môn tự chọn 17","Yoga, Nhiếp ảnh"
SV11218,Công nghệ đa phương tiện,6.9,"Cấu trúc dữ liệu và Giải thuật, Tin học cơ bản, Lập trình hướng đối tượng, Cloud Computing - AWS/Azure, Thị giác máy tính, Mạng máy tính, Hệ điều hành, Lập trình C/C++, Lập trình di động iOS/Android, Machine Learning với TensorFlow, Phát triển game","Blockchain, Trí tuệ nhân tạo, Robot học, Khoa học dữ liệu, Cloud Computing"
SV11219,Y khoa,9.8,"Giải phẫu học, Vi sinh y học, Bệnh học ngoại khoa, Giải tích, Y học cổ truyền, Giáo dục quốc phòng - An ninh, Dược lý lâm sàng, Toán cao cấp, Y học dự phòng, Bệnh học nội khoa, Triết học Mác-Lênin, Dinh dưỡng học, Tiếng Anh chuyên ngành, Miễn dịch học, Dược lý học","Làm video, Âm nhạc, Ẩm thực"
SV11220,Fintech,6.5,"Phát triển game, Hệ thống phân tán, Tư tưởng Hồ Chí Minh, Mạng máy tính, Lập trình di động iOS/Android, Cyber Security nâng cao, Internet of Things, Trí tuệ nhân tạo, Triết học Mác-Lênin, Toán cao cấp, Giáo dục quốc phòng - An ninh, Tiếng Anh chuyên ngành, Hệ thống nhúng, An ninh mạng cơ bản, Học máy, Học sâu, Kỹ thuật phần mềm nâng cao, Phát triển ứng dụng web, Thị giác máy tính, Lập trình Python, Tin học cơ bản, Xử lý ngôn ngữ tự nhiên, Lập trình Java, An toàn thông tin, Kỹ năng mềm, Hệ điều hành, Blockchain cơ bản, Mật mã học, Thiết kế giao diện người dùng, Quản lý dự án CNTT, Tư duy logic và giải quyết vấn đề, Cấu trúc dữ liệu và Giải thuật, Cloud Computing - AWS/Azure","Game Development, Robot học, Thiết kế UI/UX"
SV11221,Hệ thống thông tin,8,"Tư duy logic và giải quyết vấn đề, Kỹ năng mềm, Lập trình C/C++, Phát triển phần mềm doanh nghiệp, Kỹ thuật phần mềm nâng cao, Blockchain cơ bản, Xử lý ngôn ngữ tự nhiên, Giáo dục quốc phòng - An ninh, Lập trình hướng đối tượng, Giải tích","Cyber Security, Yoga, Blockchain, Big Data, Lập trình"
SV11222,Khoa học dữ liệu,8.3,"Thị giác máy tính, Tư tưởng Hồ Chí Minh, Mật mã học, Hệ thống nhúng, Big Data và Hadoop, Tư duy logic và giải quyết vấn đề, Xác suất thống kê, Machine Learning với TensorFlow, Tin học cơ bản, Cloud Computing - AWS/Azure, Phân tích và thiết kế hệ thống, Mạng máy tính, Hệ điều hành, Học máy, Cấu trúc dữ liệu và Giải thuật","Robot học, Trí tuệ nhân tạo, Thiết kế UI/UX"
SV11223,Công nghệ thông tin,8.1,"Xác suất thống kê, Mật mã học, Hệ thống phân tán, Giải tích, An ninh mạng cơ bản, Machine Learning với TensorFlow, Kiểm thử phần mềm, Thiết kế giao diện người dùng, Kỹ thuật phần mềm nâng cao, DevOps và CI/CD, Lập trình hướng đối tượng, Giáo dục quốc phòng - An ninh, Cơ sở dữ liệu, Phát triển phần mềm doanh nghiệp, Giáo dục thể chất, Lập trình web nâng cao, Triết học Mác-Lênin, Mạng máy tính, Phát triển game, Cloud Computing - AWS/Azure, Lập trình C/C++, Big Data và Hadoop, Xử lý ngôn ngữ tự nhiên, Quản lý dự án CNTT, Học máy, Tiếng Anh chuyên ngành, Cyber Security nâng cao, Phát triển ứng dụng web, Lập trình Python, Hệ điều hành, Học sâu","Trí tuệ nhân tạo, Phát triển web, Khoa học dữ liệu, Blockchain, Cyber Security"
SV11224,An ninh mạng,7.5,"Cơ sở dữ liệu, Phân tích và thiết kế hệ thống, Xử lý ngôn ngữ tự nhiên, DevOps và CI/CD, Triết học Mác-Lênin, An toàn thông tin, Học máy, Lập trình hướng đối tượng, Machine Learning với TensorFlow, Trí tuệ nhân tạo, Cấu trúc dữ liệu và Giải thuật, Hệ điều hành, Cyber Security nâng cao, Tin học cơ bản, Blockchain cơ bản, Lập trình web nâng cao, Quản lý dự án CNTT, Toán cao cấp, Mật mã học, Tư tưởng Hồ Chí Minh, Hệ thống phân tán, Giải tích, Tiếng Anh chuyên ngành, Phát triển game, Phát triển ứng dụng web, Giáo dục thể chất, Thiết kế giao diện người dùng, Big Data và Hadoop, Phát triển ứng dụng di động, Học sâu","Big Data, Machine Learning, Phát triển web, Game Development"
SV11225,Âm nhạc học,7.6,"Phân tích tác phẩm âm nhạc, Giáo dục quốc phòng - An ninh, Kỹ năng mềm, Âm nhạc lý thuyết, Âm nhạc dân gian Việt Nam, Biểu diễn nhạc cụ, Tin học cơ bản, Tư duy logic và giải quyết vấn đề, Soạn nhạc cơ bản, Hòa âm, Giải tích, Lịch sử âm nhạc, Tư tưởng Hồ Chí Minh, Kỹ thuật thanh nhạc, Âm nhạc hiện đại, Tiếng Anh chuyên ngành, Giáo dục thể chất, Toán cao cấp","Nhiếp ảnh, Làm video, Khiêu vũ, Du lịch khám phá"
SV11226,Kỹ thuật hóa học,7.7,"Triết học Mác-Lênin, Ô nhiễm không khí, Công nghệ xử lý nước, Kỹ thuật hóa học, Tin học cơ bản, Hóa học công nghiệp, Xử lý nước thải, Kỹ thuật phản ứng hóa học, Xác suất thống kê, Giáo dục quốc phòng - An ninh, Tiếng Anh chuyên ngành, Kỹ thuật môi trường, Kỹ thuật nhiệt hóa học, Giáo dục thể chất, Giải tích","Phân tích dữ liệu, Phát triển ứng dụng di động, Chơi nhạc cụ, Game Development, Khoa học dữ liệu"
SV11227,Kỹ thuật xây dựng,7.6,"Công trình ngầm, Cầu và đường, Tư duy logic và giải quyết vấn đề, Toán cao cấp, Kỹ thuật xây dựng, Triết học Mác-Lênin, Tiếng Anh chuyên ngành, Xác suất thống kê, Thiết kế kiến trúc nội thất, Giáo dục thể chất, Kiến trúc cảnh quan, Cơ sở hạ tầng đô thị, Kỹ thuật địa kỹ thuật, Tin học cơ bản, Thiết kế đô thị, Vật liệu xây dựng, Kết cấu thép, Tư tưởng Hồ Chí Minh, Giải tích, Quản lý dự án xây dựng, Giáo dục quốc phòng - An ninh, Kết cấu bê tông cốt thép","Thiết kế UI/UX, Lập trình, Blockchain, Machine Learning, Phát triển web"
SV11228,Công nghệ đa phương tiện,8.7,"Phát triển ứng dụng di động, Cyber Security nâng cao, Kỹ năng mềm, An toàn thông tin, Tin học cơ bản, Quản lý dự án CNTT, Cơ sở dữ liệu, Giáo dục thể chất, Lập trình di động iOS/Android, An ninh mạng cơ bản, Thị giác máy tính, Phát triển phần mềm doanh nghiệp, Mạng máy tính, Kiểm thử phần mềm, Cloud Computing - AWS/Azure, Lập trình Python, Toán cao cấp, Phân tích và thiết kế hệ thống, DevOps và CI/CD, Big Data và Hadoop, Machine Learning với TensorFlow, Giải tích, Internet of Things, Học sâu, Xác suất thống kê, Hệ thống phân tán","Machine Learning, Cloud Computing"
SV11229,Sư phạm Lịch sử,9.9,"Toán cao cấp, Giải tích, Giáo dục thể chất, Môn tự chọn 10, Tiếng Anh chuyên ngành, Tin học cơ bản, Môn tự chọn 5, Kỹ năng mềm, Triết học Mác-Lênin, Lịch sử Việt Nam hiện đại, Môn tự chọn 6, Môn tự chọn 7, Môn tự chọn 3, Phân tích sự kiện lịch sử, Lịch sử Đảng Cộng sản Việt Nam, Giáo dục quốc phòng - An ninh, Tư duy logic và giải quyết vấn đề, Xác suất thống kê, Lịch sử văn hóa Việt Nam, Lịch sử thế giới cổ đại, Môn tự chọn 8, Phương pháp giảng dạy Lịch sử, Môn tự chọn 4, Dạy học lịch sử phổ thông, Lịch sử thế giới hiện đại, Môn tự chọn 9, Môn tự chọn 1, Môn tự chọn 2, Lịch sử Việt Nam cổ đại, Tư tưởng Hồ Chí Minh","Thơ ca, Viết lách"
SV11230,Công nghệ thông tin,7.1,"Lập trình Java, Lập trình web nâng cao, An toàn thông tin, Quản lý dự án CNTT, Phân tích và thiết kế hệ thống, Lập trình Python, Triết học Mác-Lênin, Hệ thống nhúng, Mạng máy tính, An ninh mạng cơ bản, Phát triển game, Giải tích, Xác suất thống kê, Học máy, Thiết kế giao diện người dùng, Internet of Things, Trí tuệ nhân tạo, Big Data và Hadoop, Giáo dục thể chất, Lập trình di động iOS/Android, Tin học cơ bản, Tư tưởng Hồ Chí Minh, Lập trình hướng đối tượng, Cyber Security nâng cao, Giáo dục quốc phòng - An ninh, Tư duy logic và giải quyết vấn đề, Lập trình C/C++, Cơ sở dữ liệu, Phát triển ứng dụng web, Phát triển ứng dụng di động","Game Development, Kể chuyện, Blockchain"
SV11231,Kỹ thuật máy tính,6.3,"Tin học cơ bản, Xử lý tín hiệu số, Giải tích, Tiếng Anh chuyên ngành, Môn tự chọn 6, Hệ thống điều khiển tự động, Tư tưởng Hồ Chí Minh, Môn tự chọn 5, Điện tử năng lượng, Triết học Mác-Lênin, Giáo dục thể chất, Kỹ thuật vi mạch, Kỹ thuật radar, Mạng không dây, Điện tử công suất, Môn tự chọn 1, Truyền thông vô tuyến, Mạng viễn thông, Truyền thông quang, Anten và sóng điện từ, Đo lường điện tử, Môn tự chọn 7, Điện tử số, Toán cao cấp, Điện tử cơ bản, Hệ thống điện tử nhúng, Giáo dục quốc phòng - An ninh, Môn tự chọn 8, Môn tự chọn 2, Tư duy logic và giải quyết vấn đề, Truyền thông số, Kỹ năng mềm, Hệ thống nhúng nâng cao, Môn tự chọn 3, Xác suất thống kê, Môn tự chọn 4, Điện tử viễn thông","Robot học, Trí tuệ nhân tạo"
SV11232,Sư phạm Toán,7.6,"Môn tự chọn 11, Môn tự chọn 13, Môn tự chọn 2, Môn tự chọn 9, Môn tự chọn 14, Giải tích, Môn tự chọn 12, Kỹ năng mềm, Tin học cơ bản, Môn tự chọn 6, Toán học sơ cấp, Toán rời rạc, Môn tự chọn 4, Tư tưởng Hồ Chí Minh, Triết học Mác-Lênin, Lý thuyết số, Đại số tuyến tính, Hình học giải tích, Giáo dục thể chất, Môn tự chọn 5, Môn tự chọn 7, Môn tự chọn 8, Phương pháp giảng dạy Toán, Tiếng Anh chuyên ngành, Dạy học toán phổ thông, Xác suất thống kê, Toán cao cấp, Tư duy logic và giải quyết vấn đề, Môn tự chọn 1, Giáo dục quốc phòng - An ninh, Môn tự chọn 3, Toán học ứng dụng, Bài tập toán nâng cao, Môn tự chọn 10","Khiêu vũ, Fintech, Nhiếp ảnh"
SV11233,Quản trị khách sạn,10,"Tư duy logic và giải quyết vấn đề, Marketing số, Kế toán tài chính, Tin học cơ bản, Logistics, Thương mại điện tử, Toán cao cấp, Quản trị chiến lược, Kinh tế vi mô, Tài chính quốc tế, Kinh tế lượng","Thương mại điện tử, Fintech, Kinh doanh quốc tế, Quản trị dự án, Du lịch khám phá"
SV11234,Công nghệ đa phương tiện,6.9,"Xác suất thống kê, Lập trình web nâng cao, Lập trình C/C++, Học máy, Hệ thống phân tán, Cyber Security nâng cao, Tiếng Anh chuyên ngành, Mạng máy tính, Tin học cơ bản, Thiết kế giao diện người dùng, Quản lý dự án CNTT, Blockchain cơ bản, Xử lý ngôn ngữ tự nhiên, Kỹ thuật phần mềm nâng cao, Internet of Things, Triết học Mác-Lênin, Thị giác máy tính, Kỹ năng mềm, Hệ thống nhúng, Lập trình di động iOS/Android","Big Data, Cyber Security, Trí tuệ nhân tạo"
SV11235,Thương mại điện tử,9.3,"Lập trình C/C++, Phát triển phần mềm doanh nghiệp, Tư duy logic và giải quyết vấn đề, Học máy, Giải tích, Kỹ thuật phần mềm nâng cao, Triết học Mác-Lênin, Xử lý ngôn ngữ tự nhiên, Blockchain cơ bản, Cấu trúc dữ liệu và Giải thuật","Thiết kế UI/UX, Robot học"
SV11236,Thiết kế thời trang,9.4,"Môn tự chọn 2, Môn tự chọn 16, Tư duy logic và giải quyết vấn đề, Giáo dục quốc phòng - An ninh, Môn tự chọn 13, Môn tự chọn 3, Môn tự chọn 10, Môn tự chọn 4, Môn tự chọn 12, Giải tích, Tin học cơ bản, Môn tự chọn 8, Môn tự chọn 9, Giáo dục thể chất, Môn tự chọn 1, Xác suất thống kê, Môn tự chọn 6, Triết học Mác-Lênin, Toán cao cấp, Môn tự chọn 18, Môn tự chọn 11, Môn tự chọn 5, Kỹ năng mềm, Môn tự chọn 14, Tư tưởng Hồ Chí Minh, Môn tự chọn 15, Môn tự chọn 17, Tiếng Anh chuyên ngành, Môn tự chọn 7","Nhiếp ảnh, Học ngoại ngữ, Âm nhạc"
SV11237,Thiết kế thời trang,7.1,"Môn tự chọn 10, Kỹ năng mềm, Môn tự chọn 2, Tin học cơ bản, Môn tự chọn 12, Môn tự chọn 8, Môn tự chọn 3, Môn tự chọn 13, Toán cao cấp, Tiếng Anh chuyên ngành, Môn tự chọn 1, Tư tưởng Hồ Chí Minh, Tư duy logic và giải quyết vấn đề, Xác suất thống kê, Triết học Mác-Lênin, Giáo dục quốc phòng - An ninh, Môn tự chọn 7, Môn tự chọn 14, Môn tự chọn 11, Giải tích, Giáo dục thể chất, Môn tự chọn 9, Môn tự chọn 5, Môn tự chọn 6, Môn tự chọn 4",Diễn thuyết
SV11238,Truyền thông đa phương tiện,8.3,"Machine Learning với TensorFlow, Internet of Things, Lập trình C/C++, Giải tích, Lập trình Python, Giáo dục quốc phòng - An ninh, Tiếng Anh chuyên ngành, Kỹ năng mềm, Phát triển ứng dụng web, Lập trình Java, Xác suất thống kê, Phân tích và thiết kế hệ thống, Học máy, Phát triển phần mềm doanh nghiệp, Cơ sở dữ liệu, Quản lý dự án CNTT, Hệ điều hành, An toàn thông tin, Phát triển game, Học sâu, Tin học cơ bản, Triết học Mác-Lênin, Mạng máy tính, Giáo dục thể chất, Cấu trúc dữ liệu và Giải thuật, Toán cao cấp, Xử lý ngôn ngữ tự nhiên, Big Data và Hadoop, Phát triển ứng dụng di động, Tư tưởng Hồ Chí Minh, Lập trình hướng đối tượng, Kỹ thuật phần mềm nâng cao, Mật mã học, Cyber Security nâng cao, Hệ thống phân tán, An ninh mạng cơ bản, Lập trình di động iOS/Android",Thiết kế UI/UX
SV11239,Kỹ thuật điện,9.3,"Xác suất thống kê, Điện tử số, Anten và sóng điện từ, Tư duy logic và giải quyết vấn đề, Đo lường điện tử, Truyền thông quang, Kỹ thuật vi mạch, Điện tử công suất, Điện tử viễn thông, Hệ thống điều khiển tự động, Truyền thông số, Hệ thống điện tử nhúng, Tiếng Anh chuyên ngành, Giải tích, Hệ thống nhúng nâng cao, Xử lý tín hiệu số, Giáo dục thể chất, Triết học Mác-Lênin, Kỹ thuật radar, Truyền thông vô tuyến, Kỹ năng mềm, Mạng không dây","DevOps, Khoa học dữ liệu"
SV11240,Quan hệ quốc tế,7.3,"Phát triển ứng dụng di động, Học sâu, Cơ sở dữ liệu, Tiếng Anh chuyên ngành, Mạng máy tính, Kỹ năng mềm, Phát triển ứng dụng web, Lập trình C/C++, Lập trình Python, Tư tưởng Hồ Chí Minh, Trí tuệ nhân tạo, An toàn thông tin, Triết học Mác-Lênin, Cấu trúc dữ liệu và Giải thuật, Tư duy logic và giải quyết vấn đề, Toán cao cấp, Thiết kế giao diện người dùng, Giải tích, An ninh mạng cơ bản, Blockchain cơ bản","DevOps, Phát triển ứng dụng di động, Phân tích dữ liệu"
SV11241,Quản trị kinh doanh,7.5,"Tư tưởng Hồ Chí Minh, Chuỗi cung ứng, Ngân hàng thương mại, Logistics, Kế toán quản trị, Toán cao cấp, Quản trị nhân sự, Giáo dục thể chất, Kinh tế vĩ mô, Môn tự chọn 1, Triết học Mác-Lênin, Tin học cơ bản, Kinh tế vi mô, Thương mại điện tử, Quản trị chiến lược, Xác suất thống kê, Quản trị kinh doanh, Kinh tế quốc tế, Kế toán tài chính, Kinh tế lượng, Kỹ năng mềm, Tư duy logic và giải quyết vấn đề, Marketing số, Kinh tế phát triển, Marketing cơ bản, Tài chính quốc tế, Giáo dục quốc phòng - An ninh, Tiếng Anh chuyên ngành, Tài chính doanh nghiệp, Giải tích","Thương mại điện tử, Fintech, Marketing số, Khởi nghiệp"
SV11242,Marketing,7.1,"Kinh tế quốc tế, Kế toán tài chính, Chuỗi cung ứng, Tài chính doanh nghiệp, Tư tưởng Hồ Chí Minh, Thương mại điện tử, Kỹ năng mềm, Quản trị kinh doanh, Xác suất thống kê, Logistics, Kinh tế vĩ mô, Marketing số, Giải tích, Tư duy logic và giải quyết vấn đề, Kinh tế vi mô, Triết học Mác-Lênin, Quản trị nhân sự, Quản trị chiến lược, Ngân hàng thương mại, Kế toán quản trị","Marketing số, Đầu tư, Du lịch khám phá, Quản trị dự án, Fintech"
SV11243,Trí tuệ nhân tạo và Học máy,6.7,"Giải tích, Lập trình di động iOS/Android, Trí tuệ nhân tạo, Học sâu, Cơ sở dữ liệu, Phát triển ứng dụng di động, Triết học Mác-Lênin, Lập trình Python, Cloud Computing - AWS/Azure, Quản lý dự án CNTT, Lập trình C/C++, Phát triển phần mềm doanh nghiệp, Kỹ năng mềm, Phát triển game, Phát triển ứng dụng web, DevOps và CI/CD, Xử lý ngôn ngữ tự nhiên, Mạng máy tính, Lập trình Java, Giáo dục thể chất, Phân tích và thiết kế hệ thống, An toàn thông tin, Machine Learning với TensorFlow, Học máy","DevOps, Blockchain, Trí tuệ nhân tạo, Cyber Security"
SV11244,Du lịch,7.1,"Xác suất thống kê, Giải tích, Thiết kế giao diện người dùng, Cloud Computing - AWS/Azure, Tư duy logic và giải quyết vấn đề, Hệ thống nhúng, Lập trình di động iOS/Android, Kỹ thuật phần mềm nâng cao, An ninh mạng cơ bản, Xử lý ngôn ngữ tự nhiên, Lập trình hướng đối tượng, Lập trình web nâng cao, Internet of Things, Blockchain cơ bản, Giáo dục quốc phòng - An ninh, Tin học cơ bản, Phát triển phần mềm doanh nghiệp, Lập trình Java, Học sâu","Phân tích dữ liệu, Lập trình, Machine Learning, Game Development, DevOps"
SV11245,Y khoa,6.5,"Kỹ năng mềm, Giải phẫu học, Dinh dưỡng học, Bệnh học truyền nhiễm, Xác suất thống kê, Bệnh học nội khoa, Sinh lý học, Tư tưởng Hồ Chí Minh, Tiếng Anh chuyên ngành, Toán cao cấp, Tin học cơ bản, Hóa sinh y học, Dược lý học, Vi sinh y học, Giải tích, Bệnh học ngoại khoa, Giáo dục thể chất, Y học cổ truyền, Triết học Mác-Lênin, Y học dự phòng","Viết lách, Thiết kế UI/UX"
SV11246,Sư phạm Tin học,7.7,"Phát triển bài giảng Tin học, Giải tích, Lập trình Scratch cho học sinh, Triết học Mác-Lênin, Tư duy logic và giải quyết vấn đề, Phần mềm giáo dục, Toán cao cấp, Lập trình cơ bản cho giáo viên, Giáo dục quốc phòng - An ninh, Thiết kế khóa học trực tuyến, Công nghệ thông tin trong giáo dục, Ứng dụng AI trong giảng dạy, Quản lý lớp học CNTT, Dạy học Tin học phổ thông, Tư tưởng Hồ Chí Minh, Giáo dục kỹ năng số, Đánh giá học tập Tin học, Tiếng Anh chuyên ngành","Diễn thuyết, Viết lách, Vẽ tranh"
SV11247,Công nghệ đa phương tiện,6.9,"Trí tuệ nhân tạo, Giáo dục quốc phòng - An ninh, DevOps và CI/CD, Cloud Computing - AWS/Azure, Cấu trúc dữ liệu và Giải thuật, Blockchain cơ bản, Thị giác máy tính, Thiết kế giao diện người dùng, Lập trình Java, Phát triển ứng dụng di động, Quản lý dự án CNTT, Tin học cơ bản, Machine Learning với TensorFlow, Lập trình di động iOS/Android, Giải tích, Toán cao cấp, Xử lý ngôn ngữ tự nhiên, Giáo dục thể chất, Internet of Things, Triết học Mác-Lênin, Phát triển game, An ninh mạng cơ bản, Tư tưởng Hồ Chí Minh, An toàn thông tin, Mạng máy tính, Hệ thống nhúng, Xác suất thống kê, Big Data và Hadoop, Phát triển phần mềm doanh nghiệp, Cyber Security nâng cao, Tiếng Anh chuyên ngành, Lập trình Python, Kiểm thử phần mềm, Lập trình hướng đối tượng, Lập trình web nâng cao, Mật mã học","Phát triển ứng dụng di động, Trí tuệ nhân tạo, Internet of Things"
SV11248,Ngôn ngữ Trung Quốc,7.9,"Văn hóa Trung Quốc, Giải tích, Tiếng Anh chuyên ngành, Ngữ pháp tiếng Trung, Kỹ năng nghe nói tiếng Trung, Giáo dục thể chất, Toán cao cấp, Môn tự chọn 2, Triết học Mác-Lênin, Tư tưởng Hồ Chí Minh, Tin học cơ bản, Tư duy logic và giải quyết vấn đề, Ngữ âm học tiếng Trung, Hán tự học, Tiếng Trung thương mại, Môn tự chọn 4, Xác suất thống kê, Dịch Trung-Việt, Môn tự chọn 3, Hán ngữ hiện đại, Giáo dục quốc phòng - An ninh, Tiếng Trung kinh tế, Môn tự chọn 1, Kỹ năng mềm, Môn tự chọn 5, Môn tự chọn 6, Văn học cổ điển Trung Quốc","Đầu tư, Machine Learning"
SV11249,Tài chính - Ngân hàng,6.1,"Kinh tế phát triển, Quản trị nhân sự, Quản trị kinh doanh, Kinh tế vi mô, Kinh tế vĩ mô, Thương mại điện tử, Marketing số, Kinh tế lượng, Chuỗi cung ứng, Tài chính doanh nghiệp, Tư tưởng Hồ Chí Minh, Giáo dục thể chất, Toán cao cấp, Xác suất thống kê, Giáo dục quốc phòng - An ninh, Ngân hàng thương mại, Marketing cơ bản, Môn tự chọn 2, Môn tự chọn 1, Tư duy logic và giải quyết vấn đề, Kinh tế quốc tế, Kỹ năng mềm, Tài chính quốc tế, Kế toán tài chính, Logistics, Giải tích, Tin học cơ bản, Quản trị chiến lược, Kế toán quản trị, Triết học Mác-Lênin, Tiếng Anh chuyên ngành","Thương mại điện tử, Quản trị dự án, Kinh doanh quốc tế, Marketing số"
SV11250,Sư phạm Tin học,8,"Kỹ năng mềm, Lập trình cơ bản cho giáo viên, Môn tự chọn 3, An toàn mạng trong trường học, Xác suất thống kê, Môn tự chọn 4, Tiếng Anh chuyên ngành, Triết học Mác-Lênin, Lập trình Python cho giáo viên, Dạy học Tin học phổ thông, Toán cao cấp, Tin học cơ bản, Giải tích, Công nghệ thông tin trong giáo dục, Giáo dục quốc phòng - An ninh, Đánh giá học tập Tin học, Quản lý lớp học CNTT, Giáo dục kỹ năng số, Tư duy logic và giải quyết vấn đề, Phần mềm giáo dục, Môn tự chọn 1, Môn tự chọn 2, Lập trình Scratch cho học sinh, Phương pháp giảng dạy Tin học, Phát triển bài giảng Tin học, Ứng dụng AI trong giảng dạy, Tư tưởng Hồ Chí Minh, Giáo dục thể chất, Thiết kế khóa học trực tuyến","Học ngoại ngữ, Vẽ tranh, Thơ ca"
SV11251,Fintech,8.5,"Machine Learning với TensorFlow, An toàn thông tin, Cơ sở dữ liệu, Cyber Security nâng cao, DevOps và CI/CD, Lập trình Java, Giáo dục thể chất, Phát triển game, Lập trình web nâng cao, Mạng máy tính, Lập trình Python, An ninh mạng cơ bản, Big Data và Hadoop, Hệ thống phân tán, Hệ thống nhúng, Thiết kế giao diện người dùng, Phân tích và thiết kế hệ thống, Lập trình di động iOS/Android, Toán cao cấp, Giáo dục quốc phòng - An ninh, Phát triển ứng dụng di động, Phát triển ứng dụng web, Mật mã học, Thị giác máy tính, Học sâu, Tư tưởng Hồ Chí Minh, Giải tích, Cloud Computing - AWS/Azure, Hệ điều hành, Xử lý ngôn ngữ tự nhiên, Kiểm thử phần mềm, Quản lý dự án CNTT, Lập trình hướng đối tượng, Học máy, Trí tuệ nhân tạo, Phát triển phần mềm doanh nghiệp, Internet of Things","Big Data, Game Development, Cloud Computing"
SV11252,Kinh tế,5.7,"Tài chính doanh nghiệp, Kế toán quản trị, Marketing số, Tài chính quốc tế, Tin học cơ bản, Xác suất thống kê, Kinh tế lượng, Giáo dục quốc phòng - An ninh, Triết học Mác-Lênin, Kinh tế phát triển, Kinh tế quốc tế, Tư duy logic và giải quyết vấn đề, Quản trị kinh doanh, Tư tưởng Hồ Chí Minh, Thương mại điện tử, Kinh tế vi mô, Giáo dục thể chất, Kinh tế vĩ mô, Quản trị nhân sự, Giải tích, Tiếng Anh chuyên ngành","Kinh doanh quốc tế, Quản trị dự án"
SV11253,Logistics và Quản lý chuỗi cung ứng,8.1,"Lập trình hướng đối tượng, Kỹ năng mềm, Thị giác máy tính, Lập trình Python, Phát triển ứng dụng di động, Trí tuệ nhân tạo, Phát triển game, Tư duy logic và giải quyết vấn đề, Tin học cơ bản, Cơ sở dữ liệu, Cyber Security nâng cao, Mạng máy tính, Lập trình Java, Kiểm thử phần mềm, Triết học Mác-Lênin, Internet of Things, Thiết kế giao diện người dùng, Cloud Computing - AWS/Azure, DevOps và CI/CD, Cấu trúc dữ liệu và Giải thuật, Quản lý dự án CNTT, Blockchain cơ bản, Giáo dục thể chất, Toán cao cấp, An toàn thông tin, Hệ điều hành, An ninh mạng cơ bản, Lập trình web nâng cao, Tiếng Anh chuyên ngành","Blockchain, Trí tuệ nhân tạo, Game Development"
SV11254,Kỹ thuật điện tử - Viễn thông,8.9,"Tư tưởng Hồ Chí Minh, Mạng không dây, Môn tự chọn 4, Môn tự chọn 2, Đo lường điện tử, Giải tích, Giáo dục quốc phòng - An ninh, Triết học Mác-Lênin, Hệ thống nhúng nâng cao, Kỹ năng mềm, Hệ thống điện tử nhúng, Kỹ thuật radar, Truyền thông số, Toán cao cấp, Tin học cơ bản, Tư duy logic và giải quyết vấn đề, Điện tử số, Môn tự chọn 8, Xác suất thống kê, Truyền thông quang, Môn tự chọn 7, Môn tự chọn 1, Mạng viễn thông, Kỹ thuật vi mạch, Giáo dục thể chất, Môn tự chọn 3, Điện tử công suất, Anten và sóng điện từ, Môn tự chọn 6, Hệ thống điều khiển tự động, Xử lý tín hiệu số, Điện tử viễn thông, Truyền thông vô tuyến, Môn tự chọn 5, Điện tử cơ bản, Tiếng Anh chuyên ngành, Điện tử năng lượng","Phát triển ứng dụng di động, Blockchain, Phát triển web, DevOps"
SV11255,Kỹ thuật y sinh,6.5,"Môn tự chọn 11, Tư tưởng Hồ Chí Minh, Kỹ thuật mô sinh học, Kỹ năng mềm, Môn tự chọn 15, Môn tự chọn 19, Môn tự chọn 8, Môn tự chọn 10, Tư duy logic và giải quyết vấn đề, Xác suất thống kê, Môn tự chọn 17, Môn tự chọn 9, Công nghệ gen, Môn tự chọn 16, Môn tự chọn 12, Sinh học phân tử, Môn tự chọn 1, Môn tự chọn 6, Môn tự chọn 13, Môn tự chọn 7, Kỹ thuật y sinh, Môn tự chọn 4, Công nghệ nano y sinh, Toán cao cấp, Môn tự chọn 14, Kỹ thuật tế bào, Môn tự chọn 5, Môn tự chọn 18, Môn tự chọn 2, Triết học Mác-Lênin, Giáo dục quốc phòng - An ninh, Giáo dục thể chất, Thiết bị y tế, Giải tích, Hình ảnh y khoa, Tin học cơ bản, Tiếng Anh chuyên ngành, Vật liệu sinh học, Công nghệ sinh học ứng dụng, Môn tự chọn 3","Thiết kế UI/UX, Phát triển web, Trí tuệ nhân tạo, Internet of Things"
SV11256,Thiết kế đồ họa,9.4,"Tin học cơ bản, Môn tự chọn 1, Tư tưởng Hồ Chí Minh, Môn tự chọn 8, Môn tự chọn 9, Môn tự chọn 2, Giáo dục thể chất, Kỹ năng mềm, Tiếng Anh chuyên ngành, Toán cao cấp, Xác suất thống kê, Môn tự chọn 7, Môn tự chọn 6, Giáo dục quốc phòng - An ninh, Triết học Mác-Lênin, Môn tự chọn 5, Môn tự chọn 10, Môn tự chọn 3, Môn tự chọn 4, Tư duy logic và giải quyết vấn đề, Giải tích","Làm video, Big Data, Nhiếp ảnh, Yoga"
SV11257,Blockchain và Tiền mã hóa,8.1,"Kỹ thuật phần mềm nâng cao, Giáo dục quốc phòng - An ninh, Hệ thống nhúng, Lập trình di động iOS/Android, DevOps và CI/CD, Mật mã học, Lập trình Java, Tin học cơ bản, Toán cao cấp, Lập trình Python, Hệ điều hành, Phân tích và thiết kế hệ thống, Hệ thống phân tán, Phát triển ứng dụng web, Xử lý ngôn ngữ tự nhiên, Tư tưởng Hồ Chí Minh, Học máy, Lập trình C/C++, Lập trình hướng đối tượng, Quản lý dự án CNTT, Xác suất thống kê, Cấu trúc dữ liệu và Giải thuật, Kỹ năng mềm, Phát triển game, Cơ sở dữ liệu, Triết học Mác-Lênin, Internet of Things","Lập trình, Game Development, Blockchain, Big Data"
SV11258,Ngôn ngữ Trung Quốc,7,"Tiếng Trung thương mại, Văn học cổ điển Trung Quốc, Hán tự học, Kỹ năng nghe nói tiếng Trung, Tiếng Trung kinh tế, Văn hóa Trung Quốc, Tư duy logic và giải quyết vấn đề, Giáo dục thể chất, Tư tưởng Hồ Chí Minh, Xác suất thống kê, Giải tích, Tin học cơ bản, Giáo dục quốc phòng - An ninh, Kỹ năng mềm, Dịch Trung-Việt","Lập trình, Thương mại điện tử"
SV11259,Sư phạm Ngữ văn,7.6,"Môn tự chọn 6, Môn tự chọn 13, Môn tự chọn 10, Tư duy logic và giải quyết vấn đề, Tiếng Anh chuyên ngành, Tin học cơ bản, Giải tích, Giáo dục quốc phòng - An ninh, Văn học dân gian, Môn tự chọn 14, Xác suất thống kê, Văn học hiện đại Việt Nam, Môn tự chọn 9, Lí luận văn học, Kỹ năng mềm, Phương pháp giảng dạy Ngữ văn, Môn tự chọn 15, Môn tự chọn 5, Toán cao cấp, Ngữ pháp tiếng Việt, Môn tự chọn 11, Nghiên cứu tác phẩm Nguyễn Du, Môn tự chọn 16, Văn học so sánh, Môn tự chọn 3, Văn học Việt Nam hiện đại, Tư tưởng Hồ Chí Minh, Triết học Mác-Lênin, Môn tự chọn 4, Môn tự chọn 2, Môn tự chọn 7, Môn tự chọn 1, Phân tích tác phẩm văn học, Phương pháp dạy văn lớp 12, Môn tự chọn 8, Môn tự chọn 12, Văn học Việt Nam cổ điển, Giáo dục thể chất, Lịch sử văn học thế giới","Ẩm thực, Làm video, Thiền"
SV11260,Công nghệ sinh học,8.3,"Giải tích, Sinh học phân tử, Công nghệ nano y sinh, Triết học Mác-Lênin, Xác suất thống kê, Kỹ thuật mô sinh học, Tư tưởng Hồ Chí Minh, Toán cao cấp, Thiết bị y tế, Tin học cơ bản, Công nghệ sinh học ứng dụng, Tiếng Anh chuyên ngành, Kỹ thuật y sinh, Vật liệu sinh học, Tư duy logic và giải quyết vấn đề, Hình ảnh y khoa, Giáo dục thể chất, Giáo dục quốc phòng - An ninh, Công nghệ gen, Kỹ năng mềm","Lập trình, Big Data, DevOps, Robot học"
SV11261,An ninh mạng,7.8,"An ninh mạng cơ bản, Giáo dục quốc phòng - An ninh, Lập trình hướng đối tượng, Tư tưởng Hồ Chí Minh, Cơ sở dữ liệu, Phát triển game, Internet of Things, Phát triển phần mềm doanh nghiệp, Lập trình di động iOS/Android, Thị giác máy tính, Lập trình Java, Tiếng Anh chuyên ngành, Mạng máy tính, Trí tuệ nhân tạo, Phân tích và thiết kế hệ thống, Cyber Security nâng cao, Phát triển ứng dụng web, Tin học cơ bản, Giải tích, Thiết kế giao diện người dùng, Lập trình Python, Quản lý dự án CNTT, Cấu trúc dữ liệu và Giải thuật, Kỹ năng mềm, Triết học Mác-Lênin, Toán cao cấp, Blockchain cơ bản, Xác suất thống kê, Hệ điều hành, Phát triển ứng dụng di động, An toàn thông tin, Hệ thống phân tán, Kiểm thử phần mềm, Lập trình web nâng cao, Học sâu, Hệ thống nhúng, Cloud Computing - AWS/Azure, Lập trình C/C++, Tư duy logic và giải quyết vấn đề","Cyber Security, Big Data"
SV11262,Sư phạm Tin học,8.2,"Dạy học Tin học phổ thông, Phần mềm giáo dục, Quản lý lớp học CNTT, Ứng dụng AI trong giảng dạy, Công nghệ thông tin trong giáo dục, Toán cao cấp, Đánh giá học tập Tin học, An toàn mạng trong trường học, Tư tưởng Hồ Chí Minh, Lập trình cơ bản cho giáo viên, Giáo dục quốc phòng - An ninh, Giáo dục thể chất, Kỹ năng mềm, Môn tự chọn 7, Tin học cơ bản, Môn tự chọn 6, Môn tự chọn 3, Phát triển bài giảng Tin học, Môn tự chọn 1, Lập trình Python cho giáo viên, Môn tự chọn 4, Môn tự chọn 2, Tiếng Anh chuyên ngành, Môn tự chọn 8, Giáo dục kỹ năng số, Môn tự chọn 9, Triết học Mác-Lênin, Môn tự chọn 5, Thiết kế khóa học trực tuyến, Lập trình Scratch cho học sinh, Giải tích, Xác suất thống kê, Phương pháp giảng dạy Tin học, Tư duy logic và giải quyết vấn đề","Ẩm thực, Thơ ca, Âm nhạc, Đọc sách"
SV11263,Trí tuệ nhân tạo và Học máy,6.8,"Phát triển ứng dụng web, Xác suất thống kê, Lập trình C/C++, Học máy, Lập trình hướng đối tượng, Cyber Security nâng cao, Tư duy logic và giải quyết vấn đề, Lập trình di động iOS/Android, Cấu trúc dữ liệu và Giải thuật, Hệ thống phân tán, Toán cao cấp, Hệ điều hành, Phân tích và thiết kế hệ thống, Kiểm thử phần mềm, Xử lý ngôn ngữ tự nhiên, Quản lý dự án CNTT, An ninh mạng cơ bản, Kỹ thuật phần mềm nâng cao, Tư tưởng Hồ Chí Minh",Internet of Things
SV11264,Kỹ thuật cơ khí,7.9,"Kỹ thuật gia công, Tư tưởng Hồ Chí Minh, Robot công nghiệp, Kỹ thuật nhiệt, Động lực học máy, Thiết kế máy, Giáo dục thể chất, Môn tự chọn 2, Cơ học vật liệu, Sản xuất tự động, Môn tự chọn 3, Cơ khí chính xác, Triết học Mác-Lênin, Cơ điện tử, Giáo dục quốc phòng - An ninh, Toán cao cấp, Tư duy logic và giải quyết vấn đề, Giải tích, Tiếng Anh chuyên ngành, Kỹ thuật hàn, Cơ khí chế tạo, Môn tự chọn 1, Cơ học kỹ thuật, Thiết kế CAD/CAM, Kỹ thuật sản xuất, Tin học cơ bản, Kỹ năng mềm, Xác suất thống kê","Thiết kế UI/UX, Phân tích dữ liệu"
SV11265,Răng - Hàm - Mặt,6.3,"Y học dự phòng, Môn tự chọn 12, Bệnh học truyền nhiễm, Dược lý lâm sàng, Toán cao cấp, Môn tự chọn 6, Sinh lý học, Giáo dục quốc phòng - An ninh, Triết học Mác-Lênin, Môn tự chọn 13, Giải tích, Môn tự chọn 11, Môn tự chọn 4, Dược lý học, Môn tự chọn 9, Giáo dục thể chất, Môn tự chọn 1, Tư duy logic và giải quyết vấn đề, Y học cổ truyền, Dinh dưỡng học, Miễn dịch học, Xác suất thống kê, Giải phẫu học, Bệnh học nội khoa, Môn tự chọn 2, Môn tự chọn 10, Dược lâm sàng, Tiếng Anh chuyên ngành, Hóa sinh y học, Tin học cơ bản, Môn tự chọn 5, Vi sinh y học, Môn tự chọn 7, Kỹ năng mềm, Môn tự chọn 8, Tư tưởng Hồ Chí Minh, Môn tự chọn 3, Bệnh học ngoại khoa","Yoga, Thương mại điện tử, Bán hàng, Kể chuyện, DevOps"
SV11266,Kỹ thuật điện,7.6,"Xác suất thống kê, Điện tử viễn thông, Truyền thông quang, Anten và sóng điện từ, Kỹ thuật vi mạch, Điện tử cơ bản, Tư duy logic và giải quyết vấn đề, Mạng viễn thông, Truyền thông vô tuyến, Toán cao cấp, Hệ thống điện tử nhúng, Tư tưởng Hồ Chí Minh, Giáo dục thể chất, Điện tử số, Tin học cơ bản, Kỹ thuật radar","Cloud Computing, Game Development, Trí tuệ nhân tạo, Big Data"
SV11267,Kinh tế số,6.8,"Quản trị kinh doanh, Tiếng Anh chuyên ngành, Môn tự chọn 5, Kinh tế quốc tế, Logistics, Kế toán tài chính, Giáo dục thể chất, Môn tự chọn 2, Tài chính quốc tế, Kinh tế lượng, Môn tự chọn 3, Tư tưởng Hồ Chí Minh, Toán cao cấp, Marketing số, Kinh tế vi mô, Tư duy logic và giải quyết vấn đề, Môn tự chọn 1, Môn tự chọn 4, Tài chính doanh nghiệp, Kỹ năng mềm, Quản trị nhân sự, Giáo dục quốc phòng - An ninh, Tin học cơ bản, Kinh tế phát triển, Thương mại điện tử, Ngân hàng thương mại, Môn tự chọn 6, Triết học Mác-Lênin, Chuỗi cung ứng, Giải tích, Kinh tế vĩ mô, Marketing cơ bản, Xác suất thống kê, Kế toán quản trị, Quản trị chiến lược","Khởi nghiệp, Marketing số, Thương mại điện tử, Đầu tư, Quản trị dự án"
SV11268,Khoa học máy tính,7,"Học máy, Mật mã học, Thị giác máy tính, Giáo dục thể chất, Hệ thống nhúng, Tin học cơ bản, Machine Learning với TensorFlow, Giáo dục quốc phòng - An ninh, Toán cao cấp, Tư duy logic và giải quyết vấn đề, Phát triển ứng dụng web, Cấu trúc dữ liệu và Giải thuật","Machine Learning, Khoa học dữ liệu, Cyber Security, Game Development, Cloud Computing"
SV11269,Y khoa,8.9,"Dược lâm sàng, Giáo dục thể chất, Miễn dịch học, Xác suất thống kê, Tiếng Anh chuyên ngành, Sinh lý học, Y học cổ truyền, Tư duy logic và giải quyết vấn đề, Hóa sinh y học, Triết học Mác-Lênin","Blockchain, Cyber Security"
SV11270,Kỹ thuật xây dựng,8.8,"Môn tự chọn 10, Kết cấu thép, Môn tự chọn 5, Môn tự chọn 4, Kỹ thuật xây dựng, Tin học cơ bản, Kiến trúc cảnh quan, Tư duy logic và giải quyết vấn đề, Kết cấu bê tông cốt thép, Công trình ngầm, Môn tự chọn 2, Môn tự chọn 6, Cơ sở hạ tầng đô thị, Thiết kế kiến trúc nội thất, Quản lý dự án xây dựng, Môn tự chọn 1, Triết học Mác-Lênin, Cầu và đường, Thiết kế đô thị, Toán cao cấp, Vật liệu xây dựng, Môn tự chọn 8, Xác suất thống kê, Tư tưởng Hồ Chí Minh, Kỹ thuật địa kỹ thuật, Giáo dục thể chất, Kỹ năng mềm, Giáo dục quốc phòng - An ninh, Môn tự chọn 3, Môn tự chọn 7, Môn tự chọn 9, Giải tích, Tiếng Anh chuyên ngành",Thiết kế UI/UX
SV11271,Ngôn ngữ Trung Quốc,8.3,"Kỹ năng mềm, Văn học cổ điển Trung Quốc, Dịch Trung-Việt, Toán cao cấp, Hán ngữ hiện đại, Giáo dục quốc phòng - An ninh, Giải tích, Kỹ năng nghe nói tiếng Trung, Hán tự học, Tư duy logic và giải quyết vấn đề, Giáo dục thể chất, Tư tưởng Hồ Chí Minh, Tiếng Anh chuyên ngành, Xác suất thống kê, Tiếng Trung thương mại, Ngữ âm học tiếng Trung, Văn hóa Trung Quốc, Tin học cơ bản","Diễn thuyết, Quản trị dự án"
SV11272,Dược học,6.6,"Xác suất thống kê, Sinh lý học, Tư tưởng Hồ Chí Minh, Tin học cơ bản, Bệnh học truyền nhiễm, Giải phẫu học, Y học cổ truyền, Môn tự chọn 6, Giáo dục thể chất, Dinh dưỡng học, Kỹ năng mềm, Môn tự chọn 3, Y học dự phòng, Triết học Mác-Lênin, Giáo dục quốc phòng - An ninh, Miễn dịch học, Toán cao cấp, Giải tích, Dược lý học, Môn tự chọn 4, Tư duy logic và giải quyết vấn đề, Dược lý lâm sàng, Bệnh học ngoại khoa, Vi sinh y học, Môn tự chọn 7, Tiếng Anh chuyên ngành, Bệnh học nội khoa, Hóa sinh y học, Môn tự chọn 2, Dược lâm sàng, Môn tự chọn 1, Môn tự chọn 5","Thương mại điện tử, Đọc sách, Âm nhạc"
SV11273,Điều dưỡng,7.4,"Dược lý học, Môn tự chọn 1, Miễn dịch học, Hóa sinh y học, Triết học Mác-Lênin, Giáo dục thể chất, Môn tự chọn 2, Vi sinh y học, Môn tự chọn 5, Toán cao cấp, Dược lý lâm sàng, Giải phẫu học, Tin học cơ bản, Tư duy logic và giải quyết vấn đề, Giáo dục quốc phòng - An ninh, Tiếng Anh chuyên ngành, Môn tự chọn 3, Tư tưởng Hồ Chí Minh, Dinh dưỡng học, Bệnh học nội khoa, Môn tự chọn 4, Bệnh học truyền nhiễm, Giải tích, Sinh lý học, Kỹ năng mềm, Dược lâm sàng, Bệnh học ngoại khoa, Y học dự phòng, Xác suất thống kê, Y học cổ truyền","Làm video, Thương mại điện tử"
SV11274,Kỹ thuật máy tính,8.9,"Xử lý tín hiệu số, Điện tử năng lượng, Tư duy logic và giải quyết vấn đề, Điện tử số, Giáo dục quốc phòng - An ninh, Hệ thống nhúng nâng cao, Hệ thống điều khiển tự động, Điện tử công suất, Kỹ thuật radar, Giải tích, Xác suất thống kê, Hệ thống điện tử nhúng, Tin học cơ bản, Điện tử viễn thông, Tư tưởng Hồ Chí Minh, Triết học Mác-Lênin, Anten và sóng điện từ","Âm nhạc, Robot học, Khoa học dữ liệu"
SV11275,Ngôn ngữ Hàn Quốc,7.8,"Giáo dục thể chất, Tư tưởng Hồ Chí Minh, Hangeul, Ngữ pháp tiếng Hàn, Xác suất thống kê, Văn hóa Hàn Quốc, Tiếng Hàn thương mại, Kỹ năng mềm, Dịch Hàn-Việt, Giải tích, Từ vựng tiếng Hàn, Tin học cơ bản, Tiếng Anh chuyên ngành, Lịch sử Hàn Quốc, Toán cao cấp, Tư duy logic và giải quyết vấn đề, Kỹ năng nghe nói tiếng Hàn","Bán hàng, Yoga"
SV11276,Tài chính - Ngân hàng,10,"Kỹ năng mềm, Tư duy logic và giải quyết vấn đề, Kế toán tài chính, Xác suất thống kê, Toán cao cấp, Môn tự chọn 9, Thương mại điện tử, Chuỗi cung ứng, Môn tự chọn 8, Ngân hàng thương mại, Môn tự chọn 1, Kinh tế phát triển, Marketing cơ bản, Tin học cơ bản, Môn tự chọn 7, Môn tự chọn 11, Môn tự chọn 5, Môn tự chọn 10, Giáo dục quốc phòng - An ninh, Marketing số, Kinh tế vi mô, Kinh tế lượng, Môn tự chọn 4, Tiếng Anh chuyên ngành, Kế toán quản trị, Quản trị nhân sự, Giáo dục thể chất, Tài chính doanh nghiệp, Giải tích, Tư tưởng Hồ Chí Minh, Môn tự chọn 2, Môn tự chọn 3, Tài chính quốc tế, Kinh tế quốc tế, Kinh tế vĩ mô, Quản trị chiến lược, Môn tự chọn 6, Triết học Mác-Lênin, Logistics, Quản trị kinh doanh","Fintech, Kinh doanh quốc tế"
SV11277,Công nghệ thông tin,8.1,"Cyber Security nâng cao, Tin học cơ bản, Giải tích, Blockchain cơ bản, Lập trình web nâng cao, Giáo dục thể chất, Phát triển ứng dụng di động, Lập trình di động iOS/Android, Học máy, Cloud Computing - AWS/Azure, Phát triển game, Tư tưởng Hồ Chí Minh, Giáo dục quốc phòng - An ninh, Triết học Mác-Lênin, DevOps và CI/CD, An toàn thông tin, Lập trình Java, Tiếng Anh chuyên ngành, Trí tuệ nhân tạo, Machine Learning với TensorFlow, Cấu trúc dữ liệu và Giải thuật, Thị giác máy tính, Xử lý ngôn ngữ tự nhiên, Kỹ năng mềm","Đọc sách, Blockchain"
SV11278,Thiết kế đồ họa,7.9,"Tiếng Anh chuyên ngành, Triết học Mác-Lênin, Môn tự chọn 6, Giáo dục thể chất, Môn tự chọn 2, Môn tự chọn 16, Môn tự chọn 8, Môn tự chọn 14, Giải tích, Môn tự chọn 12, Môn tự chọn 5, Môn tự chọn 4, Môn tự chọn 1, Xác suất thống kê, Môn tự chọn 15, Tư tưởng Hồ Chí Minh, Môn tự chọn 9, Tin học cơ bản, Môn tự chọn 13, Kỹ năng mềm, Môn tự chọn 3, Giáo dục quốc phòng - An ninh, Tư duy logic và giải quyết vấn đề, Môn tự chọn 11, Môn tự chọn 7, Môn tự chọn 10, Toán cao cấp","Học ngoại ngữ, Nhiếp ảnh, Du lịch khám phá, Viết lách, Làm video"
SV11279,Kỹ thuật y sinh,7.4,"Môn tự chọn 8, Vật liệu sinh học, Tin học cơ bản, Môn tự chọn 3, Công nghệ gen, Tiếng Anh chuyên ngành, Sinh học phân tử, Giải tích, Kỹ thuật mô sinh học, Môn tự chọn 2, Xác suất thống kê, Hình ảnh y khoa, Tư tưởng Hồ Chí Minh, Môn tự chọn 5, Môn tự chọn 4, Triết học Mác-Lênin, Môn tự chọn 6, Tư duy logic và giải quyết vấn đề, Toán cao cấp, Giáo dục thể chất, Công nghệ nano y sinh, Kỹ năng mềm, Kỹ thuật tế bào, Kỹ thuật y sinh, Công nghệ sinh học ứng dụng, Môn tự chọn 1, Môn tự chọn 7, Thiết bị y tế, Môn tự chọn 9, Giáo dục quốc phòng - An ninh","Khoa học dữ liệu, Trí tuệ nhân tạo, Cloud Computing, Machine Learning"
SV11280,Kỹ thuật y sinh,7.8,"Môn tự chọn 4, Tin học cơ bản, Môn tự chọn 2, Tiếng Anh chuyên ngành, Môn tự chọn 9, Kỹ thuật tế bào, Tư tưởng Hồ Chí Minh, Môn tự chọn 12, Tư duy logic và giải quyết vấn đề, Môn tự chọn 7, Môn tự chọn 6, Triết học Mác-Lênin, Môn tự chọn 11, Môn tự chọn 3, Giáo dục thể chất, Sinh học phân tử, Công nghệ sinh học ứng dụng, Môn tự chọn 8, Toán cao cấp, Môn tự chọn 10, Giáo dục quốc phòng - An ninh, Hình ảnh y khoa, Công nghệ gen, Kỹ thuật mô sinh học, Môn tự chọn 1, Kỹ thuật y sinh, Xác suất thống kê, Giải tích, Kỹ năng mềm, Vật liệu sinh học, Thiết bị y tế, Công nghệ nano y sinh, Môn tự chọn 5","Khoa học dữ liệu, Marketing số, Cloud Computing"
SV11281,Blockchain và Tiền mã hóa,7.5,"Internet of Things, Quản lý dự án CNTT, Cloud Computing - AWS/Azure, An toàn thông tin, Kỹ thuật phần mềm nâng cao, Hệ thống phân tán, Cấu trúc dữ liệu và Giải thuật, Hệ thống nhúng, Lập trình C/C++, Lập trình Python, Xử lý ngôn ngữ tự nhiên, Lập trình di động iOS/Android, Phát triển game, Tư duy logic và giải quyết vấn đề","DevOps, Internet of Things, Khoa học dữ liệu, Lập trình"
SV11282,Kỹ thuật xây dựng,8.4,"Quản lý dự án xây dựng, Cầu và đường, Công trình ngầm, Cơ sở hạ tầng đô thị, Tư duy logic và giải quyết vấn đề, Kỹ thuật xây dựng, Giáo dục thể chất, Triết học Mác-Lênin, Môn tự chọn 3, Tiếng Anh chuyên ngành, Kỹ năng mềm, Thiết kế kiến trúc nội thất, Kiến trúc cảnh quan, Kỹ thuật địa kỹ thuật, Kết cấu bê tông cốt thép, Toán cao cấp, Xác suất thống kê, Thiết kế đô thị, Môn tự chọn 2, Môn tự chọn 1, Giải tích, Vật liệu xây dựng, Kết cấu thép, Tư tưởng Hồ Chí Minh, Giáo dục quốc phòng - An ninh, Tin học cơ bản","Internet of Things, Cyber Security, Phát triển web, Game Development, Lập trình"
SV11283,Kỹ thuật điện,8.7,"Hệ thống nhúng nâng cao, Môn tự chọn 3, Điện tử năng lượng, Truyền thông vô tuyến, Truyền thông số, Anten và sóng điện từ, Điện tử viễn thông, Truyền thông quang, Giáo dục quốc phòng - An ninh, Đo lường điện tử, Tin học cơ bản, Môn tự chọn 4, Tư duy logic và giải quyết vấn đề, Tiếng Anh chuyên ngành, Giáo dục thể chất, Kỹ thuật vi mạch, Tư tưởng Hồ Chí Minh, Môn tự chọn 6, Môn tự chọn 1, Điện tử số, Hệ thống điện tử nhúng, Mạng viễn thông, Xác suất thống kê, Giải tích, Mạng không dây, Kỹ thuật radar, Triết học Mác-Lênin, Điện tử cơ bản, Môn tự chọn 7, Kỹ năng mềm, Điện tử công suất, Môn tự chọn 5, Môn tự chọn 2, Toán cao cấp, Hệ thống điều khiển tự động, Xử lý tín hiệu số","Cyber Security, Khiêu vũ, Trí tuệ nhân tạo"
SV11284,Luật,6.9,"Blockchain cơ bản, Phát triển game, Phát triển phần mềm doanh nghiệp, Lập trình Python, Tư tưởng Hồ Chí Minh, Kiểm thử phần mềm, Giáo dục quốc phòng - An ninh, Giải tích, Hệ điều hành, Cloud Computing - AWS/Azure, Xác suất thống kê, Giáo dục thể chất, Phát triển ứng dụng di động, Tư duy logic và giải quyết vấn đề, Thị giác máy tính, Hệ thống nhúng, Cyber Security nâng cao, Lập trình di động iOS/Android, Tin học cơ bản","Internet of Things, DevOps, Robot học, Trí tuệ nhân tạo"
SV11285,Kỹ thuật môi trường,6.4,"Môn tự chọn 10, Môn tự chọn 5, Hóa phân tích môi trường, Triết học Mác-Lênin, Toán cao cấp, Giải tích, Kỹ năng mềm, Kỹ thuật phản ứng hóa học, Tư tưởng Hồ Chí Minh, Môn tự chọn 2, Xử lý chất thải rắn, Môn tự chọn 6, Môn tự chọn 9, Kỹ thuật hóa học, Môn tự chọn 7, Môn tự chọn 11, Xử lý nước thải, Môn tự chọn 1, Tiếng Anh chuyên ngành, Công nghệ xử lý nước, Kỹ thuật polymer, Tin học cơ bản, Môn tự chọn 4, Môn tự chọn 12, Ô nhiễm không khí, Kỹ thuật nhiệt hóa học, Xác suất thống kê, Môn tự chọn 13, Giáo dục thể chất, Môn tự chọn 3, Tư duy logic và giải quyết vấn đề, Môn tự chọn 8, Giáo dục quốc phòng - An ninh, Hóa học công nghiệp, Kỹ thuật môi trường","Blockchain, Lập trình, Khoa học dữ liệu"
SV11286,Kỹ thuật phần mềm,5.9,"Thiết kế giao diện người dùng, Machine Learning với TensorFlow, Lập trình Python, Hệ thống nhúng, DevOps và CI/CD, Tin học cơ bản, Kỹ năng mềm, Toán cao cấp, Tư tưởng Hồ Chí Minh, Cấu trúc dữ liệu và Giải thuật, Tiếng Anh chuyên ngành, Lập trình hướng đối tượng, Xác suất thống kê, Cyber Security nâng cao, Blockchain cơ bản, An toàn thông tin, Lập trình Java, Thị giác máy tính, Xử lý ngôn ngữ tự nhiên, Học sâu, Phát triển ứng dụng web, Giáo dục quốc phòng - An ninh, Phân tích và thiết kế hệ thống, Trí tuệ nhân tạo","Blockchain, Game Development, Robot học, Cyber Security"
SV11287,Kỹ thuật cơ khí,8.2,"Giáo dục thể chất, Tiếng Anh chuyên ngành, Sản xuất tự động, Giải tích, Tin học cơ bản, Cơ khí chính xác, Robot công nghiệp, Cơ điện tử, Thiết kế CAD/CAM, Kỹ thuật sản xuất, Cơ học vật liệu, Xác suất thống kê, Triết học Mác-Lênin, Động lực học máy, Kỹ thuật hàn, Cơ khí chế tạo, Kỹ thuật nhiệt, Toán cao cấp, Thiết kế máy, Kỹ thuật gia công, Giáo dục quốc phòng - An ninh, Kỹ năng mềm","Trí tuệ nhân tạo, Phát triển web"
SV11288,Truyền thông đa phương tiện,6.6,"Hệ thống nhúng, Tư tưởng Hồ Chí Minh, Tiếng Anh chuyên ngành, Toán cao cấp, Cloud Computing - AWS/Azure, Phát triển ứng dụng web, Mật mã học, Kỹ thuật phần mềm nâng cao, Hệ thống phân tán, Giáo dục quốc phòng - An ninh, DevOps và CI/CD, Lập trình C/C++, Học sâu, Kỹ năng mềm, Cyber Security nâng cao, Trí tuệ nhân tạo, Giải tích, Thiết kế giao diện người dùng, Triết học Mác-Lênin, Cơ sở dữ liệu, Lập trình di động iOS/Android, Machine Learning với TensorFlow, Lập trình hướng đối tượng, Lập trình web nâng cao, Giáo dục thể chất, Xác suất thống kê, An toàn thông tin, An ninh mạng cơ bản, Big Data và Hadoop, Hệ điều hành","Thiết kế UI/UX, Lập trình, Big Data"
SV11289,Âm nhạc học,5.5,"Âm nhạc dân gian Việt Nam, Hòa âm, Môn tự chọn 3, Môn tự chọn 13, Kỹ thuật thanh nhạc, Tư tưởng Hồ Chí Minh, Âm nhạc lý thuyết, Tiếng Anh chuyên ngành, Môn tự chọn 7, Môn tự chọn 1, Âm nhạc hiện đại, Tư duy logic và giải quyết vấn đề, Kỹ năng mềm, Biểu diễn nhạc cụ, Môn tự chọn 11, Soạn nhạc cơ bản, Môn tự chọn 8, Âm nhạc cổ điển phương Tây, Môn tự chọn 5, Lịch sử âm nhạc, Môn tự chọn 6, Toán cao cấp, Môn tự chọn 2, Giáo dục quốc phòng - An ninh, Giải tích, Tin học cơ bản, Môn tự chọn 10, Môn tự chọn 12, Môn tự chọn 4, Giáo dục thể chất, Triết học Mác-Lênin, Môn tự chọn 9, Xác suất thống kê, Phân tích tác phẩm âm nhạc","Làm video, Kể chuyện, Viết lách, Du lịch khám phá, Diễn thuyết"
SV11290,Khoa học máy tính,8.1,"Phát triển phần mềm doanh nghiệp, Lập trình di động iOS/Android, Phân tích và thiết kế hệ thống, Machine Learning với TensorFlow, Xử lý ngôn ngữ tự nhiên, Hệ điều hành, Kỹ năng mềm, Tư tưởng Hồ Chí Minh, Xác suất thống kê, Triết học Mác-Lênin, Cloud Computing - AWS/Azure, DevOps và CI/CD, Kiểm thử phần mềm, Giáo dục quốc phòng - An ninh, Mật mã học, Cơ sở dữ liệu, An toàn thông tin, Giáo dục thể chất, Lập trình C/C++, Toán cao cấp, Big Data và Hadoop, Trí tuệ nhân tạo, Học máy, Cấu trúc dữ liệu và Giải thuật, Phát triển game, Tiếng Anh chuyên ngành, Internet of Things, Quản lý dự án CNTT, Kỹ thuật phần mềm nâng cao, Hệ thống phân tán","DevOps, Cloud Computing, Machine Learning"
SV11291,Tài chính - Ngân hàng,10,"Kế toán tài chính, Giáo dục thể chất, Toán cao cấp, Tin học cơ bản, Tài chính doanh nghiệp, Thương mại điện tử, Kinh tế vi mô, Logistics, Giáo dục quốc phòng - An ninh, Quản trị kinh doanh, Chuỗi cung ứng, Tiếng Anh chuyên ngành, Tài chính quốc tế, Xác suất thống kê, Giải tích, Kinh tế quốc tế, Kinh tế lượng, Môn tự chọn 2, Quản trị nhân sự, Kế toán quản trị, Marketing số, Môn tự chọn 1, Kỹ năng mềm, Tư duy logic và giải quyết vấn đề, Kinh tế vĩ mô, Tư tưởng Hồ Chí Minh, Marketing cơ bản, Quản trị chiến lược, Triết học Mác-Lênin, Ngân hàng thương mại, Kinh tế phát triển","Marketing số, Đầu tư, Khởi nghiệp"
SV11292,Kỹ thuật xây dựng,7.7,"Xác suất thống kê, Giáo dục quốc phòng - An ninh, Vật liệu xây dựng, Tin học cơ bản, Cầu và đường, Môn tự chọn 2, Môn tự chọn 1, Môn tự chọn 4, Giáo dục thể chất, Kỹ thuật địa kỹ thuật, Tư tưởng Hồ Chí Minh, Thiết kế đô thị, Kiến trúc cảnh quan, Thiết kế kiến trúc nội thất, Môn tự chọn 3, Cơ sở hạ tầng đô thị, Tư duy logic và giải quyết vấn đề, Công trình ngầm, Tiếng Anh chuyên ngành, Kết cấu bê tông cốt thép, Triết học Mác-Lênin, Giải tích, Kỹ thuật xây dựng, Kỹ năng mềm, Toán cao cấp, Kết cấu thép, Quản lý dự án xây dựng","Phát triển ứng dụng di động, Cyber Security"
SV11293,Kỹ thuật điện,8.5,"Toán cao cấp, Giáo dục thể chất, Hệ thống nhúng nâng cao, Mạng không dây, Xác suất thống kê, Truyền thông số, Điện tử số, Triết học Mác-Lênin, Tin học cơ bản, Tư tưởng Hồ Chí Minh, Hệ thống điện tử nhúng, Xử lý tín hiệu số, Đo lường điện tử, Kỹ thuật vi mạch, Truyền thông quang, Giáo dục quốc phòng - An ninh, Điện tử công suất","Phân tích dữ liệu, Robot học, Internet of Things"
SV11294,Kỹ thuật máy tính,7.8,"Giải tích, Triết học Mác-Lênin, Kỹ thuật radar, Hệ thống điều khiển tự động, Anten và sóng điện từ, Đo lường điện tử, Hệ thống điện tử nhúng, Điện tử cơ bản, Xác suất thống kê, Giáo dục thể chất, Mạng không dây, Tư tưởng Hồ Chí Minh, Mạng viễn thông, Tiếng Anh chuyên ngành, Hệ thống nhúng nâng cao, Giáo dục quốc phòng - An ninh, Kỹ năng mềm, Điện tử viễn thông, Kỹ thuật vi mạch, Điện tử số, Truyền thông quang, Tin học cơ bản, Tư duy logic và giải quyết vấn đề, Toán cao cấp","Phát triển web, Cyber Security"
SV11295,Ngôn ngữ Anh,7.6,"Môn tự chọn 1, Kỹ năng mềm, Giáo dục quốc phòng - An ninh, Môn tự chọn 3, Xác suất thống kê, Giáo dục thể chất, Toán cao cấp, Ngữ pháp tiếng Anh nâng cao, Tiếng Anh chuyên ngành, Kỹ năng viết tiếng Anh, Kỹ năng nói tiếng Anh, Tin học cơ bản, Tiếng Anh cho kinh doanh, Ngữ âm học tiếng Anh, Tiếng Anh chuyên ngành pháp lý, Dịch Việt-Anh, Dịch Anh-Việt, Tư duy logic và giải quyết vấn đề, Kỹ năng nghe tiếng Anh, Triết học Mác-Lênin, Văn học Anh, Kỹ năng đọc hiểu tiếng Anh, Tiếng Anh thương mại, Tư tưởng Hồ Chí Minh, Phiên dịch hội nghị, Tiếng Anh báo chí, Môn tự chọn 4, Môn tự chọn 2, Giải tích, Văn hóa Anh-Mỹ, Tiếng Anh học thuật","Làm video, Du lịch khám phá, Phát triển ứng dụng di động, Ẩm thực, Học ngoại ngữ"
SV11296,Kinh tế số,8.6,"Logistics, Kinh tế phát triển, Tài chính quốc tế, Tin học cơ bản, Tư duy logic và giải quyết vấn đề, Tiếng Anh chuyên ngành, Môn tự chọn 5, Marketing cơ bản, Môn tự chọn 3, Môn tự chọn 1, Quản trị chiến lược, Kinh tế lượng, Marketing số, Giáo dục thể chất, Triết học Mác-Lênin, Môn tự chọn 4, Giải tích, Môn tự chọn 7, Thương mại điện tử, Kế toán quản trị, Kinh tế quốc tế, Quản trị nhân sự, Kinh tế vĩ mô, Kế toán tài chính, Kinh tế vi mô, Toán cao cấp, Môn tự chọn 8, Môn tự chọn 6, Xác suất thống kê, Ngân hàng thương mại, Môn tự chọn 2, Giáo dục quốc phòng - An ninh, Tài chính doanh nghiệp, Kỹ năng mềm, Tư tưởng Hồ Chí Minh, Chuỗi cung ứng, Quản trị kinh doanh","Khởi nghiệp, Bán hàng, Kinh doanh quốc tế, Fintech"
SV11297,Răng - Hàm - Mặt,7.4,"Dược lý học, Miễn dịch học, Giải tích, Giải phẫu học, Xác suất thống kê, Bệnh học truyền nhiễm, Toán cao cấp, Tin học cơ bản, Giáo dục quốc phòng - An ninh, Y học cổ truyền, Tư duy logic và giải quyết vấn đề, Triết học Mác-Lênin, Y học dự phòng, Tiếng Anh chuyên ngành, Dinh dưỡng học, Bệnh học nội khoa, Bệnh học ngoại khoa, Hóa sinh y học, Giáo dục thể chất","Fintech, Phát triển web, Kể chuyện"
SV11298,Kỹ thuật hóa học,8,"Ô nhiễm không khí, Kỹ thuật hóa học, Xử lý chất thải rắn, Kỹ thuật môi trường, Tin học cơ bản, Hóa phân tích môi trường, Triết học Mác-Lênin, Giáo dục quốc phòng - An ninh, Tiếng Anh chuyên ngành, Môn tự chọn 1, Kỹ năng mềm, Xác suất thống kê, Tư duy logic và giải quyết vấn đề, Môn tự chọn 2, Toán cao cấp, Công nghệ xử lý nước, Giải tích, Kỹ thuật polymer, Tư tưởng Hồ Chí Minh, Xử lý nước thải, Kỹ thuật phản ứng hóa học, Hóa học công nghiệp, Giáo dục thể chất, Kỹ thuật nhiệt hóa học",Robot học
SV11299,Trí tuệ nhân tạo và Học máy,8,"Cấu trúc dữ liệu và Giải thuật, An toàn thông tin, Giáo dục thể chất, Kỹ thuật phần mềm nâng cao, Hệ thống phân tán, Lập trình C/C++, Học máy, Phát triển game, Lập trình web nâng cao, Cơ sở dữ liệu, Internet of Things, Tiếng Anh chuyên ngành, Lập trình di động iOS/Android, Blockchain cơ bản, Lập trình Java, Thiết kế giao diện người dùng, Giáo dục quốc phòng - An ninh, Học sâu, Phân tích và thiết kế hệ thống, Tin học cơ bản, Tư duy logic và giải quyết vấn đề, Xác suất thống kê, Machine Learning với TensorFlow, Thị giác máy tính, Mật mã học, Mạng máy tính, Big Data và Hadoop, Phát triển ứng dụng di động, Cyber Security nâng cao, Lập trình hướng đối tượng, Triết học Mác-Lênin, Kiểm thử phần mềm, Trí tuệ nhân tạo, Hệ thống nhúng, An ninh mạng cơ bản, Xử lý ngôn ngữ tự nhiên, Tư tưởng Hồ Chí Minh, Giải tích","Phát triển web, Internet of Things"
SV11300,Điều dưỡng,7,"Y học dự phòng, Môn tự chọn 7, Giáo dục quốc phòng - An ninh, Môn tự chọn 3, Dược lý lâm sàng, Y học cổ truyền, Môn tự chọn 9, Môn tự chọn 8, Môn tự chọn 10, Xác suất thống kê, Môn tự chọn 4, Môn tự chọn 11, Giáo dục thể chất, Môn tự chọn 6, Miễn dịch học, Môn tự chọn 5, Môn tự chọn 1, Tư duy logic và giải quyết vấn đề, Tin học cơ bản, Toán cao cấp, Môn tự chọn 2, Giải phẫu học, Giải tích, Bệnh học truyền nhiễm, Môn tự chọn 13, Dinh dưỡng học, Triết học Mác-Lênin, Vi sinh y học, Môn tự chọn 12, Bệnh học nội khoa, Tư tưởng Hồ Chí Minh, Kỹ năng mềm, Hóa sinh y học, Tiếng Anh chuyên ngành, Sinh lý học, Dược lý học, Dược lâm sàng, Bệnh học ngoại khoa","Đầu tư, Machine Learning"
SV11301,Khoa học máy tính,8.7,"Lập trình Java, Hệ thống phân tán, Trí tuệ nhân tạo, Quản lý dự án CNTT, Giải tích, Internet of Things, Học máy, Lập trình web nâng cao, Machine Learning với TensorFlow, Lập trình C/C++, Cơ sở dữ liệu, Giáo dục thể chất, Lập trình di động iOS/Android, Tư tưởng Hồ Chí Minh, Phát triển ứng dụng di động, Thiết kế giao diện người dùng, Tiếng Anh chuyên ngành, Lập trình hướng đối tượng, Lập trình Python, Kiểm thử phần mềm, Cyber Security nâng cao","Phân tích dữ liệu, Phát triển ứng dụng di động"
SV11302,Ngôn ngữ Nhật,7.5,"Tiếng Anh chuyên ngành, Giáo dục thể chất, Kỹ năng nghe nói tiếng Nhật, Tư duy logic và giải quyết vấn đề, Tư tưởng Hồ Chí Minh, Ngữ âm học tiếng Nhật, Giải tích, Giáo dục quốc phòng - An ninh, Triết học Mác-Lênin, Dịch Nhật-Việt, Kanji, Xác suất thống kê, Tiếng Nhật kinh doanh, Tiếng Nhật cho du lịch",Đầu tư
SV11303,Blockchain và Tiền mã hóa,6.9,"Tư duy logic và giải quyết vấn đề, Kỹ năng mềm, Quản lý dự án CNTT, Hệ điều hành, Kiểm thử phần mềm, Toán cao cấp, Xác suất thống kê, Tiếng Anh chuyên ngành, An ninh mạng cơ bản, Học sâu, Mạng máy tính, Xử lý ngôn ngữ tự nhiên, Giải tích, Giáo dục quốc phòng - An ninh, Thị giác máy tính, Lập trình Python, Cyber Security nâng cao, Phân tích và thiết kế hệ thống, Phát triển ứng dụng web, Kỹ thuật phần mềm nâng cao, Tư tưởng Hồ Chí Minh, Phát triển game, Internet of Things, Hệ thống nhúng, Tin học cơ bản, Lập trình C/C++","Phát triển ứng dụng di động, Internet of Things, Lập trình, Machine Learning"
SV11304,Quản trị khách sạn,8.2,"Kế toán tài chính, Tin học cơ bản, Kinh tế vĩ mô, Môn tự chọn 6, Tài chính quốc tế, Môn tự chọn 5, Kỹ năng mềm, Kế toán quản trị, Môn tự chọn 3, Logistics, Xác suất thống kê, Giáo dục quốc phòng - An ninh, Kinh tế phát triển, Triết học Mác-Lênin, Tài chính doanh nghiệp, Kinh tế lượng, Môn tự chọn 7, Chuỗi cung ứng, Quản trị nhân sự, Quản trị chiến lược, Môn tự chọn 1, Giáo dục thể chất, Giải tích, Marketing cơ bản, Toán cao cấp, Kinh tế quốc tế, Quản trị kinh doanh, Thương mại điện tử, Tiếng Anh chuyên ngành, Kinh tế vi mô, Ngân hàng thương mại, Môn tự chọn 2, Tư tưởng Hồ Chí Minh, Môn tự chọn 4, Tư duy logic và giải quyết vấn đề, Marketing số","Đầu tư, Fintech, Quản trị dự án, Thương mại điện tử"
SV11305,Thiết kế thời trang,6.8,"Kỹ năng mềm, Giáo dục thể chất, Tiếng Anh chuyên ngành, Môn tự chọn 10, Môn tự chọn 12, Tư tưởng Hồ Chí Minh, Môn tự chọn 1, Môn tự chọn 9, Môn tự chọn 5, Môn tự chọn 17, Môn tự chọn 4, Môn tự chọn 6, Môn tự chọn 11, Xác suất thống kê, Môn tự chọn 8, Môn tự chọn 3, Môn tự chọn 7, Môn tự chọn 2, Toán cao cấp, Giáo dục quốc phòng - An ninh, Môn tự chọn 14, Giải tích, Môn tự chọn 13, Môn tự chọn 15, Tin học cơ bản, Tư duy logic và giải quyết vấn đề, Môn tự chọn 16, Triết học Mác-Lênin","Thơ ca, Thiền"
SV11306,Kỹ thuật máy tính,7.7,"Triết học Mác-Lênin, Điện tử năng lượng, Giáo dục quốc phòng - An ninh, Tiếng Anh chuyên ngành, Tư tưởng Hồ Chí Minh, Điện tử công suất, Toán cao cấp, Tư duy logic và giải quyết vấn đề, Anten và sóng điện từ, Hệ thống điều khiển tự động, Truyền thông quang, Điện tử cơ bản, Giáo dục thể chất","Blockchain, Game Development"
SV11307,Marketing,7.7,"Môn tự chọn 6, Tài chính quốc tế, Môn tự chọn 1, Giáo dục thể chất, Ngân hàng thương mại, Môn tự chọn 4, Kinh tế quốc tế, Môn tự chọn 2, Kinh tế vi mô, Kế toán tài chính, Kinh tế phát triển, Quản trị nhân sự, Kỹ năng mềm, Môn tự chọn 3, Marketing cơ bản, Kinh tế lượng, Tư tưởng Hồ Chí Minh, Chuỗi cung ứng, Kế toán quản trị, Tin học cơ bản, Môn tự chọn 5, Tài chính doanh nghiệp, Quản trị kinh doanh, Giải tích, Giáo dục quốc phòng - An ninh, Triết học Mác-Lênin, Toán cao cấp, Tư duy logic và giải quyết vấn đề, Kinh tế vĩ mô, Marketing số, Logistics, Quản trị chiến lược, Xác suất thống kê, Tiếng Anh chuyên ngành, Thương mại điện tử","Fintech, Đầu tư"
SV11308,Thiết kế đồ họa,8.8,"Môn tự chọn 8, Triết học Mác-Lênin, Tư tưởng Hồ Chí Minh, Giải tích, Kỹ năng mềm, Môn tự chọn 6, Toán cao cấp, Môn tự chọn 4, Môn tự chọn 9, Môn tự chọn 12, Môn tự chọn 3, Giáo dục quốc phòng - An ninh, Môn tự chọn 10, Môn tự chọn 7, Môn tự chọn 11, Xác suất thống kê, Tư duy logic và giải quyết vấn đề, Môn tự chọn 2, Môn tự chọn 13, Giáo dục thể chất, Môn tự chọn 5, Tin học cơ bản, Tiếng Anh chuyên ngành, Môn tự chọn 1","Thiền, Ẩm thực"
SV11309,Kế toán,8.2,"Toán cao cấp, Tư tưởng Hồ Chí Minh, Kế toán quản trị, Tư duy logic và giải quyết vấn đề, Tin học cơ bản, Marketing số, Quản trị chiến lược, Môn tự chọn 4, Môn tự chọn 9, Giải tích, Tài chính doanh nghiệp, Marketing cơ bản, Quản trị nhân sự, Logistics, Giáo dục quốc phòng - An ninh, Môn tự chọn 6, Môn tự chọn 7, Giáo dục thể chất, Xác suất thống kê, Quản trị kinh doanh, Môn tự chọn 2, Kinh tế vĩ mô, Kỹ năng mềm, Ngân hàng thương mại, Kinh tế phát triển, Kế toán tài chính, Triết học Mác-Lênin, Thương mại điện tử, Môn tự chọn 8, Môn tự chọn 10, Tiếng Anh chuyên ngành, Kinh tế quốc tế, Môn tự chọn 1, Môn tự chọn 5, Chuỗi cung ứng, Tài chính quốc tế, Kinh tế vi mô, Môn tự chọn 3, Kinh tế lượng, Môn tự chọn 11","Thương mại điện tử, Marketing số, Bán hàng, Du lịch khám phá"
SV11310,Kỹ thuật điện,7.7,"Đo lường điện tử, Giải tích, Hệ thống điện tử nhúng, Điện tử cơ bản, Tư tưởng Hồ Chí Minh, Điện tử công suất, Kỹ thuật vi mạch, Điện tử số, Giáo dục quốc phòng - An ninh, Hệ thống điều khiển tự động, Mạng viễn thông, Xác suất thống kê, Giáo dục thể chất, Toán cao cấp, Điện tử viễn thông, Anten và sóng điện từ, Triết học Mác-Lênin, Tư duy logic và giải quyết vấn đề, Tiếng Anh chuyên ngành, Xử lý tín hiệu số, Hệ thống nhúng nâng cao, Mạng không dây, Kỹ năng mềm","Machine Learning, Phân tích dữ liệu, Game Development, Thiết kế UI/UX"
SV11311,Ngôn ngữ Nhật,8.5,"Xác suất thống kê, Giáo dục thể chất, Tin học cơ bản, Văn hóa Nhật Bản, Tiếng Anh chuyên ngành, Hiragana & Katakana, Kanji, Kỹ năng nghe nói tiếng Nhật, Tiếng Nhật cho du lịch, Tiếng Nhật kinh doanh, Dịch Nhật-Việt, Tư tưởng Hồ Chí Minh","Âm nhạc, Nhiếp ảnh, Thiền, Yoga, Đầu tư"
SV11312,Kỹ thuật cơ khí,9.1,"Cơ học kỹ thuật, Cơ khí chính xác, Kỹ năng mềm, Cơ học vật liệu, Động lực học máy, Cơ điện tử, Robot công nghiệp, Toán cao cấp, Kỹ thuật gia công, Cơ khí chế tạo, Tư tưởng Hồ Chí Minh, Sản xuất tự động, Kỹ thuật nhiệt, Giáo dục thể chất, Giải tích, Giáo dục quốc phòng - An ninh, Triết học Mác-Lênin, Kỹ thuật hàn, Tiếng Anh chuyên ngành, Kỹ thuật sản xuất, Tin học cơ bản, Thiết kế CAD/CAM, Xác suất thống kê, Tư duy logic và giải quyết vấn đề","Robot học, Internet of Things, Big Data, Blockchain, Lập trình"
SV11313,Kế toán,8.3,"Quản trị chiến lược, Kinh tế vi mô, Giải tích, Quản trị kinh doanh, Kinh tế quốc tế, Giáo dục quốc phòng - An ninh, Toán cao cấp, Kinh tế vĩ mô, Quản trị nhân sự, Thương mại điện tử, Chuỗi cung ứng, Kế toán quản trị, Xác suất thống kê, Marketing cơ bản, Kinh tế lượng, Triết học Mác-Lênin, Tin học cơ bản, Kỹ năng mềm, Kinh tế phát triển, Marketing số, Tiếng Anh chuyên ngành, Tư tưởng Hồ Chí Minh, Tư duy logic và giải quyết vấn đề, Tài chính quốc tế, Tài chính doanh nghiệp, Kế toán tài chính, Ngân hàng thương mại","Thương mại điện tử, Kinh doanh quốc tế, Quản trị dự án, Fintech"
SV11314,Trí tuệ nhân tạo và Học máy,7.7,"An toàn thông tin, Cơ sở dữ liệu, Phát triển ứng dụng di động, Phân tích và thiết kế hệ thống, Phát triển game, Lập trình di động iOS/Android, Lập trình web nâng cao, Thiết kế giao diện người dùng, Toán cao cấp, Phát triển ứng dụng web, Machine Learning với TensorFlow, Giải tích, Mạng máy tính, Lập trình Python, DevOps và CI/CD, Học máy, Trí tuệ nhân tạo, Xác suất thống kê, Lập trình C/C++, Blockchain cơ bản, Quản lý dự án CNTT, Học sâu, Phát triển phần mềm doanh nghiệp, Hệ thống nhúng, Kỹ năng mềm, Lập trình hướng đối tượng, Cấu trúc dữ liệu và Giải thuật, Mật mã học, Triết học Mác-Lênin, Hệ điều hành, Big Data và Hadoop, Tư tưởng Hồ Chí Minh, Internet of Things, Giáo dục quốc phòng - An ninh, Tiếng Anh chuyên ngành, Thị giác máy tính","Phát triển ứng dụng di động, Phân tích dữ liệu, Machine Learning, Cyber Security, Khoa học dữ liệu"
SV11315,Kinh tế,6.4,"Kế toán quản trị, Kinh tế lượng, Tư tưởng Hồ Chí Minh, Kinh tế vi mô, Giáo dục thể chất, Tài chính doanh nghiệp, Môn tự chọn 1, Xác suất thống kê, Chuỗi cung ứng, Kinh tế vĩ mô, Môn tự chọn 2, Kỹ năng mềm, Kế toán tài chính, Quản trị kinh doanh, Thương mại điện tử, Quản trị nhân sự, Kinh tế phát triển, Marketing cơ bản, Giải tích, Kinh tế quốc tế, Logistics, Marketing số, Môn tự chọn 3, Ngân hàng thương mại, Tiếng Anh chuyên ngành, Quản trị chiến lược, Triết học Mác-Lênin, Giáo dục quốc phòng - An ninh, Toán cao cấp, Tin học cơ bản, Tư duy logic và giải quyết vấn đề, Môn tự chọn 4, Tài chính quốc tế","Đầu tư, Fintech, Marketing số, Bán hàng"
SV11316,Y khoa,6.6,"Sinh lý học, Bệnh học ngoại khoa, Y học cổ truyền, Toán cao cấp, Miễn dịch học, Tin học cơ bản, Vi sinh y học, Giáo dục quốc phòng - An ninh, Giải tích, Xác suất thống kê, Triết học Mác-Lênin, Bệnh học nội khoa, Y học dự phòng, Tư duy logic và giải quyết vấn đề, Dược lý học, Tư tưởng Hồ Chí Minh, Kỹ năng mềm, Dược lý lâm sàng, Tiếng Anh chuyên ngành, Hóa sinh y học, Giải phẫu học, Giáo dục thể chất, Dược lâm sàng","Big Data, Kể chuyện, Internet of Things"
SV11317,Marketing,7.4,"Quản trị nhân sự, Logistics, Thương mại điện tử, Marketing cơ bản, Triết học Mác-Lênin, Quản trị kinh doanh, Xác suất thống kê, Quản trị chiến lược, Tài chính doanh nghiệp, Ngân hàng thương mại, Tin học cơ bản, Kế toán tài chính, Tài chính quốc tế, Giáo dục thể chất, Giáo dục quốc phòng - An ninh, Giải tích, Kinh tế vi mô, Kỹ năng mềm, Kế toán quản trị, Tiếng Anh chuyên ngành, Tư tưởng Hồ Chí Minh, Kinh tế vĩ mô, Tư duy logic và giải quyết vấn đề, Kinh tế phát triển, Marketing số","Bán hàng, Thương mại điện tử, Đầu tư, Khởi nghiệp"
SV11318,Kỹ thuật y sinh,7.1,"Tư duy logic và giải quyết vấn đề, Giáo dục quốc phòng - An ninh, Kỹ thuật tế bào, Triết học Mác-Lênin, Vật liệu sinh học, Thiết bị y tế, Tiếng Anh chuyên ngành, Công nghệ gen, Công nghệ nano y sinh, Tư tưởng Hồ Chí Minh, Hình ảnh y khoa","Phát triển web, DevOps, Robot học, Phát triển ứng dụng di động, Thiết kế UI/UX"
SV11319,Ngôn ngữ Hàn Quốc,7.5,"Văn hóa Hàn Quốc, Môn tự chọn 2, Xác suất thống kê, Môn tự chọn 9, Giáo dục quốc phòng - An ninh, Môn tự chọn 11, Tiếng Anh chuyên ngành, Môn tự chọn 10, Giáo dục thể chất, Môn tự chọn 17, Môn tự chọn 5, Môn tự chọn 19, Tư duy logic và giải quyết vấn đề, Môn tự chọn 4, Môn tự chọn 13, Giải tích, Tiếng Hàn thương mại, Lịch sử Hàn Quốc, Toán cao cấp, Ngữ pháp tiếng Hàn, Triết học Mác-Lênin, Kỹ năng nghe nói tiếng Hàn, Môn tự chọn 7, Môn tự chọn 14, Ngữ âm học tiếng Hàn, Môn tự chọn 16, Môn tự chọn 8, Hangeul, Từ vựng tiếng Hàn, Môn tự chọn 6, K-pop và văn hóa đại chúng Hàn, Dịch Hàn-Việt, Tư tưởng Hồ Chí Minh, Kỹ năng mềm, Môn tự chọn 1, Môn tự chọn 18, Môn tự chọn 12, Môn tự chọn 15, Môn tự chọn 3, Tin học cơ bản","Ẩm thực, Marketing số, Kinh doanh quốc tế"
SV11320,Tài chính - Ngân hàng,7.8,"Kinh tế lượng, Quản trị kinh doanh, Tài chính doanh nghiệp, Tư tưởng Hồ Chí Minh, Tiếng Anh chuyên ngành, Tư duy logic và giải quyết vấn đề, Triết học Mác-Lênin, Ngân hàng thương mại, Kế toán quản trị, Tài chính quốc tế, Logistics, Chuỗi cung ứng, Giáo dục thể chất, Tin học cơ bản, Kinh tế phát triển, Thương mại điện tử","Đầu tư, Trí tuệ nhân tạo"
SV11321,Kinh tế,8.2,"Thương mại điện tử, Marketing số, Quản trị nhân sự, Kinh tế vĩ mô, Kinh tế quốc tế, Tư duy logic và giải quyết vấn đề, Kinh tế phát triển, Tin học cơ bản, Kinh tế vi mô, Triết học Mác-Lênin, Tài chính quốc tế, Quản trị kinh doanh, Tài chính doanh nghiệp","Bán hàng, Quản trị dự án"
SV11322,Luật,7.6,"Kỹ năng mềm, Phát triển phần mềm doanh nghiệp, Thiết kế giao diện người dùng, Tư tưởng Hồ Chí Minh, Lập trình web nâng cao, Cyber Security nâng cao, Tiếng Anh chuyên ngành, Mạng máy tính, Giải tích, Phát triển game, Hệ thống phân tán, Lập trình C/C++, Tin học cơ bản, Kiểm thử phần mềm, Quản lý dự án CNTT, Phát triển ứng dụng web, Lập trình hướng đối tượng, Kỹ thuật phần mềm nâng cao, Hệ điều hành, Lập trình Java, Phân tích và thiết kế hệ thống, Lập trình di động iOS/Android, Internet of Things, Xử lý ngôn ngữ tự nhiên, Thị giác máy tính, Cơ sở dữ liệu, Triết học Mác-Lênin, Phát triển ứng dụng di động, Hệ thống nhúng, Trí tuệ nhân tạo, Big Data và Hadoop, Blockchain cơ bản, Lập trình Python, Toán cao cấp, Giáo dục thể chất, DevOps và CI/CD, Học sâu, An toàn thông tin, Cấu trúc dữ liệu và Giải thuật","Cloud Computing, Phát triển ứng dụng di động, Cyber Security"
SV11323,Ngôn ngữ Hàn Quốc,8.2,"Giải tích, Lịch sử Hàn Quốc, Giáo dục quốc phòng - An ninh, Môn tự chọn 3, Môn tự chọn 11, Môn tự chọn 5, Hangeul, Tin học cơ bản, Giáo dục thể chất, Ngữ pháp tiếng Hàn, Môn tự chọn 2, Tiếng Hàn thương mại, Dịch Hàn-Việt, Ngữ âm học tiếng Hàn, Tư tưởng Hồ Chí Minh, Môn tự chọn 12, Môn tự chọn 4, Tiếng Anh chuyên ngành, Môn tự chọn 8, Môn tự chọn 7, Tư duy logic và giải quyết vấn đề, Triết học Mác-Lênin, Môn tự chọn 9, Môn tự chọn 10, Văn hóa Hàn Quốc, Toán cao cấp, Xác suất thống kê, Môn tự chọn 6, Môn tự chọn 1, Từ vựng tiếng Hàn, K-pop và văn hóa đại chúng Hàn, Kỹ năng nghe nói tiếng Hàn, Kỹ năng mềm","Diễn thuyết, Fintech, Chơi nhạc cụ, Internet of Things, Quản trị dự án"
SV11324,Điều dưỡng,7.8,"Giáo dục quốc phòng - An ninh, Sinh lý học, Bệnh học nội khoa, Dinh dưỡng học, Tư duy logic và giải quyết vấn đề, Y học dự phòng, Bệnh học ngoại khoa, Dược lý học, Y học cổ truyền, Tư tưởng Hồ Chí Minh, Bệnh học truyền nhiễm, Giải tích, Kỹ năng mềm, Dược lý lâm sàng, Xác suất thống kê, Vi sinh y học, Giáo dục thể chất, Miễn dịch học, Giải phẫu học, Triết học Mác-Lênin","Khởi nghiệp, Phân tích dữ liệu"
SV11325,Kỹ thuật máy tính,5.7,"Điện tử số, Mạng không dây, Tư duy logic và giải quyết vấn đề, Kỹ thuật vi mạch, Môn tự chọn 3, Xác suất thống kê, Điện tử công suất, Anten và sóng điện từ, Điện tử năng lượng, Giáo dục thể chất, Đo lường điện tử, Truyền thông vô tuyến, Tin học cơ bản, Truyền thông quang, Điện tử cơ bản, Môn tự chọn 6, Giải tích, Môn tự chọn 2, Triết học Mác-Lênin, Giáo dục quốc phòng - An ninh, Tư tưởng Hồ Chí Minh, Môn tự chọn 8, Mạng viễn thông, Toán cao cấp, Hệ thống điện tử nhúng, Điện tử viễn thông, Môn tự chọn 5, Môn tự chọn 7, Kỹ thuật radar, Xử lý tín hiệu số, Hệ thống điều khiển tự động, Hệ thống nhúng nâng cao, Môn tự chọn 4, Truyền thông số, Tiếng Anh chuyên ngành, Môn tự chọn 1, Kỹ năng mềm","Blockchain, Phát triển ứng dụng di động, Machine Learning, Phát triển web, Phân tích dữ liệu"
SV11326,Kỹ thuật máy tính,6.8,"Anten và sóng điện từ, Hệ thống điện tử nhúng, Môn tự chọn 5, Mạng viễn thông, Điện tử viễn thông, Truyền thông số, Giáo dục thể chất, Kỹ thuật vi mạch, Xử lý tín hiệu số, Tiếng Anh chuyên ngành, Triết học Mác-Lênin, Môn tự chọn 2, Truyền thông quang, Tin học cơ bản, Tư tưởng Hồ Chí Minh, Giải tích, Kỹ năng mềm, Môn tự chọn 9, Môn tự chọn 7, Kỹ thuật radar, Môn tự chọn 4, Giáo dục quốc phòng - An ninh, Môn tự chọn 1, Điện tử năng lượng, Truyền thông vô tuyến, Môn tự chọn 8, Toán cao cấp, Hệ thống nhúng nâng cao, Mạng không dây, Điện tử công suất, Đo lường điện tử, Xác suất thống kê, Môn tự chọn 6, Môn tự chọn 3, Hệ thống điều khiển tự động, Điện tử số, Điện tử cơ bản, Môn tự chọn 10, Tư duy logic và giải quyết vấn đề","Blockchain, Machine Learning, Phân tích dữ liệu"
SV11327,Tài chính - Ngân hàng,7.6,"Kinh tế vĩ mô, Chuỗi cung ứng, Triết học Mác-Lênin, Kế toán tài chính, Kinh tế vi mô, Tài chính doanh nghiệp, Giáo dục thể chất, Thương mại điện tử, Giải tích, Kinh tế quốc tế, Logistics, Toán cao cấp, Kỹ năng mềm, Kế toán quản trị, Kinh tế phát triển, Marketing cơ bản, Marketing số, Quản trị chiến lược, Ngân hàng thương mại, Tin học cơ bản, Xác suất thống kê, Kinh tế lượng, Tài chính quốc tế, Quản trị nhân sự, Tư tưởng Hồ Chí Minh, Tư duy logic và giải quyết vấn đề, Quản trị kinh doanh","Du lịch khám phá, Marketing số, Khởi nghiệp, Thương mại điện tử, Quản trị dự án"
SV11328,Điều dưỡng,6.5,"Giáo dục quốc phòng - An ninh, Dược lý học, Y học dự phòng, Dinh dưỡng học, Sinh lý học, Tư tưởng Hồ Chí Minh, Giải phẫu học, Kỹ năng mềm, Dược lý lâm sàng, Bệnh học nội khoa, Y học cổ truyền, Hóa sinh y học, Bệnh học truyền nhiễm, Bệnh học ngoại khoa, Xác suất thống kê, Giải tích, Miễn dịch học, Tiếng Anh chuyên ngành, Vi sinh y học","Quản trị dự án, Cyber Security, Khởi nghiệp, Marketing số, Phân tích dữ liệu"
SV11329,Truyền thông đa phương tiện,8.3,"Cấu trúc dữ liệu và Giải thuật, Phát triển ứng dụng di động, Blockchain cơ bản, Mạng máy tính, Cơ sở dữ liệu, Tin học cơ bản, Big Data và Hadoop, Giáo dục thể chất, Cloud Computing - AWS/Azure, Lập trình Java, Tiếng Anh chuyên ngành, Tư duy logic và giải quyết vấn đề, Kỹ thuật phần mềm nâng cao, An toàn thông tin, Triết học Mác-Lênin, DevOps và CI/CD, Phân tích và thiết kế hệ thống, Phát triển game, Lập trình web nâng cao, Phát triển ứng dụng web","Phân tích dữ liệu, Robot học, DevOps, Cyber Security"
SV11330,Kế toán,9.2,"Kỹ năng mềm, Tin học cơ bản, Môn tự chọn 5, Môn tự chọn 3, Toán cao cấp, Thương mại điện tử, Kinh tế quốc tế, Giáo dục thể chất, Tài chính quốc tế, Kinh tế vi mô, Tư tưởng Hồ Chí Minh, Tiếng Anh chuyên ngành, Kinh tế phát triển, Môn tự chọn 8, Quản trị chiến lược, Quản trị kinh doanh, Môn tự chọn 2, Chuỗi cung ứng, Môn tự chọn 6, Môn tự chọn 1, Giáo dục quốc phòng - An ninh, Logistics, Tư duy logic và giải quyết vấn đề, Giải tích, Tài chính doanh nghiệp, Kinh tế vĩ mô, Kế toán tài chính, Xác suất thống kê, Kinh tế lượng, Triết học Mác-Lênin, Môn tự chọn 4, Môn tự chọn 9, Ngân hàng thương mại, Kế toán quản trị, Quản trị nhân sự, Môn tự chọn 11, Marketing số, Marketing cơ bản, Môn tự chọn 7, Môn tự chọn 10",Marketing số
SV11331,Ngôn ngữ Hàn Quốc,8.9,"Môn tự chọn 1, Dịch Hàn-Việt, Hangeul, Văn hóa Hàn Quốc, Từ vựng tiếng Hàn, Giáo dục thể chất, Môn tự chọn 7, Ngữ pháp tiếng Hàn, Tư tưởng Hồ Chí Minh, Môn tự chọn 13, Môn tự chọn 12, Môn tự chọn 2, Kỹ năng nghe nói tiếng Hàn, Môn tự chọn 11, Triết học Mác-Lênin, K-pop và văn hóa đại chúng Hàn, Tư duy logic và giải quyết vấn đề, Môn tự chọn 5, Giải tích, Môn tự chọn 8, Môn tự chọn 10, Lịch sử Hàn Quốc, Giáo dục quốc phòng - An ninh, Xác suất thống kê, Môn tự chọn 9, Tiếng Hàn thương mại, Tiếng Anh chuyên ngành, Kỹ năng mềm, Toán cao cấp, Môn tự chọn 3, Ngữ âm học tiếng Hàn, Tin học cơ bản, Môn tự chọn 4, Môn tự chọn 6","Khiêu vũ, Kinh doanh quốc tế, Big Data"
SV11332,Logistics và Quản lý chuỗi cung ứng,7.5,"Cơ sở dữ liệu, Cyber Security nâng cao, Học sâu, Phát triển game, Triết học Mác-Lênin, Quản lý dự án CNTT, An toàn thông tin, Giáo dục quốc phòng - An ninh, Mạng máy tính, Phát triển ứng dụng web, Xác suất thống kê, Phát triển ứng dụng di động, Phân tích và thiết kế hệ thống, Tư tưởng Hồ Chí Minh, Lập trình Java, Xử lý ngôn ngữ tự nhiên, Toán cao cấp, Tư duy logic và giải quyết vấn đề, An ninh mạng cơ bản, Lập trình di động iOS/Android, Trí tuệ nhân tạo, Kỹ thuật phần mềm nâng cao, Big Data và Hadoop, Hệ thống nhúng, Giải tích, Mật mã học, Internet of Things, Tin học cơ bản, Học máy, Lập trình web nâng cao, Lập trình hướng đối tượng, Hệ điều hành, Machine Learning với TensorFlow","Cyber Security, Blockchain"
SV11333,Báo chí,9.2,"Kiểm thử phần mềm, Phát triển game, Cấu trúc dữ liệu và Giải thuật, Học sâu, Lập trình di động iOS/Android, Quản lý dự án CNTT, Kỹ năng mềm, Phân tích và thiết kế hệ thống, Lập trình Java, Giải tích, Mạng máy tính, Hệ thống phân tán, Internet of Things, Toán cao cấp, Cyber Security nâng cao, Mật mã học, Lập trình web nâng cao, Trí tuệ nhân tạo, Thị giác máy tính","Phát triển ứng dụng di động, Khoa học dữ liệu, Machine Learning"
SV11334,Thương mại điện tử,7.8,"Phát triển game, Kỹ thuật phần mềm nâng cao, Quản lý dự án CNTT, Phát triển ứng dụng web, Trí tuệ nhân tạo, An ninh mạng cơ bản, Hệ thống phân tán, Tư duy logic và giải quyết vấn đề, Lập trình Python, Tư tưởng Hồ Chí Minh, Hệ thống nhúng, Big Data và Hadoop, Học sâu, Tin học cơ bản, Lập trình di động iOS/Android, Phát triển ứng dụng di động, Mật mã học, Machine Learning với TensorFlow, Cấu trúc dữ liệu và Giải thuật, Phát triển phần mềm doanh nghiệp, Giáo dục quốc phòng - An ninh, Kỹ năng mềm, Blockchain cơ bản, Xác suất thống kê, Giải tích","Phát triển web, Cloud Computing, Phát triển ứng dụng di động"
SV11335,Kỹ thuật điện,7.4,"Tư tưởng Hồ Chí Minh, Xử lý tín hiệu số, Giáo dục thể chất, Kỹ thuật vi mạch, Truyền thông quang, Kỹ thuật radar, Điện tử số, Điện tử công suất, Giáo dục quốc phòng - An ninh, Kỹ năng mềm, Triết học Mác-Lênin","Big Data, Phát triển ứng dụng di động, Trí tuệ nhân tạo, Phân tích dữ liệu"
SV11336,Quan hệ quốc tế,7.1,"Kỹ năng mềm, Kiểm thử phần mềm, Blockchain cơ bản, Lập trình Python, Cyber Security nâng cao, Tư duy logic và giải quyết vấn đề, An toàn thông tin, Toán cao cấp, Tư tưởng Hồ Chí Minh, Mạng máy tính, Phát triển phần mềm doanh nghiệp, DevOps và CI/CD, Cấu trúc dữ liệu và Giải thuật, Trí tuệ nhân tạo, Triết học Mác-Lênin, Machine Learning với TensorFlow, Phát triển game, Big Data và Hadoop, Hệ thống nhúng","Internet of Things, Blockchain"
SV11337,Công nghệ thông tin,7.4,"Big Data và Hadoop, Tiếng Anh chuyên ngành, Internet of Things, Lập trình web nâng cao, Học sâu, Lập trình di động iOS/Android, Giáo dục quốc phòng - An ninh, Quản lý dự án CNTT, Hệ thống phân tán, Toán cao cấp, Hệ điều hành, Xử lý ngôn ngữ tự nhiên, An ninh mạng cơ bản, Thiết kế giao diện người dùng, Phát triển game, Hệ thống nhúng, Phát triển phần mềm doanh nghiệp, Xác suất thống kê, Tin học cơ bản, Cyber Security nâng cao, Kỹ thuật phần mềm nâng cao, Kiểm thử phần mềm, Phân tích và thiết kế hệ thống, Phát triển ứng dụng web, Thị giác máy tính, Giáo dục thể chất, Học máy, Lập trình hướng đối tượng",Cloud Computing
SV11338,Công nghệ sinh học,7.3,"Môn tự chọn 1, Giáo dục thể chất, Thiết bị y tế, Tin học cơ bản, Môn tự chọn 5, Triết học Mác-Lênin, Tư tưởng Hồ Chí Minh, Sinh học phân tử, Công nghệ gen, Môn tự chọn 6, Môn tự chọn 4, Xác suất thống kê, Công nghệ nano y sinh, Toán cao cấp, Kỹ thuật tế bào, Môn tự chọn 3, Môn tự chọn 2, Giáo dục quốc phòng - An ninh, Giải tích, Kỹ thuật y sinh, Kỹ thuật mô sinh học, Hình ảnh y khoa, Tư duy logic và giải quyết vấn đề, Kỹ năng mềm, Vật liệu sinh học, Tiếng Anh chuyên ngành, Công nghệ sinh học ứng dụng","Internet of Things, Cyber Security, Phát triển ứng dụng di động"
SV11339,Kiến trúc,7.9,"Xác suất thống kê, Kết cấu thép, Kết cấu bê tông cốt thép, Giáo dục quốc phòng - An ninh, Kỹ thuật xây dựng, Tin học cơ bản, Kỹ thuật địa kỹ thuật, Quản lý dự án xây dựng, Thiết kế đô thị, Triết học Mác-Lênin, Thiết kế kiến trúc nội thất, Kỹ năng mềm, Toán cao cấp, Giáo dục thể chất, Kiến trúc cảnh quan, Cầu và đường, Công trình ngầm, Giải tích","Phân tích dữ liệu, Trí tuệ nhân tạo, Big Data"
SV11340,Ngôn ngữ Hàn Quốc,7.9,"Giáo dục quốc phòng - An ninh, Lịch sử Hàn Quốc, Triết học Mác-Lênin, Tư tưởng Hồ Chí Minh, Tin học cơ bản, Toán cao cấp, Môn tự chọn 14, Ngữ pháp tiếng Hàn, K-pop và văn hóa đại chúng Hàn, Môn tự chọn 5, Môn tự chọn 3, Môn tự chọn 1, Môn tự chọn 17, Tiếng Hàn thương mại, Kỹ năng nghe nói tiếng Hàn, Môn tự chọn 12, Ngữ âm học tiếng Hàn, Môn tự chọn 15, Môn tự chọn 9, Môn tự chọn 11, Văn hóa Hàn Quốc, Môn tự chọn 6, Môn tự chọn 7, Giải tích, Môn tự chọn 2, Tiếng Anh chuyên ngành, Hangeul, Môn tự chọn 10, Môn tự chọn 16, Môn tự chọn 8, Môn tự chọn 4, Môn tự chọn 19, Giáo dục thể chất, Xác suất thống kê, Tư duy logic và giải quyết vấn đề, Môn tự chọn 18, Kỹ năng mềm, Từ vựng tiếng Hàn, Môn tự chọn 13, Dịch Hàn-Việt","Ẩm thực, Quản trị dự án, Lập trình, Internet of Things"
SV11341,Quản trị kinh doanh,7.7,"Tài chính quốc tế, Triết học Mác-Lênin, Ngân hàng thương mại, Logistics, Marketing số, Tài chính doanh nghiệp, Chuỗi cung ứng, Tin học cơ bản, Kinh tế quốc tế, Thương mại điện tử, Quản trị nhân sự, Quản trị kinh doanh, Tư duy logic và giải quyết vấn đề, Quản trị chiến lược, Kế toán quản trị, Tiếng Anh chuyên ngành, Kinh tế phát triển, Kỹ năng mềm, Tư tưởng Hồ Chí Minh, Xác suất thống kê, Kinh tế vi mô, Marketing cơ bản, Kinh tế lượng","Bán hàng, Đầu tư, Marketing số, Khởi nghiệp"
SV11342,Kỹ thuật điện,8.1,"Truyền thông vô tuyến, Xử lý tín hiệu số, Môn tự chọn 8, Kỹ thuật radar, Môn tự chọn 3, Tin học cơ bản, Mạng viễn thông, Môn tự chọn 2, Toán cao cấp, Tư tưởng Hồ Chí Minh, Điện tử năng lượng, Môn tự chọn 4, Anten và sóng điện từ, Xác suất thống kê, Đo lường điện tử, Môn tự chọn 9, Môn tự chọn 5, Giáo dục quốc phòng - An ninh, Điện tử số, Hệ thống điện tử nhúng, Giải tích, Triết học Mác-Lênin, Môn tự chọn 7, Kỹ năng mềm, Kỹ thuật vi mạch, Điện tử công suất, Giáo dục thể chất, Truyền thông số, Điện tử viễn thông, Môn tự chọn 6, Mạng không dây, Hệ thống nhúng nâng cao, Hệ thống điều khiển tự động, Tư duy logic và giải quyết vấn đề, Tiếng Anh chuyên ngành, Truyền thông quang, Môn tự chọn 1, Điện tử cơ bản","Phát triển ứng dụng di động, DevOps"
SV11343,Sư phạm Toán,8.9,"Môn tự chọn 2, Dạy học toán phổ thông, Giải tích, Kỹ năng mềm, Tiếng Anh chuyên ngành, Môn tự chọn 4, Toán học ứng dụng, Đại số tuyến tính, Lý thuyết số, Toán cao cấp, Môn tự chọn 1, Bài tập toán nâng cao, Triết học Mác-Lênin, Toán học sơ cấp, Giáo dục thể chất, Môn tự chọn 3, Xác suất thống kê, Phương pháp giảng dạy Toán, Tin học cơ bản, Giáo dục quốc phòng - An ninh, Tư duy logic và giải quyết vấn đề, Tư tưởng Hồ Chí Minh, Hình học giải tích, Toán rời rạc","Đọc sách, Chơi nhạc cụ"
SV11344,Luật,8.6,"Lập trình hướng đối tượng, An toàn thông tin, Toán cao cấp, Tư tưởng Hồ Chí Minh, Học máy, Học sâu, Xử lý ngôn ngữ tự nhiên, Trí tuệ nhân tạo, Giáo dục quốc phòng - An ninh, Tiếng Anh chuyên ngành, Hệ thống phân tán, DevOps và CI/CD, Lập trình di động iOS/Android, Cloud Computing - AWS/Azure","DevOps, Machine Learning, Phân tích dữ liệu, Blockchain"
SV11345,Ngôn ngữ Trung Quốc,6.2,"Tư tưởng Hồ Chí Minh, Ngữ pháp tiếng Trung, Tin học cơ bản, Ngữ âm học tiếng Trung, Dịch Trung-Việt, Giáo dục quốc phòng - An ninh, Kỹ năng mềm, Hán tự học, Kỹ năng nghe nói tiếng Trung, Toán cao cấp, Tiếng Trung kinh tế, Văn hóa Trung Quốc, Giải tích, Tư duy logic và giải quyết vấn đề, Văn học cổ điển Trung Quốc, Giáo dục thể chất, Triết học Mác-Lênin, Xác suất thống kê, Tiếng Trung thương mại","Cloud Computing, Phát triển web"
SV11346,Y khoa,5.1,"Giải phẫu học, Hóa sinh y học, Dược lý lâm sàng, Dược lý học, Tư duy logic và giải quyết vấn đề, Triết học Mác-Lênin, Kỹ năng mềm, Giải tích, Bệnh học nội khoa, Toán cao cấp, Giáo dục thể chất, Xác suất thống kê, Vi sinh y học, Y học cổ truyền","Phát triển web, DevOps, Viết lách"
SV11347,Kỹ thuật hóa học,8.6,"Kỹ năng mềm, Môn tự chọn 9, Môn tự chọn 3, Hóa học công nghiệp, Xử lý nước thải, Ô nhiễm không khí, Giáo dục quốc phòng - An ninh, Môn tự chọn 11, Môn tự chọn 12, Tiếng Anh chuyên ngành, Môn tự chọn 1, Môn tự chọn 4, Hóa phân tích môi trường, Giải tích, Môn tự chọn 14, Kỹ thuật hóa học, Môn tự chọn 6, Kỹ thuật phản ứng hóa học, Tư duy logic và giải quyết vấn đề, Xử lý chất thải rắn, Môn tự chọn 7, Tin học cơ bản, Công nghệ xử lý nước, Môn tự chọn 8, Xác suất thống kê, Kỹ thuật polymer, Môn tự chọn 10, Môn tự chọn 2, Triết học Mác-Lênin, Giáo dục thể chất, Kỹ thuật môi trường, Toán cao cấp, Môn tự chọn 5, Môn tự chọn 13, Tư tưởng Hồ Chí Minh, Kỹ thuật nhiệt hóa học","DevOps, Machine Learning, Cloud Computing, Thiết kế UI/UX"
SV11348,Fintech,6.3,"DevOps và CI/CD, Xử lý ngôn ngữ tự nhiên, Giáo dục quốc phòng - An ninh, Mạng máy tính, Hệ thống nhúng, Triết học Mác-Lênin, Lập trình di động iOS/Android, Lập trình Python, Mật mã học, An ninh mạng cơ bản, Lập trình C/C++, Kỹ năng mềm, Phân tích và thiết kế hệ thống, Giải tích, Phát triển ứng dụng web, Hệ điều hành, Lập trình web nâng cao, Blockchain cơ bản, Trí tuệ nhân tạo, Toán cao cấp, Lập trình hướng đối tượng, Cơ sở dữ liệu, Tư duy logic và giải quyết vấn đề, Phát triển phần mềm doanh nghiệp, Phát triển ứng dụng di động, Cyber Security nâng cao, Internet of Things, Phát triển game, Tiếng Anh chuyên ngành, Tư tưởng Hồ Chí Minh, Xác suất thống kê, Machine Learning với TensorFlow, Hệ thống phân tán, Thị giác máy tính, An toàn thông tin, Cloud Computing - AWS/Azure, Kiểm thử phần mềm","Internet of Things, Khoa học dữ liệu, Phát triển web"
SV11349,Thiết kế đồ họa,7.5,"Giải tích, Môn tự chọn 7, Môn tự chọn 1, Toán cao cấp, Tin học cơ bản, Môn tự chọn 6, Tiếng Anh chuyên ngành, Giáo dục thể chất, Xác suất thống kê, Môn tự chọn 5, Kỹ năng mềm, Giáo dục quốc phòng - An ninh, Môn tự chọn 8, Môn tự chọn 2, Triết học Mác-Lênin, Tư tưởng Hồ Chí Minh, Môn tự chọn 3, Tư duy logic và giải quyết vấn đề, Môn tự chọn 4","Du lịch khám phá, Kể chuyện, Nhiếp ảnh, Âm nhạc"
SV11350,Trí tuệ nhân tạo và Học máy,6.5,"Học sâu, An toàn thông tin, Phát triển ứng dụng web, Internet of Things, Giáo dục thể chất, Tiếng Anh chuyên ngành, Toán cao cấp, Giải tích, Hệ thống nhúng, An ninh mạng cơ bản, Phát triển game, Cyber Security nâng cao, Lập trình C/C++, Machine Learning với TensorFlow","Phát triển web, Cloud Computing, Thiết kế UI/UX"
SV11351,Công nghệ thông tin,5.9,"Xử lý ngôn ngữ tự nhiên, Mạng máy tính, Tiếng Anh chuyên ngành, Tư duy logic và giải quyết vấn đề, Kiểm thử phần mềm, Lập trình C/C++, Lập trình Python, Phân tích và thiết kế hệ thống, Trí tuệ nhân tạo, Giải tích, Phát triển phần mềm doanh nghiệp, Hệ thống phân tán, Lập trình web nâng cao, Big Data và Hadoop, Quản lý dự án CNTT, An toàn thông tin","Robot học, Thiết kế UI/UX, Cloud Computing, Phát triển ứng dụng di động, Machine Learning"
SV11352,Truyền thông đa phương tiện,8.2,"Machine Learning với TensorFlow, Tư tưởng Hồ Chí Minh, Hệ thống phân tán, An toàn thông tin, Phát triển ứng dụng di động, Phân tích và thiết kế hệ thống, Lập trình Python, Mật mã học, Phát triển ứng dụng web, Thiết kế giao diện người dùng, An ninh mạng cơ bản, Hệ thống nhúng, Mạng máy tính, Phát triển game, Kiểm thử phần mềm, Tiếng Anh chuyên ngành, Học sâu, Cloud Computing - AWS/Azure, Trí tuệ nhân tạo, DevOps và CI/CD, Quản lý dự án CNTT, Lập trình di động iOS/Android, Giáo dục thể chất, Phát triển phần mềm doanh nghiệp, Triết học Mác-Lênin, Tư duy logic và giải quyết vấn đề, Giải tích, Cấu trúc dữ liệu và Giải thuật, Toán cao cấp, Lập trình C/C++, Kỹ thuật phần mềm nâng cao, Cơ sở dữ liệu, Thị giác máy tính, Kỹ năng mềm, Học máy, Big Data và Hadoop, Lập trình Java, Hệ điều hành, Blockchain cơ bản","Phát triển web, Lập trình"
SV11353,Y khoa,8.5,"Dược lâm sàng, Y học cổ truyền, Tư duy logic và giải quyết vấn đề, Tư tưởng Hồ Chí Minh, Giải phẫu học, Hóa sinh y học, Triết học Mác-Lênin, Giải tích, Toán cao cấp, Xác suất thống kê, Vi sinh y học",Du lịch khám phá
SV11354,Ngôn ngữ Nhật,7.1,"Ngữ âm học tiếng Nhật, Kỹ năng nghe nói tiếng Nhật, Tiếng Nhật kinh doanh, Kỹ năng mềm, Môn tự chọn 14, Giải tích, Giáo dục quốc phòng - An ninh, Môn tự chọn 2, Toán cao cấp, Môn tự chọn 6, Môn tự chọn 17, Môn tự chọn 15, Giáo dục thể chất, Môn tự chọn 1, Văn học Nhật Bản, Môn tự chọn 10, Tiếng Nhật cho du lịch, Tiếng Anh chuyên ngành, Môn tự chọn 12, Triết học Mác-Lênin, Môn tự chọn 8, Dịch Nhật-Việt, Môn tự chọn 13, Môn tự chọn 3, Văn hóa Nhật Bản, Môn tự chọn 4, Môn tự chọn 7, Môn tự chọn 16, Môn tự chọn 11, Hiragana & Katakana, Kanji, Ngữ pháp tiếng Nhật, Tư duy logic và giải quyết vấn đề, Tư tưởng Hồ Chí Minh, Tin học cơ bản, Môn tự chọn 9, Môn tự chọn 5, Xác suất thống kê",Machine Learning
SV11355,Kỹ thuật máy tính,5.1,"Xử lý tín hiệu số, Hệ thống điều khiển tự động, Đo lường điện tử, Môn tự chọn 3, Điện tử viễn thông, Kỹ thuật radar, Anten và sóng điện từ, Giáo dục quốc phòng - An ninh, Điện tử cơ bản, Điện tử công suất, Hệ thống điện tử nhúng, Triết học Mác-Lênin, Truyền thông quang, Môn tự chọn 2, Kỹ năng mềm, Điện tử năng lượng, Kỹ thuật vi mạch, Xác suất thống kê, Tư tưởng Hồ Chí Minh, Toán cao cấp, Truyền thông vô tuyến, Giải tích, Mạng viễn thông, Tiếng Anh chuyên ngành, Điện tử số, Truyền thông số, Hệ thống nhúng nâng cao, Tin học cơ bản, Mạng không dây, Giáo dục thể chất, Môn tự chọn 1, Tư duy logic và giải quyết vấn đề","Cyber Security, Lập trình"
SV11356,Kỹ thuật phần mềm,7.2,"Cyber Security nâng cao, Cơ sở dữ liệu, Phát triển ứng dụng web, Xử lý ngôn ngữ tự nhiên, Mạng máy tính, Giải tích, Blockchain cơ bản, An ninh mạng cơ bản, Cấu trúc dữ liệu và Giải thuật, An toàn thông tin, Học máy, Thị giác máy tính, Lập trình web nâng cao, Triết học Mác-Lênin, Tư tưởng Hồ Chí Minh, Phát triển phần mềm doanh nghiệp, Machine Learning với TensorFlow, Internet of Things, Giáo dục thể chất, Xác suất thống kê, Quản lý dự án CNTT, Trí tuệ nhân tạo, Lập trình hướng đối tượng, Phát triển game, Tin học cơ bản, Lập trình Python, Hệ thống nhúng, Thiết kế giao diện người dùng, Hệ thống phân tán, Hệ điều hành, Phát triển ứng dụng di động, Phân tích và thiết kế hệ thống",Big Data
SV11357,Du lịch,8.1,"Mạng máy tính, Toán cao cấp, Kiểm thử phần mềm, Hệ thống phân tán, Lập trình hướng đối tượng, An toàn thông tin, Thị giác máy tính, Quản lý dự án CNTT, Internet of Things, Học máy, Phát triển ứng dụng web, Cyber Security nâng cao, Cơ sở dữ liệu, Tin học cơ bản, Tư duy logic và giải quyết vấn đề, Tư tưởng Hồ Chí Minh, Phát triển phần mềm doanh nghiệp, Lập trình di động iOS/Android, Triết học Mác-Lênin, Giáo dục quốc phòng - An ninh, Lập trình Python, Kỹ thuật phần mềm nâng cao, Big Data và Hadoop, Phát triển game","Internet of Things, Blockchain, Big Data, Khoa học dữ liệu"
SV11358,Kỹ thuật cơ khí,6.2,"Kỹ thuật hàn, Môn tự chọn 3, Tin học cơ bản, Cơ học vật liệu, Cơ khí chế tạo, Kỹ thuật nhiệt, Giáo dục quốc phòng - An ninh, Động lực học máy, Toán cao cấp, Thiết kế CAD/CAM, Xác suất thống kê, Môn tự chọn 1, Thiết kế máy, Cơ khí chính xác, Môn tự chọn 4, Kỹ thuật gia công, Robot công nghiệp, Giáo dục thể chất, Giải tích, Tư tưởng Hồ Chí Minh, Tư duy logic và giải quyết vấn đề, Môn tự chọn 2, Kỹ thuật sản xuất, Triết học Mác-Lênin, Cơ học kỹ thuật, Môn tự chọn 5, Tiếng Anh chuyên ngành, Sản xuất tự động, Cơ điện tử, Kỹ năng mềm","Machine Learning, Blockchain"
SV11359,Kỹ thuật máy tính,7.9,"Truyền thông số, Giáo dục thể chất, Hệ thống điện tử nhúng, Điện tử cơ bản, Điện tử số, Điện tử năng lượng, Kỹ thuật radar, Mạng viễn thông, Anten và sóng điện từ, Truyền thông vô tuyến, Mạng không dây, Giải tích, Xử lý tín hiệu số, Đo lường điện tử, Tư duy logic và giải quyết vấn đề, Kỹ thuật vi mạch, Tin học cơ bản, Tiếng Anh chuyên ngành, Kỹ năng mềm, Toán cao cấp, Xác suất thống kê, Truyền thông quang, Hệ thống điều khiển tự động, Điện tử công suất, Giáo dục quốc phòng - An ninh","Khoa học dữ liệu, DevOps, Cyber Security, Phát triển web"
SV11360,Marketing,7.7,"Môn tự chọn 3, Kế toán tài chính, Kỹ năng mềm, Kế toán quản trị, Tư duy logic và giải quyết vấn đề, Kinh tế quốc tế, Marketing cơ bản, Chuỗi cung ứng, Kinh tế lượng, Kinh tế phát triển, Môn tự chọn 2, Quản trị kinh doanh, Môn tự chọn 5, Xác suất thống kê, Ngân hàng thương mại, Thương mại điện tử, Triết học Mác-Lênin, Giải tích, Logistics, Kinh tế vi mô, Quản trị nhân sự, Tin học cơ bản, Môn tự chọn 6, Tài chính quốc tế, Môn tự chọn 4, Tiếng Anh chuyên ngành, Marketing số, Tài chính doanh nghiệp, Toán cao cấp, Môn tự chọn 1, Giáo dục thể chất, Giáo dục quốc phòng - An ninh, Tư tưởng Hồ Chí Minh, Quản trị chiến lược, Kinh tế vĩ mô","Đầu tư, Thương mại điện tử, Bán hàng"
SV11361,Kiến trúc,8.3,"Cơ sở hạ tầng đô thị, Môn tự chọn 2, Vật liệu xây dựng, Tiếng Anh chuyên ngành, Môn tự chọn 11, Kỹ năng mềm, Tư tưởng Hồ Chí Minh, Kỹ thuật xây dựng, Cầu và đường, Môn tự chọn 10, Môn tự chọn 6, Xác suất thống kê, Kết cấu bê tông cốt thép, Tư duy logic và giải quyết vấn đề, Kiến trúc cảnh quan, Thiết kế kiến trúc nội thất, Giáo dục quốc phòng - An ninh, Tin học cơ bản, Môn tự chọn 8, Triết học Mác-Lênin, Môn tự chọn 7, Công trình ngầm, Kết cấu thép, Môn tự chọn 1, Giải tích, Môn tự chọn 14, Môn tự chọn 12, Toán cao cấp, Môn tự chọn 13, Môn tự chọn 9, Kỹ thuật địa kỹ thuật, Môn tự chọn 5, Thiết kế đô thị, Quản lý dự án xây dựng, Giáo dục thể chất, Môn tự chọn 4, Môn tự chọn 3","Robot học, DevOps, Phát triển web, Lập trình"
SV11362,Kinh tế,7.8,"Quản trị nhân sự, Giáo dục quốc phòng - An ninh, Kỹ năng mềm, Logistics, Chuỗi cung ứng, Kinh tế lượng, Kế toán quản trị, Tư tưởng Hồ Chí Minh, Giáo dục thể chất, Tiếng Anh chuyên ngành, Tư duy logic và giải quyết vấn đề, Tin học cơ bản, Toán cao cấp, Kinh tế vi mô, Thương mại điện tử, Xác suất thống kê, Triết học Mác-Lênin, Tài chính quốc tế, Tài chính doanh nghiệp, Quản trị kinh doanh, Kinh tế phát triển, Giải tích, Marketing cơ bản, Kinh tế vĩ mô, Quản trị chiến lược, Kế toán tài chính, Marketing số","DevOps, Kinh doanh quốc tế, Khởi nghiệp, Marketing số"
SV11363,Kỹ thuật điện tử - Viễn thông,6.7,"Giáo dục quốc phòng - An ninh, Điện tử năng lượng, Đo lường điện tử, Điện tử công suất, Tư duy logic và giải quyết vấn đề, Giáo dục thể chất, Anten và sóng điện từ, Truyền thông số, Mạng viễn thông, Giải tích","Machine Learning, Robot học"
SV11364,Kỹ thuật điện tử - Viễn thông,8.9,"Tư tưởng Hồ Chí Minh, Điện tử viễn thông, Truyền thông quang, Điện tử số, Xác suất thống kê, Điện tử cơ bản, Mạng không dây, Toán cao cấp, Điện tử công suất, Mạng viễn thông, Truyền thông vô tuyến, Kỹ thuật radar, Hệ thống điện tử nhúng, Giáo dục quốc phòng - An ninh, Tư duy logic và giải quyết vấn đề, Tin học cơ bản, Xử lý tín hiệu số, Kỹ năng mềm, Kỹ thuật vi mạch, Giải tích, Truyền thông số, Tiếng Anh chuyên ngành, Triết học Mác-Lênin, Anten và sóng điện từ, Hệ thống nhúng nâng cao, Đo lường điện tử, Môn tự chọn 2, Hệ thống điều khiển tự động, Điện tử năng lượng, Môn tự chọn 1, Giáo dục thể chất","Phát triển web, Phân tích dữ liệu, Cyber Security"
SV11365,Hệ thống thông tin,7.5,"Trí tuệ nhân tạo, Tư duy logic và giải quyết vấn đề, Lập trình C/C++, Quản lý dự án CNTT, Phát triển ứng dụng di động, Phân tích và thiết kế hệ thống, Kiểm thử phần mềm, Phát triển phần mềm doanh nghiệp, Lập trình Java, Phát triển game, Xác suất thống kê, Lập trình Python, Kỹ năng mềm, An toàn thông tin, Hệ thống phân tán, Tư tưởng Hồ Chí Minh, Phát triển ứng dụng web, Lập trình hướng đối tượng, Machine Learning với TensorFlow, Blockchain cơ bản, DevOps và CI/CD","Phát triển web, Thiết kế UI/UX, Khoa học dữ liệu, Trí tuệ nhân tạo"
SV11366,Luật,7.7,"Cyber Security nâng cao, Giải tích, Trí tuệ nhân tạo, Phát triển ứng dụng di động, An toàn thông tin, Triết học Mác-Lênin, Lập trình di động iOS/Android, Hệ thống phân tán, Kỹ năng mềm, Phát triển game, Giáo dục thể chất, Hệ điều hành, An ninh mạng cơ bản, Lập trình Java, Quản lý dự án CNTT, Phân tích và thiết kế hệ thống, Mật mã học, Thị giác máy tính, Mạng máy tính, Lập trình web nâng cao, Big Data và Hadoop, Toán cao cấp, Tin học cơ bản, Lập trình Python, Kỹ thuật phần mềm nâng cao, Tư tưởng Hồ Chí Minh, Xử lý ngôn ngữ tự nhiên, Tiếng Anh chuyên ngành","Phát triển web, Phát triển ứng dụng di động, Trí tuệ nhân tạo, Lập trình"
SV11367,Ngôn ngữ Anh,6.8,"Xác suất thống kê, Tin học cơ bản, Dịch Việt-Anh, Tư tưởng Hồ Chí Minh, Ngữ âm học tiếng Anh, Kỹ năng nghe tiếng Anh, Kỹ năng viết tiếng Anh, Phiên dịch hội nghị, Tiếng Anh học thuật, Ngữ pháp tiếng Anh nâng cao, Toán cao cấp, Giải tích, Giáo dục thể chất, Kỹ năng nói tiếng Anh, Văn hóa Anh-Mỹ, Kỹ năng đọc hiểu tiếng Anh, Tư duy logic và giải quyết vấn đề, Kỹ năng mềm, Tiếng Anh chuyên ngành pháp lý, Văn học Anh","Diễn thuyết, Khoa học dữ liệu, Phát triển web"
SV11368,Âm nhạc học,7.3,"Tư tưởng Hồ Chí Minh, Âm nhạc hiện đại, Môn tự chọn 5, Giải tích, Hòa âm, Lịch sử âm nhạc, Môn tự chọn 2, Kỹ thuật thanh nhạc, Giáo dục thể chất, Triết học Mác-Lênin, Môn tự chọn 3, Âm nhạc dân gian Việt Nam, Âm nhạc lý thuyết, Âm nhạc cổ điển phương Tây, Toán cao cấp, Xác suất thống kê, Soạn nhạc cơ bản, Môn tự chọn 4, Kỹ năng mềm, Giáo dục quốc phòng - An ninh, Tiếng Anh chuyên ngành, Phân tích tác phẩm âm nhạc, Tin học cơ bản, Tư duy logic và giải quyết vấn đề, Môn tự chọn 1, Biểu diễn nhạc cụ","Viết lách, Yoga"
SV11369,Luật,6.8,"Xác suất thống kê, Kiểm thử phần mềm, Tư tưởng Hồ Chí Minh, Thị giác máy tính, Cloud Computing - AWS/Azure, Hệ thống phân tán, Phát triển phần mềm doanh nghiệp, Tiếng Anh chuyên ngành, Trí tuệ nhân tạo, Lập trình hướng đối tượng, Cấu trúc dữ liệu và Giải thuật, Giáo dục quốc phòng - An ninh, Cơ sở dữ liệu, An ninh mạng cơ bản, Mạng máy tính, Blockchain cơ bản, Phát triển ứng dụng di động, Hệ thống nhúng","Khoa học dữ liệu, Cyber Security, Machine Learning, DevOps, Phát triển ứng dụng di động"
SV11370,Luật,7.5,"Machine Learning với TensorFlow, Toán cao cấp, Hệ thống nhúng, Lập trình hướng đối tượng, Thiết kế giao diện người dùng, Cyber Security nâng cao, Kiểm thử phần mềm, Internet of Things, Tiếng Anh chuyên ngành, Xác suất thống kê, Giáo dục quốc phòng - An ninh, Lập trình web nâng cao, Cloud Computing - AWS/Azure, Kỹ năng mềm, Tin học cơ bản, Hệ thống phân tán, Phát triển game, Lập trình Java, Phát triển ứng dụng web, Phân tích và thiết kế hệ thống, Lập trình Python, Tư tưởng Hồ Chí Minh, Học máy, Mật mã học, An ninh mạng cơ bản, Lập trình C/C++, Triết học Mác-Lênin, Hệ điều hành, Xử lý ngôn ngữ tự nhiên, Học sâu, Trí tuệ nhân tạo, Kỹ thuật phần mềm nâng cao, Lập trình di động iOS/Android, Phát triển phần mềm doanh nghiệp, Blockchain cơ bản","Phát triển ứng dụng di động, Internet of Things, Cloud Computing"
SV11371,Ngôn ngữ Nhật,9.4,"Kanji, Xác suất thống kê, Tư duy logic và giải quyết vấn đề, Dịch Nhật-Việt, Kỹ năng nghe nói tiếng Nhật, Giải tích, Giáo dục quốc phòng - An ninh, Giáo dục thể chất, Kỹ năng mềm, Tin học cơ bản, Văn hóa Nhật Bản, Tiếng Nhật cho du lịch, Toán cao cấp, Tiếng Nhật kinh doanh, Tư tưởng Hồ Chí Minh, Triết học Mác-Lênin, Văn học Nhật Bản, Ngữ pháp tiếng Nhật, Hiragana & Katakana","Quản trị dự án, Blockchain"
SV11372,Blockchain và Tiền mã hóa,6.3,"Tin học cơ bản, Học máy, Giáo dục quốc phòng - An ninh, Hệ điều hành, Xác suất thống kê, Kiểm thử phần mềm, Cyber Security nâng cao, Mật mã học, Tiếng Anh chuyên ngành, Blockchain cơ bản, Cấu trúc dữ liệu và Giải thuật, An toàn thông tin, Phân tích và thiết kế hệ thống, Phát triển ứng dụng di động","Robot học, Big Data, Phát triển web, Cyber Security, Phát triển ứng dụng di động"
SV11373,Khoa học dữ liệu,6.1,"Học sâu, Mạng máy tính, An toàn thông tin, Giáo dục thể chất, Phát triển ứng dụng web, Lập trình hướng đối tượng, Triết học Mác-Lênin, DevOps và CI/CD, Big Data và Hadoop, Thiết kế giao diện người dùng, Tin học cơ bản, Tư duy logic và giải quyết vấn đề","Cloud Computing, Phát triển ứng dụng di động"
SV11374,Quản trị khách sạn,9.2,"Tiếng Anh chuyên ngành, Tài chính doanh nghiệp, Triết học Mác-Lênin, Ngân hàng thương mại, Thương mại điện tử, Chuỗi cung ứng, Marketing cơ bản, Tư tưởng Hồ Chí Minh, Tài chính quốc tế, Kinh tế quốc tế, Kinh tế vi mô, Kế toán tài chính, Quản trị kinh doanh","Fintech, Kinh doanh quốc tế"
SV11375,Sư phạm Ngữ văn,7.5,"Phân tích tác phẩm văn học, Toán cao cấp, Giáo dục thể chất, Tiếng Anh chuyên ngành, Văn học hiện đại Việt Nam, Ngữ pháp tiếng Việt, Kỹ năng mềm, Tư tưởng Hồ Chí Minh, Phương pháp giảng dạy Ngữ văn, Nghiên cứu tác phẩm Nguyễn Du","Du lịch khám phá, Viết lách, Chơi nhạc cụ"
SV11376,Khoa học máy tính,7,"Giáo dục thể chất, Lập trình C/C++, Cyber Security nâng cao, DevOps và CI/CD, Toán cao cấp, Xác suất thống kê, Cơ sở dữ liệu, Phân tích và thiết kế hệ thống, Blockchain cơ bản, Triết học Mác-Lênin, Mật mã học, Học sâu, Big Data và Hadoop, Lập trình Java, Kiểm thử phần mềm, Tư tưởng Hồ Chí Minh, Cấu trúc dữ liệu và Giải thuật, Phát triển game, An ninh mạng cơ bản, Cloud Computing - AWS/Azure, Tiếng Anh chuyên ngành, Phát triển ứng dụng di động, Giáo dục quốc phòng - An ninh, Hệ điều hành, Kỹ năng mềm, Phát triển ứng dụng web, Lập trình di động iOS/Android, Lập trình web nâng cao, Mạng máy tính, Internet of Things, Trí tuệ nhân tạo, Tin học cơ bản, Lập trình hướng đối tượng, An toàn thông tin, Kỹ thuật phần mềm nâng cao, Phát triển phần mềm doanh nghiệp",DevOps
SV11377,Quan hệ quốc tế,8.7,"Internet of Things, Lập trình C/C++, Mật mã học, Quản lý dự án CNTT, Lập trình hướng đối tượng, Phát triển game, Hệ điều hành, Lập trình di động iOS/Android, Tin học cơ bản, An ninh mạng cơ bản, Xử lý ngôn ngữ tự nhiên, Thị giác máy tính, Big Data và Hadoop, Hệ thống phân tán, Xác suất thống kê, Phát triển ứng dụng di động, Tư duy logic và giải quyết vấn đề, Phát triển phần mềm doanh nghiệp, Cơ sở dữ liệu, Cloud Computing - AWS/Azure, Học máy, Blockchain cơ bản, Phân tích và thiết kế hệ thống, Triết học Mác-Lênin, Cyber Security nâng cao, Trí tuệ nhân tạo, DevOps và CI/CD, Thiết kế giao diện người dùng","Cloud Computing, DevOps, Machine Learning"
SV11378,Hệ thống thông tin,7.1,"Phát triển ứng dụng di động, Trí tuệ nhân tạo, Triết học Mác-Lênin, Mật mã học, DevOps và CI/CD, Phát triển game, Lập trình C/C++, An toàn thông tin, Phát triển phần mềm doanh nghiệp, Machine Learning với TensorFlow, Thị giác máy tính, Toán cao cấp, Cloud Computing - AWS/Azure, Hệ thống phân tán, Lập trình web nâng cao, Giáo dục quốc phòng - An ninh, Cyber Security nâng cao",Lập trình
SV11379,Y khoa,9.5,"Giáo dục quốc phòng - An ninh, Dược lâm sàng, Vi sinh y học, Bệnh học nội khoa, Bệnh học truyền nhiễm, Dược lý lâm sàng, Y học cổ truyền, Tin học cơ bản, Kỹ năng mềm, Hóa sinh y học, Giáo dục thể chất, Xác suất thống kê, Tư duy logic và giải quyết vấn đề, Dược lý học, Miễn dịch học, Dinh dưỡng học","Diễn thuyết, Thơ ca"
SV11380,Kỹ thuật cơ khí,8.4,"Môn tự chọn 1, Động lực học máy, Giáo dục quốc phòng - An ninh, Môn tự chọn 8, Kỹ năng mềm, Thiết kế máy, Môn tự chọn 4, Giáo dục thể chất, Xác suất thống kê, Thiết kế CAD/CAM, Triết học Mác-Lênin, Tư duy logic và giải quyết vấn đề, Cơ khí chính xác, Cơ khí chế tạo, Môn tự chọn 10, Kỹ thuật sản xuất, Môn tự chọn 5, Cơ điện tử, Tư tưởng Hồ Chí Minh, Sản xuất tự động, Môn tự chọn 6, Tiếng Anh chuyên ngành, Môn tự chọn 3, Tin học cơ bản, Môn tự chọn 7, Môn tự chọn 9, Robot công nghiệp, Cơ học vật liệu, Kỹ thuật hàn, Toán cao cấp, Cơ học kỹ thuật, Kỹ thuật gia công, Môn tự chọn 2, Giải tích, Kỹ thuật nhiệt","Phát triển web, Phân tích dữ liệu, Khoa học dữ liệu, Cloud Computing, Blockchain"
SV11381,Kế toán,7.2,"Giải tích, Kinh tế lượng, Môn tự chọn 3, Giáo dục thể chất, Kinh tế phát triển, Kinh tế vi mô, Kỹ năng mềm, Tin học cơ bản, Logistics, Kế toán quản trị, Kinh tế vĩ mô, Môn tự chọn 2, Chuỗi cung ứng, Kế toán tài chính, Tư tưởng Hồ Chí Minh, Marketing cơ bản, Tư duy logic và giải quyết vấn đề, Tài chính doanh nghiệp, Tiếng Anh chuyên ngành, Triết học Mác-Lênin, Quản trị kinh doanh, Kinh tế quốc tế, Giáo dục quốc phòng - An ninh, Thương mại điện tử, Xác suất thống kê, Tài chính quốc tế, Marketing số, Toán cao cấp, Quản trị chiến lược, Quản trị nhân sự, Môn tự chọn 1, Môn tự chọn 5, Ngân hàng thương mại, Môn tự chọn 4","Quản trị dự án, Thương mại điện tử, Fintech, DevOps"
SV11382,Kế toán,9.9,"Logistics, Kỹ năng mềm, Quản trị nhân sự, Chuỗi cung ứng, Marketing số, Tài chính quốc tế, Kế toán tài chính, Tài chính doanh nghiệp, Ngân hàng thương mại, Xác suất thống kê, Quản trị chiến lược, Giải tích, Kế toán quản trị, Kinh tế quốc tế, Toán cao cấp, Triết học Mác-Lênin, Kinh tế vi mô, Giáo dục thể chất, Tư tưởng Hồ Chí Minh, Thương mại điện tử, Giáo dục quốc phòng - An ninh, Tiếng Anh chuyên ngành, Tin học cơ bản, Kinh tế lượng, Kinh tế vĩ mô, Tư duy logic và giải quyết vấn đề","Đầu tư, Fintech"
SV11383,Logistics và Quản lý chuỗi cung ứng,7.1,"Học máy, Lập trình Python, DevOps và CI/CD, Internet of Things, Kiểm thử phần mềm, Hệ điều hành, Học sâu, Triết học Mác-Lênin, Kỹ năng mềm, Trí tuệ nhân tạo, An toàn thông tin, Lập trình hướng đối tượng, Giáo dục thể chất, Hệ thống nhúng, Lập trình di động iOS/Android, Big Data và Hadoop, Xác suất thống kê, Phát triển phần mềm doanh nghiệp, Cơ sở dữ liệu, Mạng máy tính, An ninh mạng cơ bản, Lập trình web nâng cao, Mật mã học, Cloud Computing - AWS/Azure, Lập trình Java, Phát triển game, Tiếng Anh chuyên ngành, Xử lý ngôn ngữ tự nhiên, Lập trình C/C++, Thiết kế giao diện người dùng, Giải tích, Cấu trúc dữ liệu và Giải thuật, Machine Learning với TensorFlow, Kỹ thuật phần mềm nâng cao, Toán cao cấp","Machine Learning, Thiết kế UI/UX"
SV11384,Kỹ thuật y sinh,8.4,"Công nghệ sinh học ứng dụng, Kỹ năng mềm, Xác suất thống kê, Giải tích, Môn tự chọn 5, Thiết bị y tế, Công nghệ nano y sinh, Môn tự chọn 10, Giáo dục thể chất, Môn tự chọn 3, Kỹ thuật y sinh, Môn tự chọn 4, Công nghệ gen, Triết học Mác-Lênin, Môn tự chọn 8, Tin học cơ bản, Môn tự chọn 9, Toán cao cấp, Kỹ thuật mô sinh học, Môn tự chọn 1, Tiếng Anh chuyên ngành, Giáo dục quốc phòng - An ninh, Tư tưởng Hồ Chí Minh, Hình ảnh y khoa, Vật liệu sinh học, Sinh học phân tử, Môn tự chọn 11, Môn tự chọn 7, Môn tự chọn 2, Kỹ thuật tế bào, Môn tự chọn 6, Tư duy logic và giải quyết vấn đề","Robot học, Game Development, Yoga, Blockchain, Phân tích dữ liệu"
SV11385,Kinh tế,8,"Kinh tế lượng, Kinh tế quốc tế, Tài chính doanh nghiệp, Kế toán quản trị, Giáo dục quốc phòng - An ninh, Tài chính quốc tế, Triết học Mác-Lênin, Kinh tế vĩ mô, Toán cao cấp, Kinh tế phát triển, Kinh tế vi mô, Quản trị kinh doanh, Quản trị chiến lược, Tiếng Anh chuyên ngành, Marketing số, Tin học cơ bản, Marketing cơ bản, Logistics, Quản trị nhân sự, Giáo dục thể chất, Ngân hàng thương mại, Giải tích, Tư duy logic và giải quyết vấn đề, Kế toán tài chính","Bán hàng, Marketing số, Kinh doanh quốc tế, Thương mại điện tử, Fintech"
SV11386,Logistics và Quản lý chuỗi cung ứng,9,"Lập trình Python, Học sâu, Mạng máy tính, Giáo dục quốc phòng - An ninh, Kỹ thuật phần mềm nâng cao, Mật mã học, Cyber Security nâng cao, Lập trình C/C++, DevOps và CI/CD, Kiểm thử phần mềm, Xác suất thống kê, Toán cao cấp, An ninh mạng cơ bản, Tư duy logic và giải quyết vấn đề, Machine Learning với TensorFlow, An toàn thông tin, Phân tích và thiết kế hệ thống, Cơ sở dữ liệu, Lập trình hướng đối tượng, Tiếng Anh chuyên ngành","Internet of Things, Lập trình, Blockchain, Cyber Security"
SV11387,Báo chí,9.3,"Phát triển ứng dụng di động, Mật mã học, Tư tưởng Hồ Chí Minh, Giải tích, Phát triển ứng dụng web, Triết học Mác-Lênin, Phát triển phần mềm doanh nghiệp, Xác suất thống kê, Kỹ thuật phần mềm nâng cao, Hệ thống phân tán, An toàn thông tin, Kiểm thử phần mềm","Blockchain, Lập trình"
SV11388,Du lịch,7.7,"Phân tích và thiết kế hệ thống, Phát triển ứng dụng di động, Machine Learning với TensorFlow, Xác suất thống kê, Cơ sở dữ liệu, Lập trình hướng đối tượng, Mật mã học, Hệ thống nhúng, Tư tưởng Hồ Chí Minh, DevOps và CI/CD, Kiểm thử phần mềm, Cyber Security nâng cao, Tiếng Anh chuyên ngành, Tư duy logic và giải quyết vấn đề, Phát triển phần mềm doanh nghiệp, Lập trình Python, Kỹ năng mềm, Giáo dục quốc phòng - An ninh, An toàn thông tin, Kỹ thuật phần mềm nâng cao, Thị giác máy tính, Phát triển ứng dụng web, Cấu trúc dữ liệu và Giải thuật, Cloud Computing - AWS/Azure, Mạng máy tính, Lập trình web nâng cao, Tin học cơ bản, Internet of Things, Blockchain cơ bản, Giải tích, Xử lý ngôn ngữ tự nhiên, Lập trình di động iOS/Android, Thiết kế giao diện người dùng","Robot học, Blockchain"
SV11389,Kinh tế,6.9,"Thương mại điện tử, Kinh tế lượng, Kỹ năng mềm, Quản trị nhân sự, Tin học cơ bản, Giáo dục quốc phòng - An ninh, Giải tích, Toán cao cấp, Kế toán tài chính, Tư tưởng Hồ Chí Minh, Triết học Mác-Lênin, Ngân hàng thương mại, Giáo dục thể chất, Tài chính doanh nghiệp, Tiếng Anh chuyên ngành, Quản trị kinh doanh, Tư duy logic và giải quyết vấn đề, Chuỗi cung ứng, Marketing cơ bản, Kế toán quản trị, Logistics, Kinh tế quốc tế","Marketing số, Đầu tư, Kinh doanh quốc tế, Thương mại điện tử"
SV11390,Quản trị kinh doanh,8.2,"Kinh tế vi mô, Kinh tế lượng, Tiếng Anh chuyên ngành, Marketing số, Giáo dục quốc phòng - An ninh, Kinh tế vĩ mô, Tài chính doanh nghiệp, Ngân hàng thương mại, Kỹ năng mềm, Giáo dục thể chất, Kế toán tài chính, Triết học Mác-Lênin, Môn tự chọn 1, Marketing cơ bản, Xác suất thống kê, Quản trị nhân sự, Toán cao cấp, Tin học cơ bản, Quản trị chiến lược, Môn tự chọn 2, Tư tưởng Hồ Chí Minh, Quản trị kinh doanh, Chuỗi cung ứng, Logistics, Tư duy logic và giải quyết vấn đề, Kinh tế quốc tế, Kế toán quản trị, Giải tích, Tài chính quốc tế, Thương mại điện tử, Kinh tế phát triển","Nhiếp ảnh, Quản trị dự án"
SV11391,Công nghệ thông tin,7,"Giáo dục thể chất, Tin học cơ bản, Phát triển game, Xử lý ngôn ngữ tự nhiên, An toàn thông tin, Xác suất thống kê, Kỹ năng mềm, An ninh mạng cơ bản, Cloud Computing - AWS/Azure, Tư tưởng Hồ Chí Minh, Cơ sở dữ liệu, Hệ thống nhúng, Tiếng Anh chuyên ngành, Toán cao cấp, Phân tích và thiết kế hệ thống, Tư duy logic và giải quyết vấn đề, Lập trình web nâng cao, Lập trình hướng đối tượng, Mật mã học, Machine Learning với TensorFlow","Game Development, Blockchain"
SV11392,Marketing,9.7,"Môn tự chọn 8, Kinh tế vĩ mô, Môn tự chọn 2, Marketing cơ bản, Kinh tế lượng, Giáo dục thể chất, Chuỗi cung ứng, Môn tự chọn 7, Kinh tế quốc tế, Tài chính quốc tế, Kế toán tài chính, Xác suất thống kê, Kỹ năng mềm, Toán cao cấp, Thương mại điện tử, Tiếng Anh chuyên ngành, Môn tự chọn 5, Quản trị kinh doanh, Giáo dục quốc phòng - An ninh, Tư duy logic và giải quyết vấn đề, Quản trị chiến lược, Tài chính doanh nghiệp, Tư tưởng Hồ Chí Minh, Môn tự chọn 11, Giải tích, Môn tự chọn 3, Môn tự chọn 4, Kinh tế phát triển, Môn tự chọn 6, Kế toán quản trị, Môn tự chọn 10, Môn tự chọn 9, Quản trị nhân sự, Triết học Mác-Lênin, Tin học cơ bản, Ngân hàng thương mại, Marketing số, Môn tự chọn 1, Kinh tế vi mô, Logistics","Marketing số, Thương mại điện tử, Quản trị dự án, Đầu tư, Khởi nghiệp"
SV11393,Ngôn ngữ Trung Quốc,7.8,"Ngữ pháp tiếng Trung, Kỹ năng nghe nói tiếng Trung, Tiếng Trung kinh tế, Tư tưởng Hồ Chí Minh, Triết học Mác-Lênin, Tin học cơ bản, Tiếng Anh chuyên ngành, Văn học cổ điển Trung Quốc, Hán ngữ hiện đại, Kỹ năng mềm","Viết lách, Machine Learning"
SV11394,Kỹ thuật cơ khí,7.3,"Tiếng Anh chuyên ngành, Kỹ năng mềm, Môn tự chọn 8, Giáo dục thể chất, Môn tự chọn 1, Giải tích, Môn tự chọn 4, Tư tưởng Hồ Chí Minh, Môn tự chọn 6, Kỹ thuật gia công, Cơ khí chế tạo, Môn tự chọn 5, Động lực học máy, Giáo dục quốc phòng - An ninh, Robot công nghiệp, Kỹ thuật hàn, Môn tự chọn 2, Cơ điện tử, Môn tự chọn 7, Cơ học vật liệu, Thiết kế CAD/CAM, Cơ học kỹ thuật, Thiết kế máy, Cơ khí chính xác, Môn tự chọn 3, Tin học cơ bản, Triết học Mác-Lênin, Kỹ thuật sản xuất, Tư duy logic và giải quyết vấn đề, Toán cao cấp, Sản xuất tự động, Kỹ thuật nhiệt, Xác suất thống kê","Cloud Computing, Thương mại điện tử, Phát triển ứng dụng di động, Big Data"
SV11395,Công nghệ sinh học,7.9,"Kỹ năng mềm, Xác suất thống kê, Kỹ thuật tế bào, Môn tự chọn 7, Công nghệ nano y sinh, Vật liệu sinh học, Hình ảnh y khoa, Môn tự chọn 2, Môn tự chọn 6, Kỹ thuật y sinh, Môn tự chọn 5, Giáo dục quốc phòng - An ninh, Môn tự chọn 4, Công nghệ gen, Giải tích, Môn tự chọn 1, Tin học cơ bản, Toán cao cấp, Triết học Mác-Lênin, Môn tự chọn 3, Tư duy logic và giải quyết vấn đề, Sinh học phân tử, Tiếng Anh chuyên ngành, Kỹ thuật mô sinh học, Công nghệ sinh học ứng dụng, Môn tự chọn 8, Thiết bị y tế, Tư tưởng Hồ Chí Minh, Giáo dục thể chất","Thiết kế UI/UX, Khoa học dữ liệu, Lập trình, Phát triển ứng dụng di động"
SV11396,Logistics và Quản lý chuỗi cung ứng,6.4,"Lập trình Python, Lập trình C/C++, Phát triển phần mềm doanh nghiệp, Tin học cơ bản, Quản lý dự án CNTT, An ninh mạng cơ bản, Tư tưởng Hồ Chí Minh, Cấu trúc dữ liệu và Giải thuật, Trí tuệ nhân tạo, Big Data và Hadoop, Lập trình web nâng cao, Hệ thống nhúng, DevOps và CI/CD, Xác suất thống kê, Tiếng Anh chuyên ngành, Giáo dục quốc phòng - An ninh, Machine Learning với TensorFlow, Học máy, Blockchain cơ bản, Cơ sở dữ liệu, Kiểm thử phần mềm, Thiết kế giao diện người dùng, Phân tích và thiết kế hệ thống, Mật mã học, Kỹ thuật phần mềm nâng cao, Internet of Things, Tư duy logic và giải quyết vấn đề","Robot học, Trí tuệ nhân tạo, Thiết kế UI/UX, Phát triển ứng dụng di động"
SV11397,Sư phạm Tin học,6.7,"Tư tưởng Hồ Chí Minh, Dạy học Tin học phổ thông, Giáo dục kỹ năng số, Lập trình Scratch cho học sinh, Phần mềm giáo dục, Quản lý lớp học CNTT, Xác suất thống kê, Kỹ năng mềm, Đánh giá học tập Tin học, Giáo dục thể chất, Phương pháp giảng dạy Tin học, An toàn mạng trong trường học, Tin học cơ bản, Giáo dục quốc phòng - An ninh, Giải tích, Tiếng Anh chuyên ngành, Công nghệ thông tin trong giáo dục, Toán cao cấp, Thiết kế khóa học trực tuyến, Triết học Mác-Lênin","Thơ ca, Ẩm thực"
SV11398,Răng - Hàm - Mặt,8.9,"Dược lý lâm sàng, Giải tích, Y học dự phòng, Giáo dục thể chất, Y học cổ truyền, Tiếng Anh chuyên ngành, Bệnh học truyền nhiễm, Dược lý học, Triết học Mác-Lênin, Bệnh học nội khoa, Xác suất thống kê, Giáo dục quốc phòng - An ninh, Vi sinh y học, Dinh dưỡng học, Kỹ năng mềm, Tư tưởng Hồ Chí Minh, Dược lâm sàng","Blockchain, Âm nhạc, Big Data"
SV11399,Quản trị khách sạn,7,"Giáo dục thể chất, Marketing cơ bản, Kinh tế phát triển, Kỹ năng mềm, Kinh tế vi mô, Toán cao cấp, Kế toán tài chính, Logistics, Giải tích, Xác suất thống kê, Triết học Mác-Lênin, Kinh tế vĩ mô, Quản trị chiến lược, Ngân hàng thương mại, Giáo dục quốc phòng - An ninh, Tài chính doanh nghiệp, Tư tưởng Hồ Chí Minh, Tiếng Anh chuyên ngành, Kinh tế lượng, Thương mại điện tử, Tư duy logic và giải quyết vấn đề, Kế toán quản trị","Thương mại điện tử, Du lịch khám phá, Bán hàng, Kinh doanh quốc tế"
SV11400,Sư phạm Ngữ văn,6.7,"Giáo dục quốc phòng - An ninh, Xác suất thống kê, Kỹ năng mềm, Phương pháp giảng dạy Ngữ văn, Văn học so sánh, Toán cao cấp, Văn học Việt Nam cổ điển, Tư duy logic và giải quyết vấn đề, Tiếng Anh chuyên ngành, Ngữ pháp tiếng Việt, Lịch sử văn học thế giới, Phân tích tác phẩm văn học, Nghiên cứu tác phẩm Nguyễn Du, Lí luận văn học, Tư tưởng Hồ Chí Minh, Triết học Mác-Lênin, Tin học cơ bản, Văn học Việt Nam hiện đại, Văn học hiện đại Việt Nam, Giải tích, Giáo dục thể chất, Văn học dân gian, Phương pháp dạy văn lớp 12","Yoga, Đọc sách, Nhiếp ảnh"
SV11401,Ngôn ngữ Trung Quốc,8.2,"Toán cao cấp, Giải tích, Môn tự chọn 1, Môn tự chọn 2, Giáo dục thể chất, Dịch Trung-Việt, Giáo dục quốc phòng - An ninh, Môn tự chọn 4, Tiếng Trung kinh tế, Văn học cổ điển Trung Quốc, Triết học Mác-Lênin, Hán tự học, Kỹ năng nghe nói tiếng Trung, Môn tự chọn 6, Tiếng Trung thương mại, Môn tự chọn 5, Ngữ pháp tiếng Trung, Tin học cơ bản, Hán ngữ hiện đại, Tiếng Anh chuyên ngành, Tư tưởng Hồ Chí Minh, Kỹ năng mềm, Xác suất thống kê, Văn hóa Trung Quốc, Môn tự chọn 3, Ngữ âm học tiếng Trung, Tư duy logic và giải quyết vấn đề","Đầu tư, Bán hàng, Kinh doanh quốc tế"
SV11402,Kỹ thuật y sinh,8.9,"Giáo dục thể chất, Kỹ thuật y sinh, Hình ảnh y khoa, Giải tích, Tin học cơ bản, Môn tự chọn 5, Công nghệ gen, Thiết bị y tế, Tư tưởng Hồ Chí Minh, Môn tự chọn 4, Kỹ thuật mô sinh học, Công nghệ nano y sinh, Công nghệ sinh học ứng dụng, Kỹ thuật tế bào, Môn tự chọn 3, Tư duy logic và giải quyết vấn đề, Triết học Mác-Lênin, Sinh học phân tử, Kỹ năng mềm, Môn tự chọn 2, Môn tự chọn 7, Xác suất thống kê, Giáo dục quốc phòng - An ninh, Toán cao cấp, Môn tự chọn 1, Môn tự chọn 6, Tiếng Anh chuyên ngành, Vật liệu sinh học","Phân tích dữ liệu, Game Development, Phát triển ứng dụng di động, Internet of Things"
SV11403,Blockchain và Tiền mã hóa,8.4,"Xử lý ngôn ngữ tự nhiên, Tin học cơ bản, Giải tích, Internet of Things, Phát triển game, Xác suất thống kê, Blockchain cơ bản, Lập trình di động iOS/Android, Triết học Mác-Lênin, Hệ điều hành, Phát triển ứng dụng di động, Giáo dục thể chất, Phát triển ứng dụng web, Mật mã học, Tư duy logic và giải quyết vấn đề, Cơ sở dữ liệu, Quản lý dự án CNTT, Lập trình Python, Thị giác máy tính, Kiểm thử phần mềm, An ninh mạng cơ bản, Kỹ thuật phần mềm nâng cao, Toán cao cấp, Mạng máy tính, Thiết kế giao diện người dùng, Hệ thống nhúng, Cyber Security nâng cao, DevOps và CI/CD","Cloud Computing, Khoa học dữ liệu"
SV11404,Kỹ thuật điện,8.7,"Kỹ thuật radar, Hệ thống điện tử nhúng, Truyền thông vô tuyến, Toán cao cấp, Xử lý tín hiệu số, Triết học Mác-Lênin, Điện tử công suất, Anten và sóng điện từ, Điện tử số, Tiếng Anh chuyên ngành, Tư tưởng Hồ Chí Minh, Xác suất thống kê, Hệ thống điều khiển tự động, Kỹ năng mềm, Hệ thống nhúng nâng cao, Giáo dục thể chất, Truyền thông số, Điện tử năng lượng, Đo lường điện tử, Mạng không dây, Điện tử cơ bản, Tư duy logic và giải quyết vấn đề, Giáo dục quốc phòng - An ninh, Điện tử viễn thông, Kỹ thuật vi mạch, Truyền thông quang, Tin học cơ bản, Giải tích","DevOps, Game Development"
SV11405,Công nghệ đa phương tiện,6.9,"Giải tích, DevOps và CI/CD, Kiểm thử phần mềm, Học sâu, Lập trình hướng đối tượng, Phát triển phần mềm doanh nghiệp, Xử lý ngôn ngữ tự nhiên, Phát triển ứng dụng web, Machine Learning với TensorFlow, Mạng máy tính, Lập trình di động iOS/Android, Giáo dục quốc phòng - An ninh, An toàn thông tin, Giáo dục thể chất, Lập trình C/C++, Phân tích và thiết kế hệ thống, Lập trình web nâng cao, Thiết kế giao diện người dùng, Lập trình Python, Trí tuệ nhân tạo, An ninh mạng cơ bản, Toán cao cấp, Thị giác máy tính, Học máy, Mật mã học, Cyber Security nâng cao, Cấu trúc dữ liệu và Giải thuật, Xác suất thống kê, Hệ điều hành, Quản lý dự án CNTT, Tin học cơ bản, Kỹ thuật phần mềm nâng cao, Tư duy logic và giải quyết vấn đề, Hệ thống nhúng, Phát triển game","Cyber Security, Phát triển ứng dụng di động, Game Development, DevOps, Cloud Computing"
SV11406,Thương mại điện tử,6.3,"Mật mã học, Học sâu, Phân tích và thiết kế hệ thống, Phát triển phần mềm doanh nghiệp, Giải tích, An ninh mạng cơ bản, Quản lý dự án CNTT, Giáo dục thể chất, Tin học cơ bản, Hệ thống phân tán, Toán cao cấp, Xác suất thống kê, Lập trình web nâng cao, Cấu trúc dữ liệu và Giải thuật, Lập trình di động iOS/Android, Cloud Computing - AWS/Azure, Machine Learning với TensorFlow, Tiếng Anh chuyên ngành, Triết học Mác-Lênin, Học máy, Blockchain cơ bản, Lập trình hướng đối tượng, Lập trình Java, An toàn thông tin, Kiểm thử phần mềm, Lập trình Python, Kỹ thuật phần mềm nâng cao, Phát triển ứng dụng web, Mạng máy tính",Phân tích dữ liệu
SV11407,Công nghệ thông tin,9.2,"Thị giác máy tính, Big Data và Hadoop, Lập trình di động iOS/Android, Xác suất thống kê, Học máy, Mạng máy tính, Tiếng Anh chuyên ngành, An toàn thông tin, Thiết kế giao diện người dùng, Tư duy logic và giải quyết vấn đề, Kiểm thử phần mềm, Cyber Security nâng cao, Trí tuệ nhân tạo, Phát triển ứng dụng web, Quản lý dự án CNTT, Lập trình hướng đối tượng, Kỹ thuật phần mềm nâng cao","Internet of Things, Robot học"
SV11408,Điều dưỡng,7.4,"Giải tích, Tư tưởng Hồ Chí Minh, Tin học cơ bản, Bệnh học nội khoa, Môn tự chọn 3, Giáo dục thể chất, Miễn dịch học, Sinh lý học, Giáo dục quốc phòng - An ninh, Y học cổ truyền, Môn tự chọn 5, Dược lâm sàng, Môn tự chọn 2, Toán cao cấp, Hóa sinh y học, Tiếng Anh chuyên ngành, Dược lý lâm sàng, Bệnh học ngoại khoa, Dược lý học, Tư duy logic và giải quyết vấn đề, Vi sinh y học, Kỹ năng mềm, Y học dự phòng, Xác suất thống kê, Triết học Mác-Lênin, Dinh dưỡng học, Giải phẫu học, Môn tự chọn 4, Bệnh học truyền nhiễm, Môn tự chọn 1","Game Development, Robot học, Vẽ tranh"
SV11409,Ngôn ngữ Anh,7.4,"Môn tự chọn 2, Tiếng Anh cho kinh doanh, Giải tích, Môn tự chọn 3, Môn tự chọn 4, Phiên dịch hội nghị, Dịch Anh-Việt, Kỹ năng viết tiếng Anh, Tiếng Anh chuyên ngành pháp lý, Tư duy logic và giải quyết vấn đề, Môn tự chọn 1, Kỹ năng mềm, Văn hóa Anh-Mỹ, Văn học Anh, Môn tự chọn 7, Toán cao cấp, Tiếng Anh học thuật, Tin học cơ bản, Kỹ năng nói tiếng Anh, Ngữ âm học tiếng Anh, Triết học Mác-Lênin, Tiếng Anh báo chí, Xác suất thống kê, Môn tự chọn 5, Giáo dục quốc phòng - An ninh, Tiếng Anh thương mại, Tư tưởng Hồ Chí Minh, Giáo dục thể chất, Kỹ năng nghe tiếng Anh, Tiếng Anh chuyên ngành, Ngữ pháp tiếng Anh nâng cao, Dịch Việt-Anh, Môn tự chọn 6, Kỹ năng đọc hiểu tiếng Anh","Blockchain, Thiết kế UI/UX"
SV11410,Công nghệ đa phương tiện,9,"Phát triển ứng dụng di động, Internet of Things, Thị giác máy tính, Kỹ thuật phần mềm nâng cao, Kỹ năng mềm, Tiếng Anh chuyên ngành, Trí tuệ nhân tạo, Mạng máy tính, Tin học cơ bản, Phát triển phần mềm doanh nghiệp, Lập trình Java, Mật mã học, Xác suất thống kê, Học máy, Phát triển ứng dụng web, Hệ thống nhúng, Blockchain cơ bản, Cơ sở dữ liệu, An toàn thông tin, Giáo dục quốc phòng - An ninh, Toán cao cấp, Học sâu, Cyber Security nâng cao","Internet of Things, Phân tích dữ liệu"
SV11411,Truyền thông đa phương tiện,8.3,"Cloud Computing - AWS/Azure, Lập trình Java, Phát triển game, An toàn thông tin, Hệ thống nhúng, Blockchain cơ bản, Lập trình web nâng cao, Hệ thống phân tán, Tiếng Anh chuyên ngành, Lập trình di động iOS/Android, DevOps và CI/CD, Cơ sở dữ liệu, Cấu trúc dữ liệu và Giải thuật, Cyber Security nâng cao, Thiết kế giao diện người dùng, Xác suất thống kê, Phân tích và thiết kế hệ thống, Quản lý dự án CNTT, Lập trình C/C++, Mật mã học, Thị giác máy tính, Phát triển phần mềm doanh nghiệp, Giải tích, Kiểm thử phần mềm, Phát triển ứng dụng di động, Tư tưởng Hồ Chí Minh, Mạng máy tính, Triết học Mác-Lênin","Robot học, Machine Learning"
SV11412,Quan hệ quốc tế,8.2,"Phát triển ứng dụng di động, Tư duy logic và giải quyết vấn đề, Lập trình Python, Mạng máy tính, Hệ thống phân tán, Lập trình di động iOS/Android, Tư tưởng Hồ Chí Minh, Lập trình web nâng cao, Kỹ năng mềm, Hệ thống nhúng, Hệ điều hành, Lập trình hướng đối tượng, Thiết kế giao diện người dùng, Quản lý dự án CNTT, Phân tích và thiết kế hệ thống, Phát triển ứng dụng web, Trí tuệ nhân tạo, Học sâu, Cơ sở dữ liệu, Kỹ thuật phần mềm nâng cao, Xử lý ngôn ngữ tự nhiên, Tiếng Anh chuyên ngành, Tin học cơ bản, Phát triển phần mềm doanh nghiệp, Blockchain cơ bản, Internet of Things, Big Data và Hadoop, Thị giác máy tính, Giải tích, Kiểm thử phần mềm, DevOps và CI/CD, Học máy, Cloud Computing - AWS/Azure, Toán cao cấp",Cloud Computing
SV11413,Sư phạm Toán,9.9,"Tư duy logic và giải quyết vấn đề, Phương pháp giảng dạy Toán, Lý thuyết số, Toán học ứng dụng, Môn tự chọn 15, Giải tích, Toán học sơ cấp, Đại số tuyến tính, Môn tự chọn 11, Xác suất thống kê, Môn tự chọn 4, Tiếng Anh chuyên ngành, Giáo dục quốc phòng - An ninh, Môn tự chọn 10, Tư tưởng Hồ Chí Minh, Kỹ năng mềm, Môn tự chọn 12, Toán rời rạc, Môn tự chọn 8, Tin học cơ bản, Môn tự chọn 13, Môn tự chọn 9, Môn tự chọn 5, Môn tự chọn 6, Môn tự chọn 3, Môn tự chọn 14, Môn tự chọn 7, Dạy học toán phổ thông, Giáo dục thể chất, Môn tự chọn 2, Toán cao cấp, Môn tự chọn 1, Triết học Mác-Lênin, Hình học giải tích, Bài tập toán nâng cao","Chơi nhạc cụ, Đọc sách, Làm video, Khiêu vũ, Kể chuyện"
SV11414,Thiết kế đồ họa,7.1,"Giải tích, Triết học Mác-Lênin, Xác suất thống kê, Môn tự chọn 4, Môn tự chọn 6, Môn tự chọn 5, Toán cao cấp, Giáo dục thể chất, Tư duy logic và giải quyết vấn đề, Giáo dục quốc phòng - An ninh, Môn tự chọn 7, Môn tự chọn 2, Kỹ năng mềm, Tin học cơ bản, Tiếng Anh chuyên ngành, Tư tưởng Hồ Chí Minh, Môn tự chọn 1, Môn tự chọn 3","Diễn thuyết, Vẽ tranh, Âm nhạc, Khiêu vũ"
SV11415,Y khoa,8.6,"Bệnh học nội khoa, Xác suất thống kê, Y học cổ truyền, Tin học cơ bản, Tư duy logic và giải quyết vấn đề, Dinh dưỡng học, Dược lý học, Tư tưởng Hồ Chí Minh, Kỹ năng mềm, Hóa sinh y học, Tiếng Anh chuyên ngành, Dược lâm sàng, Toán cao cấp, Giải phẫu học, Dược lý lâm sàng, Bệnh học ngoại khoa, Giáo dục thể chất, Vi sinh y học","Big Data, Vẽ tranh"
SV11416,Kinh tế số,7.8,"Môn tự chọn 3, Kế toán quản trị, Kinh tế vi mô, Quản trị chiến lược, Kỹ năng mềm, Kinh tế lượng, Kinh tế quốc tế, Kinh tế vĩ mô, Marketing số, Chuỗi cung ứng, Tài chính quốc tế, Giáo dục thể chất, Giáo dục quốc phòng - An ninh, Quản trị nhân sự, Ngân hàng thương mại, Tư tưởng Hồ Chí Minh, Tiếng Anh chuyên ngành, Môn tự chọn 5, Logistics, Tài chính doanh nghiệp, Môn tự chọn 7, Môn tự chọn 2, Xác suất thống kê, Tin học cơ bản, Giải tích, Toán cao cấp, Kế toán tài chính, Triết học Mác-Lênin, Môn tự chọn 6, Môn tự chọn 4, Tư duy logic và giải quyết vấn đề, Môn tự chọn 1, Quản trị kinh doanh, Kinh tế phát triển, Marketing cơ bản, Thương mại điện tử","Du lịch khám phá, Thương mại điện tử, Bán hàng"
SV11417,Thiết kế đồ họa,8,"Triết học Mác-Lênin, Môn tự chọn 23, Môn tự chọn 16, Tiếng Anh chuyên ngành, Môn tự chọn 19, Môn tự chọn 10, Môn tự chọn 18, Môn tự chọn 11, Giáo dục thể chất, Môn tự chọn 15, Tư tưởng Hồ Chí Minh, Môn tự chọn 4, Giải tích, Môn tự chọn 9, Môn tự chọn 5, Môn tự chọn 21, Môn tự chọn 3, Môn tự chọn 24, Môn tự chọn 17, Môn tự chọn 13, Môn tự chọn 14, Xác suất thống kê, Môn tự chọn 20, Môn tự chọn 1, Toán cao cấp, Kỹ năng mềm, Môn tự chọn 7, Môn tự chọn 6, Môn tự chọn 12, Môn tự chọn 26, Môn tự chọn 8, Môn tự chọn 25, Môn tự chọn 2, Tư duy logic và giải quyết vấn đề, Tin học cơ bản, Giáo dục quốc phòng - An ninh, Môn tự chọn 22",Du lịch khám phá
SV11418,Luật,9.2,"Thị giác máy tính, Tư tưởng Hồ Chí Minh, Hệ thống phân tán, Lập trình hướng đối tượng, An ninh mạng cơ bản, Tin học cơ bản, Xử lý ngôn ngữ tự nhiên, Toán cao cấp, Quản lý dự án CNTT, Giáo dục thể chất, Machine Learning với TensorFlow, Phát triển phần mềm doanh nghiệp, Cloud Computing - AWS/Azure, Kỹ năng mềm","Thiết kế UI/UX, Trí tuệ nhân tạo"
SV11419,Kỹ thuật điện,8.2,"Giáo dục quốc phòng - An ninh, Điện tử cơ bản, Anten và sóng điện từ, Giải tích, Kỹ thuật vi mạch, Truyền thông vô tuyến, Hệ thống điện tử nhúng, Mạng không dây, Giáo dục thể chất, Hệ thống nhúng nâng cao, Điện tử công suất","Cloud Computing, Lập trình, Internet of Things, Robot học, Phân tích dữ liệu"
SV11420,Luật,8.2,"Blockchain cơ bản, Kiểm thử phần mềm, Internet of Things, Cấu trúc dữ liệu và Giải thuật, Quản lý dự án CNTT, Toán cao cấp, Phát triển phần mềm doanh nghiệp, Giải tích, Tiếng Anh chuyên ngành, Cyber Security nâng cao, Tư duy logic và giải quyết vấn đề, Lập trình Python, Học sâu, Lập trình hướng đối tượng, Cơ sở dữ liệu, Big Data và Hadoop, Xác suất thống kê, Lập trình C/C++, Thị giác máy tính, Thiết kế giao diện người dùng, An toàn thông tin, Tư tưởng Hồ Chí Minh, Hệ thống phân tán, An ninh mạng cơ bản, Phát triển game, Học máy, Machine Learning với TensorFlow, Hệ thống nhúng, Giáo dục quốc phòng - An ninh","Lập trình, Game Development"
SV11421,Sư phạm Tin học,8.8,"Môn tự chọn 4, Môn tự chọn 2, Phương pháp giảng dạy Tin học, Tin học cơ bản, Giáo dục quốc phòng - An ninh, Triết học Mác-Lênin, Đánh giá học tập Tin học, Phần mềm giáo dục, Môn tự chọn 5, Dạy học Tin học phổ thông, Môn tự chọn 8, Công nghệ thông tin trong giáo dục, Môn tự chọn 11, Giải tích, Giáo dục thể chất, An toàn mạng trong trường học, Lập trình cơ bản cho giáo viên, Tư tưởng Hồ Chí Minh, Môn tự chọn 9, Quản lý lớp học CNTT, Giáo dục kỹ năng số, Môn tự chọn 12, Toán cao cấp, Môn tự chọn 10, Môn tự chọn 3, Tư duy logic và giải quyết vấn đề, Môn tự chọn 6, Tiếng Anh chuyên ngành, Lập trình Scratch cho học sinh, Lập trình Python cho giáo viên, Môn tự chọn 1, Thiết kế khóa học trực tuyến, Kỹ năng mềm, Phát triển bài giảng Tin học, Ứng dụng AI trong giảng dạy, Môn tự chọn 7, Xác suất thống kê","Học ngoại ngữ, Ẩm thực, Âm nhạc, Thiền"
SV11422,Kỹ thuật y sinh,7.3,"Triết học Mác-Lênin, Sinh học phân tử, Giáo dục thể chất, Hình ảnh y khoa, Tư tưởng Hồ Chí Minh, Xác suất thống kê, Tiếng Anh chuyên ngành, Công nghệ nano y sinh, Kỹ thuật y sinh, Tin học cơ bản, Toán cao cấp, Kỹ năng mềm, Giáo dục quốc phòng - An ninh, Vật liệu sinh học, Giải tích, Kỹ thuật mô sinh học, Công nghệ sinh học ứng dụng, Tư duy logic và giải quyết vấn đề","Khoa học dữ liệu, Game Development, Robot học, Thương mại điện tử"
SV11423,Luật,6.9,"Giáo dục quốc phòng - An ninh, Lập trình web nâng cao, Phân tích và thiết kế hệ thống, Kỹ thuật phần mềm nâng cao, Thị giác máy tính, Phát triển phần mềm doanh nghiệp, An toàn thông tin, Hệ điều hành, Phát triển ứng dụng web, Kiểm thử phần mềm, Cơ sở dữ liệu, Mật mã học, Cấu trúc dữ liệu và Giải thuật, Xử lý ngôn ngữ tự nhiên, Trí tuệ nhân tạo, Triết học Mác-Lênin, Học máy, Lập trình Java, Lập trình di động iOS/Android, Phát triển ứng dụng di động, Mạng máy tính, Kỹ năng mềm, Hệ thống nhúng, Học sâu, Toán cao cấp, Giải tích, Thiết kế giao diện người dùng, Xác suất thống kê, Quản lý dự án CNTT, Tư tưởng Hồ Chí Minh, Blockchain cơ bản, Tiếng Anh chuyên ngành, Big Data và Hadoop, Hệ thống phân tán, An ninh mạng cơ bản, Cyber Security nâng cao, Internet of Things, Giáo dục thể chất, Lập trình C/C++","Thiết kế UI/UX, DevOps, Machine Learning, Khoa học dữ liệu, Blockchain"
SV11424,Fintech,6.7,"Giáo dục quốc phòng - An ninh, Phát triển ứng dụng di động, Tư tưởng Hồ Chí Minh, Thị giác máy tính, Lập trình hướng đối tượng, Trí tuệ nhân tạo, Giáo dục thể chất, Cấu trúc dữ liệu và Giải thuật, Blockchain cơ bản, Kiểm thử phần mềm, Học sâu, Phân tích và thiết kế hệ thống, Lập trình Java, Phát triển ứng dụng web, DevOps và CI/CD, Lập trình di động iOS/Android, Hệ thống phân tán","DevOps, Machine Learning, Khoa học dữ liệu"
SV11425,An ninh mạng,5.7,"Học sâu, Cấu trúc dữ liệu và Giải thuật, Kỹ thuật phần mềm nâng cao, Lập trình C/C++, Học máy, Kỹ năng mềm, Phát triển ứng dụng web, Tiếng Anh chuyên ngành, Machine Learning với TensorFlow, Mạng máy tính, Blockchain cơ bản","Blockchain, Bán hàng"
SV11426,Hệ thống thông tin,9.8,"Cấu trúc dữ liệu và Giải thuật, Xác suất thống kê, Kỹ thuật phần mềm nâng cao, Lập trình hướng đối tượng, An toàn thông tin, Lập trình web nâng cao, Kỹ năng mềm, Giải tích, Big Data và Hadoop, Học sâu, An ninh mạng cơ bản, Cloud Computing - AWS/Azure, Quản lý dự án CNTT, Triết học Mác-Lênin, DevOps và CI/CD","Lập trình, Machine Learning, Âm nhạc, DevOps, Phát triển ứng dụng di động"
SV11427,Luật,6.6,"Toán cao cấp, Cơ sở dữ liệu, Học sâu, Hệ thống nhúng, Thị giác máy tính, Tư tưởng Hồ Chí Minh, Lập trình Java, Thiết kế giao diện người dùng, Tư duy logic và giải quyết vấn đề, Lập trình C/C++, Giáo dục quốc phòng - An ninh, An ninh mạng cơ bản, Kỹ thuật phần mềm nâng cao, Mạng máy tính, Quản lý dự án CNTT, Tin học cơ bản, Big Data và Hadoop, DevOps và CI/CD, Blockchain cơ bản, Phát triển game","Phân tích dữ liệu, Big Data, Cloud Computing, Blockchain"
SV11428,Báo chí,7.5,"Phát triển phần mềm doanh nghiệp, Cloud Computing - AWS/Azure, Hệ thống phân tán, Big Data và Hadoop, Machine Learning với TensorFlow, Thiết kế giao diện người dùng, Tin học cơ bản, Kiểm thử phần mềm, Học sâu, Phát triển ứng dụng web, Cấu trúc dữ liệu và Giải thuật, Tiếng Anh chuyên ngành, Thị giác máy tính, Blockchain cơ bản, Cơ sở dữ liệu, Lập trình hướng đối tượng, Học máy, Lập trình C/C++, Tư tưởng Hồ Chí Minh, Phát triển game, Phân tích và thiết kế hệ thống, An toàn thông tin, An ninh mạng cơ bản, Hệ điều hành, DevOps và CI/CD, Lập trình di động iOS/Android, Toán cao cấp, Xử lý ngôn ngữ tự nhiên, Kỹ năng mềm, Cyber Security nâng cao, Lập trình web nâng cao, Giáo dục thể chất, Kỹ thuật phần mềm nâng cao, Xác suất thống kê, Mạng máy tính, Giáo dục quốc phòng - An ninh, Phát triển ứng dụng di động, Mật mã học, Hệ thống nhúng, Triết học Mác-Lênin","Big Data, Cloud Computing, DevOps, Machine Learning"
SV11429,Hệ thống thông tin,7.4,"An toàn thông tin, Kỹ thuật phần mềm nâng cao, Giáo dục quốc phòng - An ninh, Cloud Computing - AWS/Azure, Cấu trúc dữ liệu và Giải thuật, Thiết kế giao diện người dùng, Cơ sở dữ liệu, Machine Learning với TensorFlow, Quản lý dự án CNTT, Tin học cơ bản, Tư tưởng Hồ Chí Minh, Giáo dục thể chất, Học sâu, Xử lý ngôn ngữ tự nhiên, Toán cao cấp, Hệ điều hành, An ninh mạng cơ bản, Phát triển game, Xác suất thống kê, Phát triển ứng dụng web, Phân tích và thiết kế hệ thống, Thị giác máy tính, Phát triển phần mềm doanh nghiệp, Phát triển ứng dụng di động, Lập trình hướng đối tượng, Triết học Mác-Lênin, Kỹ năng mềm, Mạng máy tính","Lập trình, Khoa học dữ liệu, Thiết kế UI/UX"
SV11430,Thương mại điện tử,8,"Phân tích và thiết kế hệ thống, Kỹ thuật phần mềm nâng cao, Cyber Security nâng cao, Học máy, An toàn thông tin, Cloud Computing - AWS/Azure, Lập trình Python, Hệ thống nhúng, Mật mã học, An ninh mạng cơ bản, DevOps và CI/CD, Giáo dục quốc phòng - An ninh, Học sâu, Tin học cơ bản, Tiếng Anh chuyên ngành, Lập trình hướng đối tượng, Cơ sở dữ liệu, Tư tưởng Hồ Chí Minh, Thị giác máy tính, Phát triển ứng dụng web, Mạng máy tính, Lập trình di động iOS/Android, Quản lý dự án CNTT, Toán cao cấp, Hệ thống phân tán, Triết học Mác-Lênin, Kỹ năng mềm, Thiết kế giao diện người dùng, Blockchain cơ bản, Phát triển phần mềm doanh nghiệp, Xử lý ngôn ngữ tự nhiên, Xác suất thống kê, Kiểm thử phần mềm, Big Data và Hadoop, Giải tích, Machine Learning với TensorFlow, Lập trình C/C++, Lập trình Java, Phát triển ứng dụng di động, Internet of Things","Khoa học dữ liệu, Cloud Computing, Phát triển web, DevOps"
SV11431,Quản trị khách sạn,8.5,"Tài chính doanh nghiệp, Logistics, Giáo dục thể chất, Thương mại điện tử, Quản trị chiến lược, Tiếng Anh chuyên ngành, Kinh tế quốc tế, Kinh tế lượng, Tư tưởng Hồ Chí Minh, Kế toán quản trị, Xác suất thống kê, Tư duy logic và giải quyết vấn đề, Chuỗi cung ứng","Đầu tư, Quản trị dự án"
SV11432,Kiến trúc,8.6,"Giải tích, Tư tưởng Hồ Chí Minh, Công trình ngầm, Toán cao cấp, Cơ sở hạ tầng đô thị, Tiếng Anh chuyên ngành, Thiết kế đô thị, Giáo dục quốc phòng - An ninh, Quản lý dự án xây dựng, Xác suất thống kê, Môn tự chọn 1, Cầu và đường, Kỹ thuật địa kỹ thuật, Kiến trúc cảnh quan, Kết cấu bê tông cốt thép, Tin học cơ bản, Vật liệu xây dựng, Tư duy logic và giải quyết vấn đề, Kỹ thuật xây dựng, Giáo dục thể chất, Kết cấu thép, Kỹ năng mềm, Môn tự chọn 2, Triết học Mác-Lênin, Thiết kế kiến trúc nội thất","Khoa học dữ liệu, Trí tuệ nhân tạo, Internet of Things"
SV11433,Tài chính - Ngân hàng,7.1,"Kế toán quản trị, Marketing cơ bản, Logistics, Giải tích, Tin học cơ bản, Kỹ năng mềm, Thương mại điện tử, Ngân hàng thương mại, Chuỗi cung ứng, Tư duy logic và giải quyết vấn đề, Giáo dục thể chất, Tài chính quốc tế, Triết học Mác-Lênin, Kế toán tài chính, Quản trị nhân sự, Marketing số, Toán cao cấp, Xác suất thống kê, Quản trị kinh doanh, Tài chính doanh nghiệp, Tư tưởng Hồ Chí Minh, Kinh tế quốc tế, Kinh tế lượng, Quản trị chiến lược, Tiếng Anh chuyên ngành, Kinh tế vi mô","Đầu tư, Marketing số"
SV11434,Quản trị kinh doanh,7.5,"Xác suất thống kê, Môn tự chọn 2, Kinh tế vĩ mô, Tư duy logic và giải quyết vấn đề, Tư tưởng Hồ Chí Minh, Chuỗi cung ứng, Toán cao cấp, Môn tự chọn 7, Tiếng Anh chuyên ngành, Môn tự chọn 4, Marketing cơ bản, Môn tự chọn 6, Thương mại điện tử, Giáo dục thể chất, Kỹ năng mềm, Kinh tế vi mô, Tin học cơ bản, Ngân hàng thương mại, Triết học Mác-Lênin, Kinh tế lượng, Giáo dục quốc phòng - An ninh, Giải tích, Tài chính quốc tế, Quản trị nhân sự, Logistics, Kế toán quản trị, Marketing số, Quản trị chiến lược, Kinh tế phát triển, Môn tự chọn 3, Kinh tế quốc tế, Tài chính doanh nghiệp, Môn tự chọn 1, Môn tự chọn 5, Quản trị kinh doanh, Kế toán tài chính","Đầu tư, Kinh doanh quốc tế, Bán hàng, Khoa học dữ liệu, Fintech"
SV11435,Thương mại điện tử,8,"Lập trình hướng đối tượng, Kỹ năng mềm, Cấu trúc dữ liệu và Giải thuật, Học sâu, Cơ sở dữ liệu, Toán cao cấp, Trí tuệ nhân tạo, Thiết kế giao diện người dùng, Kiểm thử phần mềm, Phát triển game, Tư tưởng Hồ Chí Minh, Tư duy logic và giải quyết vấn đề, Phát triển ứng dụng di động, An ninh mạng cơ bản, Lập trình C/C++, Hệ điều hành, Học máy, Phát triển ứng dụng web, Phân tích và thiết kế hệ thống, Tiếng Anh chuyên ngành, Blockchain cơ bản, Lập trình Java, Lập trình Python","Robot học, DevOps"
SV11436,Dược học,7.5,"Triết học Mác-Lênin, Tiếng Anh chuyên ngành, Bệnh học nội khoa, Hóa sinh y học, Dược lý học, Tin học cơ bản, Tư duy logic và giải quyết vấn đề, Vi sinh y học, Sinh lý học, Dược lý lâm sàng, Giáo dục quốc phòng - An ninh, Bệnh học truyền nhiễm, Miễn dịch học, Y học dự phòng, Y học cổ truyền, Giải tích, Giải phẫu học, Dược lâm sàng, Xác suất thống kê, Bệnh học ngoại khoa, Giáo dục thể chất, Tư tưởng Hồ Chí Minh, Kỹ năng mềm, Toán cao cấp","Chơi nhạc cụ, Fintech, Lập trình, Thiền, Học ngoại ngữ"
SV11437,Luật,9.3,"Triết học Mác-Lênin, Tư duy logic và giải quyết vấn đề, Xử lý ngôn ngữ tự nhiên, Kỹ năng mềm, An toàn thông tin, Tiếng Anh chuyên ngành, Toán cao cấp, Phát triển phần mềm doanh nghiệp, Internet of Things, Tin học cơ bản, Phát triển ứng dụng web, Big Data và Hadoop","Big Data, Cyber Security, Lập trình, DevOps"
SV11438,Truyền thông đa phương tiện,8.2,"Hệ thống nhúng, Internet of Things, Giải tích, Tin học cơ bản, Học máy, Cloud Computing - AWS/Azure, Kiểm thử phần mềm, Kỹ năng mềm, Phát triển ứng dụng web, Phát triển game, Hệ điều hành","DevOps, Phát triển ứng dụng di động, Khoa học dữ liệu, Game Development, Trí tuệ nhân tạo"
SV11439,Ngôn ngữ Trung Quốc,8.4,"Xác suất thống kê, Tiếng Trung kinh tế, Giáo dục thể chất, Giáo dục quốc phòng - An ninh, Kỹ năng nghe nói tiếng Trung, Kỹ năng mềm, Ngữ âm học tiếng Trung, Môn tự chọn 1, Ngữ pháp tiếng Trung, Toán cao cấp, Giải tích, Hán ngữ hiện đại, Tư tưởng Hồ Chí Minh, Hán tự học, Tiếng Trung thương mại, Tiếng Anh chuyên ngành, Dịch Trung-Việt, Môn tự chọn 2, Tư duy logic và giải quyết vấn đề, Văn hóa Trung Quốc, Văn học cổ điển Trung Quốc, Tin học cơ bản, Triết học Mác-Lênin","Học ngoại ngữ, Machine Learning, DevOps"
SV11440,Kỹ thuật điện,8.4,"Hệ thống nhúng nâng cao, Đo lường điện tử, Giáo dục thể chất, Toán cao cấp, Hệ thống điện tử nhúng, Điện tử số, Kỹ thuật vi mạch, Tư duy logic và giải quyết vấn đề, Điện tử cơ bản, Hệ thống điều khiển tự động, Xác suất thống kê, Anten và sóng điện từ, Xử lý tín hiệu số, Mạng không dây, Triết học Mác-Lênin, Kỹ năng mềm, Tiếng Anh chuyên ngành, Mạng viễn thông, Truyền thông số, Điện tử công suất, Tư tưởng Hồ Chí Minh, Kỹ thuật radar, Tin học cơ bản, Điện tử năng lượng, Truyền thông vô tuyến, Giải tích","Robot học, Trí tuệ nhân tạo, Cyber Security, Phát triển ứng dụng di động, Lập trình"
SV11441,Truyền thông đa phương tiện,8.9,"Tiếng Anh chuyên ngành, Phân tích và thiết kế hệ thống, Thị giác máy tính, Lập trình web nâng cao, Lập trình Java, DevOps và CI/CD, Kiểm thử phần mềm, Giáo dục thể chất, Quản lý dự án CNTT, Xử lý ngôn ngữ tự nhiên, Giải tích, Blockchain cơ bản, An ninh mạng cơ bản, Big Data và Hadoop, Trí tuệ nhân tạo, Tin học cơ bản, Cơ sở dữ liệu, An toàn thông tin, Internet of Things, Phát triển ứng dụng web, Phát triển ứng dụng di động, Cấu trúc dữ liệu và Giải thuật, Tư duy logic và giải quyết vấn đề, Kỹ năng mềm, Cyber Security nâng cao, Học máy, Hệ điều hành, Phát triển game, Xác suất thống kê, Toán cao cấp, Hệ thống nhúng, Tư tưởng Hồ Chí Minh, Triết học Mác-Lênin, Giáo dục quốc phòng - An ninh, Học sâu, Cloud Computing - AWS/Azure, Hệ thống phân tán, Lập trình Python","Internet of Things, Game Development, DevOps, Khoa học dữ liệu, Machine Learning"
SV11442,Điều dưỡng,7.9,"Kỹ năng mềm, Sinh lý học, Bệnh học truyền nhiễm, Hóa sinh y học, Vi sinh y học, Giáo dục thể chất, Dược lý học, Giải phẫu học, Bệnh học ngoại khoa, Tư tưởng Hồ Chí Minh, Tiếng Anh chuyên ngành, Dược lâm sàng, Tin học cơ bản, Tư duy logic và giải quyết vấn đề, Giáo dục quốc phòng - An ninh, Miễn dịch học, Y học dự phòng, Triết học Mác-Lênin, Y học cổ truyền, Toán cao cấp, Xác suất thống kê, Giải tích, Dược lý lâm sàng, Bệnh học nội khoa, Dinh dưỡng học","Bán hàng, Chơi nhạc cụ, Kể chuyện, Khiêu vũ, Vẽ tranh"
SV11443,Kỹ thuật máy tính,6.4,"Giáo dục quốc phòng - An ninh, Truyền thông quang, Toán cao cấp, Kỹ năng mềm, Hệ thống điện tử nhúng, Điện tử cơ bản, Đo lường điện tử, Truyền thông số, Anten và sóng điện từ, Giáo dục thể chất, Điện tử số, Hệ thống nhúng nâng cao, Xử lý tín hiệu số, Tiếng Anh chuyên ngành","Trí tuệ nhân tạo, DevOps, Lập trình, Phát triển web"
SV11444,Kỹ thuật môi trường,8.1,"Kỹ thuật môi trường, Giáo dục thể chất, Hóa phân tích môi trường, Xác suất thống kê, Toán cao cấp, Kỹ thuật polymer, Ô nhiễm không khí, Kỹ thuật nhiệt hóa học, Kỹ thuật hóa học, Môn tự chọn 10, Tin học cơ bản, Giải tích, Công nghệ xử lý nước, Môn tự chọn 7, Hóa học công nghiệp, Môn tự chọn 8, Kỹ thuật phản ứng hóa học, Giáo dục quốc phòng - An ninh, Môn tự chọn 5, Triết học Mác-Lênin, Tư duy logic và giải quyết vấn đề, Xử lý nước thải, Tiếng Anh chuyên ngành, Môn tự chọn 3, Kỹ năng mềm, Môn tự chọn 9, Môn tự chọn 2, Môn tự chọn 1, Tư tưởng Hồ Chí Minh, Môn tự chọn 6, Xử lý chất thải rắn, Môn tự chọn 11, Môn tự chọn 4","Lập trình, Marketing số"
SV11445,Điều dưỡng,7,"Dược lý lâm sàng, Môn tự chọn 3, Bệnh học ngoại khoa, Tư duy logic và giải quyết vấn đề, Giáo dục thể chất, Giải phẫu học, Hóa sinh y học, Y học cổ truyền, Toán cao cấp, Triết học Mác-Lênin, Tư tưởng Hồ Chí Minh, Bệnh học nội khoa, Môn tự chọn 1, Miễn dịch học, Tiếng Anh chuyên ngành, Dinh dưỡng học, Tin học cơ bản, Sinh lý học, Môn tự chọn 2, Y học dự phòng, Giải tích, Giáo dục quốc phòng - An ninh, Môn tự chọn 5, Xác suất thống kê, Môn tự chọn 4, Dược lý học, Vi sinh y học, Dược lâm sàng, Kỹ năng mềm, Bệnh học truyền nhiễm","Bán hàng, Cyber Security, Big Data"
SV11446,Fintech,7.2,"Cấu trúc dữ liệu và Giải thuật, Kỹ năng mềm, Học sâu, Lập trình C/C++, Xử lý ngôn ngữ tự nhiên, Kỹ thuật phần mềm nâng cao, Machine Learning với TensorFlow, Hệ thống nhúng, Quản lý dự án CNTT, Phát triển phần mềm doanh nghiệp, Lập trình hướng đối tượng, Xác suất thống kê, Hệ thống phân tán, Cloud Computing - AWS/Azure, Giáo dục quốc phòng - An ninh, Cyber Security nâng cao, Tư duy logic và giải quyết vấn đề, Lập trình web nâng cao, Phân tích và thiết kế hệ thống, Phát triển ứng dụng di động, Cơ sở dữ liệu, Trí tuệ nhân tạo, Blockchain cơ bản, An ninh mạng cơ bản, Lập trình Java, Lập trình di động iOS/Android, Thị giác máy tính, Mật mã học","Internet of Things, Phát triển ứng dụng di động"
SV11447,Kỹ thuật môi trường,8.3,"Kỹ thuật hóa học, Môn tự chọn 2, Xử lý chất thải rắn, Hóa học công nghiệp, Ô nhiễm không khí, Kỹ thuật polymer, Môn tự chọn 1, Tư duy logic và giải quyết vấn đề, Kỹ thuật phản ứng hóa học, Tư tưởng Hồ Chí Minh, Kỹ thuật nhiệt hóa học, Xác suất thống kê, Công nghệ xử lý nước, Môn tự chọn 5, Giáo dục quốc phòng - An ninh, Kỹ thuật môi trường, Tin học cơ bản, Hóa phân tích môi trường, Giải tích, Toán cao cấp, Xử lý nước thải, Kỹ năng mềm, Môn tự chọn 3, Môn tự chọn 4, Tiếng Anh chuyên ngành, Giáo dục thể chất, Triết học Mác-Lênin","Robot học, Phân tích dữ liệu"
SV11448,Kỹ thuật cơ khí,8.9,"Môn tự chọn 5, Cơ điện tử, Giải tích, Tư tưởng Hồ Chí Minh, Kỹ thuật hàn, Cơ học kỹ thuật, Kỹ thuật sản xuất, Tiếng Anh chuyên ngành, Kỹ thuật nhiệt, Robot công nghiệp, Thiết kế máy, Sản xuất tự động, Môn tự chọn 2, Thiết kế CAD/CAM, Môn tự chọn 4, Cơ học vật liệu, Kỹ thuật gia công, Động lực học máy, Xác suất thống kê, Môn tự chọn 1, Toán cao cấp, Giáo dục thể chất, Môn tự chọn 6, Môn tự chọn 3, Cơ khí chính xác, Triết học Mác-Lênin, Kỹ năng mềm, Cơ khí chế tạo, Giáo dục quốc phòng - An ninh, Tư duy logic và giải quyết vấn đề, Tin học cơ bản","Phát triển web, Fintech"
SV11449,Logistics và Quản lý chuỗi cung ứng,7.7,"Cấu trúc dữ liệu và Giải thuật, Tư duy logic và giải quyết vấn đề, An ninh mạng cơ bản, Giáo dục thể chất, An toàn thông tin, Big Data và Hadoop, Giáo dục quốc phòng - An ninh, DevOps và CI/CD, Thị giác máy tính, Kỹ năng mềm, Hệ thống phân tán, Mật mã học, Học máy, Cơ sở dữ liệu, Học sâu, Tiếng Anh chuyên ngành, Internet of Things, Machine Learning với TensorFlow, Phân tích và thiết kế hệ thống, Mạng máy tính, Kiểm thử phần mềm, Phát triển ứng dụng web, Lập trình hướng đối tượng, Kỹ thuật phần mềm nâng cao, Toán cao cấp, Cloud Computing - AWS/Azure, Trí tuệ nhân tạo","Thiết kế UI/UX, Cyber Security"
SV11450,Kỹ thuật hóa học,8,"Giáo dục quốc phòng - An ninh, Giải tích, Tư tưởng Hồ Chí Minh, Kỹ thuật hóa học, Triết học Mác-Lênin, Xử lý chất thải rắn, Giáo dục thể chất, Xử lý nước thải, Môn tự chọn 9, Môn tự chọn 7, Xác suất thống kê, Tiếng Anh chuyên ngành, Môn tự chọn 1, Môn tự chọn 16, Môn tự chọn 2, Tin học cơ bản, Môn tự chọn 17, Môn tự chọn 14, Môn tự chọn 12, Kỹ thuật môi trường, Môn tự chọn 11, Hóa học công nghiệp, Hóa phân tích môi trường, Môn tự chọn 5, Tư duy logic và giải quyết vấn đề, Kỹ năng mềm, Môn tự chọn 13, Môn tự chọn 4, Môn tự chọn 15, Toán cao cấp, Công nghệ xử lý nước, Môn tự chọn 8, Ô nhiễm không khí, Môn tự chọn 3, Môn tự chọn 10, Kỹ thuật phản ứng hóa học, Kỹ thuật polymer, Kỹ thuật nhiệt hóa học, Môn tự chọn 18, Môn tự chọn 6","Robot học, Thiết kế UI/UX, Cyber Security"
SV11451,Kỹ thuật phần mềm,9.4,"Xác suất thống kê, Phát triển game, Lập trình hướng đối tượng, DevOps và CI/CD, Quản lý dự án CNTT, Phát triển ứng dụng di động, Phát triển phần mềm doanh nghiệp, Internet of Things, Cyber Security nâng cao, Thiết kế giao diện người dùng, Phân tích và thiết kế hệ thống","Blockchain, DevOps, Trí tuệ nhân tạo"
SV11452,Kinh tế,7.9,"Tài chính quốc tế, Tiếng Anh chuyên ngành, Giáo dục quốc phòng - An ninh, Marketing số, Quản trị nhân sự, Toán cao cấp, Kinh tế phát triển, Kinh tế vĩ mô, Kinh tế quốc tế, Tin học cơ bản, Logistics, Quản trị chiến lược, Giải tích, Chuỗi cung ứng, Kế toán quản trị, Môn tự chọn 6, Môn tự chọn 2, Môn tự chọn 1, Tư duy logic và giải quyết vấn đề, Tư tưởng Hồ Chí Minh, Môn tự chọn 4, Ngân hàng thương mại, Kinh tế lượng, Kế toán tài chính, Xác suất thống kê, Môn tự chọn 5, Marketing cơ bản, Môn tự chọn 3, Kỹ năng mềm, Quản trị kinh doanh, Triết học Mác-Lênin, Thương mại điện tử, Tài chính doanh nghiệp, Kinh tế vi mô, Giáo dục thể chất","Fintech, Cloud Computing, Bán hàng"
SV11453,Kinh tế số,10,"Quản trị chiến lược, Kỹ năng mềm, Logistics, Chuỗi cung ứng, Kinh tế phát triển, Quản trị nhân sự, Triết học Mác-Lênin, Tư tưởng Hồ Chí Minh, Tiếng Anh chuyên ngành, Quản trị kinh doanh, Kinh tế vi mô, Marketing cơ bản, Tin học cơ bản, Giáo dục thể chất, Giải tích, Kinh tế vĩ mô, Kinh tế quốc tế, Thương mại điện tử, Kế toán tài chính, Ngân hàng thương mại",Kinh doanh quốc tế
SV11454,Ngôn ngữ Hàn Quốc,8.3,"Môn tự chọn 17, Môn tự chọn 15, Môn tự chọn 12, Toán cao cấp, Ngữ âm học tiếng Hàn, Tiếng Anh chuyên ngành, Môn tự chọn 1, Tư tưởng Hồ Chí Minh, Môn tự chọn 3, Giải tích, Môn tự chọn 9, Môn tự chọn 4, Ngữ pháp tiếng Hàn, Kỹ năng nghe nói tiếng Hàn, Xác suất thống kê, Môn tự chọn 19, Môn tự chọn 16, K-pop và văn hóa đại chúng Hàn, Môn tự chọn 11, Giáo dục thể chất, Tiếng Hàn thương mại, Môn tự chọn 18, Tin học cơ bản, Kỹ năng mềm, Từ vựng tiếng Hàn, Lịch sử Hàn Quốc, Môn tự chọn 10, Giáo dục quốc phòng - An ninh, Môn tự chọn 2, Dịch Hàn-Việt, Hangeul, Môn tự chọn 13, Môn tự chọn 8, Môn tự chọn 7, Văn hóa Hàn Quốc, Tư duy logic và giải quyết vấn đề, Triết học Mác-Lênin, Môn tự chọn 14, Môn tự chọn 6, Môn tự chọn 5","Thiền, Phát triển ứng dụng di động, Yoga"
SV11455,Logistics và Quản lý chuỗi cung ứng,5.9,"Lập trình C/C++, Phát triển phần mềm doanh nghiệp, Hệ thống phân tán, Hệ điều hành, Xử lý ngôn ngữ tự nhiên, Lập trình web nâng cao, Cloud Computing - AWS/Azure, Lập trình hướng đối tượng, Học sâu, DevOps và CI/CD, Phát triển ứng dụng web, Tiếng Anh chuyên ngành, Giải tích, Phát triển ứng dụng di động, Mạng máy tính, Phân tích và thiết kế hệ thống, Học máy, Blockchain cơ bản, Internet of Things, Cấu trúc dữ liệu và Giải thuật, Lập trình Java, Kỹ thuật phần mềm nâng cao, Giáo dục thể chất, Trí tuệ nhân tạo, Thiết kế giao diện người dùng, Lập trình Python, An toàn thông tin, An ninh mạng cơ bản, Tư tưởng Hồ Chí Minh, Big Data và Hadoop, Machine Learning với TensorFlow, Hệ thống nhúng, Mật mã học, Toán cao cấp, Lập trình di động iOS/Android, Thị giác máy tính, Cơ sở dữ liệu, Tư duy logic và giải quyết vấn đề","Cloud Computing, Lập trình"
SV11456,Kỹ thuật xây dựng,8.5,"Quản lý dự án xây dựng, Kiến trúc cảnh quan, Kỹ thuật địa kỹ thuật, Tư duy logic và giải quyết vấn đề, Cơ sở hạ tầng đô thị, Công trình ngầm, Môn tự chọn 4, Môn tự chọn 8, Tin học cơ bản, Cầu và đường, Thiết kế đô thị, Toán cao cấp, Kỹ thuật xây dựng, Tiếng Anh chuyên ngành, Môn tự chọn 1, Kết cấu thép, Giáo dục thể chất, Vật liệu xây dựng, Kỹ năng mềm, Triết học Mác-Lênin, Thiết kế kiến trúc nội thất, Kết cấu bê tông cốt thép, Tư tưởng Hồ Chí Minh, Môn tự chọn 5, Môn tự chọn 6, Môn tự chọn 9, Môn tự chọn 2, Giáo dục quốc phòng - An ninh, Môn tự chọn 7, Môn tự chọn 10, Giải tích, Xác suất thống kê, Môn tự chọn 3","Cloud Computing, Big Data, Thiết kế UI/UX, DevOps, Phát triển ứng dụng di động"
SV11457,Fintech,8.1,"Phát triển ứng dụng web, Học sâu, Học máy, Triết học Mác-Lênin, Tin học cơ bản, An toàn thông tin, Hệ thống phân tán, Cyber Security nâng cao, Lập trình Python, Mạng máy tính, Lập trình hướng đối tượng, Phát triển ứng dụng di động, Mật mã học, Cơ sở dữ liệu, Hệ điều hành, Kiểm thử phần mềm, Tư duy logic và giải quyết vấn đề, Xác suất thống kê, Internet of Things, Toán cao cấp, Lập trình web nâng cao, Hệ thống nhúng, Xử lý ngôn ngữ tự nhiên, Thị giác máy tính, Lập trình di động iOS/Android, Machine Learning với TensorFlow, Tư tưởng Hồ Chí Minh, Cấu trúc dữ liệu và Giải thuật, Kỹ năng mềm, Cloud Computing - AWS/Azure, Phát triển phần mềm doanh nghiệp, Kỹ thuật phần mềm nâng cao, Phân tích và thiết kế hệ thống, Quản lý dự án CNTT, Blockchain cơ bản","Fintech, Machine Learning, DevOps, Phân tích dữ liệu, Thiết kế UI/UX"
SV11458,Thiết kế thời trang,9,"Môn tự chọn 1, Môn tự chọn 5, Môn tự chọn 16, Môn tự chọn 28, Giáo dục quốc phòng - An ninh, Tư tưởng Hồ Chí Minh, Môn tự chọn 23, Môn tự chọn 7, Xác suất thống kê, Môn tự chọn 10, Tiếng Anh chuyên ngành, Môn tự chọn 13, Môn tự chọn 9, Môn tự chọn 3, Môn tự chọn 24, Tin học cơ bản, Môn tự chọn 19, Môn tự chọn 14, Tư duy logic và giải quyết vấn đề, Môn tự chọn 26, Môn tự chọn 8, Toán cao cấp, Giáo dục thể chất, Giải tích, Môn tự chọn 11, Môn tự chọn 2, Môn tự chọn 25, Môn tự chọn 21, Môn tự chọn 12, Môn tự chọn 17, Môn tự chọn 15, Triết học Mác-Lênin, Môn tự chọn 4, Môn tự chọn 22, Môn tự chọn 6, Kỹ năng mềm, Môn tự chọn 18, Môn tự chọn 27, Môn tự chọn 20","Diễn thuyết, Nhiếp ảnh"
SV11459,Ngôn ngữ Anh,8.4,"Kỹ năng viết tiếng Anh, Môn tự chọn 2, Toán cao cấp, Môn tự chọn 1, Ngữ âm học tiếng Anh, Kỹ năng đọc hiểu tiếng Anh, Kỹ năng nói tiếng Anh, Môn tự chọn 11, Phiên dịch hội nghị, Kỹ năng nghe tiếng Anh, Tiếng Anh chuyên ngành, Giáo dục quốc phòng - An ninh, Văn hóa Anh-Mỹ, Tư duy logic và giải quyết vấn đề, Tiếng Anh chuyên ngành pháp lý, Môn tự chọn 7, Giải tích, Môn tự chọn 5, Môn tự chọn 13, Môn tự chọn 10, Tư tưởng Hồ Chí Minh, Xác suất thống kê, Tiếng Anh cho kinh doanh, Môn tự chọn 12, Tiếng Anh học thuật, Giáo dục thể chất, Môn tự chọn 8, Dịch Anh-Việt, Ngữ pháp tiếng Anh nâng cao, Môn tự chọn 9, Môn tự chọn 4, Dịch Việt-Anh, Môn tự chọn 3, Tiếng Anh thương mại, Văn học Anh, Triết học Mác-Lênin, Tin học cơ bản, Môn tự chọn 6, Tiếng Anh báo chí, Kỹ năng mềm","Đọc sách, Nhiếp ảnh, Âm nhạc"
SV11460,Trí tuệ nhân tạo và Học máy,7.6,"Tư duy logic và giải quyết vấn đề, Trí tuệ nhân tạo, An ninh mạng cơ bản, Thị giác máy tính, Hệ điều hành, An toàn thông tin, Tin học cơ bản, Mạng máy tính, Hệ thống phân tán, Kỹ thuật phần mềm nâng cao, Tư tưởng Hồ Chí Minh, Lập trình Python, Học máy, Phát triển ứng dụng di động, DevOps và CI/CD, Cloud Computing - AWS/Azure, Triết học Mác-Lênin, Toán cao cấp, Phát triển ứng dụng web, Big Data và Hadoop, Cấu trúc dữ liệu và Giải thuật, Giáo dục thể chất, Internet of Things","Trí tuệ nhân tạo, Game Development, DevOps, Cyber Security, Phát triển web"
SV11461,Dược học,6.5,"Tiếng Anh chuyên ngành, Toán cao cấp, Giải phẫu học, Sinh lý học, Y học dự phòng, Bệnh học nội khoa, Vi sinh y học, Hóa sinh y học, Dược lý lâm sàng, Tư duy logic và giải quyết vấn đề, Bệnh học ngoại khoa, Dinh dưỡng học, Bệnh học truyền nhiễm, Xác suất thống kê, Tin học cơ bản","Phân tích dữ liệu, Làm video, Nhiếp ảnh, Big Data"
SV11462,Kế toán,7.5,"Kế toán quản trị, Tư duy logic và giải quyết vấn đề, Giáo dục thể chất, Xác suất thống kê, Logistics, Toán cao cấp, Quản trị chiến lược, Chuỗi cung ứng, Giáo dục quốc phòng - An ninh, Marketing số, Quản trị nhân sự, Ngân hàng thương mại, Tin học cơ bản, Kinh tế vĩ mô, Marketing cơ bản, Thương mại điện tử, Tư tưởng Hồ Chí Minh, Kỹ năng mềm, Tài chính doanh nghiệp, Quản trị kinh doanh, Kế toán tài chính, Triết học Mác-Lênin, Kinh tế lượng, Giải tích, Kinh tế quốc tế, Kinh tế phát triển, Tài chính quốc tế, Tiếng Anh chuyên ngành, Kinh tế vi mô","Thương mại điện tử, Khởi nghiệp, Fintech, Marketing số, Bán hàng"
SV11463,Sư phạm Toán,6.8,"Kỹ năng mềm, Môn tự chọn 1, Toán cao cấp, Môn tự chọn 2, Tư duy logic và giải quyết vấn đề, Lý thuyết số, Tư tưởng Hồ Chí Minh, Hình học giải tích, Triết học Mác-Lênin, Toán học ứng dụng, Xác suất thống kê, Toán học sơ cấp, Giáo dục quốc phòng - An ninh, Giáo dục thể chất, Tin học cơ bản, Dạy học toán phổ thông, Phương pháp giảng dạy Toán, Bài tập toán nâng cao, Toán rời rạc, Tiếng Anh chuyên ngành, Giải tích, Đại số tuyến tính, Môn tự chọn 4, Môn tự chọn 3","Yoga, Chơi nhạc cụ, Nhiếp ảnh, Học ngoại ngữ"
SV11464,Kế toán,7.1,"Kinh tế lượng, Marketing số, Tin học cơ bản, Tài chính doanh nghiệp, Tiếng Anh chuyên ngành, Kinh tế vi mô, Kỹ năng mềm, Logistics, Ngân hàng thương mại, Tài chính quốc tế, Giải tích, Toán cao cấp, Tư duy logic và giải quyết vấn đề, Kinh tế phát triển","Khởi nghiệp, Quản trị dự án, Thương mại điện tử, Bán hàng"
SV11465,Ngôn ngữ Trung Quốc,8.3,"Văn hóa Trung Quốc, Ngữ âm học tiếng Trung, Tư duy logic và giải quyết vấn đề, Văn học cổ điển Trung Quốc, Kỹ năng nghe nói tiếng Trung, Tư tưởng Hồ Chí Minh, Dịch Trung-Việt, Hán tự học, Toán cao cấp, Giáo dục quốc phòng - An ninh","Phát triển web, Ẩm thực, Yoga"
SV11466,Khoa học dữ liệu,9.4,"Kỹ năng mềm, An ninh mạng cơ bản, Machine Learning với TensorFlow, Xử lý ngôn ngữ tự nhiên, Lập trình Java, Tin học cơ bản, Hệ thống phân tán, Kỹ thuật phần mềm nâng cao, Phát triển ứng dụng di động, Thị giác máy tính, Xác suất thống kê, Cyber Security nâng cao, DevOps và CI/CD, Phát triển game, Cloud Computing - AWS/Azure, Lập trình C/C++, Học sâu, Hệ thống nhúng, Internet of Things, Thiết kế giao diện người dùng, Lập trình web nâng cao, Học máy, Tư tưởng Hồ Chí Minh, Toán cao cấp, Mạng máy tính, Lập trình Python, Mật mã học, Tư duy logic và giải quyết vấn đề, Phát triển phần mềm doanh nghiệp, Giáo dục quốc phòng - An ninh, Giải tích, Cấu trúc dữ liệu và Giải thuật, Phát triển ứng dụng web, An toàn thông tin, Trí tuệ nhân tạo, Triết học Mác-Lênin, Kiểm thử phần mềm, Phân tích và thiết kế hệ thống","Cyber Security, Internet of Things, Blockchain"
SV11467,Kiến trúc,8.1,"Tư tưởng Hồ Chí Minh, Thiết kế đô thị, Cơ sở hạ tầng đô thị, Tư duy logic và giải quyết vấn đề, Tiếng Anh chuyên ngành, Cầu và đường, Xác suất thống kê, Tin học cơ bản, Kỹ năng mềm, Công trình ngầm, Toán cao cấp, Quản lý dự án xây dựng, Kỹ thuật xây dựng, Giáo dục thể chất, Kết cấu thép, Giáo dục quốc phòng - An ninh, Vật liệu xây dựng, Kỹ thuật địa kỹ thuật, Triết học Mác-Lênin, Giải tích, Kết cấu bê tông cốt thép","Khoa học dữ liệu, Cloud Computing, Thiết kế UI/UX, Blockchain"
SV11468,Công nghệ đa phương tiện,6.5,"Cyber Security nâng cao, Cơ sở dữ liệu, Hệ thống nhúng, Học sâu, Triết học Mác-Lênin, Phân tích và thiết kế hệ thống, Machine Learning với TensorFlow, An ninh mạng cơ bản, Lập trình Python, Lập trình hướng đối tượng, Lập trình C/C++, Hệ điều hành, Giáo dục quốc phòng - An ninh, Lập trình di động iOS/Android, Cloud Computing - AWS/Azure, Phát triển ứng dụng di động, Xác suất thống kê, Tư tưởng Hồ Chí Minh, Giáo dục thể chất","Khoa học dữ liệu, Phát triển web, Robot học"
SV11469,Marketing,8.1,"Giáo dục quốc phòng - An ninh, Quản trị kinh doanh, Kinh tế phát triển, Kế toán quản trị, Giải tích, Tư duy logic và giải quyết vấn đề, Kinh tế lượng, Tài chính doanh nghiệp, Triết học Mác-Lênin, Marketing số, Chuỗi cung ứng, Giáo dục thể chất, Tài chính quốc tế, Ngân hàng thương mại, Toán cao cấp","Fintech, Kinh doanh quốc tế"
SV11470,Luật,8.9,"Cyber Security nâng cao, Kỹ năng mềm, Lập trình Java, Cơ sở dữ liệu, Thiết kế giao diện người dùng, Học sâu, Phát triển ứng dụng web, Cấu trúc dữ liệu và Giải thuật, Học máy, Tiếng Anh chuyên ngành, Toán cao cấp, DevOps và CI/CD, Trí tuệ nhân tạo","Trí tuệ nhân tạo, Big Data, Robot học, Phát triển web"
SV11471,Y khoa,7.1,"Môn tự chọn 10, Tiếng Anh chuyên ngành, Bệnh học truyền nhiễm, Môn tự chọn 5, Môn tự chọn 7, Môn tự chọn 9, Hóa sinh y học, Bệnh học ngoại khoa, Giải tích, Môn tự chọn 1, Vi sinh y học, Triết học Mác-Lênin, Sinh lý học, Y học cổ truyền, Miễn dịch học, Dược lý học, Toán cao cấp, Tin học cơ bản, Bệnh học nội khoa, Môn tự chọn 11, Môn tự chọn 4, Y học dự phòng, Giải phẫu học, Dược lý lâm sàng, Dinh dưỡng học, Giáo dục thể chất, Giáo dục quốc phòng - An ninh, Môn tự chọn 2, Môn tự chọn 3, Dược lâm sàng, Xác suất thống kê, Môn tự chọn 8, Tư duy logic và giải quyết vấn đề, Tư tưởng Hồ Chí Minh, Kỹ năng mềm, Môn tự chọn 6","Phát triển ứng dụng di động, Chơi nhạc cụ, Ẩm thực, Yoga"
SV11472,Điều dưỡng,7.6,"Môn tự chọn 5, Y học dự phòng, Miễn dịch học, Dược lý lâm sàng, Tư duy logic và giải quyết vấn đề, Hóa sinh y học, Bệnh học nội khoa, Triết học Mác-Lênin, Dinh dưỡng học, Môn tự chọn 7, Môn tự chọn 1, Tiếng Anh chuyên ngành, Kỹ năng mềm, Vi sinh y học, Dược lâm sàng, Bệnh học ngoại khoa, Bệnh học truyền nhiễm, Giải phẫu học, Tin học cơ bản, Môn tự chọn 3, Giáo dục quốc phòng - An ninh, Xác suất thống kê, Môn tự chọn 2, Sinh lý học, Dược lý học, Môn tự chọn 6, Y học cổ truyền, Toán cao cấp, Giải tích, Tư tưởng Hồ Chí Minh, Giáo dục thể chất, Môn tự chọn 8, Môn tự chọn 4","Lập trình, Game Development"
SV11473,Sư phạm Ngữ văn,7.7,"Lịch sử văn học thế giới, Phương pháp giảng dạy Ngữ văn, Nghiên cứu tác phẩm Nguyễn Du, Toán cao cấp, Tư duy logic và giải quyết vấn đề, Giải tích, Giáo dục thể chất, Văn học so sánh, Ngữ pháp tiếng Việt, Tư tưởng Hồ Chí Minh, Triết học Mác-Lênin, Văn học Việt Nam hiện đại","Học ngoại ngữ, Viết lách"
SV11474,Kỹ thuật điện tử - Viễn thông,6.9,"Hệ thống nhúng nâng cao, Toán cao cấp, Giáo dục thể chất, Truyền thông vô tuyến, Tiếng Anh chuyên ngành, Điện tử số, Giáo dục quốc phòng - An ninh, Xác suất thống kê, Mạng viễn thông, Giải tích, Điện tử năng lượng, Điện tử cơ bản, Hệ thống điện tử nhúng, Điện tử viễn thông, Triết học Mác-Lênin, Truyền thông quang, Điện tử công suất, Tư duy logic và giải quyết vấn đề, Truyền thông số, Kỹ thuật radar","Lập trình, Internet of Things, Phân tích dữ liệu, Khoa học dữ liệu"
SV11475,Quản trị khách sạn,8.3,"Ngân hàng thương mại, Kế toán tài chính, Kinh tế quốc tế, Chuỗi cung ứng, Kinh tế vi mô, Môn tự chọn 1, Quản trị chiến lược, Tư duy logic và giải quyết vấn đề, Marketing cơ bản, Xác suất thống kê, Kinh tế vĩ mô, Tiếng Anh chuyên ngành, Quản trị kinh doanh, Tư tưởng Hồ Chí Minh, Tài chính quốc tế, Giáo dục quốc phòng - An ninh, Kế toán quản trị, Tin học cơ bản, Kinh tế lượng, Triết học Mác-Lênin, Kinh tế phát triển, Quản trị nhân sự, Thương mại điện tử, Tài chính doanh nghiệp, Kỹ năng mềm, Giải tích, Toán cao cấp, Logistics, Giáo dục thể chất, Marketing số","Khởi nghiệp, Marketing số, Kinh doanh quốc tế, Thương mại điện tử"
SV11476,Kỹ thuật môi trường,7.6,"Kỹ thuật nhiệt hóa học, Toán cao cấp, Xử lý chất thải rắn, Tin học cơ bản, Triết học Mác-Lênin, Giáo dục quốc phòng - An ninh, Ô nhiễm không khí, Kỹ thuật phản ứng hóa học, Xử lý nước thải, Kỹ thuật polymer, Tiếng Anh chuyên ngành, Giải tích, Hóa phân tích môi trường, Tư tưởng Hồ Chí Minh","Thiết kế UI/UX, Khoa học dữ liệu"
SV11477,Kỹ thuật xây dựng,8.1,"Kỹ thuật xây dựng, Môn tự chọn 4, Thiết kế kiến trúc nội thất, Môn tự chọn 17, Giáo dục thể chất, Môn tự chọn 5, Môn tự chọn 15, Môn tự chọn 9, Quản lý dự án xây dựng, Cơ sở hạ tầng đô thị, Môn tự chọn 7, Môn tự chọn 8, Môn tự chọn 16, Giải tích, Tiếng Anh chuyên ngành, Giáo dục quốc phòng - An ninh, Công trình ngầm, Môn tự chọn 11, Kỹ năng mềm, Triết học Mác-Lênin, Tư tưởng Hồ Chí Minh, Kết cấu bê tông cốt thép, Môn tự chọn 3, Môn tự chọn 6, Môn tự chọn 1, Xác suất thống kê, Môn tự chọn 13, Toán cao cấp, Môn tự chọn 10, Thiết kế đô thị, Kiến trúc cảnh quan, Kỹ thuật địa kỹ thuật, Kết cấu thép, Tin học cơ bản, Tư duy logic và giải quyết vấn đề, Cầu và đường, Vật liệu xây dựng, Môn tự chọn 14, Môn tự chọn 2, Môn tự chọn 12","Cloud Computing, Blockchain, Machine Learning"
SV11478,Kỹ thuật máy tính,6.8,"Tiếng Anh chuyên ngành, Anten và sóng điện từ, Toán cao cấp, Điện tử số, Giáo dục thể chất, Tin học cơ bản, Tư duy logic và giải quyết vấn đề, Điện tử công suất, Hệ thống điều khiển tự động, Triết học Mác-Lênin, Kỹ thuật vi mạch, Truyền thông quang, Điện tử năng lượng, Hệ thống điện tử nhúng, Xử lý tín hiệu số","Khiêu vũ, DevOps, Machine Learning"
SV11479,Tài chính - Ngân hàng,7.3,"Marketing số, Kinh tế vi mô, Kế toán quản trị, Tài chính quốc tế, Giáo dục thể chất, Môn tự chọn 2, Kinh tế lượng, Môn tự chọn 1, Kinh tế quốc tế, Tiếng Anh chuyên ngành, Marketing cơ bản, Quản trị nhân sự, Kỹ năng mềm, Ngân hàng thương mại, Môn tự chọn 6, Quản trị chiến lược, Tư duy logic và giải quyết vấn đề, Môn tự chọn 5, Giải tích, Môn tự chọn 7, Tin học cơ bản, Toán cao cấp, Thương mại điện tử, Môn tự chọn 4, Tư tưởng Hồ Chí Minh, Quản trị kinh doanh, Kinh tế vĩ mô, Kinh tế phát triển, Môn tự chọn 3, Môn tự chọn 8, Triết học Mác-Lênin, Xác suất thống kê, Giáo dục quốc phòng - An ninh, Chuỗi cung ứng, Logistics, Tài chính doanh nghiệp, Kế toán tài chính","Khởi nghiệp, Quản trị dự án, Bán hàng, Đầu tư"
SV11480,Thương mại điện tử,8.4,"Lập trình di động iOS/Android, Big Data và Hadoop, Cloud Computing - AWS/Azure, Giáo dục quốc phòng - An ninh, Lập trình Java, Trí tuệ nhân tạo, Phân tích và thiết kế hệ thống, Blockchain cơ bản, Phát triển phần mềm doanh nghiệp, Cyber Security nâng cao, Cơ sở dữ liệu, Toán cao cấp, Học sâu, Lập trình hướng đối tượng, Lập trình C/C++, Cấu trúc dữ liệu và Giải thuật, Tư tưởng Hồ Chí Minh, Kiểm thử phần mềm, Tư duy logic và giải quyết vấn đề, Xử lý ngôn ngữ tự nhiên, Hệ thống phân tán","Lập trình, Robot học"
SV11481,Kỹ thuật hóa học,7.3,"Giáo dục thể chất, Hóa phân tích môi trường, Môn tự chọn 7, Kỹ năng mềm, Toán cao cấp, Xử lý chất thải rắn, Xử lý nước thải, Môn tự chọn 9, Kỹ thuật nhiệt hóa học, Kỹ thuật phản ứng hóa học, Tin học cơ bản, Môn tự chọn 6, Môn tự chọn 3, Công nghệ xử lý nước, Hóa học công nghiệp, Kỹ thuật hóa học, Tư tưởng Hồ Chí Minh, Môn tự chọn 10, Giáo dục quốc phòng - An ninh, Triết học Mác-Lênin, Tư duy logic và giải quyết vấn đề, Kỹ thuật môi trường, Kỹ thuật polymer, Môn tự chọn 2, Xác suất thống kê, Môn tự chọn 1, Môn tự chọn 5, Tiếng Anh chuyên ngành, Giải tích, Môn tự chọn 4, Ô nhiễm không khí, Môn tự chọn 8","Cyber Security, Lập trình"
SV11482,Kỹ thuật phần mềm,9.4,"Phát triển ứng dụng web, Học máy, Hệ thống nhúng, Lập trình Java, Tư duy logic và giải quyết vấn đề, Cloud Computing - AWS/Azure, Big Data và Hadoop, Trí tuệ nhân tạo, Machine Learning với TensorFlow, Quản lý dự án CNTT, Phân tích và thiết kế hệ thống, Thị giác máy tính, Tư tưởng Hồ Chí Minh, Tiếng Anh chuyên ngành, Tin học cơ bản, Mật mã học, Lập trình di động iOS/Android","Phát triển web, Trí tuệ nhân tạo, Big Data, Phát triển ứng dụng di động"
SV11483,Logistics và Quản lý chuỗi cung ứng,7.3,"Giáo dục quốc phòng - An ninh, Lập trình Python, Phát triển ứng dụng di động, Toán cao cấp, Kiểm thử phần mềm, Cấu trúc dữ liệu và Giải thuật, Lập trình di động iOS/Android, Tư duy logic và giải quyết vấn đề, Cloud Computing - AWS/Azure, Phát triển game, Giáo dục thể chất, Kỹ năng mềm, Phát triển ứng dụng web, Lập trình C/C++, Giải tích, DevOps và CI/CD, Kỹ thuật phần mềm nâng cao, Blockchain cơ bản, Học sâu, Hệ điều hành, Phân tích và thiết kế hệ thống, Quản lý dự án CNTT, Big Data và Hadoop, Học máy, Triết học Mác-Lênin, Cyber Security nâng cao, Tin học cơ bản, Tư tưởng Hồ Chí Minh, Mạng máy tính, Cơ sở dữ liệu, Phát triển phần mềm doanh nghiệp, Thị giác máy tính, Machine Learning với TensorFlow, Lập trình web nâng cao, Xử lý ngôn ngữ tự nhiên","Phát triển web, Robot học, Blockchain, Cloud Computing"
SV11484,Điều dưỡng,7.9,"Hóa sinh y học, Dược lâm sàng, Môn tự chọn 2, Dinh dưỡng học, Tư tưởng Hồ Chí Minh, Kỹ năng mềm, Giáo dục quốc phòng - An ninh, Môn tự chọn 5, Môn tự chọn 10, Dược lý học, Môn tự chọn 8, Toán cao cấp, Giải phẫu học, Môn tự chọn 1, Vi sinh y học, Môn tự chọn 7, Bệnh học truyền nhiễm, Môn tự chọn 6, Bệnh học ngoại khoa, Môn tự chọn 9, Miễn dịch học, Giải tích, Xác suất thống kê, Tin học cơ bản, Tiếng Anh chuyên ngành, Triết học Mác-Lênin, Bệnh học nội khoa, Dược lý lâm sàng, Môn tự chọn 4, Sinh lý học, Y học cổ truyền, Môn tự chọn 3, Y học dự phòng, Giáo dục thể chất, Tư duy logic và giải quyết vấn đề","Nhiếp ảnh, Viết lách, Kể chuyện"
SV11485,Marketing,8.6,"Kế toán tài chính, Tiếng Anh chuyên ngành, Quản trị nhân sự, Môn tự chọn 5, Thương mại điện tử, Toán cao cấp, Kinh tế vi mô, Tài chính doanh nghiệp, Quản trị kinh doanh, Môn tự chọn 1, Tư tưởng Hồ Chí Minh, Xác suất thống kê, Tin học cơ bản, Giải tích, Tài chính quốc tế, Chuỗi cung ứng, Môn tự chọn 4, Môn tự chọn 3, Kỹ năng mềm, Triết học Mác-Lênin, Môn tự chọn 2, Kinh tế quốc tế, Giáo dục thể chất, Kinh tế lượng, Kinh tế phát triển, Ngân hàng thương mại, Marketing cơ bản, Kinh tế vĩ mô, Marketing số, Tư duy logic và giải quyết vấn đề, Logistics, Giáo dục quốc phòng - An ninh, Kế toán quản trị, Quản trị chiến lược","Bán hàng, Thương mại điện tử"
SV11486,Quan hệ quốc tế,6.3,"Cloud Computing - AWS/Azure, Phát triển game, Trí tuệ nhân tạo, Phát triển phần mềm doanh nghiệp, Cấu trúc dữ liệu và Giải thuật, Mật mã học, An toàn thông tin, Phân tích và thiết kế hệ thống, Lập trình di động iOS/Android, Hệ điều hành, Lập trình Java, Xử lý ngôn ngữ tự nhiên, Xác suất thống kê, Lập trình Python, Phát triển ứng dụng web, Quản lý dự án CNTT, Cơ sở dữ liệu, Hệ thống nhúng, Tư duy logic và giải quyết vấn đề, Học sâu, Blockchain cơ bản, Internet of Things, Lập trình hướng đối tượng, Giải tích, Thị giác máy tính, Mạng máy tính, Tin học cơ bản, Toán cao cấp, Hệ thống phân tán, Cyber Security nâng cao, Lập trình web nâng cao, Học máy, Kỹ thuật phần mềm nâng cao, Lập trình C/C++, Giáo dục thể chất, An ninh mạng cơ bản","Blockchain, Thiết kế UI/UX, Khoa học dữ liệu, Phát triển ứng dụng di động"
SV11487,Thiết kế đồ họa,5.9,"Môn tự chọn 24, Tiếng Anh chuyên ngành, Môn tự chọn 22, Môn tự chọn 16, Môn tự chọn 20, Triết học Mác-Lênin, Môn tự chọn 21, Giáo dục quốc phòng - An ninh, Môn tự chọn 15, Môn tự chọn 9, Môn tự chọn 17, Môn tự chọn 4, Môn tự chọn 3, Giáo dục thể chất, Tư tưởng Hồ Chí Minh, Môn tự chọn 7, Môn tự chọn 18, Môn tự chọn 23, Tư duy logic và giải quyết vấn đề, Môn tự chọn 10, Toán cao cấp, Giải tích, Môn tự chọn 25, Môn tự chọn 26, Môn tự chọn 2, Môn tự chọn 11, Môn tự chọn 13, Môn tự chọn 19, Môn tự chọn 1, Kỹ năng mềm, Xác suất thống kê, Môn tự chọn 12, Môn tự chọn 5, Môn tự chọn 6, Môn tự chọn 8, Môn tự chọn 14, Tin học cơ bản","Âm nhạc, Thiền, Nhiếp ảnh, Làm video"
SV11488,Sư phạm Ngữ văn,6.2,"Môn tự chọn 6, Kỹ năng mềm, Môn tự chọn 2, Môn tự chọn 8, Phương pháp dạy văn lớp 12, Phân tích tác phẩm văn học, Môn tự chọn 14, Môn tự chọn 4, Môn tự chọn 12, Tiếng Anh chuyên ngành, Văn học so sánh, Môn tự chọn 9, Phương pháp giảng dạy Ngữ văn, Môn tự chọn 1, Toán cao cấp, Xác suất thống kê, Môn tự chọn 13, Lịch sử văn học thế giới, Giáo dục thể chất, Lí luận văn học, Môn tự chọn 10, Văn học dân gian, Giáo dục quốc phòng - An ninh, Tư tưởng Hồ Chí Minh, Ngữ pháp tiếng Việt, Văn học Việt Nam hiện đại, Tin học cơ bản, Giải tích, Môn tự chọn 3, Môn tự chọn 7, Tư duy logic và giải quyết vấn đề, Môn tự chọn 5, Môn tự chọn 15, Văn học hiện đại Việt Nam, Triết học Mác-Lênin, Văn học Việt Nam cổ điển, Môn tự chọn 11, Nghiên cứu tác phẩm Nguyễn Du","Diễn thuyết, Làm video, Đọc sách, Vẽ tranh, Yoga"
SV11489,Thiết kế đồ họa,9,"Tiếng Anh chuyên ngành, Môn tự chọn 8, Triết học Mác-Lênin, Môn tự chọn 15, Môn tự chọn 11, Môn tự chọn 14, Môn tự chọn 16, Môn tự chọn 24, Toán cao cấp, Giáo dục thể chất, Môn tự chọn 2, Môn tự chọn 6, Môn tự chọn 12, Môn tự chọn 25, Môn tự chọn 17, Môn tự chọn 10, Môn tự chọn 7, Môn tự chọn 5, Môn tự chọn 20, Môn tự chọn 21, Xác suất thống kê, Môn tự chọn 3, Kỹ năng mềm, Môn tự chọn 22, Môn tự chọn 19, Môn tự chọn 1, Tư tưởng Hồ Chí Minh, Tư duy logic và giải quyết vấn đề, Môn tự chọn 18, Môn tự chọn 4, Tin học cơ bản, Môn tự chọn 23, Môn tự chọn 9, Môn tự chọn 27, Giải tích, Giáo dục quốc phòng - An ninh, Môn tự chọn 26, Môn tự chọn 13","Ẩm thực, Viết lách, Đọc sách"
SV11490,Kỹ thuật phần mềm,7.1,"Lập trình hướng đối tượng, Hệ thống nhúng, Tin học cơ bản, Tư duy logic và giải quyết vấn đề, Xác suất thống kê, Hệ thống phân tán, Kiểm thử phần mềm, Thiết kế giao diện người dùng, Học sâu, Quản lý dự án CNTT","Lập trình, Phát triển web, Phân tích dữ liệu, Phát triển ứng dụng di động"
SV11491,Quản trị khách sạn,10,"Tài chính quốc tế, Giáo dục quốc phòng - An ninh, Môn tự chọn 1, Ngân hàng thương mại, Kỹ năng mềm, Tin học cơ bản, Tư duy logic và giải quyết vấn đề, Marketing số, Môn tự chọn 2, Tài chính doanh nghiệp, Kinh tế vĩ mô, Quản trị nhân sự, Môn tự chọn 3, Xác suất thống kê, Kế toán tài chính, Tư tưởng Hồ Chí Minh, Quản trị chiến lược, Triết học Mác-Lênin, Kinh tế lượng, Kinh tế phát triển, Toán cao cấp, Logistics, Quản trị kinh doanh, Kế toán quản trị, Kinh tế quốc tế, Marketing cơ bản, Tiếng Anh chuyên ngành, Giải tích, Kinh tế vi mô, Giáo dục thể chất, Thương mại điện tử, Chuỗi cung ứng","Đầu tư, Khởi nghiệp, Quản trị dự án, Marketing số"
SV11492,Truyền thông đa phương tiện,7.1,"Giáo dục thể chất, Tiếng Anh chuyên ngành, Kỹ năng mềm, Tư tưởng Hồ Chí Minh, Quản lý dự án CNTT, Cơ sở dữ liệu, Big Data và Hadoop, Internet of Things, Hệ điều hành, Học máy, Cấu trúc dữ liệu và Giải thuật, Lập trình web nâng cao, Machine Learning với TensorFlow, Xác suất thống kê, DevOps và CI/CD, Lập trình C/C++, An ninh mạng cơ bản, Hệ thống nhúng, Lập trình Java, An toàn thông tin, Lập trình di động iOS/Android, Cyber Security nâng cao, Lập trình hướng đối tượng, Học sâu, Phát triển phần mềm doanh nghiệp, Tư duy logic và giải quyết vấn đề, Mạng máy tính, Xử lý ngôn ngữ tự nhiên","Lập trình, Cloud Computing, Phát triển web"
SV11493,Quan hệ quốc tế,7.9,"Big Data và Hadoop, Tư duy logic và giải quyết vấn đề, DevOps và CI/CD, Cloud Computing - AWS/Azure, Mật mã học, Tiếng Anh chuyên ngành, Kỹ thuật phần mềm nâng cao, Xác suất thống kê, Internet of Things, Giáo dục thể chất, Lập trình hướng đối tượng, Giáo dục quốc phòng - An ninh, Hệ thống phân tán, Giải tích, Hệ điều hành, Cấu trúc dữ liệu và Giải thuật, Thiết kế giao diện người dùng, Tin học cơ bản, Toán cao cấp, Phát triển phần mềm doanh nghiệp, Lập trình Java, Blockchain cơ bản, Học sâu, Phát triển game, Kiểm thử phần mềm, Thị giác máy tính, Lập trình di động iOS/Android, Lập trình Python, An ninh mạng cơ bản, Phân tích và thiết kế hệ thống, Trí tuệ nhân tạo, Cơ sở dữ liệu, Phát triển ứng dụng web, Machine Learning với TensorFlow, Quản lý dự án CNTT, Lập trình C/C++","DevOps, Big Data, Blockchain, Khoa học dữ liệu, Game Development"
SV11494,Thương mại điện tử,9.2,"Cơ sở dữ liệu, Phân tích và thiết kế hệ thống, Thị giác máy tính, Phát triển phần mềm doanh nghiệp, Internet of Things, Giải tích, Học máy, Phát triển game, Học sâu, Tư duy logic và giải quyết vấn đề, Lập trình hướng đối tượng, Cấu trúc dữ liệu và Giải thuật, An toàn thông tin, Lập trình web nâng cao, Toán cao cấp, Cyber Security nâng cao, Lập trình di động iOS/Android, Kỹ năng mềm, DevOps và CI/CD, Big Data và Hadoop, Kiểm thử phần mềm, Blockchain cơ bản, Tin học cơ bản, Tư tưởng Hồ Chí Minh, Cloud Computing - AWS/Azure, Hệ thống phân tán, Lập trình Java, Thiết kế giao diện người dùng, Hệ điều hành, Hệ thống nhúng, Giáo dục quốc phòng - An ninh, Phát triển ứng dụng di động","Machine Learning, Blockchain, Khoa học dữ liệu"
SV11495,Thiết kế đồ họa,9.7,"Môn tự chọn 14, Xác suất thống kê, Tin học cơ bản, Toán cao cấp, Môn tự chọn 8, Môn tự chọn 6, Môn tự chọn 19, Môn tự chọn 12, Môn tự chọn 18, Môn tự chọn 10, Môn tự chọn 4, Môn tự chọn 5, Môn tự chọn 20, Triết học Mác-Lênin, Môn tự chọn 13, Giáo dục thể chất, Giải tích, Môn tự chọn 21, Môn tự chọn 1, Giáo dục quốc phòng - An ninh, Môn tự chọn 17, Môn tự chọn 9, Môn tự chọn 7, Tư duy logic và giải quyết vấn đề, Tư tưởng Hồ Chí Minh, Kỹ năng mềm, Môn tự chọn 3, Môn tự chọn 11, Tiếng Anh chuyên ngành, Môn tự chọn 16, Môn tự chọn 15, Môn tự chọn 22, Môn tự chọn 2","Yoga, Kể chuyện, Ẩm thực, Diễn thuyết"
SV11496,Sư phạm Lịch sử,9.8,"Lịch sử thế giới hiện đại, Lịch sử Việt Nam hiện đại, Giải tích, Tiếng Anh chuyên ngành, Lịch sử Đảng Cộng sản Việt Nam, Dạy học lịch sử phổ thông, Giáo dục thể chất, Phương pháp giảng dạy Lịch sử, Triết học Mác-Lênin, Xác suất thống kê, Giáo dục quốc phòng - An ninh, Lịch sử Việt Nam cổ đại, Phân tích sự kiện lịch sử, Tin học cơ bản","Thiền, Chơi nhạc cụ, Kể chuyện, Đọc sách, Diễn thuyết"
SV11497,Kiến trúc,8.9,"Kỹ năng mềm, Kết cấu thép, Tư duy logic và giải quyết vấn đề, Tư tưởng Hồ Chí Minh, Tiếng Anh chuyên ngành, Kỹ thuật địa kỹ thuật, Giải tích, Kiến trúc cảnh quan, Công trình ngầm, Thiết kế đô thị, Xác suất thống kê, Quản lý dự án xây dựng, Kỹ thuật xây dựng, Cầu và đường","Phát triển web, Thiết kế UI/UX"
SV11498,Thương mại điện tử,8.7,"Hệ điều hành, An toàn thông tin, Kiểm thử phần mềm, Internet of Things, Mạng máy tính, Quản lý dự án CNTT, Cơ sở dữ liệu, Cloud Computing - AWS/Azure, Thị giác máy tính, Phát triển game, Hệ thống nhúng, An ninh mạng cơ bản, Lập trình Java, Toán cao cấp, Mật mã học, Lập trình hướng đối tượng, Xác suất thống kê, Kỹ năng mềm, Giáo dục quốc phòng - An ninh, Triết học Mác-Lênin","Internet of Things, Big Data"
SV11499,Công nghệ đa phương tiện,8.3,"Toán cao cấp, Phân tích và thiết kế hệ thống, Giải tích, Internet of Things, Lập trình web nâng cao, Xử lý ngôn ngữ tự nhiên, Mật mã học, Tin học cơ bản, Tư tưởng Hồ Chí Minh, Hệ thống nhúng, Blockchain cơ bản, Phát triển ứng dụng di động, Mạng máy tính, Lập trình hướng đối tượng, Lập trình di động iOS/Android, Xác suất thống kê, Phát triển game, Cloud Computing - AWS/Azure",Robot học
SV11500,Thương mại điện tử,8.5,"Học sâu, DevOps và CI/CD, Trí tuệ nhân tạo, Cyber Security nâng cao, Mạng máy tính, Mật mã học, Hệ điều hành, Xử lý ngôn ngữ tự nhiên, Hệ thống nhúng, Tư tưởng Hồ Chí Minh, Quản lý dự án CNTT, Giáo dục thể chất, Xác suất thống kê, Phát triển ứng dụng web, Thiết kế giao diện người dùng, Lập trình di động iOS/Android, Phát triển phần mềm doanh nghiệp, Big Data và Hadoop, Toán cao cấp, Kiểm thử phần mềm, Cấu trúc dữ liệu và Giải thuật, Phát triển ứng dụng di động, Tin học cơ bản, Cloud Computing - AWS/Azure, Triết học Mác-Lênin, Học máy, Tư duy logic và giải quyết vấn đề, Lập trình C/C++, Cơ sở dữ liệu, Thị giác máy tính, Kỹ thuật phần mềm nâng cao, Hệ thống phân tán, An toàn thông tin, Blockchain cơ bản, Phát triển game, Kỹ năng mềm, Giáo dục quốc phòng - An ninh","Phát triển ứng dụng di động, Trí tuệ nhân tạo"
SV11501,Sư phạm Tin học,7.1,"Đánh giá học tập Tin học, Tiếng Anh chuyên ngành, Môn tự chọn 2, Phần mềm giáo dục, Lập trình Python cho giáo viên, Tư tưởng Hồ Chí Minh, Môn tự chọn 1, Quản lý lớp học CNTT, Lập trình cơ bản cho giáo viên, Dạy học Tin học phổ thông, Lập trình Scratch cho học sinh, An toàn mạng trong trường học, Thiết kế khóa học trực tuyến, Ứng dụng AI trong giảng dạy, Phương pháp giảng dạy Tin học, Công nghệ thông tin trong giáo dục, Giải tích, Kỹ năng mềm, Tin học cơ bản, Phát triển bài giảng Tin học, Giáo dục thể chất, Triết học Mác-Lênin, Xác suất thống kê, Giáo dục quốc phòng - An ninh, Tư duy logic và giải quyết vấn đề, Giáo dục kỹ năng số, Toán cao cấp","Vẽ tranh, Diễn thuyết, Thiền, Viết lách, Đọc sách"
SV11502,Kỹ thuật xây dựng,6.9,"Xác suất thống kê, Công trình ngầm, Triết học Mác-Lênin, Kỹ thuật xây dựng, Quản lý dự án xây dựng, Kỹ thuật địa kỹ thuật, Giáo dục quốc phòng - An ninh, Vật liệu xây dựng, Thiết kế kiến trúc nội thất, Cơ sở hạ tầng đô thị, Tư duy logic và giải quyết vấn đề, Môn tự chọn 3, Tiếng Anh chuyên ngành, Môn tự chọn 7, Tin học cơ bản, Thiết kế đô thị, Môn tự chọn 2, Kiến trúc cảnh quan, Môn tự chọn 5, Giáo dục thể chất, Kỹ năng mềm, Giải tích, Môn tự chọn 1, Cầu và đường, Môn tự chọn 6, Kết cấu bê tông cốt thép, Tư tưởng Hồ Chí Minh, Kết cấu thép, Toán cao cấp, Môn tự chọn 4","Blockchain, Trí tuệ nhân tạo, Robot học, Cloud Computing"
SV11503,Ngôn ngữ Anh,7.7,"Giáo dục thể chất, Môn tự chọn 4, Kỹ năng đọc hiểu tiếng Anh, Tư duy logic và giải quyết vấn đề, Tư tưởng Hồ Chí Minh, Kỹ năng viết tiếng Anh, Tiếng Anh chuyên ngành, Xác suất thống kê, Dịch Việt-Anh, Tiếng Anh thương mại, Kỹ năng nghe tiếng Anh, Giáo dục quốc phòng - An ninh, Văn hóa Anh-Mỹ, Môn tự chọn 3, Môn tự chọn 11, Tiếng Anh báo chí, Giải tích, Toán cao cấp, Môn tự chọn 5, Ngữ âm học tiếng Anh, Môn tự chọn 7, Kỹ năng mềm, Môn tự chọn 1, Tin học cơ bản, Môn tự chọn 9, Phiên dịch hội nghị, Môn tự chọn 13, Tiếng Anh chuyên ngành pháp lý, Môn tự chọn 8, Môn tự chọn 12, Ngữ pháp tiếng Anh nâng cao, Tiếng Anh học thuật, Kỹ năng nói tiếng Anh, Dịch Anh-Việt, Triết học Mác-Lênin, Môn tự chọn 10, Tiếng Anh cho kinh doanh, Môn tự chọn 6, Văn học Anh, Môn tự chọn 2","Diễn thuyết, Yoga, Nhiếp ảnh, Kinh doanh quốc tế"
SV11504,An ninh mạng,7.5,"Cơ sở dữ liệu, Giải tích, Trí tuệ nhân tạo, Tiếng Anh chuyên ngành, Phát triển game, Cyber Security nâng cao, Phát triển phần mềm doanh nghiệp, DevOps và CI/CD, Lập trình web nâng cao, Lập trình hướng đối tượng, Giáo dục quốc phòng - An ninh","Trí tuệ nhân tạo, Robot học, Phát triển web"
SV11505,Blockchain và Tiền mã hóa,7.2,"Lập trình web nâng cao, Mật mã học, Thiết kế giao diện người dùng, Phát triển phần mềm doanh nghiệp, Cloud Computing - AWS/Azure, Lập trình Python, Tin học cơ bản, Lập trình hướng đối tượng, An ninh mạng cơ bản, Tư tưởng Hồ Chí Minh, Mạng máy tính","Phát triển web, Phát triển ứng dụng di động"
SV11506,Ngôn ngữ Hàn Quốc,8.4,"Xác suất thống kê, Giải tích, Triết học Mác-Lênin, Từ vựng tiếng Hàn, Lịch sử Hàn Quốc, Dịch Hàn-Việt, Giáo dục thể chất, K-pop và văn hóa đại chúng Hàn, Tư tưởng Hồ Chí Minh, Kỹ năng nghe nói tiếng Hàn, Ngữ âm học tiếng Hàn, Tiếng Anh chuyên ngành, Tư duy logic và giải quyết vấn đề, Văn hóa Hàn Quốc, Toán cao cấp, Hangeul, Giáo dục quốc phòng - An ninh, Kỹ năng mềm","Thiền, Phát triển web, Trí tuệ nhân tạo, Thiết kế UI/UX, Yoga"
SV11507,Thương mại điện tử,8.7,"Tư duy logic và giải quyết vấn đề, Hệ điều hành, Lập trình hướng đối tượng, Học máy, An ninh mạng cơ bản, Giải tích, Phát triển ứng dụng web, Phân tích và thiết kế hệ thống, Hệ thống phân tán, Cấu trúc dữ liệu và Giải thuật, Giáo dục quốc phòng - An ninh, Machine Learning với TensorFlow, Phát triển ứng dụng di động, Học sâu, Hệ thống nhúng, Kiểm thử phần mềm, Big Data và Hadoop","Cyber Security, Cloud Computing"
SV11508,Ngôn ngữ Trung Quốc,7.8,"Môn tự chọn 7, Môn tự chọn 1, Môn tự chọn 3, Môn tự chọn 4, Toán cao cấp, Môn tự chọn 5, Môn tự chọn 2, Tiếng Anh chuyên ngành, Văn học cổ điển Trung Quốc, Xác suất thống kê, Tư duy logic và giải quyết vấn đề, Triết học Mác-Lênin, Giáo dục thể chất, Ngữ âm học tiếng Trung, Tiếng Trung kinh tế, Tiếng Trung thương mại, Hán ngữ hiện đại, Giải tích, Kỹ năng mềm, Dịch Trung-Việt, Văn hóa Trung Quốc, Hán tự học, Kỹ năng nghe nói tiếng Trung, Giáo dục quốc phòng - An ninh, Tin học cơ bản, Môn tự chọn 6, Ngữ pháp tiếng Trung, Tư tưởng Hồ Chí Minh","Vẽ tranh, Phát triển web, Đầu tư, Quản trị dự án"
SV11509,Trí tuệ nhân tạo và Học máy,9.2,"Phát triển ứng dụng web, Phát triển phần mềm doanh nghiệp, Học sâu, Lập trình di động iOS/Android, Lập trình Python, Thiết kế giao diện người dùng, Xác suất thống kê, Toán cao cấp, Kỹ năng mềm, Blockchain cơ bản, Big Data và Hadoop, Cơ sở dữ liệu, Trí tuệ nhân tạo, Giáo dục quốc phòng - An ninh, Kiểm thử phần mềm, Lập trình Java, An toàn thông tin, Kỹ thuật phần mềm nâng cao, Giáo dục thể chất, Cấu trúc dữ liệu và Giải thuật, DevOps và CI/CD, Mật mã học, Triết học Mác-Lênin, Phát triển game, Lập trình C/C++, Giải tích, Lập trình web nâng cao, Phát triển ứng dụng di động, Internet of Things, Tư tưởng Hồ Chí Minh, Cyber Security nâng cao, Tiếng Anh chuyên ngành, Mạng máy tính, Lập trình hướng đối tượng, Tin học cơ bản, Cloud Computing - AWS/Azure, Phân tích và thiết kế hệ thống, Học máy, Tư duy logic và giải quyết vấn đề","Trí tuệ nhân tạo, Cyber Security, Big Data, Khoa học dữ liệu"
SV11510,Kinh tế,6.6,"Quản trị nhân sự, Tư tưởng Hồ Chí Minh, Kỹ năng mềm, Tin học cơ bản, Kinh tế lượng, Giáo dục quốc phòng - An ninh, Giải tích, Toán cao cấp, Kinh tế quốc tế, Tài chính doanh nghiệp, Kinh tế vi mô, Chuỗi cung ứng, Ngân hàng thương mại, Thương mại điện tử, Marketing cơ bản, Logistics, Kế toán tài chính, Kế toán quản trị, Giáo dục thể chất, Kinh tế phát triển, Tư duy logic và giải quyết vấn đề, Kinh tế vĩ mô, Xác suất thống kê, Tiếng Anh chuyên ngành, Marketing số, Quản trị kinh doanh","Marketing số, Kinh doanh quốc tế, Bán hàng, Fintech, Đầu tư"
SV11511,Kỹ thuật cơ khí,7.5,"Môn tự chọn 10, Môn tự chọn 2, Môn tự chọn 8, Động lực học máy, Môn tự chọn 12, Tin học cơ bản, Cơ điện tử, Môn tự chọn 15, Tư tưởng Hồ Chí Minh, Kỹ năng mềm, Môn tự chọn 5, Môn tự chọn 13, Môn tự chọn 9, Sản xuất tự động, Cơ khí chế tạo, Toán cao cấp, Môn tự chọn 4, Thiết kế máy, Môn tự chọn 3, Xác suất thống kê, Robot công nghiệp, Môn tự chọn 11, Cơ học vật liệu, Kỹ thuật sản xuất, Cơ học kỹ thuật, Môn tự chọn 7, Triết học Mác-Lênin, Môn tự chọn 14, Kỹ thuật gia công, Giáo dục thể chất, Cơ khí chính xác, Kỹ thuật hàn, Tư duy logic và giải quyết vấn đề, Giải tích, Kỹ thuật nhiệt, Môn tự chọn 6, Môn tự chọn 1, Thiết kế CAD/CAM, Tiếng Anh chuyên ngành, Giáo dục quốc phòng - An ninh","Khoa học dữ liệu, Blockchain"
SV11512,Báo chí,7,"Triết học Mác-Lênin, Lập trình C/C++, Lập trình Python, An toàn thông tin, Hệ thống nhúng, Kỹ năng mềm, Lập trình web nâng cao, Phát triển phần mềm doanh nghiệp, An ninh mạng cơ bản, Trí tuệ nhân tạo, Blockchain cơ bản, Hệ thống phân tán, Machine Learning với TensorFlow, Mật mã học, Cyber Security nâng cao, Lập trình hướng đối tượng","Phát triển web, Big Data, Cyber Security"
SV11513,Kỹ thuật phần mềm,5.8,"Xử lý ngôn ngữ tự nhiên, Lập trình C/C++, Triết học Mác-Lênin, Xác suất thống kê, Cơ sở dữ liệu, Lập trình Java, Lập trình web nâng cao, Mật mã học, An ninh mạng cơ bản, DevOps và CI/CD, Tiếng Anh chuyên ngành, Phát triển phần mềm doanh nghiệp, An toàn thông tin, Trí tuệ nhân tạo, Blockchain cơ bản, Tư tưởng Hồ Chí Minh, Machine Learning với TensorFlow","Game Development, Khoa học dữ liệu, Trí tuệ nhân tạo, Big Data"
SV11514,Luật,7.6,"Phân tích và thiết kế hệ thống, Cloud Computing - AWS/Azure, Blockchain cơ bản, Lập trình Java, Tư tưởng Hồ Chí Minh, Tư duy logic và giải quyết vấn đề, Mạng máy tính, Xử lý ngôn ngữ tự nhiên, Hệ thống phân tán, Lập trình di động iOS/Android, Giáo dục quốc phòng - An ninh, Lập trình hướng đối tượng, DevOps và CI/CD, Toán cao cấp, Tin học cơ bản","Cloud Computing, Internet of Things, Thiết kế UI/UX"
SV11515,Quan hệ quốc tế,7.6,"Toán cao cấp, Lập trình C/C++, Xác suất thống kê, Kỹ thuật phần mềm nâng cao, Giáo dục thể chất, Blockchain cơ bản, Hệ thống phân tán, Xử lý ngôn ngữ tự nhiên, Hệ thống nhúng, Phát triển game, Quản lý dự án CNTT, Phát triển ứng dụng di động, Tư duy logic và giải quyết vấn đề, Big Data và Hadoop",Lập trình
SV11516,Quản trị khách sạn,9.2,"Giáo dục quốc phòng - An ninh, Xác suất thống kê, Tiếng Anh chuyên ngành, Kỹ năng mềm, Marketing cơ bản, Kinh tế vĩ mô, Ngân hàng thương mại, Marketing số, Kế toán tài chính, Giáo dục thể chất, Tài chính quốc tế, Tin học cơ bản, Giải tích, Quản trị nhân sự, Kế toán quản trị, Quản trị kinh doanh, Kinh tế vi mô, Thương mại điện tử, Chuỗi cung ứng, Tài chính doanh nghiệp, Tư duy logic và giải quyết vấn đề, Môn tự chọn 1, Kinh tế quốc tế, Kinh tế phát triển, Quản trị chiến lược, Tư tưởng Hồ Chí Minh, Kinh tế lượng, Toán cao cấp, Logistics, Triết học Mác-Lênin","Đầu tư, Kinh doanh quốc tế, Fintech, Marketing số, Khởi nghiệp"
SV11517,Công nghệ sinh học,8.3,"Tư duy logic và giải quyết vấn đề, Kỹ thuật tế bào, Thiết bị y tế, Công nghệ sinh học ứng dụng, Công nghệ gen, Tiếng Anh chuyên ngành, Tư tưởng Hồ Chí Minh, Vật liệu sinh học, Toán cao cấp, Kỹ năng mềm, Xác suất thống kê, Kỹ thuật y sinh, Giải tích, Tin học cơ bản, Hình ảnh y khoa, Sinh học phân tử, Giáo dục thể chất, Triết học Mác-Lênin","Khoa học dữ liệu, Cyber Security"
SV11518,Y khoa,6.7,"Giải tích, Sinh lý học, Giáo dục quốc phòng - An ninh, Giải phẫu học, Giáo dục thể chất, Dược lý lâm sàng, Dinh dưỡng học, Dược lý học, Vi sinh y học, Tư duy logic và giải quyết vấn đề, Tư tưởng Hồ Chí Minh, Toán cao cấp, Tiếng Anh chuyên ngành, Xác suất thống kê, Miễn dịch học, Hóa sinh y học, Triết học Mác-Lênin, Dược lâm sàng, Tin học cơ bản, Bệnh học truyền nhiễm, Bệnh học nội khoa, Kỹ năng mềm","Phân tích dữ liệu, Lập trình"
SV11519,Báo chí,9.6,"Tin học cơ bản, Hệ thống nhúng, An ninh mạng cơ bản, Machine Learning với TensorFlow, Lập trình di động iOS/Android, Phát triển ứng dụng web, Hệ điều hành, Học máy, Triết học Mác-Lênin, Lập trình web nâng cao, Blockchain cơ bản, Lập trình hướng đối tượng, Tư tưởng Hồ Chí Minh, Tư duy logic và giải quyết vấn đề, Thiết kế giao diện người dùng, Phát triển game, Phát triển phần mềm doanh nghiệp, Phát triển ứng dụng di động, Mật mã học, Thị giác máy tính, Cyber Security nâng cao, Kỹ năng mềm, Kiểm thử phần mềm, An toàn thông tin, DevOps và CI/CD","Robot học, Thiết kế UI/UX, Phát triển web"
SV11520,Ngôn ngữ Nhật,8.9,"Dịch Nhật-Việt, Tiếng Nhật cho du lịch, Tư duy logic và giải quyết vấn đề, Văn hóa Nhật Bản, Triết học Mác-Lênin, Xác suất thống kê, Kanji, Giáo dục thể chất, Tin học cơ bản, Tư tưởng Hồ Chí Minh, Giải tích, Toán cao cấp, Ngữ âm học tiếng Nhật, Tiếng Anh chuyên ngành, Ngữ pháp tiếng Nhật","Bán hàng, Khoa học dữ liệu"
SV11521,Thiết kế thời trang,8.3,"Môn tự chọn 8, Môn tự chọn 16, Tiếng Anh chuyên ngành, Môn tự chọn 1, Môn tự chọn 2, Kỹ năng mềm, Triết học Mác-Lênin, Toán cao cấp, Giải tích, Môn tự chọn 7, Giáo dục quốc phòng - An ninh, Môn tự chọn 5, Môn tự chọn 3, Xác suất thống kê, Tư duy logic và giải quyết vấn đề, Môn tự chọn 10, Môn tự chọn 6, Môn tự chọn 9, Môn tự chọn 11, Môn tự chọn 14, Giáo dục thể chất, Tin học cơ bản, Môn tự chọn 4, Môn tự chọn 13, Môn tự chọn 15, Môn tự chọn 12, Tư tưởng Hồ Chí Minh","Đọc sách, Viết lách, Học ngoại ngữ"
